Fri Aug 28 11:31:36 PDT 2015 --  pic.twitter.com/UcxFfsPE62
Sat Aug 22 19:21:35 PDT 2015 --  Tim Tebow misses open WR before making a break for the endzone. #BALvsPHI http://snpy.tv/1U0ebDI 
Fri Aug 28 15:58:51 PDT 2015 --  relationship goals! pic.twitter.com/27SLpcH1Lz
Sat May 17 08:42:15 PDT 2014 --  This ain’t my first rodeo.
Tue Aug 25 14:58:10 PDT 2015 --  pic.twitter.com/zbBEThiFIe
Mon Aug 24 17:20:36 PDT 2015 --  me or snow white? pic.twitter.com/dYC2MilDXS
Fri Aug 21 16:25:02 PDT 2015 --  @6nearing9 https://twitter.com/jonnysun/status/634565799533916161 …
Thu Aug 20 05:53:57 PDT 2015 --  HAHAHAHA NEW YORK POST GOT NO CHILL pic.twitter.com/8x47bb5qH7
Tue Aug 18 18:51:04 PDT 2015 --  dez getting rocked pic.twitter.com/m846jE6lsH
Tue Aug 18 16:49:24 PDT 2015 --  pic.twitter.com/OqPGCdYtFz
Tue Aug 18 15:45:00 PDT 2015 --  relationship goals pic.twitter.com/cBWzgw4YQF
Tue Aug 18 16:57:47 PDT 2015 --  obligatory first day of school pic pic.twitter.com/oWbhaJ5GcF
Fri Aug 14 14:55:58 PDT 2015 --  "Diplo x CL x RiFF RAFF x OG Maco" fuck off lmao
Thu Aug 13 20:44:08 PDT 2015 --  Lions troll Geno Smith, play The Weeknd’s ‘I Can’t Feel My Face’ during inactive announcement http://ble.ac/1JgeIwd  pic.twitter.com/uFzZ2rn0Az
Thu Aug 06 04:03:20 PDT 2015 --  @weeabob pic.twitter.com/pcZQt6hndL
Thu Aug 13 20:48:32 PDT 2015 --  Oh my.
Wed Aug 12 23:59:18 PDT 2015 --  CHEFF!!!!!!!!!!!!!!!!!!!!!!!!!!!!!!!!!!!!!!!!!!!!!!!!!!!!!!!!!!!!!!!!! pic.twitter.com/4L1DSU79Db
Wed Aug 12 07:12:27 PDT 2015 --  Woah, love from the Based God?! https://twitter.com/LILBTHEBASEDGOD/status/629415944469659649 …
Wed Aug 12 21:16:52 PDT 2015 --  @6nearing9 ur the capital of my heart
Wed Aug 12 09:13:19 PDT 2015 --  Where was he going http://twitter.com/911videos/status/631497373714219008/video/1 …
Wed Aug 12 18:38:11 PDT 2015 --  I should kick John Cena's ass
Wed Aug 12 15:28:30 PDT 2015 --  choking ur bf just bayley things pic.twitter.com/StDvmoky6q
Thu Aug 06 19:26:54 PDT 2015 --  Ed Reed was a savage ðŸ½ pic.twitter.com/Dev3W1DqZ3
Mon Aug 10 11:13:25 PDT 2015 --  wow we look so happy to be together pic.twitter.com/JdvX1o7TOY
Sun Aug 09 16:38:25 PDT 2015 --  thanks for a great weekend baby pic.twitter.com/vJv5bXGl9j
Sun Aug 09 09:52:39 PDT 2015 --  why dont you thank the doctors for her recovery :-----)
Sat Aug 08 21:27:21 PDT 2015 --  look at this greek god of a man pic.twitter.com/aPATPozU25
Thu Aug 06 13:53:38 PDT 2015 --  See how @CoachJim4UM responds to this unexpected question from a young Wolverine in today's press conference. #GoBlue pic.twitter.com/6au4qJ8n6o
Thu Aug 06 10:28:32 PDT 2015 --  So I was in navy federal today.. pic.twitter.com/Rxkh2efcFp
Sat Aug 01 14:42:40 PDT 2015 --  happy national girlfriends day @bayIey i love you pic.twitter.com/UOtS3WecU9
Mon Jul 27 13:20:54 PDT 2015 --  pale is beautiful too y'all pic.twitter.com/gVZHj6JaKt
Fri Jul 17 15:30:20 PDT 2015 --  Wife going mad. Just zapped her with my mossie tennis racket. Saw a fly on her wrist. pic.twitter.com/lKOcUK3hHa
Wed Jul 22 08:50:48 PDT 2015 --  https://vine.co/v/e62BwEF9H7l 
Wed Jul 22 16:29:26 PDT 2015 --  Can't stop watching this https://vine.co/v/erdHemOmmpZ 
Wed Jul 22 15:40:38 PDT 2015 --  pic.twitter.com/CaVIEPjTws
Mon Jul 20 16:51:35 PDT 2015 --  me n u @6nearing9 https://twitter.com/dory/status/623243269267410944 …
Sun Jul 19 17:29:16 PDT 2015 --  when your boyfriend is an actual complete idiot pic.twitter.com/3RnpmnmIge
Thu Jul 16 07:54:44 PDT 2015 --  holy FUCK https://vine.co/v/er5VPP2Dpd7 
Thu Apr 16 13:33:58 PDT 2009 --  Soulja Boy fact of the day: I'm a fan of Anime ^_^
Sun Jul 12 12:54:17 PDT 2015 --  I bought a pack of gum
Sat Jul 11 17:30:10 PDT 2015 --  life is so good my friends
Thu Jul 09 09:35:01 PDT 2015 --  That moment he became the first European captain to hoist the #StanleyCup. #LidstromHHOF https://amp.twimg.com/v/dfcb9741-e301-4260-ac05-ae9f837604a4 …
Wed Jul 08 13:44:07 PDT 2015 --  I just ran over a fucking ant in my car I'm fucking pissed
Tue Jul 07 21:21:55 PDT 2015 --  
Tue Jul 07 11:38:38 PDT 2015 --  What did you order? The kids meal chicken strips? .-) https://twitter.com/virginassnigga/status/602541851053260800 …
Sun Jul 05 16:29:22 PDT 2015 --  is Hans Solo considered a good goalkeeper
Sun Jul 05 17:28:14 PDT 2015 --  han Solo is a fucking beast
Sun Jul 05 22:48:43 PDT 2015 --  my boyfriend is also my best friend i really lucked out
Sat Jul 04 13:22:24 PDT 2015 --  i was not kidding pic.twitter.com/E5GsFywG3X
Mon Jun 29 15:47:19 PDT 2015 --  lmao https://vine.co/v/eJP52Arjh03 
Sun Jun 14 21:32:59 PDT 2015 --  Jurassic World's occasionally fun action moments were ultimately overshadowed by clunky writing and near-constant nostalgia masturbation.
Sun Jun 28 00:11:26 PDT 2015 --  THIS IS WHAT IT LOOKS LIKE OBSERVING THE DOWNFALL OF A YOUTUBER. pic.twitter.com/J3dDkJ2vvm
Tue Jun 23 12:09:57 PDT 2015 --  Dddffffggvggg zzzzzzzz f fjjfbdbbdvsbbma ajajaiosodjdbhvvvvv
Sat Jun 20 13:19:25 PDT 2015 --  i dont know about you but if those bullshit yellow minions came to my house i would beat the shit out of them.
Sun Jun 07 19:05:10 PDT 2015 --  how the fuck are you six foot nine African American in you miss a dunk he should have his brother card pulled
Tue Jun 02 18:57:30 PDT 2015 --  He stepped on my skateboard ™Imchasen https://vine.co/v/eb1vPvZHUJD  LMAO FAGGOT
Tue Jun 02 18:55:36 PDT 2015 --  https://vine.co/v/ehetgIjAmFE  LMAO
Sun May 31 16:53:51 PDT 2015 --  why would anybody live in iowa
Thu May 28 22:29:03 PDT 2015 --  Who wore it better? lvl 4 Runescape or @Souljaian pic.twitter.com/hwpkf3Y4B4
Mon May 11 16:40:52 PDT 2015 --  :^)
Thu Apr 09 19:17:53 PDT 2015 --  Stanley Cup Playoffs bound. See you when the chase for the Cup begins April 15, @DetroitRedWings. pic.twitter.com/sTH3XkCFtW
Thu Apr 09 19:17:59 PDT 2015 --  #24Straight
Sun Feb 01 19:25:56 PST 2015 --  HEY TOM BRADY GO HOME AND SLAP COCKS WITH THAT TRANNY GISSEL FROM THE JERRY SPRINGER SHOW LMAO
Sun Jan 04 14:13:09 PST 2015 --  99.5 yards, no problem. #TogetherWeHunt pic.twitter.com/oW4rWrdpNi
Tue Dec 30 14:18:46 PST 2014 --  Ndamukong Suh won his appeal; now allowed to play vs. Dallas
Mon Dec 29 07:08:22 PST 2014 --  Jim Harbaugh will return to coach Michigan where he played QB during his college years. (via @AdamSchefter) pic.twitter.com/W2RNi8eR4Q
Sat Dec 27 08:20:58 PST 2014 --  On this day 50 years ago, Cleveland won its last pro sports championship when the Browns captured the NFL title. pic.twitter.com/a2E5NpUfM2
Tue Dec 23 17:30:37 PST 2014 --  True. pic.twitter.com/ZvKtrgZfYe
Mon Dec 22 16:21:12 PST 2014 --  Seriously wtf was he gonna do? lol pic.twitter.com/TPVzF3BuPN
Tue Dec 23 17:13:59 PST 2014 --  S @GloverQuin27 was named to the Pro Bowl for the first time in his career. He leads the @NFL with 7 INTs this year. pic.twitter.com/4saAH76oEA
Tue Dec 23 17:12:12 PST 2014 --  Megatron was named to his fifth straight Pro Bowl. He has 67 catches for 1,038 yds & 6 TDs in 12 games this year. pic.twitter.com/eM7vnuHsMm
Mon Dec 22 09:02:56 PST 2014 --  OFFICIAL: The #Pistons have waived forward Josh Smith. READ: http://on.nba.com/1rd5vfj 
Mon Dec 22 20:37:25 PST 2014 --  who dey
Sat Dec 20 16:35:57 PST 2014 --  #OnePride pic.twitter.com/dOYEhPGNrB
Tue Dec 16 11:28:39 PST 2014 --  The Bills bought the Lions pizza and wings to thank them for sharing Ford Field http://ble.ac/1ACMov0  pic.twitter.com/He8uaiae4b
Mon Dec 15 14:08:31 PST 2014 --  RT If you and Jonny Manziel have thrown the same amount of touchdowns
Sun Dec 14 10:53:22 PST 2014 --  kid has to learn
Sun Dec 14 09:55:59 PST 2014 --  football time nigga
Wed Dec 10 22:08:49 PST 2014 --  @THE_ELPRESADOR pic.twitter.com/jQwI02cp1L
Tue Dec 09 20:02:07 PST 2014 --  The Dallas Stars' jumbotron was at it again tonight! (pic: @dnadders) pic.twitter.com/uRXapApnpz
Mon Dec 08 19:31:07 PST 2014 --  The Browns are likely starting Johnny Manziel on Sunday against Cincinnati -> http://es.pn/1s5YP3n  pic.twitter.com/gZp6q4Z4hN
Mon Dec 08 05:57:13 PST 2014 --  Is it time for Manziel to take over in Cleveland? RT for YES FAV for NO http://tw.nbcsports.com/70j  pic.twitter.com/44CJGyUkGd
Sun Dec 07 15:31:25 PST 2014 --  OKC wants to talk it over. #Pistons up 28-17 with 2:42 to play in the first. #MotorCity
Sun Dec 07 14:29:05 PST 2014 --  @AnthonyLimaFAN https://vine.co/v/Or5r3FA599U 
Sun Dec 07 14:03:56 PST 2014 --  TE @BigJoeFauria scored his 1st TD of the season: http://bit.ly/12TEumP . Which meant his 1st dance of the year: https://vine.co/v/OriPJaYznei 
Sun Dec 07 13:47:24 PST 2014 --  " @JonnyFootbalI: "I would've fucking hit him" https://vine.co/v/Or5qgiYp93x " @THE_ELPRESADOR
Mon Dec 01 20:10:39 PST 2014 --  Young #Jets fan has already learned the secret to being a Jet fan: hitting the bottle. (pic via @SBNationGIF) pic.twitter.com/NpKdnRJQ1G
Sun Nov 30 09:35:56 PST 2014 --  https://vine.co/v/OnPm0hZ2abu 
Thu Nov 27 11:25:30 PST 2014 --  Calvin Johson is the fastest player in NFL history to reach 10,000 receiving yards http://ble.ac/11Zjt9A  pic.twitter.com/uaStgizQnj
Thu Nov 27 14:19:50 PST 2014 --  thankful for officer wilson keeping the streets clean
Thu Nov 27 11:01:50 PST 2014 --  With that catch Calvin Johnson has topped the 10,000 career yard mark. #OnePride pic.twitter.com/CPOB1QwdPw
Tue Nov 25 11:21:48 PST 2014 --  Calvin Johnson: "We have too many playmakers not to be explosive on offense."
Sun Nov 23 12:54:13 PST 2014 --  vikings please
Sat Nov 22 13:17:20 PST 2014 --  bills play the jets in Detroit tomorrow and tickets are free but the lions still can't get a free ticket to the playoffs
Sat Nov 22 00:06:29 PST 2014 --  free manziel
Thu Nov 20 20:47:45 PST 2014 --  yee raiders
Wed Nov 19 10:52:24 PST 2014 --  Finally #FreeJoshGordon, Browns receiver plans to "tear this league up" http://wp.me/p14QSB-9Dp5 
Tue Nov 18 17:38:04 PST 2014 --  Manziel to Gordon
Thu Nov 06 21:00:12 PST 2014 --  It's my #Twitterversary! I have been on Twitter for 3 years (since 7 Nov 2011). And you? http://TwiAge.com 
Sun Oct 12 12:16:00 PDT 2014 --  Don't say anything... Just RT when you see it. pic.twitter.com/MK2pQu30SR
Sun Oct 12 12:53:16 PDT 2014 --  Ziggy!!!!!!!!!! Zigggy!!!!!!!! Let's goooo!!!! @Ziggy_Ansah
Wed Oct 08 12:33:34 PDT 2014 --  I could have tackled Barry Sanders. | pic.twitter.com/DrzlnRlP5f
Tue Oct 07 17:59:44 PDT 2014 --  . @ttwentyman: #Lions have signed 2013 Pro Bowl kicker Matt Prater: http://bit.ly/1vMbCFf  pic.twitter.com/hqv8hz1FBX
Sun Oct 05 10:00:29 PDT 2014 --  The best 4 hrs of a man's week now
Thu Oct 02 07:09:42 PDT 2014 --  RT to congratulate DeAndre Levy on being named the NFC Defensive Player of the Month! pic.twitter.com/z7gO0g5SRH
Sun Sep 21 13:11:49 PDT 2014 --  Caldwell: "I think we did a tremendous job, in terms of our defense." #GBvsDET RT if you agree! pic.twitter.com/l9j9zANYjS
Sun Sep 21 13:46:55 PDT 2014 --  go lions
Thu Sep 18 20:30:48 PDT 2014 --  56-0 wow
Sun Sep 14 17:51:20 PDT 2014 --  sunday nights are so much better if your team wins
Sun Sep 14 16:41:40 PDT 2014 --  I am an nfl player
Sun Sep 14 12:50:40 PDT 2014 --  Another disappointing day in the world of football
Thu Sep 04 17:39:48 PDT 2014 --  I could sing the national anthem
Tue Sep 02 01:14:30 PDT 2014 --  poseidon
Thu Aug 14 11:52:24 PDT 2014 --  i COULDA PLAYED FOR THE MiCHiGAN WOLVERiNES BUT i CHOSE TO SiP CODEiNE https://vine.co/v/hIrOBzVQwTj 
Sat Aug 09 18:01:47 PDT 2014 --  @Lions rookies making plays
Mon Aug 04 23:11:51 PDT 2014 --  $115,000,000 lmao pic.twitter.com/eD5W65AxOw
Mon Aug 04 13:20:01 PDT 2014 --  goodbye oklahoma
Sun Jul 27 11:42:26 PDT 2014 --  let a Ted Bundy replica come across these cunts in the woods pic.twitter.com/R1mUHmAp4C
Thu Jul 24 12:13:09 PDT 2014 --  Happy 313th Birthday Detroit! #MotorCity #DetroitBDay pic.twitter.com/ke5IaIsAhn
Wed Jul 23 14:12:12 PDT 2014 --  mmmmmmmmmmmmmmmmm
Sun Jul 13 16:00:45 PDT 2014 --  So... #IsItOctoberYet?
Sun Jul 13 15:34:54 PDT 2014 --  divegrass
Sun Jul 13 15:34:31 PDT 2014 --  kickball
Wed Jul 02 13:02:51 PDT 2014 --  guns are meant to kill people not animals
Thu Jun 26 06:41:20 PDT 2014 --  USFUCKINGA https://vine.co/v/MtxJjV9v7aZ 
Tue Jun 24 08:59:31 PDT 2014 --  We hear there's a new free agent on the market. Who thinks he’d be a good addition for the #Lions? pic.twitter.com/fAB6K2MJhP
Fri Jun 13 21:26:54 PDT 2014 --  The Los Angeles Kings. Stanley Cup Champions. The Sequel.
Thu Jun 12 22:58:43 PDT 2014 --  u people bitching about the world cup like u care lmao
Tue Jun 10 07:12:39 PDT 2014 --  10 yrs.ago today, #Pistons beat the Lakers in Game 3 of the Finals. @Keith_Langlois looks back http://on.nba.com/1pAU5xp  pic.twitter.com/iuxIDFPICc
Sat Jun 07 01:11:00 PDT 2014 --  im better then chris paul
Thu Jun 05 18:37:46 PDT 2014 --  I don't see the heat winning a game
Wed Jun 04 20:16:54 PDT 2014 --  OT WINNER: It's a party in L.A. After Justin Williams gives the @LAKings a Game 1 win. #StanleyCup pic.twitter.com/lSZVsiK1e2
Sat May 31 20:11:48 PDT 2014 --  Shitty fans
Sat May 31 20:11:40 PDT 2014 --  Shitty team
Sun May 25 01:58:51 PDT 2014 --  JUST WOKE UP iN DETROiT AND DRANK A GALLON OF VERSACE WATER
Sat May 24 13:32:41 PDT 2014 --  DETROiT MOVEMENT MUSiC FESTiVAL TODAY !
Fri May 23 14:07:42 PDT 2014 --  STAY iN DETROiT FOR MY SHOW TOMORROW iN DETROiT AT HART PLAZA i WiLL BRiNG U DABS THAT LOOK LiKE A BUTTERSCOTCH FRUiT ROLL UP @ActionBronson
Wed May 21 20:19:14 PDT 2014 --  FUCK KEVIN DURANT pic.twitter.com/OaIPSPQPMj
Wed May 21 11:49:18 PDT 2014 --  RIP @okcthunder @AlexGreene1000 pic.twitter.com/ZEzKxVSgF0
Mon May 19 19:42:35 PDT 2014 --  Choklahoma Shitty Blunder
Thu May 15 20:07:06 PDT 2014 --  Plz pass me the ball Westbrook pic.twitter.com/iG9W1DM2Ez
Sun May 11 15:19:46 PDT 2014 --  Thunder will never be good
Sat May 03 19:57:50 PDT 2014 --  I declined okc's offer to play for them
Mon Jun 04 18:38:23 PDT 2012 --  The spurs bench looks like a concenTraTion camp
Sun Jun 03 17:54:50 PDT 2012 --  i think okc and boston gonna be a good finals
