Fri Aug 28 09:12:50 PDT 2015 --  is anyone hiring????
Fri Aug 28 08:28:17 PDT 2015 --  ive heard love is a risk worth taking
Thu Aug 27 08:50:03 PDT 2015 --  don't understand why freshman boys think they can get with me :(
Wed Aug 26 21:13:16 PDT 2015 --  just hitting me how sad it is that my brother is leaving
Wed Aug 26 12:18:57 PDT 2015 --  Can you find the cat? Chase is hiding in Alex's dorm stuff, hoping we'll pack him & take him with us #KentState19 pic.twitter.com/GFAs3YTTZ0
Tue Aug 25 20:26:49 PDT 2015 --  i h8 when i go to bed feeling like i still have stuff to do before tomorrow /:
Mon Aug 24 17:51:10 PDT 2015 --  animals over humans
Tue Aug 25 20:22:44 PDT 2015 --  https://twitter.com/storiedrivals/status/636343131873501184 …
Tue Aug 25 20:10:20 PDT 2015 --  and usually i make an escape plan, but lately i ain't got one
Tue Aug 25 20:10:09 PDT 2015 --  i thought i told you i'm in it for the long run
Tue Aug 25 15:46:45 PDT 2015 --  /: i dont know whether to be flattered or hella creeped out pic.twitter.com/EFETW9WcbZ
Tue Aug 25 15:46:03 PDT 2015 --  IM SO WEAK
Tue Aug 25 08:22:58 PDT 2015 --  chased the girl who doesn't care and hurt the one that does.
Mon Aug 24 09:30:49 PDT 2015 --  why bring someone down
Mon Aug 24 09:30:38 PDT 2015 --  ill never understand why people don't let other people be happy
Sun Aug 23 19:29:25 PDT 2015 --  pic.twitter.com/dXMFPXq2WG
Sun Aug 23 19:48:33 PDT 2015 --  carly rae jepsen's new album is so catchy.... i love it
Fri Aug 21 19:23:57 PDT 2015 --  Life is crazy!
Fri Aug 21 18:15:08 PDT 2015 --  
Fri Aug 21 18:06:28 PDT 2015 --  Nouncement announcement everyone this is Jordan catie can have her phone
Fri Aug 21 18:05:58 PDT 2015 --  oh no
Fri Aug 07 11:01:35 PDT 2015 --  I'm a gøner ?? pic.twitter.com/6V8jdmIHIs
Fri Aug 21 17:16:08 PDT 2015 --  and on the other hand, if i were to stay maybe we could fix it all, maybe it would change or maybe not, or maybe not today
Fri Aug 21 16:21:34 PDT 2015 --  every single now im mad video has made me so so uncomfortable
Fri Aug 21 14:51:41 PDT 2015 --  theres never a right time to say goodbye
Fri Aug 21 14:24:52 PDT 2015 --  you must not know bout me...
Fri Aug 21 13:23:20 PDT 2015 --  lowkey @IshMaddieMarie https://twitter.com/craziestsex/status/633797485119451136 …
Fri Aug 21 13:18:20 PDT 2015 --  the best is yet to come
Fri Aug 21 08:44:01 PDT 2015 --  https://twitter.com/freakingtrue/status/634349436118896640 …
Thu Aug 20 20:10:47 PDT 2015 --  my dude anderson in the back pic.twitter.com/B96HTYP2e8
Wed Aug 19 07:42:06 PDT 2015 --  so many tears
Wed Aug 19 07:56:22 PDT 2015 --  my legs and feet are so so sore and honestly i think its from walking during school lmao
Wed Aug 19 07:39:44 PDT 2015 --  she said it all pic.twitter.com/RIeCCGXZ2P
Tue Aug 18 22:15:56 PDT 2015 --  if u dont like where you are, move. if a relationship with a lover or friend is causing you more pain than joy, leave. heal. reinvent. live.
Tue Aug 18 20:37:35 PDT 2015 --  i hate retweeting things bc it makes my twitter page ugly but lately i've just been finding tweets that have to be retweeted
Mon Aug 17 19:55:00 PDT 2015 --  For how hard I try in school I sure do hate it so so much
Tue Aug 18 16:43:45 PDT 2015 --  how do i stay motivated to do anything when all i wanna do is lay in bed and be sad
Mon Aug 17 13:19:48 PDT 2015 --  have enough time for a job, friends, GF/BF, school, family, and sleep
Sat Aug 15 07:11:59 PDT 2015 --  Everyone pic.twitter.com/JeYWPpRsn9
Sun Aug 16 20:32:47 PDT 2015 --  "the only guy who deserves you is the one who thinks he doesn't."
Sun Aug 16 17:41:46 PDT 2015 --  less talk about endings and more talk about beginnings
Sat Aug 15 19:17:33 PDT 2015 --  i almost got my eyebrows
Fri Aug 14 21:13:22 PDT 2015 --  will forever have the worst anxiety when it comes to car crashes
Fri Aug 14 20:46:30 PDT 2015 --  amber is the color of your energy
Fri Aug 14 10:16:02 PDT 2015 --  literally hate being smushed in the hallway surrounded by human beings that smell
Thu Aug 13 20:19:06 PDT 2015 --  when it was target not walmart https://twitter.com/adaira_jones/status/632028572123688960 …
Thu Aug 13 20:17:58 PDT 2015 --  this made me so happy omg http://twitter.com/FreddyAmazin/status/631222659506778112/video/1 …
Thu Aug 13 19:48:34 PDT 2015 --  Lion cub napoleon shows off his mighty roar pic.twitter.com/RqAsZtISYm
Thu Aug 13 19:46:10 PDT 2015 --  tbt to summer
Thu Aug 13 14:24:33 PDT 2015 --  "I don't belong in a world where we don't end up together."
Thu Aug 13 14:18:18 PDT 2015 --  comet is such a good movie wow
Thu Aug 13 13:02:05 PDT 2015 --  3rd lunch with my girls @Cassidy_leigh22 @_broitskatie pic.twitter.com/N7Jl9jR71o
Thu Aug 13 12:36:57 PDT 2015 --  jordan hates school pic.twitter.com/Uhyu6Rdgds
Thu Aug 13 12:34:06 PDT 2015 --  madison takes about ten snaps a day but only posts two
Thu Aug 13 12:20:53 PDT 2015 --  sixth year of going to school with my best friend ... pic.twitter.com/qrweuxxIX9
Thu Aug 13 07:38:59 PDT 2015 --  miss nolan always got me fuked up
Wed Aug 12 17:25:21 PDT 2015 --  it is always the most beautiful evening on the last day of summer break
Wed Aug 12 16:06:45 PDT 2015 --  im still in seventh grade i think https://twitter.com/haleyjoconley/status/631601780237955072 …
Wed Aug 12 13:30:08 PDT 2015 --  the biggest let down of back to school is hoping that there will be new hot guys and it's the same people I have been avoiding all summer
Tue Aug 11 23:23:22 PDT 2015 --  You're all the moon ever talks about.
Wed Aug 12 00:18:54 PDT 2015 --  2 good 2 be true i guess
Tue Aug 11 23:46:36 PDT 2015 --  stop :(
Tue Aug 11 23:46:32 PDT 2015 --  i hate this feeling :(
Tue Aug 11 09:09:13 PDT 2015 --  @_broitskatie plz do this https://twitter.com/chanelpuke/status/630549677612642305 …
Sun Aug 09 21:29:52 PDT 2015 --  im obsessed with you @johntuckmusic pic.twitter.com/w4cyyFIJU1
Sun Aug 09 20:30:27 PDT 2015 --  look how cute pic.twitter.com/RQCQhJPOgY
Sun Aug 09 13:27:51 PDT 2015 --  Car ride!! pic.twitter.com/5EPA5Fdby2
Sun Aug 09 19:06:21 PDT 2015 --  whats going on pic.twitter.com/niKI0u9Bl5
Sun Aug 09 15:52:54 PDT 2015 --  all i ever wanted was sunlight & honesty
Sun Aug 09 14:04:10 PDT 2015 --  pic.twitter.com/UMRSPkqhp5
Sat Aug 08 20:35:13 PDT 2015 --  pic.twitter.com/KqkgqWNwIs
Sun Aug 09 00:11:36 PDT 2015 --  freestyling is art
Sat Aug 08 21:21:33 PDT 2015 --  fetty wap is like paint
Sat Aug 08 12:20:03 PDT 2015 --  pic.twitter.com/m0UGPPBtm4
Fri Aug 07 22:35:09 PDT 2015 --  1/2 books finished ... 5 days left ... stay tuned
Fri Aug 07 21:33:26 PDT 2015 --  2000s r&b radio station on pandora is seriously the best
Fri Aug 07 21:20:47 PDT 2015 --  panic cord pic.twitter.com/E91aCub7Yj
Fri Aug 07 19:59:39 PDT 2015 --  last friday of the summer and ive spent the entire night bein miserable
Fri Aug 07 17:48:40 PDT 2015 --  i think of u with every breath i take i need to feel ur heartbeat next to mine
Fri Aug 07 16:44:42 PDT 2015 --  maybe i pulled the panic cord
Fri Aug 07 09:13:32 PDT 2015 --  Ready to check-in? #AHSHotel premieres Oct 7 on FX. pic.twitter.com/1mqIjqx2MO
Thu Aug 06 21:25:54 PDT 2015 --  as me and jordan are leaving "this concludes the 7th annual parker hicks sausage fest"
Wed Aug 05 22:53:13 PDT 2015 --  G-Eazy, Skizzy Mars, Cam Meekins, Majid Jordan, PND, Blackbear, Logan don't get enough recognition around here.
Thu Aug 06 10:27:27 PDT 2015 --  im gonna use this picture for everything now pic.twitter.com/neqR3lStM3
Thu Aug 06 10:27:07 PDT 2015 --  pic.twitter.com/cWjTHC0B9N
Thu Aug 06 10:26:32 PDT 2015 --  i crack myself up
Thu Aug 06 10:24:18 PDT 2015 --  wit my woes
Wed Aug 05 22:16:31 PDT 2015 --  my new favorite animal https://twitter.com/earnknowledge/status/622277038355787776 …
Wed Aug 05 21:43:55 PDT 2015 --  I want this so bad https://www.influenster.com/reviews/pop-beauty-lid-collection-lid-silver …
Thu Jul 09 10:03:48 PDT 2015 --  #dontjudgechallange pic.twitter.com/PPp03rOnMe
Wed Aug 05 18:05:08 PDT 2015 --  within three yrs pic.twitter.com/Wxj7QivCER
Wed Aug 05 14:18:20 PDT 2015 --  i love drake and all but meek mill's diss
Wed Aug 05 13:31:49 PDT 2015 --  https://twitter.com/adaira_jones/status/629026835351781376 …
Wed Aug 05 13:11:31 PDT 2015 --  ok who got me pic.twitter.com/JwG8H1k3TC
Wed Aug 05 11:28:54 PDT 2015 --  he poses for pics pic.twitter.com/k2hr93S4Ob
Tue Aug 04 18:38:13 PDT 2015 --  8 days to finish two books lol
Tue Aug 04 18:29:34 PDT 2015 --  right now you're exactly who i need u to be
Tue Aug 04 15:48:29 PDT 2015 --  happy birthday noah ily @NoahZwilling_1 pic.twitter.com/wAC7VZ4eu2
Mon Aug 03 20:07:38 PDT 2015 --  us @JordanBishop333 https://twitter.com/feministajones/status/628379674561875970 …
Mon Aug 03 19:36:33 PDT 2015 --  pic.twitter.com/ITB9aJ5HcV
Mon Aug 03 19:17:58 PDT 2015 --  :P pic.twitter.com/x5f2Co1oHY
Mon Aug 03 17:10:51 PDT 2015 --  it's a beautiful night to live my beautiful life
Sun Aug 02 00:19:57 PDT 2015 --  be a best friend, tell the truth, and over use "i love you"
Sat Aug 01 11:47:34 PDT 2015 --  just drove by myself for the first time since my accident and it was the scariest thing ever
Fri Jul 31 16:18:33 PDT 2015 --  Cocoon pic.twitter.com/I4LZUrc2n3
Fri Jul 31 21:29:10 PDT 2015 --  thx @KylieJenner pic.twitter.com/zMQbf7z5TK
Fri Jul 31 09:51:24 PDT 2015 --  #doublestandards pic.twitter.com/Zxy3TCx8uC
Fri Jul 31 10:05:27 PDT 2015 --  #SchoolDressCode pic.twitter.com/BeTyl9tMU5
Thu Jul 30 20:41:55 PDT 2015 --  frank ???? wyd ???? where's the album ???? pic.twitter.com/95DL0zhmQd
Thu Jul 30 19:52:57 PDT 2015 --  when i get angry i dont even know who i am anymore
Thu Jul 30 18:56:04 PDT 2015 --  miss u bb pic.twitter.com/vKt8gxt42w
Thu Jul 30 18:15:04 PDT 2015 --  i just want someone who's crazy about me
Thu Jul 30 17:59:20 PDT 2015 --  679 remix #iridocyclitis (Vine by @Lenarr_) https://vine.co/v/erX9be2LTKM 
Thu Jul 30 17:53:40 PDT 2015 --  iridocicylths
Thu Jul 30 17:31:23 PDT 2015 --  i don't deserve to be treated like there's always someone better than me in your eyes
Thu Jul 30 14:32:16 PDT 2015 --  "that's so dangerous why would you do that...... i want that"
Thu Jul 30 09:21:11 PDT 2015 --  ew what i just heard makes me want to throw up
Wed Jul 29 23:42:45 PDT 2015 --  do i go blonde or dark pic.twitter.com/TeO8Hxul7X
Wed Jul 29 22:28:06 PDT 2015 --  this makes me so happy https://twitter.com/thejwolfe/status/626611443023126528 …
Wed Jul 29 15:52:45 PDT 2015 --  pls someone tell me what color i should dye my hair
Wed Jul 29 13:33:57 PDT 2015 --  august 6th
Wed Jul 29 10:36:44 PDT 2015 --  #growingupwithbrothers my clothes might be safe but my leftovers aren't
Wed Jul 29 11:18:31 PDT 2015 --  take the phone off the hook and disappear for a while
Mon Jul 27 19:04:51 PDT 2015 --  imagine a blackbear x jon bellion collab
Tue Jul 28 19:32:58 PDT 2015 --  https://twitter.com/zpsman2017/status/626217885485133825 …
Tue Jul 28 18:21:36 PDT 2015 --  i did this beautiful girl's makeup tonight pic.twitter.com/z5j0Lm21ql
Tue Jul 28 13:34:37 PDT 2015 --  me if you get me a puppy @oceangirl76 https://twitter.com/ohhewantsthep/status/626122982042267648 …
Tue Jul 28 13:30:41 PDT 2015 --  im so sad https://twitter.com/guysandgaiss/status/626100684056694784 …
Tue Jul 28 09:23:13 PDT 2015 --  the best pic.twitter.com/6q5WGWYdZi
Mon Jul 27 17:15:34 PDT 2015 --  <3 pic.twitter.com/cmLjtW4FaX
Mon Jul 27 16:55:42 PDT 2015 --  pic.twitter.com/8FfgF6lEgi
Mon Jul 27 12:54:14 PDT 2015 --  i just spent so much money but bought so many different things
Mon Jul 27 12:53:52 PDT 2015 --  outlet malls are a blessing and a curse
Mon Jul 27 12:53:07 PDT 2015 --  missin bug & chase
Mon Jul 27 09:31:52 PDT 2015 --  cool for the summer lyrics make absolutely no sense
Sun Jul 26 20:12:24 PDT 2015 --  last night me and jordan had the worst luck
Sun Jul 26 08:05:59 PDT 2015 --  i hate raccoons
Sat Jul 25 09:01:53 PDT 2015 --  every time i go on vacation i make all of my wallpapers on my phone of me and my cat
Fri Jul 24 09:01:14 PDT 2015 --  "It's my favorite shirt because it's festive like my spirit" - Nic himself pic.twitter.com/zDioHSJGT0
Sat Jul 25 07:54:22 PDT 2015 --  when nothin on you comes on the radio what a great tb
Sat Jul 25 07:42:42 PDT 2015 --  always gotta stay strapped amirite
Sat Jul 25 07:00:55 PDT 2015 --  props to @JordanBishop333 & @_broitskatie ðŸ¼ðŸ¼
Fri Jul 24 21:15:12 PDT 2015 --  im comin back for ya westhampton beach ;);) pic.twitter.com/2g9BICEoUp
Fri Jul 24 14:36:20 PDT 2015 --  pic.twitter.com/PlsKPrgGIa
Thu Jul 23 11:30:00 PDT 2015 --  you bring good to my lonely life... honestly.
Thu Jul 23 19:40:10 PDT 2015 --  i love u @jxmes98 happy bday miss u pic.twitter.com/VFHy1VVLRB
Thu Jul 23 10:45:20 PDT 2015 --  Just know. #SandraBland #JusticeForSandraBland pic.twitter.com/UryNpOHzZj
Tue May 05 15:49:05 PDT 2015 --  I like all my S's with two lines thru them shits.
Thu Jul 23 12:57:28 PDT 2015 --  police are just mean bullies
Thu Jul 23 12:21:11 PDT 2015 --  you can leave if you really want to, and you can run if you feel you have to and i'll be fine if you ever ask me
Thu Jul 23 12:15:24 PDT 2015 --  when did it all stop making sense
Wed Jul 22 23:19:54 PDT 2015 --  this is scary as hell #SandraBland pic.twitter.com/46tvrPi0Vn
Wed Jul 22 13:52:56 PDT 2015 --  i havent cried like this in so long
Mon Jul 20 20:35:09 PDT 2015 --  i just want a banana milkshake ok
Mon Jul 20 20:25:30 PDT 2015 --  why do these things always happen to me dude
Mon Jul 20 19:32:58 PDT 2015 --  i just really want a banana milkshake
Sun Jul 19 21:31:25 PDT 2015 --  i would do a lot of things for a banana milkshake right now
Sun Jul 19 21:13:59 PDT 2015 --  im so weak at carter reynolds right now
Sun Jul 19 13:22:57 PDT 2015 --  thanks for letting me paint on you @kenzie2942 pic.twitter.com/EXG15PdKuy
Sat Jul 18 23:12:29 PDT 2015 --  would be cool if i wanted to sleep
Sat Jul 18 23:12:08 PDT 2015 --  would be cool if sleep wasn't required in life
Sat Jul 18 23:11:57 PDT 2015 --  would be cool if i didnt have work tomorrow for six hours
Sat Jul 18 23:11:48 PDT 2015 --  would be cool if i could sleep without sleeping pills
Sat Jul 18 22:59:43 PDT 2015 --  :(:(:(:(:(:/:/:/:/:):):):):/:/:(:(:(
Sat Jul 18 22:54:49 PDT 2015 --  i guess it means i really love you, cause i'm afraid to make mistakes
Sat Jul 18 20:46:25 PDT 2015 --  got a lot goin on right now, & i need u beside me.
Sat Jul 18 20:44:39 PDT 2015 --  when u watch everyone's stories of them having a blast with their pals and u realize all u do is work
Sat Jul 18 19:49:55 PDT 2015 --  frick yes parker mccrea favorited my tweet
Fri Jul 10 09:43:48 PDT 2015 --  FIXXXXXXX UP YOURSELF.
Sat Jul 18 13:40:17 PDT 2015 --  my baby pic.twitter.com/6gH0h0eSKI
Fri Jul 17 00:38:54 PDT 2015 --  i just want someone to wanna show me off like Future wants to show his girl off in I Won
Fri Jul 17 00:31:45 PDT 2015 --  objects in the mirror
Thu Jul 16 20:26:18 PDT 2015 --  #TodaysKidsWillNeverKnow this Yall can't lie this a banger pic.twitter.com/4kEGxLQ4U6
Thu Jul 16 21:31:14 PDT 2015 --  i used to watch this every day https://twitter.com/ayee_itsceley/status/621883596454793216 …
Thu Jul 16 18:09:02 PDT 2015 --  ya gurl pic.twitter.com/k22dZeedUf
Thu Jul 16 16:48:09 PDT 2015 --  sooooOooOoo who's having a party soon
Thu Jul 16 16:09:18 PDT 2015 --  that third one cannot be real https://twitter.com/femalepains/status/621817050730631168 …
Thu Jul 16 05:07:12 PDT 2015 --  i havent been up this early all summer
Wed Jul 15 15:26:09 PDT 2015 --  :'( pic.twitter.com/dkD52BAMUY
Wed Jul 15 08:48:45 PDT 2015 --  or at least make them stop iTCHING
Wed Jul 15 08:48:31 PDT 2015 --  someone please tell me how to get rid of bug bites
Wed Jul 15 08:48:15 PDT 2015 --  this didnt even work for me i am going to cry https://twitter.com/funny_truth/status/603044461308809216 …
Tue Jul 14 22:34:08 PDT 2015 --  happy bday emma rae pic.twitter.com/W68ZCMuhE1
Tue Jul 14 16:54:55 PDT 2015 --  this app is all i do with my free time pic.twitter.com/RmQClhmdAy
Tue Jul 14 15:10:24 PDT 2015 --  why does everyone not go crazy over hopsin
Tue Jul 14 11:10:27 PDT 2015 --  happy birthday @tayyybish ur a babe
Tue Jul 14 09:57:45 PDT 2015 --  I want nothing more in life than to be able to pull off a middle part
Tue Jul 14 09:15:28 PDT 2015 --  twitter drama is so hilarious
Mon Jul 13 22:23:51 PDT 2015 --  happy birthday justen i am obsessed with you @justenhaight <3
Mon Jul 13 22:00:42 PDT 2015 --  some people are annoying like why do you care so much about what others do just live yo own life man
Mon Jul 13 21:42:23 PDT 2015 --  i am contently sleeping next to the window right now
Mon Jul 13 21:41:09 PDT 2015 --  killin someone's vibe should be a fuckin crime
Mon Jul 13 19:25:30 PDT 2015 --  pic.twitter.com/bdExJYHQ8b
Mon Jul 13 17:33:46 PDT 2015 --  Soooooo many people sleep on @hopsin it's crazy yet scary... ðŸ½
Mon Jul 13 16:36:53 PDT 2015 --  it's a beautiful evening
Sun Jul 12 21:08:11 PDT 2015 --  i can only post 11 seconds of this video but i love u jordan ur my best friend. happy birthday ron pic.twitter.com/brxlLSW16q
Sun Jul 12 19:07:32 PDT 2015 --  2 hours till my birthday
Sun Jul 12 10:58:23 PDT 2015 --  ant is a scheme
Sun Jul 05 19:54:44 PDT 2015 --  Just a lil something .. pic.twitter.com/SPh3uT6pz5
Fri Jul 10 15:54:40 PDT 2015 --  last night had us like... pic.twitter.com/HDs84HnenO
Sat Jul 11 11:12:34 PDT 2015 --  Everybody getting darker today while I'm getting richer. #ratherhavemoneythanatan
Fri Jul 10 20:12:03 PDT 2015 --  no??? i havent been playing sims 4 all night??? what r u talking about?????
Fri Jul 10 18:38:27 PDT 2015 --  so sad /:
Fri Jul 10 17:03:52 PDT 2015 --  so upset jon bellion is dating melanie iglesias bc he is supposed to date me
Fri Jul 10 16:43:04 PDT 2015 --  what the hell https://twitter.com/omeomusic/status/512079421516570624 …
Fri Jul 10 15:09:54 PDT 2015 --  pic.twitter.com/W2Lq51guvL
Thu Jul 09 21:18:51 PDT 2015 --  you guys hear an alligator or a train
Thu Jul 09 19:57:24 PDT 2015 --  isaac has his own language
Thu Jul 09 12:15:14 PDT 2015 --  meet your newest Fazoli's employee Carly Dow pic.twitter.com/b8IDubTKLk
Wed Jul 08 23:29:27 PDT 2015 --  i should be used to this by now
Wed Jul 08 22:06:40 PDT 2015 --  chris colfer retweeted my mom on twitter aw pic.twitter.com/XEENHTHV1d
Wed Jul 08 19:14:50 PDT 2015 --  oh no https://twitter.com/relatablequote/status/618965505811025920 …
Wed Jul 08 18:22:43 PDT 2015 --  when 106.7 and 107.5 have the same song on
Wed Jul 08 08:58:35 PDT 2015 --  #PrayForOhio because it's July and I'm still as pale as a sheet of paper
Wed Jul 08 16:29:54 PDT 2015 --  WTF THIS IS LITERALLY MY CAT WHAT IS GOING ON https://twitter.com/sincerelytumblr/status/618924279846072320 …
Wed Jul 08 16:14:18 PDT 2015 --  my sidekick pic.twitter.com/syP3e5gw6U
Tue Jul 07 23:47:37 PDT 2015 --  what did u do to me?
Tue Jul 07 19:45:33 PDT 2015 --  i love when nice people exist pic.twitter.com/LFDpKHrXWO
Mon Jul 06 19:08:42 PDT 2015 --  its so funny that bayda will be an asshole for four quarters
Mon Jul 06 17:47:32 PDT 2015 --  i have the move if u text me for deetZ
Mon Jul 06 17:43:23 PDT 2015 --  i luv kitties
Mon Jul 06 16:31:47 PDT 2015 --  when ur cat ruins your selfies pic.twitter.com/kXDh6SFhKA
Mon Jul 06 12:27:22 PDT 2015 --  #dontjudgechallenge pic.twitter.com/rhEb6yVm27
Mon Jul 06 12:25:22 PDT 2015 --  me pic.twitter.com/BG0IXJc8C5
Sun Jul 05 21:21:06 PDT 2015 --  when me and my brother both dont know how to use the dishwasher
Sun Jul 05 20:59:27 PDT 2015 --  sqUad pic.twitter.com/NVZurG3IGN
Sun Jul 05 19:49:56 PDT 2015 --  wish i had someone to take me on cute dates
Sun Jul 05 19:26:19 PDT 2015 --  "i'm tired of this dick of a world"
Sun Jul 05 07:24:31 PDT 2015 --  I'm not going to chase you to get your attention
Sun Jul 05 19:19:30 PDT 2015 --  this could be yours but u playinnnn
Sun Jul 05 17:47:40 PDT 2015 --  Noah straight just fucked up
Sun Jul 05 15:50:22 PDT 2015 --  does anyone know if there is an IB HL English summer project??????? help
Sun Jul 05 11:46:08 PDT 2015 --  I'm having a bonfire for my bday tomorrow text me for details
Sun Jul 05 10:45:47 PDT 2015 --  my mind has actually learned to block out anything that will make me sad so that's weird
Sun Jul 05 06:47:46 PDT 2015 --  It's better to give up on certain people
Sun Jul 05 10:15:46 PDT 2015 --  come to steak n shake from 2-9 today and you'll see me
Sun Jul 05 09:12:46 PDT 2015 --  when ur taco spills pic.twitter.com/vA5WBnjGtc
Sat Jul 04 15:54:07 PDT 2015 --  that one firework that disappoints everyone
Sat Jul 04 13:01:27 PDT 2015 --  pic.twitter.com/Tg9tzsF06B
Sat Jul 04 11:24:48 PDT 2015 --  Happy 4th of July!! God Bless America, and God Bless @RubyRose pic.twitter.com/yZc68hubxz
Sat Jul 04 11:29:25 PDT 2015 --  westerville workz
Sat Jul 04 11:25:57 PDT 2015 --  pic.twitter.com/xgqACTwV4D
Fri Jul 03 21:21:11 PDT 2015 --  it's yours it's always gon be yours
Fri Jul 03 19:20:05 PDT 2015 --  flaw: falling for boys who hurt me
Fri Jul 03 15:12:28 PDT 2015 --  sad im not going to boom bc fomo
Fri Jul 03 09:08:40 PDT 2015 --  talking out loud about your problems helps you figure out so much about yourself and how you feel
Fri Jul 03 07:07:01 PDT 2015 --  my eyes are so so so puffy from crying over this stupid car accident
Fri Jul 03 07:03:15 PDT 2015 --  Wish I wasn't young and dumb
Thu Jul 02 22:03:08 PDT 2015 --  where trouble melts like lemon drops, high above the chimney tops, that's where you'll find me
Thu Jul 02 22:01:31 PDT 2015 --  somewhere over the rainbow
Thu Jul 02 20:47:48 PDT 2015 --  this shit is insane wtf https://twitter.com/k_granttt/status/616814941778001920 …
Thu Jul 02 14:55:50 PDT 2015 --  :(
Thu Jul 02 14:03:15 PDT 2015 --  so so so so blessed that im okay pic.twitter.com/ux3k1b3c1n
Wed Jul 01 23:19:22 PDT 2015 --  every time i think of you, the color black fills my stomach
Tue Jun 30 21:05:19 PDT 2015 --  no one forces you to get married pic.twitter.com/UKJs19pqXk
Tue Jun 30 17:36:48 PDT 2015 --  isis is coming to boom guys
Tue Jun 30 16:33:37 PDT 2015 --  ily babe pic.twitter.com/2Ipr3GU5iA
Tue Jun 30 14:10:19 PDT 2015 --  fighting is honestly so dumb lol
Tue Jun 30 13:37:17 PDT 2015 --  Lexi is sucking tf out of jasmine I'm weak
Tue Jun 30 12:01:49 PDT 2015 --  so imma post this shitty ass selfie on ig and i don't care if anybody likes it or likes me ¯\_(ツ)_/¯
Mon Jun 29 23:17:05 PDT 2015 --  People should date again It shouldn't be such a big deal Just because your on a date doesn't mean they have to become your bf/gf
Mon Jun 29 17:19:56 PDT 2015 --  :(
Mon Jun 29 11:27:06 PDT 2015 --  im such an idiot i should never leave my house
Mon Jun 29 09:37:23 PDT 2015 --  Tate is the sketchiest person i've ever met
Sun Jun 28 22:38:45 PDT 2015 --  anyone wanna exchange texts
Sun Jun 28 10:53:17 PDT 2015 --  OMG!!! happy birthday to my favorite person!!! pic.twitter.com/FrrKqp5lgG
Sun Jun 28 07:49:22 PDT 2015 --  drunk or not, the decisions you make are always by choice. some people are just fucked up whether they're shit faced or sober
Sat Jun 27 21:50:03 PDT 2015 --  we watched the ditcher do his job
Sat Jun 27 21:30:58 PDT 2015 --  i just got ding dong ditched and me and jordan laughed for like 5 minutes
Sat Jun 27 16:14:16 PDT 2015 --  :( pic.twitter.com/T95grAF3Ui
Sat Jun 27 14:46:25 PDT 2015 --  i actually love the weather right now
Fri Jun 26 22:32:23 PDT 2015 --  would always choose a kickback with close friends over a party with people i don't know
Fri Jun 26 21:39:11 PDT 2015 --  all eyes on you is my new jam
Fri Jun 26 21:16:44 PDT 2015 --  i wish i could stop thinking about u
Fri Jun 26 20:43:20 PDT 2015 --  Pépito is back home (05:43:20) pic.twitter.com/qswf9f4pdo
Fri Jun 26 17:04:31 PDT 2015 --  the marriage equality snapchat story just really had me crying... #LoveWon
Fri Jun 26 09:11:34 PDT 2015 --  "Even in Texas?" she asked with wide eyes. "Yes, even in Texas," I said. #LoveWins pic.twitter.com/LH1SoVyzr4
Fri Jun 26 09:10:19 PDT 2015 --  LOLing at everyone on my timeline that is hurt over love winning
Fri Jun 26 08:44:36 PDT 2015 --  Retweet to spread the word. #LoveWins pic.twitter.com/JJ5iCP4ZWn
Fri Jun 26 07:50:47 PDT 2015 --  : :
Fri Jun 26 08:10:29 PDT 2015 --  i love you @POTUS
Fri Jun 26 07:46:21 PDT 2015 --  what a time to be alive #LoveWins ♡
Thu Jun 25 19:01:07 PDT 2015 --  look at my sweetie with a bow tie pic.twitter.com/Og5OkuFe5i
Thu Jun 25 11:10:25 PDT 2015 --  ARE YOU KIDDING ME I HAD ANOTHER DREAM ABOUT RUBY ROSE
Wed Jun 24 23:00:07 PDT 2015 --  https://twitter.com/noahzwilling_1/status/613943500732678144 …
Wed Jun 24 18:40:19 PDT 2015 --  me pic.twitter.com/Bejk5GaW42
Wed Jun 24 16:58:52 PDT 2015 --  skins is the best freakin show
Wed Jun 24 12:57:39 PDT 2015 --  sooo much traffic
Wed Jun 24 11:57:56 PDT 2015 --  dealing with a heart that i didn't break
Wed Jun 24 10:25:26 PDT 2015 --  i need to stop having dreams about ruby rose it's ruining my life
Wed Jun 24 00:46:10 PDT 2015 --  miss you so much it hurts my head
Tue Jun 23 16:38:42 PDT 2015 --  gahdamn
Tue Jun 23 16:09:39 PDT 2015 --  same https://twitter.com/cox_madison/status/253243258090696705 …
Sat Nov 03 04:57:04 PDT 2012 --  Don't mess with me and Katie , were always right
Tue Jul 02 07:40:58 PDT 2013 --  Honestly at the beginning of 8th grade Madison Katie Sidney and Jess were all best friends and it's sad to see them not...
Mon Jun 22 21:16:09 PDT 2015 --  if u aint talkin money i dont wanna talk pic.twitter.com/9r6Rk7aQeb
Mon Jun 22 18:10:43 PDT 2015 --  touch me & not feel meeee
Mon Jun 22 18:10:23 PDT 2015 --  me https://twitter.com/georgiseeley/status/613151675193364480 …
Mon Jun 22 17:18:04 PDT 2015 --  me https://vine.co/v/e5Ag3DxAutT 
Mon Jun 22 15:39:54 PDT 2015 --  who wants to hang out
Mon Jun 22 12:24:09 PDT 2015 --  I miss the four ): @Carlywashere123 @_broitskatie @cox_madison
Mon Jun 22 11:01:42 PDT 2015 --  life is too complicated i just want to sleep
Mon Jun 22 10:39:25 PDT 2015 --  donnie darko is a good movie
Mon Jun 22 10:32:27 PDT 2015 --  we all die alone
Sun Jun 21 18:23:30 PDT 2015 --  pic.twitter.com/WSTdGgfJOO
Sun Jun 21 18:22:32 PDT 2015 --  i love the sky so much
Sun Jun 21 17:10:51 PDT 2015 --  honestly don't see how anyone couldn't bump to this song. check it out. https://soundcloud.com/hashu/bright-lights-prod-yacht-club …
Sun Jun 21 17:03:09 PDT 2015 --  retweet and share this with your friends if you dont hate it, thx. my new song https://soundcloud.com/hashu/bright-lights-prod-yacht-club … :D
Sun Jun 21 15:58:03 PDT 2015 --  im not yours, and you're not mine, but we can sit and pass the time
Sat Jun 20 21:49:07 PDT 2015 --  note 2 self: do not read old text messages
Sat Jun 20 21:17:45 PDT 2015 --  #VapeGod https://vine.co/v/eiQhuZaB7TO 
Sat Jun 20 21:11:53 PDT 2015 --  GiRL SCOUT COOKiEZ
Sat Jun 20 21:11:40 PDT 2015 --  girl scout cookies
Sat Jun 20 19:43:38 PDT 2015 --  how u gon talk about me when im right there :(
Sat Jun 20 13:32:39 PDT 2015 --  today's fit pic.twitter.com/Ero8mmUeMR
Sat Jun 20 12:11:55 PDT 2015 --  edc snapchats are back!!!!
Sat Jun 20 00:16:03 PDT 2015 --  WHEN U CAN NEVER FUKIN SLEEP
Fri Jun 19 22:26:42 PDT 2015 --  cassie from skins :(
Fri Jun 19 21:08:25 PDT 2015 --  omgggg https://twitter.com/ipostcouples/status/611619345202987008 …
Fri Jun 19 18:25:08 PDT 2015 --  this might be the background on my phone lol https://twitter.com/sincerelytumblr/status/612068362638725120 …
Fri Jun 19 18:20:49 PDT 2015 --  if you don't wanna cry don't go see inside out saddest movie ever
Fri Jun 19 15:57:58 PDT 2015 --  i like tuh make money get turnt
Thu Jun 18 00:22:07 PDT 2015 --  i belong with you.
Fri Jun 19 09:34:28 PDT 2015 --  Woah big tb @Wilson_misiuk @cox_madison @_broitskatie @CJC___3 @annacaplanisme @masonlundquist8 @braden_elam23 pic.twitter.com/BmoRKyk2cW
Thu Jun 18 23:16:04 PDT 2015 --  normal people trying to get up early: ill get up at 7am me trying to get up early: i'm shooting for 12pm
Thu Jun 18 21:44:03 PDT 2015 --  this is the funniest video ever the whisper challenge is the best game pic.twitter.com/kas2s3hQbA
Thu Jun 18 18:09:57 PDT 2015 --  "i hate thotties man" - kory varney
Thu Jun 18 18:09:46 PDT 2015 --  can't trust thots
Wed May 27 12:10:58 PDT 2015 --  "We are a way for the cosmos to know itself." - Carl Sagan pic.twitter.com/cYr9FMRccW
Thu Jun 18 14:02:57 PDT 2015 --  if u want good music go to my soundcloud likes
Thu Jun 18 00:10:04 PDT 2015 --  you brought me out of my head
Wed Jun 17 22:29:10 PDT 2015 --  i see your face every single time that i close my eyes, that i say your name
Wed Jun 17 21:08:16 PDT 2015 --  night night pic.twitter.com/vYHgIKLTr7
Wed Jun 17 09:26:36 PDT 2015 --  https://www.change.org/p/president-of-the-people-s-republic-of-china-stop-the-yulin-dog-meat-eating-festival … please sign this and retweet. This has to end. It is unbearable.
Tue Jun 16 22:55:48 PDT 2015 --  colorz pic.twitter.com/RcrWFp4WJz
Tue Jun 16 21:52:01 PDT 2015 --  Rather be cuddling with you
Tue Jun 16 21:22:50 PDT 2015 --  g eazy gets me hype
Tue Jun 16 21:00:50 PDT 2015 --  dudes really make me laugh sometimes
Tue Jun 16 20:48:19 PDT 2015 --  Skintight pic.twitter.com/bdi17rzsO5
Tue Jun 16 20:45:39 PDT 2015 --  fuck yo shirt and fuck u too bitch https://twitter.com/thirtysecfights/status/610531810221670400 …
Tue Jun 16 20:42:06 PDT 2015 --  one thing can always make me feel better........
Tue Jun 16 15:36:32 PDT 2015 --  this is the funniest video ever @NZwilly13 pic.twitter.com/iX2HDFVtEr
Tue Jun 16 15:26:37 PDT 2015 --  :)
Tue Jun 16 13:04:47 PDT 2015 --  i am alive and well i'll be home soon a lot of moves are being made towards the album i still love u all pic.twitter.com/uX7FnQn86j
Tue Jun 16 12:56:01 PDT 2015 --  weird pic.twitter.com/EqtcqVVkqe
Tue Jun 16 12:19:45 PDT 2015 --  "how much cats do you have"
Tue Jun 16 11:50:45 PDT 2015 --  i love kory
Mon Jun 15 09:03:01 PDT 2015 --  Murica pic.twitter.com/5BIXoYA5p3
Mon Jun 15 21:02:02 PDT 2015 --  zayn is coming back to one direction
Mon Jun 15 20:48:36 PDT 2015 --  @_broitskatie THANK YOU BABES!!! I love you so so much! Can't wait to finally be reunited!!!
Mon Jun 15 19:46:32 PDT 2015 --  im so confused
Mon Jun 15 18:15:04 PDT 2015 --  HAPPY HAPPY BIRTHDAY LEXI I LOVE YOU BABY @alexxandriaxxo
Mon Jun 15 11:12:57 PDT 2015 --  looks like Barbie smokes like Marley
Mon Jun 15 17:58:53 PDT 2015 --  <3 pic.twitter.com/lzJtbwVmJP
