Fri Aug 28 23:05:49 PDT 2015 --  Such a good night
Fri Aug 28 19:47:17 PDT 2015 --  I. Love. Penn. State.
Fri Aug 28 18:10:01 PDT 2015 --  Pregame* whoops
Fri Aug 28 18:09:52 PDT 2015 --  The pregame before the preface
Fri Aug 28 12:01:17 PDT 2015 --  I'm so glad @_jayyemmayy_ & @TaySull13 are coming to PSU this weekend
Thu Aug 27 21:28:56 PDT 2015 --  Can't wait to see @catperryy tomorrow and take my first trip to penn state
Thu Aug 27 21:21:41 PDT 2015 --  Lmfao.
Wed Aug 26 23:40:13 PDT 2015 --  I always wake up in the middle of the night
Wed Aug 26 18:21:09 PDT 2015 --  Someday, someone will appreciate all that I do for them and until that day comes, I'm just worrying about myself.
Wed Aug 26 18:05:43 PDT 2015 --  That little boy CRACKED that home run
Tue Aug 25 10:25:07 PDT 2015 --  I believe in dogs like Oogy. pic.twitter.com/p1BIvqN1hp
Wed Aug 26 14:38:22 PDT 2015 --  LESSON OF THE DAY: don't eat spaghetti before you go for a run
Wed Aug 26 09:15:07 PDT 2015 --  I'm ready for fall, tailgates and football!
Tue Aug 25 21:56:57 PDT 2015 --  Sometimes I wonder what would have happened if I made different decisions about some things
Tue Aug 25 06:50:30 PDT 2015 --  Need a vacation
Sun Aug 23 20:02:16 PDT 2015 --  Battle during the game, give thanks after #DALvsSF pic.twitter.com/yKHF2j4uUc
Tue Aug 18 16:48:20 PDT 2015 --  Goddamn it bro I get it you vape pic.twitter.com/VwPSlAM1c4
Sun Aug 23 18:45:36 PDT 2015 --  If you don't know where that song comes from you're deprived
Sun Aug 23 18:45:17 PDT 2015 --  Back 2 skewl, back 2 skewl. To prove to dad I not a fool. I got my lunch packed up, my boots tied tight. Hope I don't get in a fight
Sun Aug 23 16:31:50 PDT 2015 --  Can't wait to be at Northampton tomorrow from 9am-9:30 pm
Sun Aug 23 16:21:07 PDT 2015 --  Let's go COWBOYS!!! #CowboysNation
Sun Aug 23 15:37:56 PDT 2015 --  Another great weekend working for Chevy #stingray . pic.twitter.com/lLdRLyR5iG
Sun Aug 23 15:04:09 PDT 2015 --  The last thing I wanna do is drive my brother to the fair rn
Sun Aug 23 14:46:54 PDT 2015 --  S/O to the guy who mooned me just to get a free t-shirt when all you had to do was fill out a survey #URtherealMVP
Sat Aug 22 19:33:04 PDT 2015 --  Why is it getting cold out at night already??!
Sat Aug 22 16:45:38 PDT 2015 --  pic.twitter.com/7XfaDTavjy
Sat Aug 22 16:12:53 PDT 2015 --  About to take a spontaneous trip to Wiles, Bloom, Kutz, West Chester or Monmouth or somewhere where my friends are
Sat Aug 22 15:42:47 PDT 2015 --  Finished a 450 page book in one day and if that doesn't scream boredom I'm not sure what does
Sat Aug 22 11:39:25 PDT 2015 --  Start classes on Monday and I don't have any books for my classes
Sat Aug 22 10:59:37 PDT 2015 --  Do you ever just go through your Instagram pics and overly judge yourself & try to see yourself through someone else's eyes????
Sat Aug 22 07:10:59 PDT 2015 --  So happy my little brothers playing football
Fri Aug 21 19:57:37 PDT 2015 --  Now I just said bye to @JadeBale and @kenz_lauren and I'm feelin some type of way
Fri Aug 21 12:03:52 PDT 2015 --  Rajin Cajun chicken for the win >
Fri Aug 21 08:57:57 PDT 2015 --  ...... Wut https://twitter.com/traphousehitler/status/628557037975289856 …
Thu Aug 20 23:27:04 PDT 2015 --  so when tf is this gonna happen? pic.twitter.com/PnH7a6DT2W
Thu Aug 20 23:00:35 PDT 2015 --  My sleep schedule is so messed up
Thu Aug 20 14:12:10 PDT 2015 --  "Do you wanna go for a-" pic.twitter.com/MI4cJ1IfZF
Thu Aug 20 07:36:41 PDT 2015 --  Told myself I'd get up early and go for a run but there's always tomorrow
Wed Aug 19 07:35:44 PDT 2015 --  this shits real no lie... pic.twitter.com/wcp5k03ln9
Tue Aug 18 18:44:30 PDT 2015 --  In love with the idea of love
Tue Aug 18 18:35:12 PDT 2015 --  https://instagram.com/p/6i8wJdLa8m/ 
Tue Aug 18 18:20:36 PDT 2015 --  Time heals all
Tue Aug 18 17:15:36 PDT 2015 --  Rtrtrt https://twitter.com/craziestsex/status/633409401139802112 …
Tue Aug 18 16:50:27 PDT 2015 --  I surprise myself with how much food I can eat
Tue Aug 18 10:33:26 PDT 2015 --  So weird walking in PV again
Mon Aug 17 18:31:57 PDT 2015 --  well shit pic.twitter.com/iFPwwv0HhJ
Mon Aug 17 21:17:04 PDT 2015 --  Nothing like falling asleep to the sweet sound of ESPN talking about the NFL
Sun Aug 16 20:14:04 PDT 2015 --  "Did you know I fell so far in love with you? Yeah, I told my heart that I had nothing to lose."
Sun Aug 16 20:06:57 PDT 2015 --  So excited that I get to finally go to a @dallascowboys game this season
Sun Aug 16 20:03:10 PDT 2015 --  Late night jams always put me in my feelings
Sun Aug 16 19:47:22 PDT 2015 --  That's facts https://twitter.com/sororityspeak/status/632675952628264960 …
Sun Aug 16 16:17:07 PDT 2015 --  If you're not a fan of football I'm not a fan of you
Sat Aug 15 20:27:51 PDT 2015 --  Let's just be honest, let's just be real
Fri Aug 14 10:57:25 PDT 2015 --  I really need to move out of this area
Wed Aug 12 21:11:53 PDT 2015 --  . https://twitter.com/notebook/status/630069975156457472 …
Wed Aug 12 07:04:37 PDT 2015 --  First day working my new waitressing job & I have poison ivy all over my arm
Wed Aug 12 05:11:45 PDT 2015 --  Did a Back hand spring out of bed this morning-put on the red & black-it's a great day to be a #Warrior #milliondollarday
Tue Aug 11 12:48:16 PDT 2015 --  Every day it gets closer to football season, the happier I get
Mon Aug 10 07:21:22 PDT 2015 --  Me trying to balance out my responsibilities pic.twitter.com/ImGMQ9a8Q5
Tue Aug 11 07:33:32 PDT 2015 --  Oregon football has a pretty sick glow-in-the-dark jersey option for the fall. (via @GoDucks) pic.twitter.com/tC7wmi8LfC
Mon Aug 10 18:48:28 PDT 2015 --  Watching the polar express right now because why not?
Mon Aug 10 15:11:33 PDT 2015 --  https://twitter.com/lovequotes/status/630167959386894336 …
Thu Jul 30 14:27:15 PDT 2015 --  Mood pic.twitter.com/kRJaLcsDPj
Mon Aug 10 11:30:15 PDT 2015 --  I really can't get over how fast this summer went...
Mon Aug 10 11:26:20 PDT 2015 --  IM DONE https://twitter.com/OverlyManlyMann/status/630778141338763264 …
Mon Aug 10 01:05:55 PDT 2015 --  RIGHT IN THE FEELS pic.twitter.com/zZdrGet1L9
Sun Aug 09 12:40:16 PDT 2015 --  Rft https://twitter.com/peaceofthesouth/status/630461485169405952 …
Sun Aug 09 10:33:38 PDT 2015 --  Just saw a commercial for now 55 and that honestly makes me want to throw up
Sun Aug 09 09:46:41 PDT 2015 --  So sick of the tension
Sat Aug 08 22:11:54 PDT 2015 --  . https://twitter.com/lovequotes/status/628597527277891585 …
Sat Aug 08 07:13:35 PDT 2015 --  Happy birthday kels! Enjoy your day @KelseyDiabo
Fri Aug 07 22:44:13 PDT 2015 --  
Fri Aug 07 13:03:32 PDT 2015 --  It's really not attractive to be a man whore/asshole/dickhead/scumbag etc. Just throwin that out there
Thu Aug 06 20:33:38 PDT 2015 --  Finally just.. happy
Thu Aug 06 19:44:10 PDT 2015 --  Hi, is it football season yet?
Thu Aug 06 18:06:45 PDT 2015 --  ITS OFFICIAL; ya girls going to be a Bloomsburg Husky this spring semester #BU
Thu Aug 06 18:01:13 PDT 2015 --  I'm ok..so Cowboynation don't worry
Thu Aug 06 14:01:33 PDT 2015 --  Driving myself crazy with my boredom
Thu Aug 06 12:55:01 PDT 2015 --  FB: Jimmy Terwilliger '07, 2005 Harlon Hill Award winner, named assistant coach at ESU. http://esuwarriors.com/news/2015/8/6/FB_080615.aspx?path=football …
Thu Aug 06 06:31:41 PDT 2015 --  Trying to go to the beach one last time before everyone leaves
Wed Aug 05 13:02:28 PDT 2015 --  There's a cowboys cheerleader that's 5'3! There's a little bit of hope for me!!
Wed Aug 05 07:43:39 PDT 2015 --  I don't like how the older we get, the faster time goes
Tue Aug 04 20:28:58 PDT 2015 --  Happy birthday! @nickammirato54
Tue Aug 04 19:20:18 PDT 2015 --  I don't want summer to end
Tue Aug 04 15:45:18 PDT 2015 --  Sucks having good looking friends (w/ @MattJCutshall & @ManonMathews) (Vine by @RyDoon) https://vine.co/v/eHFVIAibO7T 
Tue Aug 04 15:34:23 PDT 2015 --  . https://twitter.com/thirtysecfights/status/628660148362457088 …
Tue Aug 04 14:59:38 PDT 2015 --  https://twitter.com/thecheerbook/status/628337213810589696 …
Tue Aug 04 06:25:40 PDT 2015 --  first day of school http://vine.co/v/eh7Q9eAItiU 
Tue Aug 04 14:43:31 PDT 2015 --  I love Dutch springs
Sun Aug 02 02:53:29 PDT 2015 --  The early bird gets the worm
Sat Aug 01 09:48:06 PDT 2015 --  S/O to the cheerleaders @pvbearscheer pic.twitter.com/Xjk4f7JWBY
Fri Jul 31 16:12:21 PDT 2015 --  I have the biggest food baby
Fri Jul 31 06:34:28 PDT 2015 --  Just realized I threw away my debit card at Dunkin
Fri Jul 31 05:11:37 PDT 2015 --  Do real human beings like this exist?? https://twitter.com/sincerelytumblr/status/626975643821969410 …
Thu Jul 30 17:25:04 PDT 2015 --  So stressed out for no reason
Thu Jul 30 14:29:31 PDT 2015 --  Got my hair done and it's not even blonder
Thu Jul 30 06:36:59 PDT 2015 --  Only got up to take dianna to the track so she can run, if that's not a true friend idk what is
Wed Jul 29 22:34:59 PDT 2015 --  If they don't know you personally, don't take it personal
Wed Jul 29 01:58:49 PDT 2015 --  The best thing is cuddling up with a bunch of blankets in a freezing cold room
Tue Jul 28 21:15:15 PDT 2015 --  Happy birthday big B, miss you! @Briann_Josephh
Tue Jul 28 20:54:11 PDT 2015 --  RT https://twitter.com/fiirtations/status/626238924877373440 …
Tue Jul 28 19:15:17 PDT 2015 --  Damn https://twitter.com/mmackenziee_/status/624378597499908097 …
Tue Jul 28 17:16:12 PDT 2015 --  Please get over yourself
Tue Jul 28 11:07:40 PDT 2015 --  I would do anything to be a Cowboys cheerleader
Tue Jul 28 08:56:09 PDT 2015 --  Can I go back to being little when I didn't have a care in the world?
Mon Jul 27 11:09:07 PDT 2015 --  I wanna go to a shooting range
Sun Jul 26 20:44:31 PDT 2015 --  "I've been burdened with blame, trapped in the past for too long. I'm movin' on"
Sun Jul 26 16:50:56 PDT 2015 --  This mash bowl right now >>>
Sat Jul 25 13:37:05 PDT 2015 --  The amount of sweets I eat at work is disgusting
Sat Jul 25 13:11:05 PDT 2015 --  . https://twitter.com/asianxo/status/625028616754208769 …
Sat Jul 25 12:21:26 PDT 2015 --  https://twitter.com/sincerelytumblr/status/625017033378426880 …
Fri Jul 24 19:11:20 PDT 2015 --  Back to the iPhone 4 hahahahahahhahhahahahah
Fri Jul 24 18:14:33 PDT 2015 --  Can't wait till I can go to the bars
Fri Jul 24 17:49:32 PDT 2015 --  I really want to uhhhh.. Get under the influence tonight
Fri Jul 24 17:24:06 PDT 2015 --  What's the moves for tonight
Fri Jul 24 15:14:57 PDT 2015 --  Nothing but creeps on Main Street
Thu Jul 23 11:56:32 PDT 2015 --  Happy birthday!! @jakehammond23
Thu Jul 23 11:22:26 PDT 2015 --  Twerk till 6
Thu Jul 23 09:51:27 PDT 2015 --  Photograph by Ed sheeran is just... Ugh
Thu Jul 23 09:15:53 PDT 2015 --  Possibly going to be a Bloomsburg Husky this coming spring??
Wed Jul 22 21:23:16 PDT 2015 --  
Wed Jul 22 13:44:24 PDT 2015 --  Off to the cliffs🏼
Wed Jul 22 11:24:41 PDT 2015 --  It's 5 o'clock somewhere right?
Wed Jul 22 08:16:40 PDT 2015 --  Perfect day to get my tan on
Wed Jul 22 07:33:54 PDT 2015 --  Happy birthday girl!! @Melissa_Russo3
Tue Jul 21 17:55:57 PDT 2015 --  No makeup no problem pic.twitter.com/6DekyDTz7X
Tue Jul 21 15:08:07 PDT 2015 --  Someone come visit Rita's :)))))))))
Tue Jul 21 14:42:35 PDT 2015 --  Reading about this tsunami/earthquake that's supposed to hit the west coast is scaring the shit out of me...
Mon Jul 20 21:49:01 PDT 2015 --  Thought I was going to bed, but here I sit eating my second bowl of ice cream for the day
Mon Jul 20 21:30:53 PDT 2015 --  About to sleep like a baby
Sun Jul 19 19:28:10 PDT 2015 --  It's national ice cream day and I didn't even have ice cream... I'm disappointed in myself
Sun Jul 19 18:36:32 PDT 2015 --  Ashlee turns 21 this year and she's never been drunk...
Sat Jul 18 03:28:51 PDT 2015 --  Being home alone during a thunderstorm < <
Fri Jul 17 14:49:21 PDT 2015 --  Words to live by. https://twitter.com/sincerelytumblr/status/622143007018622976 …
Thu Jul 16 20:00:25 PDT 2015 --  #GrowingUpWithStrictParents taught me how to be one sneaky little shit in high school
Thu Jul 16 19:31:46 PDT 2015 --  I'm the DUFF. pic.twitter.com/HLaakYxhMA
Thu Jul 16 15:23:11 PDT 2015 --  Kinda wanna go for a run kinda wanna sit here and eat salsa chips
Thu Jul 16 13:27:32 PDT 2015 --  #GrowingUpShort how old are you? 15? NOPE ALMOST 20 THX
Thu Jul 16 11:56:21 PDT 2015 --  THIS. @catperryy https://twitter.com/kardashianreact/status/621745014327111685 …
Thu Jul 16 11:55:22 PDT 2015 --  And why do people find him attractive again??? https://twitter.com/commonfangri/status/621373406395510784 …
Thu Jul 16 11:05:46 PDT 2015 --  https://twitter.com/catperryy/status/621723514152833024 …
Thu Jul 16 06:14:14 PDT 2015 --  Saying bye today is going to kill me @catperryy pic.twitter.com/qy2fQcYpH5
Wed Jul 15 09:06:40 PDT 2015 --  Ummmmm??!? https://twitter.com/yung_wifebeater/status/621169739927195648 …
Tue Jul 14 21:21:09 PDT 2015 --  Put too many sprinkles in my ice cream again #way2gojess
Tue Jul 14 18:30:13 PDT 2015 --  Shaq thinks Irish people are pirates... pic.twitter.com/aTFrYYkW73
Tue Jul 14 20:44:03 PDT 2015 --  "What's a hand with a queen included? A winner" -fo sho
Tue Jul 14 20:27:08 PDT 2015 --  My frikkken life https://twitter.com/50states1nation/status/621158841862983680 …
Mon Jul 13 21:34:58 PDT 2015 --  RT if you're missing someone right now...
Tue Jul 14 18:20:41 PDT 2015 --  Netflix night
Tue Jul 14 17:39:19 PDT 2015 --  I love my gramma more than words can describe pic.twitter.com/lGBlM96Vpx
Mon Jul 13 20:02:21 PDT 2015 --  NO STILES
Mon Jul 13 18:06:40 PDT 2015 --  Anyone have an iPhone I can borrow for a few weeks???
Sun Jul 12 12:10:47 PDT 2015 --  https://twitter.com/melisssavargas/status/620309005643182080 …
Sun Jul 12 11:57:23 PDT 2015 --  If you don't have some type of combover are you even a soccer player?
Sun Jul 12 11:09:15 PDT 2015 --  And then I just said bye and turned around and thats when I realized how awkward I really am
Sun Jul 12 11:08:25 PDT 2015 --  Soccer kid: "how much is it for an ice?" Me: "$3.00" Soccer kid: "how much is it for your number?" Me: "hahahaha uhhhh yeah uh haha uhhh.."
Sun Jul 12 06:39:00 PDT 2015 --  The sweet like of bville https://twitter.com/sincerelytumblr/status/620224098589888512 …
Fri Jul 10 20:55:13 PDT 2015 --  Is it even worth what I'm fightin' for anymore, feelin' torn, oh the hell with it all. #JasonAldean
Fri Jul 10 17:20:39 PDT 2015 --  🏼 https://twitter.com/sincerelytumblr/status/619661662702968832 …
Fri Jul 10 16:03:39 PDT 2015 --  Accurate https://twitter.com/sincerelytumblr/status/619642832349999104 …
Fri Jul 10 08:36:13 PDT 2015 --  Can't wait to go cliff jumping today!
Thu Jul 09 19:33:58 PDT 2015 --  Guess I'll just go to bed cuzzz this town is lame
Wed Jul 08 22:20:27 PDT 2015 --  Scavenger hunt = success
Wed Jul 08 19:11:14 PDT 2015 --  Just ate so much ice cream that I might puke
Tue Jul 07 21:48:57 PDT 2015 --  So sick of missing u
Tue Jul 07 21:34:41 PDT 2015 --  I wanna go on an adventure
Tue Jul 07 21:21:52 PDT 2015 --  Wasa coming in clutch
Tue Jul 07 13:56:32 PDT 2015 --  Let's wake the town that never stops sleeping
Tue Jul 07 13:12:44 PDT 2015 --  Feel like things are never going to get better.
Tue Jul 07 09:49:39 PDT 2015 --  I hate main streets traffic
Mon Jul 06 22:55:35 PDT 2015 --  Thought I had pickles in the fridge but they're the sweet ones and now I'm one pissed off pup
Mon Jul 06 22:38:19 PDT 2015 --  "I've gotta flock in my yari"
Mon Jul 06 18:06:03 PDT 2015 --  I love teen wolf so much
Mon Jul 06 12:24:04 PDT 2015 --  Lmfao https://twitter.com/reiatable/status/618136955037970432 …
Sun Jul 05 20:34:18 PDT 2015 --  Life https://twitter.com/sincerelytumblr/status/617898793091137537 …
Sun Jul 05 20:30:47 PDT 2015 --  I've been meaning to shower for an hour now but here I sit
Sat Jul 04 01:34:32 PDT 2015 --  LOOK AT HER FACE OG NY GODH pic.twitter.com/oYE49CuqPc
Sun Jul 05 20:18:35 PDT 2015 --  Stupid boy by Keith urban >>
Sun Jul 05 08:27:51 PDT 2015 --  Not your fathers root beer has got to be the best beer I've ever had in my life
Sat Jul 04 12:18:06 PDT 2015 --  God Bless America!! #USA pic.twitter.com/SI0wyW4h6C
Sat Jul 04 15:31:36 PDT 2015 --  Just broke cats charger that she got yesterday and correct me if I'm wrong but I think she may kill me..
Sat Jul 04 05:56:28 PDT 2015 --  Can't wait to hear Carrie's voice every Sunday night
Fri Jul 03 14:36:15 PDT 2015 --  Can't wait to wear my outfit tomorrow
Fri Jul 03 08:01:45 PDT 2015 --  Traffic is backed up from the crossings all the way to Northamptons Monroe campus
Thu Jul 02 14:05:13 PDT 2015 --  🏼 https://twitter.com/drugful/status/616456143867506688 …
Thu Jul 02 10:08:15 PDT 2015 --  #LiesMyExToldMe I'll never hurt you
Thu Jul 02 09:34:09 PDT 2015 --  To have a fire tonight or no???¿¿¿
Wed Jul 01 18:07:55 PDT 2015 --  my loves https://instagram.com/p/4nWBe6ra19/ 
Wed Jul 01 16:15:04 PDT 2015 --  Cat and Norman make me want to vomit cause of their cuteness
Wed Jul 01 16:06:52 PDT 2015 --  #LiesIveToldAGuy "sorry I'm talking to someone"
Tue Jun 30 18:44:20 PDT 2015 --  Another day off work tomorrow, another day filled with nothing to do
Tue Jun 30 17:59:31 PDT 2015 --  So @catperryy dyed my hair black pic.twitter.com/JD0K5OH2G5
Tue Jun 30 16:49:32 PDT 2015 --  I hate the gym omgggg
Tue Jun 30 16:48:35 PDT 2015 --  HAHAHAHAHAHAHAHAHAHAHA
Tue Jun 30 13:59:30 PDT 2015 --  Happy birthday! @nruizgk
Tue Jun 30 12:06:32 PDT 2015 --  Siamsa's for lunch
Tue Jun 30 10:50:48 PDT 2015 --  I love pissing Brittaney off
Tue Jun 30 10:02:53 PDT 2015 --  That awk moment when Dianna comments on every other post someone posted for her bday EXCEPT urs #feelinthelove @DiannaConnor
Tue Jun 30 09:04:47 PDT 2015 --  Frfr https://twitter.com/jcoiesc/status/615336519860142081 …
Tue Jun 30 08:26:12 PDT 2015 --  It's all your fault @nataliie_smith https://twitter.com/thetumblrposts/status/615887418043027456 …
Tue Jun 30 06:33:41 PDT 2015 --  My hair is black
Mon Jun 29 22:51:25 PDT 2015 --  Late night thoughts can suck my ass
Mon Jun 29 20:02:50 PDT 2015 --  WHAT IS THIS SHIT!?!?
Mon Jun 29 19:59:26 PDT 2015 --  oh my gosh #AA
Mon Jun 29 19:52:02 PDT 2015 --  Where does one find a hunk like the ones on teen wolf??????
Mon Jun 29 19:46:43 PDT 2015 --  Stiles is speaking my "senior in high school" thoughts right now
Mon Jun 29 19:18:25 PDT 2015 --  I want Tyler Posey.
Mon Jun 29 18:43:29 PDT 2015 --  I want a werewolf boyfriend
Sun Jun 28 19:51:26 PDT 2015 --  I would pay someone 20 bucks a day to play with my hair
Sun Jun 28 18:16:33 PDT 2015 --  Took my sweatshirt off & pulled my earring
Sun Jun 28 16:31:08 PDT 2015 --  Red robin for the win
Sun Jun 28 13:11:40 PDT 2015 --  Spontaneous Sunday pic.twitter.com/OehQFq4XVV
Sun Jun 28 10:40:57 PDT 2015 --  I think I need to get drunk tonight
Sat Jun 27 21:38:12 PDT 2015 --  I ate way too many pickles but it was so worth it
Sat Jun 27 20:42:12 PDT 2015 --  The highlight of my night was seeing a new jar of pickles in the fridge
Sat Jun 27 19:42:44 PDT 2015 --  I'm about to drive around for fun
Sat Jun 27 19:33:40 PDT 2015 --  Tonight's a dub
Sat Jun 27 19:09:25 PDT 2015 --  Rft https://twitter.com/felicity_cole/status/614977935150305280 …
Sat Jun 27 18:27:22 PDT 2015 --  Is tonight going to be fun or nawh is the question
Sat Jun 27 16:40:51 PDT 2015 --  A little over a year & a half till I turn 21 ayyyy
Sat Jun 27 16:17:12 PDT 2015 --  Shoutout to whoever left an unopened bag of gummie Bears in my car 🏼
Sat Jun 27 14:01:26 PDT 2015 --  I can't take the cuteness pic.twitter.com/9GbnoGwMFp
Sat Jun 27 09:05:22 PDT 2015 --  "But mostly, I hate the way I don't hate you.."
Sat Jun 27 08:00:21 PDT 2015 --  Nibor's coffee > Dunkin donuts
Fri Jun 26 23:26:46 PDT 2015 --  About to knock out as soon as my head hits the pillow
Fri Jun 26 22:37:52 PDT 2015 --  Lordy have mercy it's a real good life
Fri Jun 26 22:21:58 PDT 2015 --  Talladegaaaaaaa
Fri Jun 26 18:18:18 PDT 2015 --  Perfect summer date! pic.twitter.com/Svw95g12dZ
Fri Jun 26 17:30:07 PDT 2015 --  i want another project P, someone make it happen
Fri Jun 26 17:28:16 PDT 2015 --  Amen sista https://twitter.com/abbyleach10/status/614585505213235201 …
Fri Jun 26 15:47:04 PDT 2015 --  It's so nice out
Fri Jun 26 12:57:53 PDT 2015 --  So stressed.
Fri Jun 26 10:37:52 PDT 2015 --  The guy helping me at the car dealership brought me pizza aka he's the best
Fri Jun 26 08:26:23 PDT 2015 --  I'm gonna give my car away and just cry..
Fri Jun 26 07:50:21 PDT 2015 --  Mama just said I have to trade in my car for an '11 or '12... My hearts breaking a little
Thu Jun 25 19:57:16 PDT 2015 --  https://twitter.com/joelosteen/status/614265614564241408 …
Thu Jun 25 17:53:47 PDT 2015 --  . https://twitter.com/catperryy/status/614234881296592896 …
Thu Jun 25 17:33:43 PDT 2015 --  I'm about to sell my car and move away because everyone in this town sucks
Thu Jun 25 16:22:40 PDT 2015 --  Wish things didn't have to workout the way they did.
Wed Jun 24 19:40:49 PDT 2015 --  Party in the sac
Wed Jun 24 15:09:35 PDT 2015 --  I look forward to @seandekmar snap stories
Wed Jun 24 08:55:03 PDT 2015 --  I want to do something fun
Wed Jun 24 07:10:02 PDT 2015 --  If my dreams could stop messing with my head, that'd be great
Tue Jun 23 19:44:46 PDT 2015 --  This town used to be fun when fun people lived here and actually did stuff
Tue Jun 23 18:11:52 PDT 2015 --  
Tue Jun 23 18:11:44 PDT 2015 --  Who wants to rent a house in east stroudsburg with me?
Tue Jun 23 10:00:05 PDT 2015 --  First day of work and I'm gonna be 20 minutes late #justmyluck
Tue Jun 23 08:37:03 PDT 2015 --  Ya girl starts at camel beach today!
Mon Jun 22 17:17:17 PDT 2015 --  If you didn't take a pic, did you even go to the beach? @ look back at it https://instagram.com/p/4QFEqKLa5K/ 
Mon Jun 22 14:43:48 PDT 2015 --  Just went through an ezpass lane & I don't have an ezpass
Mon Jun 22 13:38:41 PDT 2015 --  Cancel out my ex, put a line through that shit
Mon Jun 22 13:37:55 PDT 2015 --  Just wanna be happy.
Sun Jun 21 22:21:39 PDT 2015 --  Sooooo happy I'm going to the beach in 7 hours
Sun Jun 21 17:41:44 PDT 2015 --  Who wants to go to the beach or cliff jumping or SOMETHING tomorrow???
Sun Jun 21 17:39:12 PDT 2015 --  So cute https://twitter.com/sexualgif/status/612778335177981952 …
Sun Jun 21 13:47:56 PDT 2015 --  Happy Father's Day to a one of a kind father! We fight, we laugh, we cry, but in the end there's no… https://instagram.com/p/4NIUeyray6/ 
Sat Jun 20 20:22:20 PDT 2015 --  . https://twitter.com/ericaneff/status/612455603747729408 …
Sat Jun 20 18:44:11 PDT 2015 --  When it's almost closing time and a bus with 50 people come to Rita's
Sat Jun 20 11:17:53 PDT 2015 --  Wishin I was fishin
Sat Jun 20 09:54:15 PDT 2015 --  This weather makes me so freaking miserable
Sat Jun 20 06:26:29 PDT 2015 --  Oh look at that, another shitty day
Sat Jun 20 01:44:30 PDT 2015 --  The suns up & I haven't even gone to bed yet
Fri Jun 19 20:34:48 PDT 2015 --  When I met you in the summer
Fri Jun 19 18:19:38 PDT 2015 --  I eat way too much chocolate covered strawberry ice while I'm working
Fri Jun 19 13:04:52 PDT 2015 --  Have you ever read the world is yours, on a blimp?
Fri Jun 19 10:28:21 PDT 2015 --  Trying to go cliff jumping or somethinggg!
Thu Jun 18 14:45:08 PDT 2015 --  RT https://twitter.com/livspin/status/611648973942726658 …
Wed Jun 17 21:37:51 PDT 2015 --  I love my fucking life
Wed Jun 17 16:58:24 PDT 2015 --  Happy birthday girl @katiestanovick
Wed Jun 17 13:43:24 PDT 2015 --  I eat salt & vinegar chips till my tongue goes numb
Wed Jun 17 11:13:45 PDT 2015 --  Putting me & Britt in the same car for 12 hours is not a good idea
Tue Jun 16 19:19:24 PDT 2015 --  The more I hear about/see tattoos, the more I want another one
Tue Jun 16 13:15:30 PDT 2015 --  Can't wait to be home tomorrow, I miss my frands
Mon Jun 15 19:16:22 PDT 2015 --  There is absolutely nothing in North Dakota
Mon Jun 15 17:46:50 PDT 2015 --  #GloUpChallenge pic.twitter.com/Wu7i4rNzWN
Mon Jun 15 11:47:25 PDT 2015 --  Haven't worn a bra all week and I couldn't be happier tbh #ittybittytitycommittee
Sun Jun 14 20:23:02 PDT 2015 --  . https://twitter.com/sincerelytumblr/status/610284599411933184 …
Sun Jun 14 14:01:55 PDT 2015 --  Someone just told me they thought I was 12.. So I'm gonna go crawl in a hole now
Sun Jun 14 10:47:55 PDT 2015 --  Pissing in my yard ain't gonna make yours any greener
Sat Jun 13 23:45:17 PDT 2015 --  I honestly can't wait to meet the love of my life
Sat Jun 13 16:12:16 PDT 2015 --  There's little boys running around in flannels and cowboys boots and they're the cutest kids ever
Sat Jun 13 12:22:35 PDT 2015 --  Wedding time
Sat Jun 13 11:20:06 PDT 2015 --  . https://twitter.com/ferrell_fludd/status/609786285415366656 …
Sat Jun 13 10:24:43 PDT 2015 --  Now you're just somebody that I used to know
Fri Jun 12 14:53:14 PDT 2015 --  I don't like growing up..
Fri Jun 12 13:55:30 PDT 2015 --  Graduating inside sucks ass but there's no better feeling than being graduated, so just enjoy it senyasssss
Fri Jun 12 07:55:12 PDT 2015 --  Can forget @NickBurke62 & @Dahlstromm04 pic.twitter.com/M3q6lREYgl
Fri Jun 12 07:43:30 PDT 2015 --  S/O to some of my favs graduating tonight @callinares @BryanaMitchell @MatthewSheehan4 @BruceParisi #letbrucewalk pic.twitter.com/TgU5jVhHYB
Thu Jun 11 19:29:49 PDT 2015 --  My gramma's reaction to finding out about my tattoo is priceless pic.twitter.com/RjoZWupbK5
Thu Jun 11 16:14:36 PDT 2015 --  "Sometimes when things are falling apart, they may actually be falling into place."
Thu Jun 11 15:01:02 PDT 2015 --  RT this if you're a proud American. pic.twitter.com/WPiOc4HsZk
Thu Jun 11 11:11:01 PDT 2015 --  I'll be surprised if I don't gain 10 pounds after this trip
Thu Jun 11 10:15:02 PDT 2015 --  Happy birthday bud! @domenici55
Wed Jun 10 19:33:54 PDT 2015 --  ppl are so fake it's actually hilarious
Wed Jun 10 18:17:07 PDT 2015 --  Do things sooner then later because later turns into never
Wed Jun 10 17:49:48 PDT 2015 --  Wishin I was beachin pic.twitter.com/fpVhQHVECN
Wed Jun 10 14:21:54 PDT 2015 --  . https://twitter.com/sincerelytumblr/status/608744718864904192 …
Wed Jun 10 09:28:04 PDT 2015 --  🏼 https://twitter.com/zodiacvibes/status/605826934660984833 …
Wed Jun 10 07:43:41 PDT 2015 --  https://twitter.com/countrysayingss/status/608645319061057536 …
Wed Jun 10 04:44:00 PDT 2015 --  RT https://twitter.com/iadorewomen_/status/606102006093127682 …
Tue Jun 09 19:23:12 PDT 2015 --  Just ate more than I thought I could ever eat
Tue Jun 09 17:40:59 PDT 2015 --  Can I go? https://vine.co/v/eMwl6eVLLhM 
Tue Jun 09 13:14:04 PDT 2015 --  My mom just dropped my phone and shattered my screen and all she has to say is "whoopsie"
Tue Jun 09 08:42:17 PDT 2015 --  My stupid friend pic.twitter.com/q4vH8Fj23d
Mon Jun 08 20:12:24 PDT 2015 --  Wtf https://vine.co/v/h7iXaxuDWJ2 
Mon Jun 08 19:59:42 PDT 2015 --  Y am I always hungry
Mon Jun 08 18:22:58 PDT 2015 --  No one likes a playaaa
Mon Jun 08 18:21:02 PDT 2015 --  Lol
Mon Jun 08 18:11:04 PDT 2015 --  . https://twitter.com/bello_jpx/status/608062947638812673 …
Mon Jun 08 13:18:23 PDT 2015 --  THEY HAVE QDOBA BY MY HOTEL there is a god
Mon Jun 08 11:30:13 PDT 2015 --  I apologize in advance for my long snapchat story
Sun Jun 07 17:58:28 PDT 2015 --  My little brother goes "I'm gonna punch you in the boob.. Oh wait you don't have any.." So there's that.
Sun Jun 07 17:52:03 PDT 2015 --  Our hotel reminds me of hogwarts and it makes me so happy
Sun Jun 07 11:40:53 PDT 2015 --  Wish some songs didn't bring back the memories they do
Sun Jun 07 11:13:38 PDT 2015 --  Happy birthday! @EricJMarbury3
Sun Jun 07 08:41:17 PDT 2015 --  No filter needed. Out in Minnesota today, and it's absolutely beautiful! @ Lewiston, Minnesota https://instagram.com/p/3ogoQ6La-v/ 
Sun Jun 07 07:50:43 PDT 2015 --  I would love to move out west, it's so perfect
Sat Jun 06 16:05:34 PDT 2015 --  RT https://twitter.com/noelllenovak/status/607318076477083648 …
Sat Jun 06 13:31:45 PDT 2015 --  Happy is an understatement
Sat Jun 06 07:18:21 PDT 2015 --  Ohio is so beautiful!
Sat Jun 06 05:44:44 PDT 2015 --  Happy birthday tanner! @Tannerrrrrr
Fri Jun 05 22:59:43 PDT 2015 --  I leave for Montana in 2 hours... This is gonna be one long car ride
Fri Jun 05 15:12:43 PDT 2015 --  My life is filled with awkward moments
Fri Jun 05 12:34:05 PDT 2015 --  Ready for the road trip to Montana with this beauty pic.twitter.com/IfHURKMmS8
Fri Jun 05 00:32:46 PDT 2015 --  I hate being hungry at this hour
Thu Jun 04 12:42:45 PDT 2015 --  "Her butt looks like a loaf of bread falling off the shelf"
Thu Jun 04 05:54:28 PDT 2015 --  Happy birthday girlie! @l_mackkkk14
Wed Jun 03 13:42:27 PDT 2015 --  LMFAO. I HATE PPL.
Tue Jun 02 18:23:31 PDT 2015 --  Ur beautiful pic.twitter.com/QxEhNgowGJ
Tue Jun 02 17:51:59 PDT 2015 --  Driving all the way to stroudsburg just for a burrito, now that's dedication
Tue Jun 02 14:27:06 PDT 2015 --  This rain makes me feel shitty because I just lay here & eat all day
Mon Jun 01 22:47:52 PDT 2015 --  ima just leave this here for y'all pic.twitter.com/HTMgz1ix3x
Mon Jun 01 21:48:03 PDT 2015 --  Oh man, this used to be my JAM as a little girl pic.twitter.com/cD8QL3P60C
Mon Jun 01 19:50:22 PDT 2015 --  . https://twitter.com/poetrytexts/status/605494549062938624 …
Mon Jun 01 19:46:00 PDT 2015 --  Ugh.
Mon Jun 01 17:37:24 PDT 2015 --  Finally got through @rick_forte 800 second snap story
Mon Jun 01 17:26:54 PDT 2015 --  When I see Harry Potter is playing on ABC family, a little part of me feels like a kid on Christmas
Mon Jun 01 17:12:18 PDT 2015 --  pic.twitter.com/sayCzvDUof
Mon Jun 01 10:48:01 PDT 2015 --  Well today is something else
