Fri Aug 28 22:38:09 PDT 2015 --  sweet 16 & incredibly blessed. pic.twitter.com/VxYXI8IDcC
Fri Aug 28 17:59:59 PDT 2015 --  one day you’ll wake up at 11:30 AM on a Sunday with the love of your life and you’ll make some coffee and pancakes and it’ll all be alright
Fri Aug 28 17:14:32 PDT 2015 --  High school seniors: it's not too late to quote me for your senior quote #nucleus #stretchypants #priestlyduties
Wed Aug 12 15:13:13 PDT 2015 --  Be with someone that looks at you like this pic.twitter.com/BUDsoYkidi
Fri Aug 28 11:16:11 PDT 2015 --  you ever give advice and in the midst you think to yourself... "you don't really hear me tho." At that moment, I note to save my energy.
Fri Aug 28 05:14:19 PDT 2015 --  stay up. pic.twitter.com/asXNyFEAnL
Fri Aug 28 07:37:02 PDT 2015 --  truth pic.twitter.com/z3q0NVZflB
Mon Jun 15 05:14:42 PDT 2015 --  People only want to notice the change in your attitude towards them, but never want to realize their behavior that caused that change.
Thu Aug 27 21:55:28 PDT 2015 --  @_yagerbomb emily te ves tan bonita en tu avi estas perfectaaaa
Thu Aug 27 21:42:19 PDT 2015 --  Me cagas
Thu Aug 27 20:45:06 PDT 2015 --  I've never felt so much pain and sadness.
Thu Aug 27 20:44:12 PDT 2015 --  I really need someone to talk to right now
Wed Aug 26 20:49:04 PDT 2015 --  How I feel taking the trash out at night... pic.twitter.com/32sMu3Evhp
Wed Aug 26 19:28:13 PDT 2015 --  EVERYDAY SHOULD BE NATIONAL DOG DAY pic.twitter.com/asHBtlzxPt
Wed Aug 26 16:08:08 PDT 2015 --  1st Day of School be like... pic.twitter.com/p7xJk2QNM4
Wed Aug 26 16:07:11 PDT 2015 --  It makes me mad because I know I'll never meet anybody else like you
Wed Aug 26 13:04:55 PDT 2015 --  Silence is an answer too.
Sat Mar 14 20:36:10 PDT 2015 --  I just wanna be your favorite...
Sun Aug 23 21:18:35 PDT 2015 --  pic.twitter.com/jREilp4F0a
Sun Aug 23 21:10:53 PDT 2015 --  Me everyday https://vine.co/v/eDX2glPtdDA 
Sun Aug 23 20:46:03 PDT 2015 --  It's like Johnny Depp and James Franco had a kid pic.twitter.com/ty6EkERfol
Sun Aug 23 18:54:49 PDT 2015 --  WHO MADE THIS pic.twitter.com/UOdyRE14TN
Sun Aug 23 18:46:19 PDT 2015 --  I've been trying to do my homework since Friday but I just can't bring myself to do it
Sun Aug 23 19:24:04 PDT 2015 --  Fear the Walking Dead is on, let's check this shit out
Sun Aug 23 17:59:17 PDT 2015 --  "They never will." #GreysAnatomy pic.twitter.com/2tbIjEbl1c
Sun Aug 23 10:23:08 PDT 2015 --  I’m excited to be @MarthaWeddings fall cover girl! See more at http://marthastewartweddings.com/sofia-bts  #MSWeddingsSofia @COVERGIRL pic.twitter.com/pIDGP2iAyW
Fri Aug 21 15:13:38 PDT 2015 --  I work noon to afternoon.. Bust my butt day n nite.. My hands look like this, so hers can look like this.. pic.twitter.com/8iAyuvOq56
Sat Aug 22 23:07:26 PDT 2015 --  Arizona sunsets >>>> pic.twitter.com/mg3nsUUWNg
Sat Aug 15 15:16:07 PDT 2015 --  The receipt after Cole and Drake bought their albums pic.twitter.com/bkKHH2feBt
Sat Aug 22 20:22:04 PDT 2015 --  why do people publicize hate on here like wow u look so cool being mean 2 someone
Sat Aug 22 20:54:24 PDT 2015 --  OCTOBER IS GONNA BE A GREAT MONTH
Tue Aug 18 20:56:01 PDT 2015 --  if you date me you're gonna have to handle me laughing at my own jokes for a good 10 minutes
Sat Aug 22 20:24:31 PDT 2015 --  I finished the whole jetpack joyride game in an hour... again.
Sat Aug 22 17:14:28 PDT 2015 --  Ugh pic.twitter.com/rmdsY8aLp2
Tue Jul 21 00:47:37 PDT 2015 --  My girl isn't allowed to drake concert pic.twitter.com/T8QNaBEs51
Sat Aug 22 13:52:25 PDT 2015 --  My life will never be complete until I watch Suicide Squad
Sat Jul 18 05:05:15 PDT 2015 --  this is a smiling Kanye,it only appears once in 20,000 Kanye pics.This is a very rare Kanye.RT in 20 secs or bad luck pic.twitter.com/8DudrMFkkx
Fri Jul 17 11:11:23 PDT 2015 --  Gracias @ALDO_Shoes Por mi regalo me encantaron y me hicieron muy feliz además son de mi color favorito #lovethem pic.twitter.com/VeqChimtTZ
Tue Jul 14 16:45:18 PDT 2015 --  "Dont you ever get tired of Drake's music?" Me: pic.twitter.com/hAZfbXGCEV
Sun Jul 12 20:12:20 PDT 2015 --  If she's always down for whatever wife her, you got a shorty & a best friend.
Tue Jul 14 19:40:49 PDT 2015 --  I think it's cool as hell when u meet a person who's interested in u. like beyond your physical features but intrigued with everything u are
Sat Jul 11 23:34:57 PDT 2015 --  Don't give anyone the power to get comfortable with disrespecting you.
Sun Jul 12 23:10:12 PDT 2015 --  All I gotta do is put my mind to this shit.
Mon Jul 13 01:07:22 PDT 2015 --  Triste pero ciertoooo pic.twitter.com/EkEbEU2nJu
Sun Jul 12 02:39:16 PDT 2015 --  *searches: why does my dog keep farting?*
Sat Jul 11 06:41:33 PDT 2015 --  Hozier feeds the soul - always
Sat Jul 11 05:09:44 PDT 2015 --  5:09 AM pic.twitter.com/HRdtoHcPFb
Sat May 23 03:19:03 PDT 2015 --  “I hope you look for me in everyone else and panic when you realize that they’ll never be exactly the same.”
Thu Jul 09 12:10:21 PDT 2015 --  I would like to bore all my sweet followers with a happy anniversary message to my love @prattprattpratt here goes: happy anniversary baby!
Thu Jul 09 17:24:36 PDT 2015 --  @AnnaKFaris I love you darling!! I'm the luckiest man in the world. #HappyAnniversary
Wed Jul 08 23:05:13 PDT 2015 --  I don’t chase after people anymore. If they like talking to me they will do so. If not, I’m content in my own company.
Mon Jul 06 00:33:49 PDT 2015 --  I'm not gonna settle anymore, I want the best for myself
Mon Jul 06 00:07:44 PDT 2015 --  Tbh I think glasses are cute as hell stop with these dumb don't judge me challenges I hate the internet twitter sucks
Mon Jul 06 00:10:22 PDT 2015 --  I'll be here when you need me.
Sun Jul 05 19:59:57 PDT 2015 --  "sometimes I hate you because I feel like you take advantage of the fact that you know how much I really love you." - @DearYouFromWe
Sun Jul 05 20:51:28 PDT 2015 --  I've been avoiding commitment, that's why I'm in this position
Thu Jul 02 20:17:14 PDT 2015 --  THIS LOOKS SO GOOD OMG https://amp.twimg.com/v/b4d8929e-4158-443e-855b-19315e5c48ad …
Sun Jul 05 12:54:21 PDT 2015 --  we all have that one person that we will always have feelings for
Sat Jul 04 23:30:23 PDT 2015 --  When u use ur sister as a model pic.twitter.com/VEh42g0Ip0
Thu Jul 02 12:15:04 PDT 2015 --  so cute how u can tell when Chris Pratt was filming Jurassic world bc he suddenly gets all toned in parks and rec :')
Thu Jul 02 12:58:47 PDT 2015 --  when you love someone you don't treat them like they're temporary. you don't selectively show love when it's convenient for you.
Thu Apr 16 14:40:57 PDT 2015 --  Gracias por tanto cariño Q me brindan día a día!! Les agradezco de corazón! Obrigado por tanto amor!! pic.twitter.com/SviXglG2ad
Thu Mar 26 16:06:13 PDT 2015 --  Having a Great Dinner with The Best Rum #MiamiClubRum My City.. My Rum...love you all!!! pic.twitter.com/hGQzW12VCv
Wed Apr 01 16:02:50 PDT 2015 --  I love you. @wingstop
Mon Jun 29 15:36:58 PDT 2015 --  for once I'm really going hard for myself and trying to love myself 100%. anyone who takes away from that doesn't need to be around.
Thu Jun 11 23:34:06 PDT 2015 --  :( pic.twitter.com/zSIZASL6Nv
Mon Jun 29 01:34:23 PDT 2015 --  getting everything you want must feel great
Sun Jun 28 23:25:56 PDT 2015 --  Novellas stress me out so much ugh
Fri Jun 26 19:44:01 PDT 2015 --  “They said time heals. They lied.”
Sat Jun 27 16:48:12 PDT 2015 --  I've been learning about something you call self-love
Sat Jun 27 16:45:28 PDT 2015 --  Oh man, I need to get out of here
Wed Jun 24 02:06:35 PDT 2015 --  i really reached out and tried making more friends here but locals are weirdos so im staying in my room for another year
Wed Jun 24 02:05:15 PDT 2015 --  we do NOT relate. we are NOT the same.
Tue Jun 23 15:47:38 PDT 2015 --  mamí pic.twitter.com/By3a6EHJIO
Wed Jun 17 21:11:41 PDT 2015 --  Why am I so obsessed with dogs?
Tue Jun 16 20:40:58 PDT 2015 --  Nixon has a baby brother pic.twitter.com/26gOOg1jzk
Mon Jun 15 07:39:12 PDT 2015 --  I loved Chris Pratt before he was really famous smh
Mon Jun 15 01:10:55 PDT 2015 --  @_yagerbomb gosh i love you but nixon is much cuter
Sun Jun 14 02:51:14 PDT 2015 --  Hate meeting beautiful strangers and knowing you might never see them again
Fri Jun 12 16:12:42 PDT 2015 --  So many things I wish I could say to you but you're not even worth it
Thu Jun 11 18:00:14 PDT 2015 --  Nada más espero que pasando todo esto, las cosas cambien
Sun Jun 07 20:05:42 PDT 2015 --  I need to meet new people
Sat Jun 06 16:19:07 PDT 2015 --  #StopIggy2015
Sat May 30 11:52:33 PDT 2015 --  I NEED A BURGER!
Sun May 24 23:45:25 PDT 2015 --  I just wanna live
Fri May 22 23:30:34 PDT 2015 --  some nights I still crave you.. when I know I shouldn't..
Sun May 24 20:19:28 PDT 2015 --  You can say whatever you want to say but I deserve more than this
Sun May 24 00:11:36 PDT 2015 --  "Maybe it's because I'm the one you lied to the longest."
Sat May 23 14:46:00 PDT 2015 --  All my snapchat stories are of my dog, I'm sorry
Sat May 23 11:49:00 PDT 2015 --  I've been dreaming about you again
Wed May 20 21:39:52 PDT 2015 --  Love You Even From The Distance.
Wed May 20 21:44:30 PDT 2015 --  im serious about getting in shape but im also serious about eating like shit
Wed May 20 21:42:29 PDT 2015 --  Think of what you're sayin before you speak
Wed May 20 21:31:32 PDT 2015 --  Retainers are terrible objects and I wish they didn't exist
Wed May 20 19:06:50 PDT 2015 --  Just leave everything behind and start again w no worries
Wed May 20 19:03:01 PDT 2015 --  Seriously considering moving back to mexico
Fri May 15 19:11:29 PDT 2015 --  i don't ask for much.
Tue May 19 23:03:06 PDT 2015 --  I'm jussss sayin you could do bettttaaa
Tue May 19 20:01:21 PDT 2015 --  won't be missed
Tue May 19 19:56:17 PDT 2015 --  Be my baby
Mon May 18 20:37:54 PDT 2015 --  I've reached a point in my life where I couldn't care less about wat ppl think of me and my decisions. I'm doing for me, what makes ME happy
Sun May 17 19:44:01 PDT 2015 --  "And if you must cheat, then please cheat death because I couldn't live a day without you."
Sat May 16 14:00:09 PDT 2015 --  never really had a type.. I just like the way I vibe with certain people.
Sun May 17 11:37:05 PDT 2015 --  you have to get yourself right before you can ever truly be right for somebody else.
Sat May 16 22:27:32 PDT 2015 --  who's up and can be a reliable texter?
Thu May 14 23:05:50 PDT 2015 --  In love w this wow https://vine.co/v/eajtPa7VQr6 
Thu May 14 15:53:36 PDT 2015 --  Two faced ppl are nasty
Fri May 08 17:50:40 PDT 2015 --  I need some time to myself
Mon May 04 15:51:07 PDT 2015 --  and lately ive been distant, it's nothing against the people. just everyone needs that gap.
Sun May 03 20:32:31 PDT 2015 --  Bro ur like 5
Sun May 03 20:14:28 PDT 2015 --  Harry Potter is literally the best thing ever
Sun May 03 00:22:06 PDT 2015 --  Damn girl u too emotional bye
Sat May 02 23:09:08 PDT 2015 --  I really need takis rn
Sat May 02 13:37:25 PDT 2015 --  I'll kiss you in front of people who want you
Fri May 01 17:44:04 PDT 2015 --  U a hoe hoe hoe
Thu Apr 30 20:21:11 PDT 2015 --  when boys ask why I wear makeup pic.twitter.com/UOeTNLjJKY
Thu Apr 30 19:03:10 PDT 2015 --  Leash training and he isn't happy about it pic.twitter.com/6eKfLfCslv
Thu Apr 30 16:40:22 PDT 2015 --  You know what tomorrow is? pic.twitter.com/qBbWCghJi9
Thu Apr 30 15:55:03 PDT 2015 --  So done w your attitude
Thu Apr 30 12:23:04 PDT 2015 --  I only see you in my dreams now
Thu Apr 23 11:31:53 PDT 2015 --  there is beauty behind this madness
Wed Apr 29 22:23:40 PDT 2015 --  You don't even know
Wed Apr 29 21:45:22 PDT 2015 --  It's literally so disgusting when people talk crap about other people for no reason
Wed Apr 29 20:05:51 PDT 2015 --  Back the hell up
Mon Apr 27 20:06:52 PDT 2015 --  I be giving @_yagerbomb those heart eyes
Mon Apr 27 17:27:46 PDT 2015 --  You give me those heart eyes
Sun Apr 26 21:44:40 PDT 2015 --  don't be actin like I need you.
Sat Apr 25 17:14:04 PDT 2015 --  People who drop you off at home and wait til you actually get inside the house to drive off are beautiful and deserve to live forever
Sun Apr 26 17:24:33 PDT 2015 --  Watch me
Sun Apr 26 13:17:35 PDT 2015 --  tell them you love them.
Sat Apr 25 09:42:50 PDT 2015 --  Dancing is kinda cool pic.twitter.com/dsq8j51Zzz
Sat Apr 25 12:28:02 PDT 2015 --  Braces off
Fri Apr 24 21:36:45 PDT 2015 --  My last performance on that stage and with an amazing group of girls and I loved every second of it!
Fri Apr 24 22:11:47 PDT 2015 --  My dad would've been so proud
Thu Apr 23 21:31:41 PDT 2015 --  pic.twitter.com/i2bKJvLUvL
Thu Apr 23 07:22:09 PDT 2015 --  I wish my dad could be here to see me
Wed Apr 22 20:24:48 PDT 2015 --  I hope tomorrow is better
Tue Apr 21 22:08:29 PDT 2015 --  🏼🏼🏼 https://twitter.com/acidronnie/status/590324643828862978 …
Tue Apr 21 20:51:05 PDT 2015 --  Why are you so dramatic??????
Tue Apr 21 20:20:01 PDT 2015 --  H8 snapchat
Mon Apr 20 20:15:19 PDT 2015 --  Defense mechanism pic.twitter.com/BAY3S6RI6v
Mon Apr 20 14:10:07 PDT 2015 --  I smell cookies
Sun Apr 19 22:21:24 PDT 2015 --  "You laugh at my jokes, even though they're not funny"
Sun Apr 19 19:30:16 PDT 2015 --  I'm going to get in shape and get a hot rockin body and be supper hot and be healthy and feel happy with my image
Sun Apr 19 19:59:32 PDT 2015 --  It's a bad time for this, and idk how to tell you
Sun Apr 19 19:55:04 PDT 2015 --  It's 4/20 Eve. Remember to leave out cookies and milk for Snoop Dogg.
Sun Apr 19 17:33:21 PDT 2015 --  My friends are so beautiful
Sun Apr 19 13:25:11 PDT 2015 --  .. pic.twitter.com/kmHGMMPS6Y
Sun Apr 19 08:06:32 PDT 2015 --  i don't do forced conversations, either you want to talk to me or you don't.
Sat Apr 18 22:36:51 PDT 2015 --  All this reminds me of you
Sat Apr 18 19:21:49 PDT 2015 --  I'm done w/myself pic.twitter.com/qouPXoOMO8
Thu Apr 16 18:05:17 PDT 2015 --  iOS 8.3 got me looking for one emoji for 15 mins
Thu Apr 16 17:22:20 PDT 2015 --  Just be real with me
Thu Apr 16 15:52:35 PDT 2015 --  I don't think I'm ever going to get over this https://vine.co/v/ezO67ZUXYh0 
Wed Apr 15 22:06:51 PDT 2015 --  do u ever look at a boy and think "give it a few years and he's going to be gorgeous"
Wed Apr 15 16:41:25 PDT 2015 --  Free your mind from negativity.
Tue Apr 14 20:11:06 PDT 2015 --  RT for Riff Raff Fav for Kylie pic.twitter.com/MGbMK2QRSl
Sun Apr 12 10:10:05 PDT 2015 --  we are meant to outgrow people. we are meant to heal people. we are meant to spread love & understand that not everyone loves the same.
Sat Apr 11 23:41:08 PDT 2015 --  https://twitter.com/wicvh/status/586223113064484864 …
Sat Apr 11 23:22:38 PDT 2015 --  I can't do anything without thinking I'll get in trouble
Sat Apr 11 22:17:39 PDT 2015 --  " @LowLifeXO: you make me feel some type of way @theweeknd http://twitter.com/LowLifeXO/status/587122109043773440/photo/1pic.twitter.com/NObvusznCf "
Sat Apr 11 21:37:01 PDT 2015 --  All I asked you to do was stay.
Sat Apr 11 13:55:20 PDT 2015 --  I cannot deal with over dramatic people I can't do it
Sat Apr 11 14:12:14 PDT 2015 --  Why is Iggy famous??
Sat Apr 11 13:17:30 PDT 2015 --  Have a good day pic.twitter.com/sj352jEXzj
Tue May 20 08:50:11 PDT 2014 --  I was gonna take over the world this morning but I overslept. Postponed. Again.
Fri Apr 10 14:34:10 PDT 2015 --  I bet these memories follow you around
Fri Apr 10 11:50:58 PDT 2015 --  Now it's 3 in the morning & I'm trying to change your mind
Thu Apr 09 22:45:18 PDT 2015 --  That should be me
Thu Apr 09 17:40:40 PDT 2015 --  Well you only live once right???
Wed Apr 08 21:01:16 PDT 2015 --  This is too much
Wed Apr 08 20:39:13 PDT 2015 --  don't know what I did to deserve this
Mon Apr 06 23:50:09 PDT 2015 --  Why hurt someone whose only intention was to love you?
Tue Apr 07 21:11:06 PDT 2015 --  Idk just don't be a butthead & we won't have a problem
Tue Apr 07 17:01:08 PDT 2015 --  stop giving people power over you. stop letting others have the opportunity to know you before you know yourself.
Tue Apr 07 06:34:44 PDT 2015 --  "I don't really know what's going on with myself, ever"- Matty, The 1975
Mon Apr 06 18:27:53 PDT 2015 --  love adventurous people
Wed Apr 01 04:11:06 PDT 2015 --  current mood: sigh
Sun Apr 05 19:04:43 PDT 2015 --  puppy in an Easter basket parts 1,2,3&4 pic.twitter.com/OQDC4Jpibp
Sat Apr 04 23:17:24 PDT 2015 --  Love it when I don't have to force my dog to cuddle with me
Sat Apr 04 22:04:15 PDT 2015 --  Being called kitten is so heart eyes
Sat Apr 04 21:32:30 PDT 2015 --  Awkwarddd
Sat Apr 04 03:25:54 PDT 2015 --  #Capricorn's hate when other people set standards for them. They set their own standards and make ther own rules.
Thu Apr 02 22:22:13 PDT 2015 --  COME THRU
Thu Apr 02 21:43:34 PDT 2015 --  I wanna do it all over again
Sat Apr 06 03:36:19 PDT 2013 --  Flower child beautiful child I'm in your zone.
