Mon Aug 24 20:08:38 PDT 2015 --  even if we’re married for 25 years, I still want you to flirt with me
Thu Aug 27 12:54:40 PDT 2015 --  If I need to talk, are you around?
Thu Aug 27 20:14:40 PDT 2015 --  How to win my heart #OMW pic.twitter.com/uioORKdrG8
Thu Aug 27 19:10:25 PDT 2015 --  I'm always tired but never of you
Thu Aug 27 18:45:53 PDT 2015 --  Marvins room is still the fucking jam
Thu Aug 27 19:15:27 PDT 2015 --  So scary not knowing someone's true intentions w/ you
Thu Aug 27 19:23:25 PDT 2015 --  I'm actually glad my parents never spoiled me. You can easily tell who worked for what they have, and who got it handed to them..smfh
Wed Aug 26 20:39:31 PDT 2015 --  need a full body massage
Wed Aug 26 20:39:37 PDT 2015 --  You're crazy if you let anyone control your happiness
Wed Aug 26 21:07:10 PDT 2015 --  Overthinking is the biggest cause of our unhappiness. Keep yourself occupied. Keep your mind off things that don’t help you. Be optimistic.
Wed Aug 26 21:08:26 PDT 2015 --  if national dog day was every day until the end of time I would not complain
Wed Aug 26 21:16:32 PDT 2015 --  Embarrassed for you
Wed Aug 26 21:33:29 PDT 2015 --  Appreciate what you have.
Wed Aug 26 21:40:41 PDT 2015 --  I just wanna cuddle with my dog
Wed Aug 26 22:01:12 PDT 2015 --  I learned a lot of great lessons from a few fucked up people
Wed Aug 26 02:43:48 PDT 2015 --  A good women is her mans best friend.
Wed Aug 26 12:49:20 PDT 2015 --  #nationaldogday to the BEST children I've ever been able to call my own,… https://instagram.com/p/62-FDRP6zkomOzgnvnMy-31wjIZeQRvPEumpw0/ …
Wed Aug 26 12:28:27 PDT 2015 --  Mmmm chicken kiev and brown rice is my shiiiiiit
Wed Aug 26 10:57:56 PDT 2015 --  Hi my name is
Tue Aug 25 13:20:17 PDT 2015 --  I WANT pic.twitter.com/gKTbcL7tsP
Sat Aug 22 08:27:50 PDT 2015 --  Don't give up just because things are hard.
Mon Aug 24 22:28:57 PDT 2015 --  It's going to feel so good having a daily routine again
Mon Aug 24 19:51:44 PDT 2015 --  It's okay to put yourself first
Mon Aug 24 16:50:00 PDT 2015 --  Something's gotta change
Mon Aug 24 15:14:41 PDT 2015 --  I will admit if I'm walking past a mirror I have to look at that side view to see if the booty look good
Mon Aug 24 14:39:47 PDT 2015 --  rt if you're secretly Blair Waldorf
Sun Aug 09 19:36:35 PDT 2015 --  I only work out so I'm strong enough to hold every breed of dog like a baby.
Mon Aug 24 13:45:53 PDT 2015 --  Florida 3 weeks can't wait
Mon Aug 24 13:09:58 PDT 2015 --  @aastella96 @40oz_VAN i appreciate your down ass bitchness too girlfriend
Sun Aug 23 21:25:10 PDT 2015 --  the puppy dog eyes are real pic.twitter.com/RCD7oUiPAh
Sun Aug 23 21:43:31 PDT 2015 --  Matt LeBlanc, 1989 pic.twitter.com/t5LZW5sJAk
Sun Aug 09 19:39:08 PDT 2015 --  pic.twitter.com/M6oxhU6Ojn
Sat Aug 22 10:24:39 PDT 2015 --  Sorry Philly I forgot to text you after work @IlPrincipeXIV @Hunterr_Walsh
Sat Aug 22 10:16:49 PDT 2015 --  Mood : pic.twitter.com/SeihFxyOQZ
Sat Aug 22 10:23:12 PDT 2015 --  Can I lay by your side next to YOoooOooooooOoooou
Fri Aug 21 22:04:36 PDT 2015 --  I only call you when it's half past five / The only time that I'll be by your side.
Thu Aug 20 19:50:50 PDT 2015 --  forget those who forget you.
Fri Aug 21 09:50:02 PDT 2015 --  Wish we could turn back time, to the gooooood ole days
Fri Aug 21 17:45:01 PDT 2015 --  The more I try to not the more I do I can never win
Fri Aug 21 14:03:08 PDT 2015 --  Stop leaving me feeling dirty
Fri Aug 21 13:40:57 PDT 2015 --  " it's a song about girly parts "
Fri Aug 21 10:35:40 PDT 2015 --  these are my good people ‍‍‍ #FlashBackFriday @ Indiana Beach, Indiana https://instagram.com/p/6p2zt1P6z57wn3NMfyzAhofXnT23lAgRRIijE0/ …
Wed Aug 19 23:05:45 PDT 2015 --  your always worth it in the end
Wed Aug 19 22:40:52 PDT 2015 --  Aww thank you E but your better @E_El_Eye
Wed Aug 19 21:09:05 PDT 2015 --  @aastella96 ALEXIS you are the best girlfriend anyone can ask for hmm!
Wed Aug 19 21:10:43 PDT 2015 --  @aastella96 I love everything from your hair to your booty
Wed Aug 19 19:27:31 PDT 2015 --  When you finally see bae again pic.twitter.com/Xcdpj2ZVLV
Tue Aug 18 22:24:39 PDT 2015 --  I lost my way but I think I've got it.
Wed Aug 19 09:30:16 PDT 2015 --  Everybody has a four loko story
Wed Aug 19 00:09:18 PDT 2015 --  "Pit Bulls are viscous" ' pic.twitter.com/zSJUn1yeV2
Tue Aug 18 08:20:15 PDT 2015 --  I only have two emotions 1. i need to get drunk 2. I’m too drunk for this shit
Wed Aug 19 12:58:42 PDT 2015 --  Looking happy makes everyone 100x better looking
Wed Aug 19 13:14:16 PDT 2015 --  This day just keeps getting better n better
Wed Aug 19 11:45:54 PDT 2015 --  just Wow your hot
Wed Aug 19 10:21:28 PDT 2015 --  It feels like fall
Fri Jul 31 14:50:27 PDT 2015 --  I just want good vibes with you
Sat Apr 11 20:34:30 PDT 2015 --  When a guy looks at you like this http://twitter.com/femaIes/status/584884250111041538/photo/1pic.twitter.com/DCVBaO6tgu 
Wed Aug 19 09:33:58 PDT 2015 --  When bae doesn't reply and you're there like pic.twitter.com/nmDe5omoWJ
Wed Aug 05 23:44:23 PDT 2015 --  You don't realize it until you're laying with the man you're in love with thinking damn I can spend the rest of my life with you
Mon Aug 17 20:43:12 PDT 2015 --  Just know I mean well
Tue Aug 18 09:13:27 PDT 2015 --  i wanna have a friend group of hot girl friends who party & when Promiscuous Girl by Nelly Furtado comes on their first instinct is to dance
Tue Aug 18 10:54:39 PDT 2015 --  I still got it for ya
Tue Aug 18 13:56:52 PDT 2015 --  what you want is not always what you need. sort that shit out fr
Tue Aug 18 11:46:07 PDT 2015 --  How all girls should make friends 🏼🏼. pic.twitter.com/bqwggEM9sU
Tue Aug 18 14:20:53 PDT 2015 --  will roses by @TheChainsmokers ever get old? i dont think so
Tue Aug 18 15:00:13 PDT 2015 --  And I BELIEVE IN YOU! pic.twitter.com/xy4pgxpTJx
Tue Aug 18 15:21:54 PDT 2015 --  Idk what I wanna do and it's eating me alive
Sun Aug 02 09:51:46 PDT 2015 --  I want to be the one who adds a little magic to your day.
Sun Aug 16 10:09:07 PDT 2015 --  Last night be like pic.twitter.com/7qmACfR6eq
Sun Aug 16 19:25:35 PDT 2015 --  starting to believe that I'm way 2 much for u..
Mon Aug 10 20:25:36 PDT 2015 --  DUDE THIS WAS MY SHIT pic.twitter.com/jaE77aZdbq
Mon Aug 17 15:21:44 PDT 2015 --  All I wanna do when I'm sad is eat and drink
Sun Aug 16 20:37:34 PDT 2015 --  To good for you to leave
Sun Aug 16 15:25:00 PDT 2015 --  Aunt Kim's on a Sunday what else is new? @ Aunt Kims https://instagram.com/p/6df8ZHv61YWXWPCMLf-Oq1DJ0igKBL6UTWL0k0/ …
Sat Aug 15 21:07:39 PDT 2015 --  Pug overload! pic.twitter.com/ZQukvyotnm
Sat Aug 15 13:00:19 PDT 2015 --  "describe your crush" pic.twitter.com/6FGVtbz2Gq
Sat Aug 15 10:36:55 PDT 2015 --  " I was so afraid of you when I first started working here" - every girl at work
Sat Aug 15 10:30:01 PDT 2015 --  Definite night to black with my favorite geels
Fri Aug 14 19:20:52 PDT 2015 --  when ur being a brat but he still loves u pic.twitter.com/Leg1C8QnPn
Thu Aug 13 19:20:02 PDT 2015 --  north people be proud U get to represent the best damn school. #eastforever
Fri Aug 14 08:18:27 PDT 2015 --  Mani & Pedi with pearl happy Friday
Tue Aug 11 23:06:26 PDT 2015 --  so much more to the world than shitty boys& shitty friends
Thu Aug 13 10:18:01 PDT 2015 --  You give me such a bad taste in my mouth
Wed Aug 12 12:34:15 PDT 2015 --  sometimes u just gotta have this mindset https://vine.co/v/eKxMplbiXlv 
Wed Aug 12 23:24:59 PDT 2015 --  "Close your eyes and imagine the best version of you possible. That’s who you really are, let go of any part of you that doesn’t believe it"
Mon Aug 03 17:18:22 PDT 2015 --  Do it for the people who want to see you fail.
Wed Aug 12 19:17:10 PDT 2015 --  @aastella96 @WorldStarFunny lmao that is the cutest home video of you ! #Water
Wed Aug 12 18:04:07 PDT 2015 --  learn to be on your own🏽🏼
Wed Aug 12 19:00:21 PDT 2015 --  Big ass tee shirt and no pants , is the way to go
Sun Aug 02 17:51:50 PDT 2015 --  When in doubt, hair flip, bitch face & walk it out
Wed Aug 12 11:25:37 PDT 2015 --  Can't wait for this bio final to be over tomorrow
Sun Aug 09 13:40:53 PDT 2015 --  one day you think you don't care anymore, but then the next you realize you do – and it cycles round and round
Tue Aug 11 17:23:07 PDT 2015 --  I wannna go hiking and camping
Tue Aug 11 05:52:40 PDT 2015 --  I can't lie your on my mind stuck inside my head I wanna feel your heart beat for me instead
Mon Aug 10 20:47:01 PDT 2015 --  @E_El_Eye @WORIDSTARHIPHOP
Mon Aug 10 20:32:38 PDT 2015 --  @WORIDSTARHIPHOP @aastella96
Sun Aug 02 18:29:36 PDT 2015 --  if someone doesn't go out of their way to see you, make you happy, make you smile, etc. THEY ARE NOT THE ONE FOR YOU!!!!!!!!!!!!!!!!
Mon Aug 10 13:45:29 PDT 2015 --  I love that it takes me approximately 4 minutes to work
Mon Aug 10 12:50:45 PDT 2015 --  Just some #Geels @ lit https://instagram.com/p/6NxgiEv60qrFDbXGItAwMJzx6VxJX1LDAa1tQ0/ …
Sat Aug 08 18:17:56 PDT 2015 --  @aastella96 this ones better!!!hahaha love you lex
Sat Aug 08 18:09:16 PDT 2015 --  Happy birthday shanballs @Shannnonjordan pic.twitter.com/ewUGRekEvb
Sat Aug 08 10:53:56 PDT 2015 --  https://twitter.com/commonwhitegiri/status/629700863796334596 …
Sat Aug 08 10:52:35 PDT 2015 --  I can't wait to get married 🏾
Fri Aug 07 20:59:51 PDT 2015 --  I lock my keys in my car at least once a month and i just didn't it again fml
Fri Aug 07 19:36:38 PDT 2015 --  When you win cheese fries and wings from work >>>>
Fri Aug 07 12:22:41 PDT 2015 --  I can't wait to travel the world with the love of my life when I get older
Fri Aug 07 12:36:13 PDT 2015 --  If you want it baby I got it
Fri Aug 07 13:01:14 PDT 2015 --  Impress yourself it feels alot better
Fri Aug 07 10:43:00 PDT 2015 --  Don't waste your time being so fucking ungrateful when you have no idea how much worse your life can be.
Thu Aug 06 23:49:43 PDT 2015 --  Seriously hoping I get some sleep in the next week
Thu Aug 06 23:30:26 PDT 2015 --  me*@lxandra_Slater
Thu Aug 06 23:30:12 PDT 2015 --  I do e 🏽 @lxandra_Slater
Thu Aug 06 23:24:50 PDT 2015 --  Perfect driving w/ the windows down weather
Thu Aug 06 23:28:15 PDT 2015 --  Oh my. my bed rn
Thu Aug 06 15:43:39 PDT 2015 --  I find it so funny when someone's cocky & always has some shit to say on Twitter but in person they're so soft spoken and "sweet".. 🏼
Thu Aug 06 16:18:36 PDT 2015 --  Low key wish MySpace was still a thing
Thu Aug 06 15:15:24 PDT 2015 --  Bc your Twitter whore @Hunterr_Walsh @lxandra_Slater @Shannnonjordan @b_slaterr @_jbread_
Thu Aug 06 13:48:37 PDT 2015 --  Hahaha I know I was curious @lxandra_Slater @Hunterr_Walsh
Thu Aug 06 13:19:50 PDT 2015 --  I could live off of Panera Bread
Thu Aug 06 12:18:20 PDT 2015 --  I miss cheerleading so much
Thu Aug 06 13:44:42 PDT 2015 --  My Top 5 Followers: @Hunterr_Walsh, @lxandra_Slater, @McP_nut32, @E_El_Eye, @Shannnonjordan. Find Yours Free at http://Top5Followers.com 
Wed Aug 05 13:38:50 PDT 2015 --  @Shannnonjordan @Hunterr_Walsh
Tue Aug 04 22:36:31 PDT 2015 --  at least my birthday is saturday :))
Wed Aug 05 13:34:12 PDT 2015 --  Just have to believe in myself
Wed Aug 05 13:35:04 PDT 2015 --  I wish I could give you everything you'll ever need
Wed Aug 05 11:55:06 PDT 2015 --  Good mood good vibes
Tue Aug 04 15:58:18 PDT 2015 --  Glad your thinking of me on vacamiss you xoxo gossip geel @lxandra_Slater
Mon Aug 03 10:37:56 PDT 2015 --  Lolla day 3 #wejustcouldnthang @ Lollapalooza https://instagram.com/p/57gwjtv662fx-Yd-neLo18spRcDQDVpgZkSlY0/ …
Sun Aug 02 20:55:34 PDT 2015 --  I try e @E_El_Eye
Sun Aug 02 20:40:45 PDT 2015 --  Your the best @aastella96
Sun Aug 02 08:00:17 PDT 2015 --  Day 2🏽 @ Lollapalooza https://instagram.com/p/54p7AkP63wHFyBtGyoxNZsoutyxjAElDNQQis0/ …
Sun Aug 02 07:57:00 PDT 2015 --  Text me I'm selling mine @hail3y_smith
Sun Aug 02 07:25:37 PDT 2015 --  I am yours
Fri Jul 31 20:12:19 PDT 2015 --  Day one with you @ Lollapalooza https://instagram.com/p/500G3uP6xpKSnlqaiARetf9sRVqIcI214KLMo0/ …
Thu Jul 30 11:23:54 PDT 2015 --  i don't even got time to argue nowadays
Wed Jul 29 16:26:29 PDT 2015 --  im the type to use "lol" after every sentence when im mad
Wed Jul 29 19:42:46 PDT 2015 --  I'm the most dramatic person I know hahahahahah
Wed Jul 29 18:40:20 PDT 2015 --  I swear were related @ Maggiano's Little Italy Oak Brook https://instagram.com/p/5vf_UJv66kt8MG7ZGXbTZtEcNyPAyxGtZ0TeE0/ …
Tue Jul 28 23:19:30 PDT 2015 --  Rip it off just like a band-aid
Wed Jul 29 15:38:34 PDT 2015 --  Change the weather still together when it ends
Wed Jul 29 08:00:19 PDT 2015 --  I'm overwhelmed
Tue Jul 28 20:45:02 PDT 2015 --  Negativity will kill me.
Mon Jul 27 13:10:06 PDT 2015 --  all I can think about is Lolla and it's only Monday
Tue Jul 28 11:26:52 PDT 2015 --  Aloha is back
Mon Jul 27 17:18:50 PDT 2015 --  Full uh happiness
Mon Jul 27 12:10:50 PDT 2015 --  Sucks when people change for the worst
Sun Jul 26 22:57:38 PDT 2015 --  #teamnosleep
Sun Jul 26 18:46:06 PDT 2015 --  Just wanna do bad shit with ya & to ya
Sat Jul 25 12:15:00 PDT 2015 --  #oomf pic.twitter.com/iQeGGiYyUM
Sat Jul 25 17:12:44 PDT 2015 --  Have you seen me? I'm doing so good
Sun Jul 26 14:03:05 PDT 2015 --  Bettering myself so I can be better to those around me
Sun Jul 26 12:25:01 PDT 2015 --  Eli's losing his Hamada virginity as we speak @E_El_Eye
Sun Jul 26 12:19:05 PDT 2015 --  Meeting one person can change your whole day Everyone's got something to teach ya, I love it
Sun Jul 26 00:50:05 PDT 2015 --  Butter fingers since '96 pic.twitter.com/WJiomPrWT7
Sat Jul 25 21:31:39 PDT 2015 --  My bestfriend and I ‍‍‍ https://instagram.com/p/5lganqv67m/ 
Fri Jul 24 22:08:38 PDT 2015 --  FAIL
Fri Jul 24 12:55:31 PDT 2015 --  Me and pearl just had a fashion show and there's clothes all over my room
Fri Jul 24 11:45:20 PDT 2015 --  My mom has more plans on the weekend than me
Fri Jul 24 11:41:45 PDT 2015 --  I love derota sm
Fri Jul 24 07:13:34 PDT 2015 --  I just sneezed 9 times in a row so that's how my mornings going
Wed Jul 22 22:36:01 PDT 2015 --  Only the people that played the old Tony Hawk games will understand this https://vine.co/v/OYlbz7tIAFv 
Wed Jul 22 20:37:02 PDT 2015 --  oh my channing tatum pic.twitter.com/nAZHa5BGuc
Thu Jul 23 19:29:20 PDT 2015 --  Who is this freak??? pic.twitter.com/QQcywrrEQz
Sun Jun 14 16:00:47 PDT 2015 --  Chuck & Blair are the best http://vine.co/v/eZgxXPgg21W 
Wed Jun 10 18:52:56 PDT 2015 --  He will get adopted in no time pic.twitter.com/wNdTIvIyzR
Sat Jun 13 18:59:00 PDT 2015 --  I'll see you tomorrow love @lxandra_Slater
Fri Jun 12 20:38:34 PDT 2015 --  It's the little things that matter most
Sun Oct 19 18:35:03 PDT 2014 --  How to keep a girl happy: 1) Grab her butt 2) Buy her food 3) Cuddle with her 4) Repeat
Fri Jun 12 11:35:03 PDT 2015 --  My mini me and I take on Indiana beach ft hunters hat 🏽🏽 @ Indiana Beach https://instagram.com/p/31t9bhP678/ 
Thu Jun 11 14:31:00 PDT 2015 --  Love leaving knowing my room and car are spotless
Thu Jun 11 12:30:59 PDT 2015 --  praying for good health for Ike 🏼
Mon Oct 13 18:50:53 PDT 2014 --  Do u ever get really tempted to take peoples offers on twitter? Like ive only talked to u once in my life but ya sure lets get breakfast lol
Thu Jun 11 09:33:34 PDT 2015 --  You can find me like this most of summer https://instagram.com/p/3y7QufP6xY/ 
Thu Jun 11 07:14:57 PDT 2015 --  Rise and grind
Wed Jun 10 20:20:18 PDT 2015 --  Laying on your bed naked after a long shower >>>>>>>
Wed Jun 10 13:33:05 PDT 2015 --  True love never gets old pic.twitter.com/C8pSNi3zHk
Wed Jun 10 11:42:01 PDT 2015 --  Fuck Lagrange rn I'm just tryna jump in moeys pool
Tue Jun 09 17:45:25 PDT 2015 --  the beach is fun till you realize your not in high school anymore and you need to get your life together
Tue Jun 09 19:27:35 PDT 2015 --  I still stayyyyy cuz ur the onlyyy thing I know
Tue Jun 09 13:59:58 PDT 2015 --  Work rn is such a buzz killll
Tue Jun 09 11:28:08 PDT 2015 --  Something came up this morning @Shannnonjordan
Tue Jun 09 11:06:05 PDT 2015 --  I need an aci kale berry boost smoothie from topical now
Tue Jun 09 09:39:29 PDT 2015 --  Highkey wanting you rn
Sat Jun 06 09:36:55 PDT 2015 --  My mom can predict which of my friends are fake/real better than I can
Mon Jun 08 12:46:56 PDT 2015 --  Nature is so beautiful pic.twitter.com/wlSxyCTfJ1
Mon Jun 08 12:20:25 PDT 2015 --  So thankful all these ladies and gent for making my world go round and round and always keeping me… https://instagram.com/p/3rf-GZP6xt/ 
Mon Jun 08 11:16:16 PDT 2015 --  Want to go get a new piercing but dont want to go alone
Mon Jun 08 11:12:42 PDT 2015 --  Kirsites coming to save my life!🏼🏼
Mon Jun 08 09:54:00 PDT 2015 --  It's fucking hot out
Sun Jun 07 16:00:12 PDT 2015 --  I want pic.twitter.com/SE505Wjv8o
Sun Jun 07 20:56:00 PDT 2015 --  Love geels night pic.twitter.com/8wWcofSObb
Sun Jun 07 20:38:19 PDT 2015 --  Literally dreading summer school like no other
Sun Jun 07 17:21:31 PDT 2015 --  I love hate how mokena and frankfort are so small and everyone knows everyone and anyone
Sun Jun 07 14:10:16 PDT 2015 --  I smell sex and candy
Thu Jun 17 16:23:43 PDT 2010 --  I hate when someone calls you "boo" like WTF are u trying to scare me...BOO!!! Its not Halloween!
Sat Jun 06 20:41:25 PDT 2015 --  Relationship goals pic.twitter.com/oPgMIBAIvH
Sat Jun 06 09:59:23 PDT 2015 --  So in love with my hair thanks to @pearlfection10 aka mom https://instagram.com/p/3mDoc9v6_t/ 
Sat Jun 06 08:55:59 PDT 2015 --  Swimming and day drinking before work 🏼
Fri Jun 05 17:47:03 PDT 2015 --  I want them all pic.twitter.com/Nx49G5HUiV
Fri Jun 05 22:45:41 PDT 2015 --  This guy at Stoney cAlled Eli LEO
Fri Jun 05 12:28:23 PDT 2015 --  funny how fast feelings can change
Fri Jun 05 20:55:57 PDT 2015 --  Nah nah honey I'm good I could have another but I probably should not
Wed May 13 12:52:43 PDT 2015 --  Cuddling with bae be like. pic.twitter.com/N6kIMh0OKQ
Thu Jun 04 23:41:42 PDT 2015 --  Weird how things turned out
Sun May 31 12:25:41 PDT 2015 --  When you're acting crazy but bae still loves you pic.twitter.com/GKq0PUzJfM
Thu Jun 04 08:23:55 PDT 2015 --  Congratulations Joey!!I'm so excited to see what you accomplish in your future endeavors. I love u @lxandra_Slater pic.twitter.com/2Oym6nH77V
Thu Jun 04 18:32:04 PDT 2015 --  Crazy about you
Thu Jun 04 17:34:42 PDT 2015 --  Had so much fun at the beach with all my frends
Thu Jun 04 13:15:22 PDT 2015 --  Typical drink girls at the beach https://instagram.com/p/3hSviiP6yd/ 
Thu Jun 04 12:40:48 PDT 2015 --  your the best @ North Avenue Beach https://instagram.com/p/3hPGYMP67a/ 
Thu Jun 04 12:16:11 PDT 2015 --  thursday's has become traditional beach days @ North Avenue Beach https://instagram.com/p/3hMTmKP61M/ 
Wed Jun 03 23:22:39 PDT 2015 --  Today was such an eye opener to so many things
Wed Jun 03 15:30:07 PDT 2015 --  You are the definition of hypocrite at its finest
Wed Jun 03 13:36:34 PDT 2015 --  i think about you constantly
Wed Jun 03 13:44:29 PDT 2015 --  Literally bai don't talk to me
Tue Jun 02 21:28:07 PDT 2015 --  When bae realizes youre crazy but its too late for him to back out now @AlyciaTyre pic.twitter.com/ZNfpnYlKn4
Tue Jun 02 20:32:01 PDT 2015 --  If people are making a tweet about someone and making it very obvious it's about them I don't get why they don't just tag them
Tue Jun 02 19:00:41 PDT 2015 --  To many glitches
Tue Jun 02 18:56:21 PDT 2015 --  I need to go on a run 🏾🏾
Tue Jun 02 18:56:43 PDT 2015 --  slowly breaking
Mon Jun 01 05:47:40 PDT 2015 --  Sucks when people arent who u thought they were
Mon Jun 01 11:44:49 PDT 2015 --  I wanna be driven crazy for eternity
Mon Jun 01 09:44:00 PDT 2015 --  Waking up late ruins my whole day
Sun May 31 09:25:11 PDT 2015 --  Love this pic.twitter.com/xDSO5kPSBD
Sun May 31 17:31:01 PDT 2015 --  My mom just asked if she can go the beach with me and friends on Thursday
Sat May 30 14:47:32 PDT 2015 --  You create your own happiness
Sun May 31 16:52:54 PDT 2015 --  Sunday's are meant for sitting around doing nothing
Sun May 31 14:15:07 PDT 2015 --  Very blessed.
Sun May 31 14:22:54 PDT 2015 --  Happy birthday mal @mallemyers
Sun May 31 14:22:14 PDT 2015 --  Hey E @E_El_Eye
Sun May 31 11:33:29 PDT 2015 --  Down for the get down pic.twitter.com/ichoLX9Jw7
Sun May 31 00:04:03 PDT 2015 --  this all feels so real
Fri May 29 21:10:23 PDT 2015 --  It's kind of sad how people are so cliquey and selective with who they hangout with nowadays.
Sat May 30 21:38:35 PDT 2015 --  nothing's more attractive than a guy who makes it clear that he only wants you
Sat May 30 12:00:27 PDT 2015 --  Accurate pic.twitter.com/BQPKs8yH7J
Fri May 29 23:18:19 PDT 2015 --  The struggle wearing a romper at a party and having to pee
Fri May 29 14:26:43 PDT 2015 --  you'll wish you did me different one day
Fri May 29 13:57:58 PDT 2015 --  Venting never felt so good >
Fri May 29 13:41:24 PDT 2015 --  Love not having to rush to go to work for once 🏽
Fri May 29 10:28:51 PDT 2015 --  I love that my boyfriends ones of my bestfriends
Fri May 29 08:39:43 PDT 2015 --  And there's nothing I hate more than bitchy girls
Mon May 25 20:19:56 PDT 2015 --  I wish I could see us from your point of view
Fri May 29 05:52:34 PDT 2015 --  find what makes you happy, and let it kill you
Fri May 29 09:39:27 PDT 2015 --  This is too cute pic.twitter.com/d85uNoCJc8
Fri May 29 08:28:24 PDT 2015 --  The best coworkers a girl can for https://instagram.com/p/3RVeCBv6_9/ 
Thu May 28 22:59:22 PDT 2015 --  Yes I'm watching high school musical rn
Thu May 28 13:27:11 PDT 2015 --  If you're a bitch that's cool but own up to it
Thu May 28 15:53:27 PDT 2015 --  It's always better when we're together
Thu May 28 14:26:15 PDT 2015 --  I love my alcoholic bestfriend https://instagram.com/p/3PZoKNP6wa/ 
Thu May 28 13:01:45 PDT 2015 --  Tell the truth, be a good friend and overuse I love you https://instagram.com/p/3PP9Rnv6-S/ 
Thu May 28 10:27:52 PDT 2015 --  You'll see it'll be you and me alWWaaaaays
Wed May 27 22:30:36 PDT 2015 --  You and I , we're made of glass we'd never last.
Wed May 27 15:00:50 PDT 2015 --  coulda been u
Thu Mar 12 08:26:58 PDT 2015 --  Mint dress pic.twitter.com/0hIwy8peOT
