Sat Aug 29 06:07:51 PDT 2015 --  SHE WAS BEING SERIOUS ABOUT HER DRAWING AND HE LAUGHED AT IT IM CRYING pic.twitter.com/szQDguL2M2
Sat Aug 29 09:09:04 PDT 2015 --  I hate losing stuff
Fri Aug 28 13:59:35 PDT 2015 --  happy birthday!! miss you @Skateboardd_P
Tue Aug 25 00:50:40 PDT 2015 --  Boys who rub girls backs and plays with their hair always stay winning
Fri Aug 28 04:26:42 PDT 2015 --  there's a 1/10 chance dunkin will get your order right
Tue Aug 25 23:41:33 PDT 2015 --  I've been looking for this video for so long #FutureHive "Sensational" pic.twitter.com/yZeaef4OTw
Thu Aug 27 16:05:51 PDT 2015 --  too excited for AHS hotel
Thu Aug 27 15:21:51 PDT 2015 --  When the pizza man is at the door https://vine.co/v/heW7uxEmgX1 
Thu Aug 27 14:33:09 PDT 2015 --  I'm ready for haunted houses and hayrides
Thu Aug 27 14:53:52 PDT 2015 --  not even 1 week into school and I'm already behind
Wed Aug 26 17:53:54 PDT 2015 --  STILL FUNNY pic.twitter.com/PMArv0zZWH
Wed Aug 26 16:45:00 PDT 2015 --  i have an unhealthy obsession with chick fil a
Wed Aug 26 16:09:54 PDT 2015 --  my back hurts so bad
Wed Aug 26 16:07:01 PDT 2015 --  people are so annoying
Wed Aug 26 16:03:33 PDT 2015 --  people say it's national dog day like every month
Mon May 11 05:52:21 PDT 2015 --  EVERYONE KNOWS THAT IF YOU SEND THE LAST TEXT AT NIGHT, THE OTHER PERSON IS SUPPOSE TO START THE CONVO THE NEXT DAY. THATS HOW IT WORKS.GAWD
Fri Jun 26 22:30:05 PDT 2015 --  My gf dont know this but everytime we fuck I put 1$ in a jar & that's how much Imma spend on her for her bday. So far she gettin a mcchicken
Sat Aug 22 23:18:12 PDT 2015 --  Nooo dude got curved AND brother zoned on the timeline pic.twitter.com/tYaluTnJwE
Tue Aug 25 18:21:41 PDT 2015 --  ap calc will be the cause of my death
Mon Aug 24 18:38:43 PDT 2015 --  happy birthday! @sophvivolo
Mon Aug 24 09:38:10 PDT 2015 --  Never underestimate the intelligence of animals pic.twitter.com/xh4PXisd3V
Sun Aug 23 20:38:16 PDT 2015 --  All I wanna do is spend my senior year with the people that matter to me. Fuck everyone else
Sun Aug 23 19:06:15 PDT 2015 --  Bipoland https://vine.co/v/O9z7A7OJ2Mp 
Sun Aug 16 09:10:58 PDT 2015 --  That escalated quickly pic.twitter.com/fB8f86AwJ1
Sun Aug 23 00:46:14 PDT 2015 --  If FaceTime had 3 way https://vine.co/v/ep1jrjBLL3T 
Sun Aug 23 07:29:54 PDT 2015 --  Summer really flew by..
Sat Aug 22 22:30:15 PDT 2015 --  Happy birthday!! @llihaCkcaJ
Sat Aug 22 21:33:34 PDT 2015 --  know the difference between missing someone and missing the memories made with them
Sat Aug 22 21:37:00 PDT 2015 --  bored outta my mind
Sat Aug 22 13:20:04 PDT 2015 --  Just a year ago, things were so different.
Sat Aug 22 16:35:21 PDT 2015 --  Sometimes people are just what you want& not what you need
Sat Aug 22 14:38:53 PDT 2015 --  I don't like anything but music.
Sat Aug 22 14:24:47 PDT 2015 --  everything is pissing me off today i could literally just cry
Mon Aug 17 10:55:30 PDT 2015 --  All good things take time
Wed Aug 19 20:00:28 PDT 2015 --  If it makes you happy then do it, who really cares
Thu Aug 06 20:00:28 PDT 2015 --  Chris Christie looks exactly like Hannah Montana's mean neighbor hahaha pic.twitter.com/PeAT0kKcOR
Thu Aug 06 19:53:39 PDT 2015 --  so bored
Thu Aug 06 19:06:28 PDT 2015 --  i could eat pancakes any time of day
Thu Aug 06 17:56:47 PDT 2015 --  Crazy how u can be so down for someone at one point and how quickly they can turn Into a stranger all over again
Thu Aug 06 12:47:17 PDT 2015 --  THIS NIGGA LIT HIS FEET ON FIRE pic.twitter.com/GxL7atBgTb
Thu Aug 06 13:09:40 PDT 2015 --  LMAO SAVAGE pic.twitter.com/AqVk2YKhOq
Thu Aug 06 11:01:47 PDT 2015 --  some friendships are forever pic.twitter.com/JTcXJznrXB
Wed Aug 05 20:00:10 PDT 2015 --  this is so creepy I love it omg https://amp.twimg.com/v/1fded2ad-5d92-4aa9-8c5d-62f804286aa6 …
Wed Aug 05 21:27:32 PDT 2015 --  I hate doing something 24/7 I like to chilll & eat & watch tv
Thu Jul 30 16:09:06 PDT 2015 --  God damn it @pitbull pic.twitter.com/kNus7A6bZa
Wed Aug 05 20:28:12 PDT 2015 --  Wish you were here
Wed Aug 05 11:28:56 PDT 2015 --  You guys are still focused on Meek Mill and Drake but Iggy is still over here being terrible pic.twitter.com/LeiGz0hpeM
Sun Aug 02 18:29:00 PDT 2015 --  THIS IS SAVAGE http://twitter.com/30SecPrankVids/status/627310989793492992/video/1 …
Fri Apr 17 18:07:50 PDT 2015 --  WHEN YOU ACCIDENTALLY POP A MOLLY INSTEAD OF AN ADDERALL https://vine.co/v/hUnmhWhltDX 
Tue Aug 04 13:56:40 PDT 2015 --  Maybe I won a free pizza http://vine.co/v/ObEFEU3g2ba 
Mon Aug 03 14:15:17 PDT 2015 --  pic.twitter.com/tVnu7Tbi5Q
Sat Aug 01 14:18:15 PDT 2015 --  boutta take the L on summer reading
Fri Jul 31 16:29:02 PDT 2015 --  *accidentally fucks up everything*
Fri Jul 31 13:06:04 PDT 2015 --  I swear nobody ever calls me by my real name anymore
Thu Jul 30 23:12:25 PDT 2015 --  my sleep schedule <
Thu Jul 30 19:09:18 PDT 2015 --  I would love to have some pancakes
Wed Jul 29 19:35:30 PDT 2015 --  happy birthday!! @Sam_Crosleyy
Wed Jul 29 17:23:12 PDT 2015 --  I really don't have time for fake ass people. See yourself out the door, please
Tue Jul 28 19:44:04 PDT 2015 --  i suck at texting unless I really really like you
Tue Jul 28 09:07:30 PDT 2015 --  I'm so excited for fall festivities
Sun Jul 26 10:39:57 PDT 2015 --  So I found a frog and I liked him and then he attacked me pic.twitter.com/p7stk0ELFU
Sun Jul 12 20:42:09 PDT 2015 --  i'll be alright with or with out ya
Sat Jul 25 12:30:14 PDT 2015 --  ELMO LIT pic.twitter.com/24EGNbDXpa
Sun Jul 26 10:04:00 PDT 2015 --  White people problems pic.twitter.com/FFJmQzieqR
Thu Jul 23 19:52:36 PDT 2015 --  I didn't know they could do that pic.twitter.com/rTugcDdTyH
Fri Jul 24 16:52:06 PDT 2015 --  this will never get old pic.twitter.com/Frx2pMihtZ
Tue Jul 21 23:04:59 PDT 2015 --  So fucking down for you
Fri Jul 24 09:49:11 PDT 2015 --  When my mom tells me to do something https://vine.co/v/e6EeWKubJZu 
Thu Jul 23 21:55:01 PDT 2015 --  I overthink every single situation, problem, or daily events. Idk if people analyze as much as I do, and its scary
Thu Jul 23 22:33:56 PDT 2015 --  I been trying for too damn long I just gotta give up
Thu Jul 23 20:22:25 PDT 2015 --  my patience is like non existent anymore... & it's annoying
Thu Jul 23 20:21:12 PDT 2015 --  HE REAL AS FUCK LMAO pic.twitter.com/4xpkiNhvcB
Thu Jul 23 17:31:19 PDT 2015 --  Actually I'm full of emotions, I just don't have the energy to express them.
Thu Jul 23 10:22:45 PDT 2015 --  What is this man? pic.twitter.com/aKNk07pNru
Wed Jul 22 21:22:49 PDT 2015 --  pic.twitter.com/PhuJ3ZyiwL
Wed Jul 22 17:26:09 PDT 2015 --  Less than 3 months until #AHSHotel pic.twitter.com/xIDyWQa9XM
Wed Jul 22 17:46:51 PDT 2015 --  I hate waiting
Fri Jul 17 10:32:57 PDT 2015 --  missin uuuuuu ):
Sat Apr 18 15:24:02 PDT 2015 --  u cute but u a fuckboy
Wed Jul 22 10:13:09 PDT 2015 --  Guys... @MeekMill is right...I haven't written my own rap in years...I'm sorry
Thu Jun 18 21:41:15 PDT 2015 --  LITTLE NIGGA REAL AS FUCK pic.twitter.com/pI6bJpoapc
Tue Jul 21 22:29:02 PDT 2015 --  Over thinking is just a painful reminder that you care entirely too much, even when you shouldn't.
Tue Jul 21 20:38:47 PDT 2015 --  damnit.... let my self get caught up in my own thoughts yet again
Sun Feb 22 20:31:26 PST 2015 --  This shit killing me pic.twitter.com/zIfu5aPp9C
Mon Jul 20 20:30:37 PDT 2015 --  When you get ignored in the group chat http://vine.co/v/hiXBjX6xrqx 
Mon Jul 20 21:01:37 PDT 2015 --  "BA-NA-NA!" https://vine.co/v/e6mn0lFzAtx 
Mon Jul 20 20:33:55 PDT 2015 --  Open your eyes I'm crazy for you
Mon Jul 20 19:51:40 PDT 2015 --  Oh my god http://twitter.com/FreddyAmazin/status/623220677630234624/video/1 …
Thu Jul 16 11:48:13 PDT 2015 --  Nicki and Meek be like. pic.twitter.com/6kkzmun7Az
Mon Jul 20 19:47:47 PDT 2015 --  #GrowingUpWithSiblings Going through their stuff and hearing them coming up the stairs http://twitter.com/FreddyAmazin/status/623307251550294016/photo/1pic.twitter.com/mnbMvfq2iZ 
Sun Jul 19 11:24:38 PDT 2015 --  That's not a wobbly sausage pic.twitter.com/Kb2COztAz4
Sat Jul 18 20:40:11 PDT 2015 --  I so agree with this pic.twitter.com/ooGOxIAFgJ
Sat Jul 18 12:08:05 PDT 2015 --  IM DYING pic.twitter.com/e8EtvCL0to
Fri Jul 17 08:25:27 PDT 2015 --  CRYING pic.twitter.com/Pd6IW2OsMZ
Thu Jul 16 18:01:02 PDT 2015 --  Trampoline off a cliff? I'm in. https://vine.co/v/OFWVzia0IMU 
Wed Jul 15 16:10:45 PDT 2015 --  my cheeks are so sunburnt
Wed Jul 15 01:15:40 PDT 2015 --  i wish i could go back in time...
Tue Jul 14 23:04:08 PDT 2015 --  #GrowingUpUgly damn I'm still ugly
Tue Jul 14 22:44:51 PDT 2015 --  Literally crying right now pic.twitter.com/XUbSTMXOs9
Tue Jul 14 22:46:15 PDT 2015 --  im always hungry
Tue Jul 14 22:21:39 PDT 2015 --  so bored
Tue Jul 14 12:16:06 PDT 2015 --  #TodaysKidsWillNeverKnow about the most jumpinn place to go to when we were kids, Kahunaville. pic.twitter.com/obBqMxSzwO
Tue Jul 14 20:59:58 PDT 2015 --  desperate need of a back massage
Mon Jul 13 08:30:21 PDT 2015 --  "Can I get my change? My 85 cents..." pic.twitter.com/f5WGHUSr93
Tue Jul 14 16:36:48 PDT 2015 --  #TodaysKidsWillNeverKnow the struggle of abc texting, hitting a key 3 times just to get 1 letter pic.twitter.com/K3XUYStm0e
Tue Jul 14 20:12:50 PDT 2015 --  OHMYGOD http://twitter.com/girlposts/status/621107001683275778/photo/1pic.twitter.com/7rW92N0IYe 
Tue Jul 14 19:37:19 PDT 2015 --  WOW very pissed
Tue Jul 14 19:47:06 PDT 2015 --  Tired of never being anyone's first choice.
Thu Jul 09 11:48:08 PDT 2015 --  I swear a girls mood changes literally every 10 seconds
Tue Jul 14 18:23:27 PDT 2015 --  You can't really trust anyone these days
Mon Jul 13 18:32:35 PDT 2015 --  ITS FUCKING LIT pic.twitter.com/V0kt608H2z
Mon Jul 13 10:00:31 PDT 2015 --  So many people make me question their intentions
Sun Jul 12 18:30:28 PDT 2015 --  the best conversations are from 12-3am
Sun Jul 12 18:32:27 PDT 2015 --  So boredd
Sat Jul 11 19:08:36 PDT 2015 --  
Thu Jun 25 18:12:25 PDT 2015 --  love this song https://vine.co/v/eMdAMXwrXlL 
Fri Jul 10 10:53:50 PDT 2015 --  happy birthday!! @frolexx
Thu Jul 09 22:47:19 PDT 2015 --  Its hard to find a genuine person in this world nowadays
Sat May 30 23:42:17 PDT 2015 --  Every Time drake part come on pic.twitter.com/GOXmQQfYku
Wed Jul 08 19:18:56 PDT 2015 --  THIS LOOKS LIKE A REAL LIFE GTA MISSION LMFAOOOOOOO pic.twitter.com/EC7WZY2qVM
Wed Jul 08 16:06:02 PDT 2015 --  Grandmas really don't be caring pic.twitter.com/LeqL3bOJVf
Tue Jul 07 20:50:10 PDT 2015 --  all kinds of fucked up
Tue Jul 07 09:40:55 PDT 2015 --  happy birthday!! @tylerdv0rak
Mon Jul 06 14:48:31 PDT 2015 --  WHAT DID I JUST WATCH http://twitter.com/Itspedrito/status/617454852906594304/video/1 …
Sun Jul 05 16:27:54 PDT 2015 --  "Ay dat shit week cuh- OH SHIT" pic.twitter.com/NrZinF9Cwl
Mon Jul 06 10:27:20 PDT 2015 --  finally did the #DontJudgeChallenge pic.twitter.com/CKT3yYub0c
Fri Jul 03 20:04:25 PDT 2015 --  "i am not Netflix you cannot pause me" http://twitter.com/Zackfromcsun/status/616105827598864384/video/1 …
Sun Jul 05 21:36:34 PDT 2015 --  THIS IS LITERALLY ME #DontJudgeChallenge pic.twitter.com/6JNoceCiJg
Wed Jul 01 19:33:52 PDT 2015 --  This dude has 0 chill pic.twitter.com/QswvP9plIA
Mon Jun 22 11:23:17 PDT 2015 --  pic.twitter.com/OasLqW7ZML
Thu Jun 18 11:04:16 PDT 2015 --  Naps are tricky, you either wake up refreshed and relaxed or have a headache and have no idea what year you're in.
Tue Jun 30 20:02:29 PDT 2015 --  kinda miss u kinda shouldn't
Tue Jun 30 18:17:25 PDT 2015 --  there's just some things i wish i could un-hear
Tue Jun 30 18:49:40 PDT 2015 --  Hard to find somebody who values you..
Tue Jun 30 08:25:43 PDT 2015 --  If you go to Taco Bell and not get Baja blast as your drink, you're fuckin up
Sun Jun 28 18:01:25 PDT 2015 --  When you invited to bet awards but you can't bring filters or photoshop pic.twitter.com/MjGcWYdo0w
Sun Jun 28 15:14:28 PDT 2015 --  The worst feeling is pretending you don't care about something, when really it's all you seem to think about.
Mon Jun 29 20:31:25 PDT 2015 --  Damn this is sad... pic.twitter.com/prRqpwgIYF
Mon Jun 29 20:24:22 PDT 2015 --  ASK SIRI WHAT 0 DIVIDED BY 0 IS
Mon Jun 29 18:14:22 PDT 2015 --  I'm crying pic.twitter.com/drWYhlEWO6
Mon Jun 29 10:24:41 PDT 2015 --  Be careful how you treat people because you might be pushing them away without even realizing
Sun Jun 28 21:41:36 PDT 2015 --  Deleting people off snapchat now this has gone too far CUZ NO ONE GIVES A SHIT YOURE AT A CONCERT
Sun Jun 28 21:55:19 PDT 2015 --  gonna be one of those sleepless nights
Sun Jun 28 21:45:53 PDT 2015 --  could really go for a slurpee right about now
Sun Jun 28 21:28:54 PDT 2015 --  so bored
Sun Jun 28 15:11:50 PDT 2015 --  Taking ONE snap story of the concert you're at is cool but having 100 seconds on the same concert is just annoying af
Wed Jun 24 17:13:36 PDT 2015 --  never getting in Ocean City water again after being 15 feet from a 9 ft hammer head shark pic.twitter.com/16lOvMGs8e
Fri Jun 26 20:20:31 PDT 2015 --  I have this strange talent of getting myself in bad situations
Fri Jun 26 18:32:04 PDT 2015 --  Forever waiting for something I know will never happen
Mon Jun 22 04:20:22 PDT 2015 --  Bae: I need a smart man.. Me: Girl I got two degrees.. pic.twitter.com/K8Z1eHlX4v
Thu Jun 25 21:33:25 PDT 2015 --  lol
Thu Jun 25 18:03:49 PDT 2015 --  so excited for shark week
Thu Jun 25 17:33:12 PDT 2015 --  i can't stand country music
Tue Jun 23 18:24:31 PDT 2015 --  Are you ever just so done w something that it doesn't even bother you anymore
Mon Jun 22 13:48:01 PDT 2015 --  I'm crying pic.twitter.com/SxkNqbwdyj
Tue Jun 23 09:00:45 PDT 2015 --  sometimes you fuck up to the point where you can't fix it so you just gotta walk away with what you learned.
Mon Jun 22 13:51:36 PDT 2015 --  happy birthday! @LTfor3
Thu Jun 11 12:51:14 PDT 2015 --  I have no words pic.twitter.com/sBlQUyupEA
Mon Jun 22 10:25:25 PDT 2015 --  This is relevant. pic.twitter.com/Nx9RfS9v1E
Mon Jun 22 00:12:28 PDT 2015 --  so fucking bored
Mon Jun 22 00:03:01 PDT 2015 --  why am I still up
Sun Jun 21 22:37:07 PDT 2015 --  do you ever just want to sit outside and talk to someone all night because I do.
Sat Jun 20 10:46:14 PDT 2015 --  i get that people change & things change but it doesn't mean i didn't want them to stay the same & that i don't miss the way it used to be
Sun Jun 21 22:26:40 PDT 2015 --  When you thought you seen it all then pic.twitter.com/mVoRqopImg
Sun Jun 21 22:14:28 PDT 2015 --  I might have 2 friends
Sun Jun 21 20:34:02 PDT 2015 --  Still have yet to find a real nigga ðŸ¼ #itscooltho
Sun Jun 21 20:26:54 PDT 2015 --  I hate when people don't answer me when I know they're on their phone
Sun Jun 21 17:41:40 PDT 2015 --  Ever feel like not much goes your way
Sun Jun 21 19:48:04 PDT 2015 --  Happy Fathers Day pic.twitter.com/ryZP3hz12a
Sun Jun 21 19:48:02 PDT 2015 --  I wish I had a friend like me
Sun Jun 21 19:47:45 PDT 2015 --  i can get jealous very easily and i hate it
Sun Jun 21 19:08:38 PDT 2015 --  When people don't snap me back <
Sun Jun 21 17:42:45 PDT 2015 --  lol no one can take a joke
Sun Jun 21 17:11:57 PDT 2015 --  I'd do anything to be at the beach rn
Fri Jun 19 20:21:40 PDT 2015 --  all I wanna do is go back and do everything I did wrong the right way
Wed Jun 10 14:06:07 PDT 2015 --  MY MOM ASKED ME WHAT THIS MEANT HAHAHHAHAHA #Youretheman pic.twitter.com/jHE3IVCpho
Fri Jun 19 17:05:56 PDT 2015 --  meeting Chris Brown in august
Wed Jun 17 13:37:04 PDT 2015 --  Unemployalty http://twitter.com/Powerful/status/611270883404083200/photo/1pic.twitter.com/JZN0TahPtI 
Fri Jun 19 08:56:29 PDT 2015 --  good morning posts are so annoying
Thu Jun 18 16:39:24 PDT 2015 --  "Take me off pause" has to be said every FaceTime call
Sun Jun 14 18:10:03 PDT 2015 --  pic.twitter.com/Hgio0KSbjF
Thu Jun 11 17:02:00 PDT 2015 --  https://vine.co/v/eOhLB6X77LB 
Tue Jun 16 21:54:26 PDT 2015 --  this nigga was chillin for 9 years pic.twitter.com/hHhpvYg0AJ
Wed Jun 17 06:02:06 PDT 2015 --  why do people snap chat me and then when I answer they don't
Tue Jun 16 17:47:46 PDT 2015 --  It hasn't even started yet and I'm already sick of seeing the word "firefly" on my TL lmao
Tue Jun 16 04:43:17 PDT 2015 --  Farmer in Straya wondered why his sheep kept disappearing... put up an electric fence and caught this. pic.twitter.com/jMpzXpydPj
Mon Jun 15 17:38:46 PDT 2015 --  wanna see Jurassic world
Sun Jun 14 23:41:03 PDT 2015 --  Twitter is too savage tonight pic.twitter.com/a1FhuzFI19
Sun Jun 14 21:30:40 PDT 2015 --  But everything happens for a reason.
Tue Jun 09 14:31:19 PDT 2015 --  It's amazing how just one thing can literally change everything in an instantaneous moment
Sun Jun 14 19:01:28 PDT 2015 --  i rlly need a job
Sat Jun 13 18:33:38 PDT 2015 --  I need more friends
Sat Jun 13 08:56:22 PDT 2015 --  Your past doesn't define you. The future holds promise if you're willing to make a change.
Fri Jun 12 19:21:35 PDT 2015 --  I have so many unexplained bruises
Fri Jun 12 19:25:19 PDT 2015 --  It sucks knowing you don't care
Fri Jun 12 16:57:57 PDT 2015 --  A text from the right person can change your whole mood
Fri Jun 12 07:23:18 PDT 2015 --  When the teacher is reading Dr Seuss and you realize Seuss was spitting Straight Flames pic.twitter.com/WucLIkj99d
Thu Jun 11 22:42:49 PDT 2015 --  age definitely does not define maturity
Wed Jun 10 19:36:58 PDT 2015 --  I got a tan line from my bandaid
Wed Jun 10 17:49:01 PDT 2015 --  why do people fuck over good people
Wed Jun 10 19:00:14 PDT 2015 --  I'm so exhausted
Tue Jun 09 12:14:43 PDT 2015 --  Irish guy chugs a full bottle of Jack Daniels in 12 seconds pic.twitter.com/B9bSP4sTi3
Fri Jun 05 18:48:11 PDT 2015 --  I regret opening up to certain people. It bothers me knowing that there are people out there who didn't even deserve to know me like that.
Mon Jun 08 17:01:53 PDT 2015 --  I always get injured
Mon Jun 08 16:59:53 PDT 2015 --  when it's your first day back playing field hockey and you break your finger
Mon Jun 08 12:23:48 PDT 2015 --  can't wait to be back on the field tonight
Sat Jun 06 14:10:28 PDT 2015 --  OMG WHY http://twitter.com/girlposts/status/607293310680457216/photo/1pic.twitter.com/tEBd6owHsJ 
Sun Jun 07 09:18:06 PDT 2015 --  "Don't fall, don't fall" pic.twitter.com/ar6FtVQnS3
Sun Jun 07 14:51:33 PDT 2015 --  0 CHILL pic.twitter.com/7rbF14RYxS
Sun Jun 07 08:55:34 PDT 2015 --  I want to go to 6flags
Fri Jun 05 21:02:16 PDT 2015 --  Fucked up a lot of things that shouldn't have been fucked up but it is what it is
Sat Jun 06 15:28:27 PDT 2015 --  I need new people to talk to
Sat Jun 06 04:26:44 PDT 2015 --  Fuck SAT
Fri Jun 05 10:45:43 PDT 2015 --  wanna have an unforgettable summer
Fri Jun 05 09:13:49 PDT 2015 --  happy birthday @Luke_Perrone25 miss you
Fri Jun 05 08:06:18 PDT 2015 --  After today, I have trust issues with study guides
Thu Jun 04 19:39:53 PDT 2015 --  just need sleep
Thu Jun 04 19:34:12 PDT 2015 --  this dude look like little bill pic.twitter.com/10rc7aIIwT
Thu Jun 04 19:18:48 PDT 2015 --  life is so sad sometimes
Thu Jun 04 18:47:12 PDT 2015 --  Waiting on that text
Thu Jun 04 17:03:47 PDT 2015 --  God damn I've had the shittiest luck for like a whole month now. Lol
Wed Jun 03 19:05:56 PDT 2015 --  I'M SCREAMING http://twitter.com/girlposts/status/606259810326204417/video/1 …
Thu Jun 04 09:44:52 PDT 2015 --  The sun better be out next week I can't have these clouds
Wed Jun 03 19:08:09 PDT 2015 --  Definitely going to take the L for finals tomorrow
Wed Jun 03 18:51:37 PDT 2015 --  No chill pic.twitter.com/JaqB0XaTTr
Wed Jun 03 00:21:41 PDT 2015 --  Can't sleep..
Tue Jun 02 16:32:23 PDT 2015 --  I'm done settling for half ass relationships and making excuses for people who don't deserve my time.
Tue Jun 02 16:33:00 PDT 2015 --  all kinds of fucked up
Mon Jun 01 12:12:08 PDT 2015 --  Dude gotta skip prom now…matter fact he gotta drop out and finish high school online pic.twitter.com/4CAuNEe8BH
Mon Jun 01 14:13:32 PDT 2015 --  theres always someone annoying me
Mon Jun 01 13:44:04 PDT 2015 --  today sucks
Mon Jun 01 13:41:18 PDT 2015 --  I've honestly been in the mindset that everything's fine for too fucking long.
Mon Jun 01 11:56:08 PDT 2015 --  happy birthday!! @Liv_donahue
Sun May 31 10:17:36 PDT 2015 --  I wish I made better decisions
Thu May 07 10:51:05 PDT 2015 --  pic.twitter.com/S6MB7TjjOr
Sun May 31 08:07:40 PDT 2015 --  I'm tired of being lied to.
Sun May 31 05:59:07 PDT 2015 --  haha wow
Sat May 30 23:48:14 PDT 2015 --  I like to be alone sometimes
Thu May 28 14:22:12 PDT 2015 --  feeling unwanted actually does suck lol.
Wed May 27 20:18:33 PDT 2015 --  I mean pic.twitter.com/tT1i77HnGC
Wed May 27 16:09:37 PDT 2015 --  when ur friend has the aux cord and is playing trash pic.twitter.com/3xdmcJtbs1
Tue May 19 19:53:44 PDT 2015 --  LMAO HE THINKS PUSSY MEANS CHOCOLATE IM DEAD https://vine.co/v/eAK3mj7QpjU 
Tue May 26 20:57:30 PDT 2015 --  Fuck you
Fri May 22 20:44:36 PDT 2015 --  so sexy when a guy is aggressive and demanding and all manly but still gentle and sweet ugh gets me every time
Tue May 26 09:33:00 PDT 2015 --  I CABT BRWTHAE #charliecharliechallenge https://vine.co/v/eq0gbgH0aYi 
Mon May 25 16:59:29 PDT 2015 --  Lmao #charliecharliechallenge pic.twitter.com/vCSFrt4xws
Mon May 25 11:34:19 PDT 2015 --  THIS ONE #charliecharliechallenge pic.twitter.com/ta4n0GdqhU
Sun May 24 07:41:56 PDT 2015 --  I hate it when people waste my time
Sat May 16 17:12:09 PDT 2015 --  ALMIGHTY GOD, SHE WENT IN pic.twitter.com/oB62Cxxuu3
Sun May 17 20:00:40 PDT 2015 --  DEAD http://vine.co/v/emEAYgDqhDB 
Sun May 17 19:59:37 PDT 2015 --  When bae thinks you home but you out getting turnt pic.twitter.com/HzYGFkW1rT
Sun May 17 16:23:19 PDT 2015 --  fucked for finals tomorrow
Wed May 13 17:53:32 PDT 2015 --  Starting to really not care anymore
Tue May 12 12:56:07 PDT 2015 --  Pray For My Cuzin Aint nuffin wrong wit em he just Look Like The Nigga From CatDog pic.twitter.com/txwYhoCYnT
Thu Mar 12 15:58:44 PDT 2015 --  The government shut down because this was too pic.twitter.com/MPas1uqL9i
Mon May 11 20:15:14 PDT 2015 --  Can't wait to be out of high school and on my own..
Tue May 05 21:55:18 PDT 2015 --  No. Nope. Hell no. pic.twitter.com/2Qm7idHVvV
Thu May 07 14:29:27 PDT 2015 --  this week has gone by so slow
Mon May 04 17:59:54 PDT 2015 --  When the teacher thinks you're doing work but you're actually making pancakes pic.twitter.com/WrQ419TJ2u
Sun May 03 18:32:44 PDT 2015 --  It feels like I'm slowly drifting away from everyone and everything.
Sun May 03 18:39:19 PDT 2015 --  You can never rely on anyone else to make you happy
Sun May 03 18:14:18 PDT 2015 --  Let's have a moment of silence for this guy who has reached new depths of the friendzone pic.twitter.com/OMvQv9s59n
Sun May 03 17:37:38 PDT 2015 --  I need the beach
Sun May 03 16:41:38 PDT 2015 --  at the point where I don't even care anymore
Sun May 03 14:20:32 PDT 2015 --  Pollio is an terrible teacher
Thu Apr 30 19:13:55 PDT 2015 --  If i died tomorrow would you be satisfied with the last conversation we had?
Thu Apr 30 18:25:21 PDT 2015 --  happy birthday! @Bf1tzz
Wed Apr 29 17:17:04 PDT 2015 --  I have no desire to do my homework anymore
Tue Apr 28 17:52:22 PDT 2015 --  in the mood for little caesars crazy bread
Tue Apr 28 15:59:57 PDT 2015 --  Id go to sleep rn if I could
Tue Apr 28 15:06:53 PDT 2015 --  Can't wait to get on with my life
Tue Apr 28 03:18:41 PDT 2015 --  can't wait for this school year to be over
Mon Apr 27 21:50:20 PDT 2015 --  I hate when i cant fucking sleep
Fri Apr 24 15:31:33 PDT 2015 --  stay tf outta my business
Fri Apr 24 13:15:23 PDT 2015 --  things never work out the way you want them to
Tue Apr 21 09:20:43 PDT 2015 --  That's it.. I just threw my phone pic.twitter.com/RtHqoMrrVV
Wed Apr 22 19:10:43 PDT 2015 --  happy birthday!! @HOW_U_FILLiben
Wed Apr 22 17:21:30 PDT 2015 --  I swear my life strictly consists of let-downs
Tue Apr 21 17:57:04 PDT 2015 --  if you would be interested in buying a JKStrong bracelet for 5$ please retweet this. The money will go to a charity of Julia's choice.
Tue Apr 21 03:36:31 PDT 2015 --  I can barely keep my eyes open
Mon Apr 20 19:51:56 PDT 2015 --  my dog is terrified of the thunder
Fri Apr 17 14:39:59 PDT 2015 --  Didnt expect this pic.twitter.com/wFe0eYw659
Mon Apr 20 18:28:15 PDT 2015 --  so much homework & zero motivation
Mon Apr 20 03:32:11 PDT 2015 --  can just tell its gonna be a long shitty day
Sun Apr 19 18:04:43 PDT 2015 --  We take everyday life for granted, but it could all change in one instant. It really makes me think and thank god for everything
Sun Apr 19 14:04:19 PDT 2015 --  praying for julia
Sat Apr 18 15:07:31 PDT 2015 --  happy birthday! miss you @benny_boiy
Sat Apr 18 08:42:22 PDT 2015 --  Wish I had a beach house
Fri Apr 17 18:37:17 PDT 2015 --  ruby & max http://vine.co/v/ezqLrvFYmT1 
Mon Apr 06 12:42:46 PDT 2015 --  Kids like this grow up and pass university exams at 12 years old pic.twitter.com/8KEOvX7Eqz
Thu Apr 16 16:52:27 PDT 2015 --  happy birthday! @__lilbill__
Thu Apr 16 09:57:58 PDT 2015 --  Nigga thought he just came up pic.twitter.com/2VhlDaF2qC
Thu Apr 16 16:44:04 PDT 2015 --  Summer is constantly on my mind
Tue Apr 14 12:48:31 PDT 2015 --  I'm ready for school to be over
Wed Apr 15 18:00:09 PDT 2015 --  no one ever knows how to pronounce my last name
Mon Apr 13 23:28:45 PDT 2015 --  All I want is sleep
Mon Apr 13 17:55:42 PDT 2015 --  happy birthdayyy @KamrenNikolich
Mon Apr 13 03:54:26 PDT 2015 --  IM SCREAMING. LOOK @ DRAKE'S FACE!!!!!!!!!!!!!!!!! pic.twitter.com/Cyba29QpuQ
Sun Apr 12 11:14:41 PDT 2015 --  I'm out https://vine.co/v/euq6JO6QJBe 
Sat Apr 11 18:52:48 PDT 2015 --  Alright I'm done https://vine.co/v/euW29d9Weij 
Sun Apr 12 14:58:44 PDT 2015 --  7-11 is never doing this shit again lol pic.twitter.com/Wg99w1L2n4
Sat Apr 11 15:24:23 PDT 2015 --  woodside
Sat Apr 11 14:28:24 PDT 2015 --  happy birthdayyy @XFerrisBuellerX
Thu Mar 05 20:56:56 PST 2015 --  Props pic.twitter.com/XOtVkiNdr3
Thu Apr 09 21:15:54 PDT 2015 --  Just now realizing all the work I have to do and how little time I have this weekend to do it... Hahahaha
Tue Apr 07 19:29:48 PDT 2015 --  Crazy editing! http://twitter.com/kyskaitlyn/status/584857736187215872/video/1 …
Thu Apr 09 19:42:27 PDT 2015 --  happy birthday! @skylaarorgaa
Thu Apr 09 12:00:50 PDT 2015 --  Beliebe that pic.twitter.com/QYrkIOJdmg
Wed Apr 08 10:08:11 PDT 2015 --  Whoever edited this ... http://twitter.com/TvvitterVideo/status/585302368209637376/video/1 …
Tue Apr 07 17:15:11 PDT 2015 --  "One time I sucked a guys nipple for 10 seconds so he would buy me 2 slices of pizza #winwin" - University of Delaware
Sun Apr 05 19:37:26 PDT 2015 --  Baby Jack has survived a stroke & fought through four open heart surgeries. True soldier pic.twitter.com/l8bfUrWtXM
Mon Apr 06 19:10:13 PDT 2015 --  So many people on vacation rn
Thu Apr 02 11:47:53 PDT 2015 --  awww so cute pic.twitter.com/5NZi7HwAHa
Tue Mar 31 16:01:47 PDT 2015 --  Can we talk about Jake t. Austin transformation? http://vine.co/v/OLhzVHmewl3 
Sun Mar 29 18:51:25 PDT 2015 --  wish I was going away for spring break
Sun Mar 29 18:37:51 PDT 2015 --  always craving mac & cheese
Sun Mar 29 16:46:42 PDT 2015 --  The fact that people make fun of people with disabilities honestly makes me sick to my stomach
Sat Mar 28 20:36:55 PDT 2015 --  Heaven gained one of the most beautiful, kindest angel today Thankyou to everyone's prayers and condolences today
Fri Mar 20 09:47:15 PDT 2015 --  LMAO.. https://vine.co/v/OEKK9hrWbPQ 
Sat Mar 28 07:07:00 PDT 2015 --  What's there to do today
Sat Mar 28 06:39:11 PDT 2015 --  happy birthday @Carrlly_Fries
Wed Jan 28 18:09:02 PST 2015 --  Snapchat conversations never last long because eventually you just run out of selfie poses so you end up taking pictures of the couch & shit
Thu Mar 26 17:53:00 PDT 2015 --  Junior year has officially blown my shit
Thu Mar 26 19:18:28 PDT 2015 --  U gotta test ya girl like this to see if she's really with the shits! pic.twitter.com/TFcOtMiHgU
Sun Mar 01 09:39:28 PST 2015 --  Jaws 40th Anniversary https://vine.co/v/h5aDaFthX6O 
Thu Mar 26 13:07:23 PDT 2015 --  Its nice when someone remembers small details about you
Wed Mar 25 16:22:09 PDT 2015 --  GHAAAAAAT pic.twitter.com/6xBif5lqfP
Wed Mar 25 16:22:33 PDT 2015 --  i get distracted so easily
Wed Mar 25 12:06:50 PDT 2015 --  This is genius pic.twitter.com/QgjPH9T1FS
Tue Mar 24 20:38:28 PDT 2015 --  My sleeping schedule been on something crazy lately
Tue Mar 24 19:33:07 PDT 2015 --  someone hmu
Tue Mar 24 19:28:38 PDT 2015 --  looks like I'll be getting no sleep tonight
Tue Mar 24 18:32:19 PDT 2015 --  I could go for some Rita's right about now
Mon Mar 23 15:49:30 PDT 2015 --  why do people care so much what other people do? just keep your mouth shut get the fuck over it and move on
Sun Mar 22 14:50:29 PDT 2015 --  queen of getting tired without even doing anything
Sun Mar 22 11:31:49 PDT 2015 --  Its crazy how wrong u can be about a person
Sat Mar 14 17:49:29 PDT 2015 --  I'm not getting out of bed tonight
Sat Mar 14 17:11:30 PDT 2015 --  I'm stressin rn for nothin
Fri Mar 13 15:21:06 PDT 2015 --  happy birthday! @JoshPoint_O_
Wed Mar 11 20:21:19 PDT 2015 --  If you ever think I'm ignoring you...I swear I am. My phone is in my hands 24/7.
Sun Mar 01 11:31:50 PST 2015 --  When you look away for a second in math pic.twitter.com/XUxUYAekBt
Mon Mar 09 21:29:10 PDT 2015 --  not expecting to fall asleep anytime soon
Mon Mar 09 20:15:02 PDT 2015 --  my back is killing me
Sun Mar 08 19:05:57 PDT 2015 --  why we have trust issues smh pic.twitter.com/AVF5MjggyZ
Sun Mar 08 18:30:36 PDT 2015 --  There is no way I'm going to be able to finish all my homework
Sun Mar 08 17:55:52 PDT 2015 --  I'm in no rush to grow up but I can't wait to have my own house one day. It must be so fulfilling to be able to say "I earned all of this"
Sun Mar 08 15:51:07 PDT 2015 --  Some dickhead left his tires at the gas station pic.twitter.com/ZOUPsITS1C
Wed Mar 04 19:18:44 PST 2015 --  no school tomorrow that means i can sleep in
Wed Mar 04 18:30:34 PST 2015 --  i just took a 5 hour nap ugh i guess i'm not sleeping tonight
Sun Mar 01 10:30:59 PST 2015 --  " when your students drunk email you" pic.twitter.com/pHKq7j95XZ
Wed Mar 04 04:28:44 PST 2015 --  happy birthday! @matt_spy
Tue Mar 03 16:44:14 PST 2015 --  *deletes instagram* pic.twitter.com/5cTXyZe3JM
Mon Mar 02 18:09:44 PST 2015 --  The hardest thing about "everything happens for a reason" is waiting for the reason to come along.
Mon Feb 09 13:37:18 PST 2015 --  LMAOOOOO BRUH https://vine.co/v/OUqgXlObWVq 
Mon Mar 02 17:38:36 PST 2015 --  Everything is the way it is for a reason
Mon Mar 02 17:49:23 PST 2015 --  i'm a junior in hs and i still don't understand why i wait until the very last minute to get things done
Mon Mar 02 17:53:46 PST 2015 --  Pre calc got me fucked up
Sun Mar 01 18:49:14 PST 2015 --  
Sun Mar 01 15:19:08 PST 2015 --  Come on st. E pull through
Sun Mar 01 15:30:25 PST 2015 --  Tomorrow would be a great day to have off
Sun Mar 01 15:13:35 PST 2015 --  Can we just not have school tomorrow please
Fri Feb 27 16:09:34 PST 2015 --  Twitter since yesterday pic.twitter.com/9F4chuRb9J
Wed Feb 25 20:00:04 PST 2015 --  Okay.... https://vine.co/v/O2m6DggYQm1 
Thu Feb 26 17:44:41 PST 2015 --  THEY DID THIS WITH THERE TEACHER THO pic.twitter.com/Ot2hSRdoVe
Thu Feb 26 18:10:09 PST 2015 --  This dress is not that serious
Sat Feb 21 04:59:57 PST 2015 --  I'm in tears http://twitter.com/FreakyWill_/status/564918388334821376/video/1 …
Tue Feb 24 16:26:59 PST 2015 --  you win some and lose some
Tue Feb 24 17:49:34 PST 2015 --  I want Taco Bell
Tue Feb 24 12:40:00 PST 2015 --  LMFAO WHO DID THIS https://vine.co/v/OxQZebjwjvQ 
Mon Feb 23 17:50:38 PST 2015 --  I'm dead https://vine.co/v/OxxmMFHiev5 
Mon Feb 23 18:10:25 PST 2015 --  But really pic.twitter.com/9MCKD6Gbh2
Mon Feb 23 17:54:53 PST 2015 --  thinking about life after high school is a scary thought
Mon Feb 23 05:46:26 PST 2015 --  Happiness is choice if you actually make it your goal to be happy nothing can ruin your day
Sun Feb 22 12:56:31 PST 2015 --  Wish yesterday's weather was today and today's was yesterday
Sun Feb 22 17:20:09 PST 2015 --  if i see you in public using a selfie stick i will hit you with it
Mon Feb 16 12:27:49 PST 2015 --  The last comment… BRUH I'm crying pic.twitter.com/QoN9cy3pvt
Sat Feb 21 11:52:07 PST 2015 --  LMAO WHY https://vine.co/v/OQZxWVmdO91 
Fri Feb 20 21:13:47 PST 2015 --  My life is one big "what did I do to deserve that?"
Fri Feb 20 19:56:04 PST 2015 --  
Fri Feb 20 19:48:32 PST 2015 --  lol stfu
Fri Feb 20 19:45:33 PST 2015 --  I hate how I let the dumbest things bother me sometimes
Sun Feb 15 12:55:58 PST 2015 --  IM CRYING.. http://vine.co/v/OP91wIxHawx 
Thu Jan 08 08:36:24 PST 2015 --  If high school didn't teach you not to give a fuck about peoples opinions then you pretty much missed the point.
Thu Feb 19 14:47:28 PST 2015 --  "How is 2015 going so far?" pic.twitter.com/uyV8hsWg7L
Tue Feb 17 18:03:24 PST 2015 --  why is it that we stress over things that we have no control over
Mon Feb 16 18:52:43 PST 2015 --  Don't even need a girlfriend or anything like that. Just wish I had someone to be strait up with, talk to when I need them, be real around.
Mon Feb 16 18:36:14 PST 2015 --  I'm counting on this snow day tomorrow
Sun Feb 15 20:55:41 PST 2015 --  OH MY GOD NO pic.twitter.com/pIMeTMKcjm
Mon Apr 28 01:27:28 PDT 2014 --  "Someone threw beer on my shirt, i tried to clean it, next day i woke up like this" HUJ pic.twitter.com/zF4v79yn5h
Sun Feb 15 18:03:10 PST 2015 --  “ @SeanGreeneWDEL: Updated snow map from @NWS_MountHolly for Monday-Tuesday's Storm. #netDE pic.twitter.com/8mvi39Nt1f" 4-6 inches of lies
Sun Feb 15 17:28:08 PST 2015 --  It sucks when you're in your bag and you have no clue why
Sun Feb 15 18:59:55 PST 2015 --  shamrock shakes
Sat Feb 14 19:24:47 PST 2015 --  nothing's worse than when your dead tired and can't fall asleep
Sat Feb 14 16:06:41 PST 2015 --  snow snow go away. please come back on a school day
Sat Feb 14 17:39:53 PST 2015 --  I can't be with my mom for more than 10 minuets without an argument starting
Sat Feb 14 13:36:07 PST 2015 --  Something about you gets me every damn timee
Sat Feb 14 11:36:42 PST 2015 --  no one give a fuck what you got for Valentine's Day
Sat Feb 14 06:50:01 PST 2015 --  Valentine's Day just another day frfr
Thu Feb 12 11:20:23 PST 2015 --  I can relate so hard pic.twitter.com/87CVSbulFE
Thu Feb 12 11:25:25 PST 2015 --  90% of the contacts in my phone are useless.
Tue Feb 10 19:17:51 PST 2015 --  im so over school
Sun Feb 08 17:27:45 PST 2015 --  I have a bad habit of reading a text and forgetting to reply.
Tue Feb 03 22:14:36 PST 2015 --  pic.twitter.com/wd7ZRcNA3m
Sun Feb 08 16:04:26 PST 2015 --  When I hear a song with memories from people who aren't a part of my life anymore it makes my stomach hurt
Thu Jan 29 13:12:54 PST 2015 --  A good reason to go see Fifty Shades of Grey pic.twitter.com/4oRSvlsBy5
Sat Jan 31 13:59:21 PST 2015 --  Kendall Jenner and Kylie Jenner pic.twitter.com/JAHPJqmPj7
Fri Feb 06 18:57:29 PST 2015 --  when did nick jonas get so sexy
Thu Feb 05 03:31:32 PST 2015 --  Not feeling school today
Thu Feb 05 03:21:50 PST 2015 --  The things I would do to stay home today
Thu Feb 05 03:38:36 PST 2015 --  This week needs to be over
Thu Feb 05 03:21:23 PST 2015 --  can barely keep my eyes open
Wed Feb 04 19:16:02 PST 2015 --  thin mint girl scout cookies are the shit
Tue Feb 03 19:24:47 PST 2015 --  this week is going by so slow
Tue Feb 03 19:21:10 PST 2015 --  guess who's not getting any sleep tonight
Tue Feb 03 15:58:02 PST 2015 --  i shouldn't be so unhappy at this age
Sun Feb 01 19:37:38 PST 2015 --  Do you ever feel like a plastic bag pic.twitter.com/0k1fw7Fs4q
Mon Feb 02 19:43:30 PST 2015 --  WHO DID THIS https://vine.co/v/OFaqX3lpbJ5 
Sun Feb 01 19:46:44 PST 2015 --  WHO DID THIS??? pic.twitter.com/AHWulvA2fY
Wed Jan 21 10:43:00 PST 2015 --  "Potty training is not going as planned." - Michelle, Colorado pic.twitter.com/7nRkvS5mRv
Wed Dec 17 17:17:04 PST 2014 --  Beautiful eyes. pic.twitter.com/iRXlJBNWeJ
Sat Jan 31 18:57:03 PST 2015 --  i love this vine https://vine.co/v/MLtIrjwKnZl 
Thu Jan 29 12:16:33 PST 2015 --  these guys draggin the whole class pic.twitter.com/AgcOzQdE84
Wed Jan 28 21:00:49 PST 2015 --  yes. so true. pic.twitter.com/GM0QnClbaE
Wed Jan 28 17:28:41 PST 2015 --  When girls FaceTime you and have you paused it on the ceiling the whole time.<<
Wed Jan 28 12:53:49 PST 2015 --  I fucking hate people. How the fuck do you beat up an old TEACHER? Fucking losers. pic.twitter.com/BaEVkEdwQ6
Wed Jan 28 11:45:41 PST 2015 --  @alex_kindbeiter might be the worst snap chatter in the world.
Tue Jan 27 16:20:04 PST 2015 --  not feelin the new snapchat update..
Tue Jan 27 06:27:07 PST 2015 --  i needed this day off
Mon Jan 26 16:04:17 PST 2015 --  wear your pajamas inside out, flush ice down the toilet, and run up and down the stairs ten times tn or so help me god
Sun Jan 18 09:01:42 PST 2015 --  ok the best one I've seen https://vine.co/v/OjHglzV36Q6 
Sun Jan 25 10:17:01 PST 2015 --  Praying for no school tomorrow
Sun Jan 25 10:19:17 PST 2015 --  No idea why I get my hopes up anymore bc everytime my plans never go through
Sun Jan 25 06:30:56 PST 2015 --  I neeeddddds this snow day 2mrw
Tue Jan 20 15:56:22 PST 2015 --  this has probably been one of the worst weeks
Mon Jan 19 19:04:27 PST 2015 --  words to live by 'SHOW THESE FUCKBOY WASSUP' - @alex_kindbeiter
Mon Jan 19 18:16:52 PST 2015 --  when u realize there's school tomorrow pic.twitter.com/qtPNtuXr0Q
Mon Jan 19 13:09:33 PST 2015 --  Bruh http://vine.co/v/Oj0FePzOu3U 
Mon Jan 19 17:19:09 PST 2015 --  School tomorrow is not the look
Mon Jan 19 14:34:29 PST 2015 --  praying this week goes by fast
Sun Jan 18 19:13:31 PST 2015 --  could really use somebody right about now lol
Wed Jan 07 10:25:40 PST 2015 --  I need more piercings
Sat Jan 17 20:09:51 PST 2015 --  Man, I care way too fucking much.
Sat Jan 17 17:53:42 PST 2015 --  really want bww
Thu Jan 15 18:17:21 PST 2015 --  I would do anything just to be happy for once
Thu Jan 15 18:16:42 PST 2015 --  
Thu Jan 15 18:15:38 PST 2015 --  fed up with the temporary people that come into my life
Thu Jan 15 05:46:23 PST 2015 --  It's like Once I get something good going on my life I end up fucking up
Wed Jan 14 05:34:21 PST 2015 --  Okay, when is spring break
Wed Jan 14 13:16:20 PST 2015 --  poor cat https://vine.co/v/ODxMbZPEqZu 
Tue Jan 13 23:11:34 PST 2015 --  oh my goodness . http://twitter.com/BabyAnimalPics/status/440216051385892864/photo/1pic.twitter.com/JqdxiLdf9x 
Wed Jan 14 17:14:52 PST 2015 --  why can't I just live in my bed forever
Mon Jan 12 12:30:16 PST 2015 --  School should start at 930 everyday
Mon Jan 12 19:24:45 PST 2015 --  Tired of feeling sad
Sun Jan 11 19:51:36 PST 2015 --  x489864
Sun Nov 09 17:31:23 PST 2014 --  Remember The Weeknd? Feel old yet? pic.twitter.com/I8tDHTye4z
Sun Jan 11 19:50:07 PST 2015 --  ready for this week to be over
Sun Jan 11 18:36:51 PST 2015 --  Schools are closed tomorrow due to a dangerous weather threat check and see if your school is open in the link below http://i.qkme.me/3s5h07.jpg 
Sun Jan 11 14:38:34 PST 2015 --  I hate people who always have to prove that they're right
Sun Jan 11 13:51:15 PST 2015 --  fucked for midterms
Mon Dec 29 15:53:47 PST 2014 --  can i wake up next to him please? pic.twitter.com/cp8FqSDHKi
Sun Jan 11 06:57:57 PST 2015 --  already running late & my car won't start
Sat Jan 10 13:35:05 PST 2015 --  When its cold af but you forgot your jacket pic.twitter.com/7as0oXjgjS
Sat Jan 10 12:33:50 PST 2015 --  YOOOO MY DAD pic.twitter.com/9aeQFXCKBK
Fri Jan 09 20:09:03 PST 2015 --  this has been the worst night
Tue Jan 06 14:32:02 PST 2015 --  about time jb pic.twitter.com/RqKE1T8sUR
Thu Jan 08 17:50:58 PST 2015 --  German mixed Husky... I need pic.twitter.com/hHoq7rEJyT
Wed Dec 24 10:40:17 PST 2014 --  Let me get an Uhhh http://vine.co/v/OXLad5p2Kaq 
Wed Jan 07 11:00:59 PST 2015 --  pic.twitter.com/j80rJ1bpo7
Thu Jan 08 06:41:58 PST 2015 --  there's always that one kid that wears shorts and says "it's not even cold" pic.twitter.com/2Z09yfx62S
Thu Jan 08 06:08:12 PST 2015 --  Went to school today like pic.twitter.com/U9pXZa5448
Wed Jan 07 18:53:44 PST 2015 --  Sooooo attractive when somebody is for you and only you .
Wed Jan 07 18:25:44 PST 2015 --  i promise i'll never get bored of you
Wed Jan 07 18:34:29 PST 2015 --  Everyday before school https://vine.co/v/hKWq9JinnlX 
Wed Jan 07 18:40:58 PST 2015 --  Finding out the quarter ends Friday just made me so stressed out
Wed Jan 07 18:12:16 PST 2015 --  So DMA and all the public schools around us are two hours late so wtf St. E's lets go
Wed Jan 07 17:58:09 PST 2015 --  This dog is a thug https://vine.co/v/OwIX9mZ0rgL 
Wed Jan 07 15:00:12 PST 2015 --  Maximum fuzziness achieved pic.twitter.com/GFYybDD55C
Sun Nov 16 14:20:55 PST 2014 --  When your essay is too short pic.twitter.com/eonwiWDcN2
