Fri Aug 28 19:00:05 PDT 2015 --  There's way too much chaos in your world today, leading you to... More for Libra http://bit.ly/wvRgyF 
Thu Aug 27 19:00:05 PDT 2015 --  The sweet temptation of love stretches your thoughts into new ... More for Libra http://bit.ly/wvRgyF 
Wed Aug 26 19:00:05 PDT 2015 --  You may be able to float through the day without doing much wo... More for Libra http://bit.ly/wvRgyF 
Tue Aug 25 19:00:04 PDT 2015 --  In theory, you might prefer to hide away at home today, far aw... More for Libra http://bit.ly/wvRgyF 
Mon Aug 24 19:00:05 PDT 2015 --  Your world seems lighter and brighter these days, but you migh... More for Libra http://bit.ly/wvRgyF 
Sun Aug 23 19:00:06 PDT 2015 --  Taking a break from mundane responsibilities enables you to ma... More for Libra http://bit.ly/wvRgyF 
Sat Aug 22 19:00:05 PDT 2015 --  You can easily convince yourself that nearly anything is true ... More for Libra http://bit.ly/wvRgyF 
Fri Aug 21 19:00:06 PDT 2015 --  All of the observable signs seem to indicate you're on the rig... More for Libra http://bit.ly/wvRgyF 
Thu Aug 20 19:00:06 PDT 2015 --  Your full participation in a discussion with close friends or ... More for Libra http://bit.ly/wvRgyF 
Wed Aug 19 19:00:05 PDT 2015 --  What would it be like if you could forget about all your respo... More for Libra http://bit.ly/wvRgyF 
Tue Aug 18 19:00:04 PDT 2015 --  You are bewildered by your constantly changing needs and fluct... More for Libra http://bit.ly/wvRgyF 
Tue Aug 18 00:17:05 PDT 2015 --  Confused.
Mon Aug 17 23:50:44 PDT 2015 --  Hindi ako mkagwa nang tulog. Hayyy. Adjust adjust. Tsss.
Mon Aug 17 19:00:05 PDT 2015 --  Your natural instinct to keep everyone happy could be challeng... More for Libra http://bit.ly/wvRgyF 
Mon Aug 17 01:55:42 PDT 2015 --  Readdddddddddddddddddyyyyyyyyyyyyyy
Sun Aug 16 19:32:37 PDT 2015 --  Good morning.
Sun Aug 16 19:00:05 PDT 2015 --  It's as if clouds have descended over your imagination, making... More for Libra http://bit.ly/wvRgyF 
Sun Aug 16 08:15:29 PDT 2015 --  I will start tomorrow.
Sun Aug 16 07:58:15 PDT 2015 --  Bgla na lang akong kinikilig. Jeskelerd.
Sun Aug 16 07:57:44 PDT 2015 --  Woaaaaaah Kilig much.
Sat Aug 15 23:26:23 PDT 2015 --  Ohmyyyyy. So georg Arci and Sarah. Identity crisis na itoo. Hahaha.
Sat Aug 15 23:02:30 PDT 2015 --  Excited na ko para sa night shift bukas. Hahaha.
Sat Aug 15 22:57:54 PDT 2015 --  Hahaha Ruffa Gutierrez is so cool! Hahahahaha. #ASAPGameOn
Sat Aug 15 21:54:49 PDT 2015 --  Aww Jadine.
Sat Aug 15 21:32:21 PDT 2015 --  Hey, I've been walking 'round the city all day Just to find you walking away, right out from my arms.
Sat Aug 15 19:00:05 PDT 2015 --  You're all dressed up with nowhere to go. You are not particul... More for Libra http://bit.ly/wvRgyF 
Thu Aug 13 15:20:10 PDT 2015 --  Focus on your goals, girls. These boys ain't going nowhere.
Sat Aug 15 04:38:59 PDT 2015 --  LSS sa win the fight ni Ylona. Hahahaha.
Sat Aug 15 04:34:49 PDT 2015 --  Ayoko nang mag diet. Final decision.
Mon Aug 10 01:20:59 PDT 2015 --  Every time I trust somebody, they show me why I shouldn't.
Thu Aug 13 14:18:03 PDT 2015 --  Single doesn't mean available.
Thu Aug 13 17:07:18 PDT 2015 --  Every girl. pic.twitter.com/wN3kml8xh0
Fri Aug 14 14:18:08 PDT 2015 --  Maybe my problem is that when I'm lost, I look for you and not for myself.
Tue Aug 11 04:00:56 PDT 2015 --  People change like the seasons..
Fri Aug 14 21:17:30 PDT 2015 --  Dapat hndi laging puro love, balance lang dapat lagi.
Fri Aug 14 21:16:07 PDT 2015 --  Got to know him better.
Fri Aug 14 19:00:05 PDT 2015 --  Finding middle ground is tricky today as you weigh your sweete... More for Libra http://bit.ly/wvRgyF 
Fri Aug 14 03:28:39 PDT 2015 --  TGIF!
Thu Aug 13 19:00:05 PDT 2015 --  Sticking to your schedule isn't so simple today because unfore... More for Libra http://bit.ly/wvRgyF 
Wed Aug 12 19:00:05 PDT 2015 --  A vivid daydream may be so convincing that you almost believe ... More for Libra http://bit.ly/wvRgyF 
Tue Aug 11 19:00:04 PDT 2015 --  It's as if you're getting assistance from behind the scenes, w... More for Libra http://bit.ly/wvRgyF 
Tue Aug 11 03:36:49 PDT 2015 --  Day 3 is awesome.
Tue Aug 11 03:36:19 PDT 2015 --  Home. Yesss.
Mon Aug 10 19:00:05 PDT 2015 --  You aren't interested in taking on any extra responsibilities ... More for Libra http://bit.ly/wvRgyF 
Mon Aug 10 06:38:36 PDT 2015 --  Ughhh. Nadine is such a cutie. #OTWOLArrival
Tue Aug 04 08:39:00 PDT 2015 --  It's okay babe,I'll text myself back.
Sun Aug 09 19:00:05 PDT 2015 --  Making one too many plans ends up triggering a serious headach... More for Libra http://bit.ly/wvRgyF 
Sun Aug 09 05:35:13 PDT 2015 --  Can't wait to see him again.
Sun Aug 09 01:23:56 PDT 2015 --  First timer problems lol
Sun Aug 09 01:23:28 PDT 2015 --  What to wear?
Sun Aug 09 01:19:40 PDT 2015 --  Hahaha cutieeeeeee. On The Wings Of Love Teaser Trailer: Soon on ABS-CBN! https://youtu.be/44efQd6Xfos  via @YouTube
Sun Aug 09 00:40:21 PDT 2015 --  Excited and a little bit nervous.
Sun Aug 09 00:38:49 PDT 2015 --  Babe is still sleeping hahahahaha
Sun Aug 09 00:17:21 PDT 2015 --  Tomorrow is the day! Got to be ready. Wew.
Sun Aug 09 00:07:54 PDT 2015 --  No regrets, just love.
Sun Aug 09 00:11:30 PDT 2015 --  Never judge someone, everyone has a story.
Sat Aug 08 23:53:21 PDT 2015 --  Hahaha ngsabi lang ako nang nararamdaman ko nabash na agad ako. Immatured people. Tsk. Didn't expect that.
Sat Aug 08 23:30:38 PDT 2015 --  I'm not being fake ate I'm just stating a fact. :) https://twitter.com/Teddy_KN4/status/630263869319938048 …
Sat Aug 08 23:10:02 PDT 2015 --  From being a Kathniel fan to Jadine fan. Seriously, i shift! Undeniable chemistry indeed. #JaDineFlyingHighOnASAP
Sat Aug 08 22:34:03 PDT 2015 --  You're the first person I want to talk to when I wake up and the last person I wish to see before I fall asleep..
Sat Aug 08 22:55:48 PDT 2015 --  I am starting to love Jadine. Hahahaha #JaDineFlyingHighOnASAP
Sat Aug 08 19:00:05 PDT 2015 --  You might be planning your getaway to an exotic location in gr... More for Libra http://bit.ly/wvRgyF 
Thu Aug 06 05:04:42 PDT 2015 --  Keep in mind that: fries burger pizza spaghetti donut ice cream cake chocolates will never break your
Fri Aug 07 19:00:05 PDT 2015 --  You could be a case study in demonstrating the power of positi... More for Libra http://bit.ly/wvRgyF 
Thu Aug 06 19:00:05 PDT 2015 --  People may be overly critical about your work today as retrogr... More for Libra http://bit.ly/wvRgyF 
Thu Aug 06 06:10:07 PDT 2015 --  Feeling homesick agad agad. Huehue. https://twitter.com/BobOngTalk/status/629263198680653824 …
Thu Aug 06 05:15:01 PDT 2015 --  "Yung kung kailan matutulog ka na tiyaka nagpa-flashback sa utak mo yung mga moments niyo."
Thu Aug 06 05:04:29 PDT 2015 --  I will miss the old days. Hello Manila again.
Wed Aug 05 19:00:05 PDT 2015 --  Financial troubles may be a sign that you've been neglecting y... More for Libra http://bit.ly/wvRgyF 
Tue Aug 04 19:00:04 PDT 2015 --  You could go overboard when expressing your generosity toward ... More for Libra http://bit.ly/wvRgyF 
Mon Aug 03 19:00:05 PDT 2015 --  Seeking support and recognition from others is an exercise in ... More for Libra http://bit.ly/wvRgyF 
Mon Aug 03 09:31:03 PDT 2015 --  #Libra appreciate the art in life.
Sun Aug 02 19:00:05 PDT 2015 --  You're striving for absolute transparency in communication tod... More for Libra http://bit.ly/wvRgyF 
Sat Aug 01 19:00:05 PDT 2015 --  It's nearly impossible to contain your joie de vivre these day... More for Libra http://bit.ly/wvRgyF 
Fri Jul 31 19:00:05 PDT 2015 --  Your creativity shines while the Aquarius Full Moon sparkles i... More for Libra http://bit.ly/wvRgyF 
Thu Jul 30 19:00:05 PDT 2015 --  You could easily rekindle an old flame today; however, your fe... More for Libra http://bit.ly/wvRgyF 
Wed Jul 29 19:00:05 PDT 2015 --  Everyone knows you excel in delicate negotiations, so it's onl... More for Libra http://bit.ly/wvRgyF 
Tue Jul 28 19:00:05 PDT 2015 --  You may be keeping your feelings under wraps today. Subtlety i... More for Libra http://bit.ly/wvRgyF 
Mon Jul 27 19:00:05 PDT 2015 --  You may be talking a good game now, but doubt and confusion co... More for Libra http://bit.ly/wvRgyF 
Sun Jul 26 19:00:05 PDT 2015 --  Surprisingly, you could be the most practical one in the group... More for Libra http://bit.ly/wvRgyF 
Sat Jul 25 19:00:05 PDT 2015 --  You want recognition from your peers today, but you still valu... More for Libra http://bit.ly/wvRgyF 
Fri Jul 24 19:00:04 PDT 2015 --  You may be able to sail through the day, but you're still afra... More for Libra http://bit.ly/wvRgyF 
Fri Jul 24 08:41:27 PDT 2015 --  I hate getting flashbacks from things I don't want to remember.
Fri Jul 24 08:23:23 PDT 2015 --  i miss being a kid when my biggest stress was coloring within the lines
Fri Jul 24 07:30:19 PDT 2015 --  God's never stop guiding us and protecting us.
Thu Jul 23 19:00:05 PDT 2015 --  Sharing your long-term aspirations with your colleagues is key... More for Libra http://bit.ly/wvRgyF 
Wed Jul 22 19:00:05 PDT 2015 --  You often go out of your way to balance your needs with others... More for Libra http://bit.ly/wvRgyF 
Tue Jul 21 19:00:05 PDT 2015 --  Although you have been sitting on the fence for a few days, yo... More for Libra http://bit.ly/wvRgyF 
Mon Jul 20 19:00:05 PDT 2015 --  You're all business today and aren't interested in sharing you... More for Libra http://bit.ly/wvRgyF 
Mon Jul 20 02:13:31 PDT 2015 --  CONNECTED!
Sun Jul 19 19:00:05 PDT 2015 --  You like the idea of going on a spiritual retreat today. In fa... More for Libra http://bit.ly/wvRgyF 
Sun Jul 19 07:51:39 PDT 2015 --  Yung lalaking tanggap lahat nang imperfections mo.
Sun Jul 19 07:28:38 PDT 2015 --  June 7
Sun Jul 19 07:24:59 PDT 2015 --  Sa hindi inaaasahang Pagtatagpo ng mga mundo May minsan lang na nagdugtong, Damang dama na ang ugong nito. ♫♪♩
Sun Jul 19 06:24:04 PDT 2015 --  HAHAHAHA https://twitter.com/MatamaanKa/status/622758373595807744 …
Sat Jul 18 19:00:05 PDT 2015 --  You might have been planning on a day of peace and quiet, but ... More for Libra http://bit.ly/wvRgyF 
Fri Jul 17 22:56:02 PDT 2015 --  Nobody has ever made me feel the way you do.
Fri Jul 17 19:00:05 PDT 2015 --  You can't see very far down your current career path now, comp... More for Libra http://bit.ly/wvRgyF 
Thu Jul 16 19:00:05 PDT 2015 --  On the surface it appears that you're just another member of t... More for Libra http://bit.ly/wvRgyF 
Thu Jul 16 08:30:05 PDT 2015 --  Real beauty doesn't ask for attention
Thu Jul 16 08:30:05 PDT 2015 --  Drunk people are the only honest ones left.
Wed Jul 15 14:55:09 PDT 2015 --  We live in a country where Police Officers commit more crimes than normal criminals.
Thu Jul 16 07:49:36 PDT 2015 --  Don't 'K' me maderpaka.
Thu Jul 16 07:50:15 PDT 2015 --  Okay. Pa 2 days na. Ge.
Thu Jul 16 06:52:34 PDT 2015 --  Shot.
Thu Jul 16 01:45:44 PDT 2015 --  Pimples pa. Hahahaha.
Thu Jul 16 01:13:01 PDT 2015 --  Lagnat.
Wed Jul 15 23:32:03 PDT 2015 --  "Know your limitations. Not everyone will understand you."
Wed Jul 15 23:17:13 PDT 2015 --  True https://twitter.com/LibraHoroscopee/status/621544810915217408 …
Wed Jul 15 19:00:05 PDT 2015 --  You may feel pressured to make a career move today as the Canc... More for Libra http://bit.ly/wvRgyF 
Wed Jul 15 07:16:46 PDT 2015 --  1 text 1 message 1 song 1 phone call 1 place 1 movie and 1 person Can change your mood in 1second.
Thu Jul 02 21:14:09 PDT 2015 --  I smile because I'm always thinking of you.
Wed Jul 15 06:17:00 PDT 2015 --  #Libra's are known for being fair and giving people the respect and credit deserve.
Wed Jul 15 06:16:08 PDT 2015 --  Wala sa pagpayat hahahaha. Motivation please?
Wed Jul 15 03:45:16 PDT 2015 --  Normal sa babae ang pagiging magulo sa desisyon.
Wed Jul 15 03:37:07 PDT 2015 --  Zumbaaaa.
Wed Jul 15 02:48:05 PDT 2015 --  FREE WIFI on house hahahaha
Wed Jul 15 02:47:37 PDT 2015 --  Mission accomplished. Wahahaha.
Wed Jul 15 01:51:03 PDT 2015 --  "We're getting stronger now from things they never found. They might be bigger but we're faster and never scared." - Taylor Swift
Wed Jul 15 01:01:01 PDT 2015 --  Sticky afternoon. Walang liguan hahaha
Wed Jul 15 00:59:49 PDT 2015 --  Operation Hacking. Hahahahaha
Tue Jul 14 22:22:11 PDT 2015 --  Hotness overload..
Tue Jul 14 19:00:05 PDT 2015 --  You can't seem to please your boss or your coworkers today no ... More for Libra http://bit.ly/wvRgyF 
Mon Jul 13 19:00:05 PDT 2015 --  Your current passion for your work is prompting you to take yo... More for Libra http://bit.ly/wvRgyF 
Sun Jul 12 19:00:05 PDT 2015 --  Motivating yourself these days can be a challenge because your... More for Libra http://bit.ly/wvRgyF 
Sat Jul 11 19:00:05 PDT 2015 --  You might put on quite the show today, naturally playing the r... More for Libra http://bit.ly/wvRgyF 
Sat Jul 11 07:45:11 PDT 2015 --  Limits.
Sat Jul 11 05:09:01 PDT 2015 --  Masarap magmahal basta mutual yung feeling!
Sat Jul 11 04:53:04 PDT 2015 --  Comfyyyy..
Fri Jul 10 19:00:05 PDT 2015 --  Your work is demanding more of your time these days, and being... More for Libra http://bit.ly/wvRgyF 
Thu Jul 09 19:00:05 PDT 2015 --  Making steady progress at work today leaves you with a feeling... More for Libra http://bit.ly/wvRgyF 
Wed Jul 08 19:00:05 PDT 2015 --  Your expectations may be outrageously unrealistic while sexy M... More for Libra http://bit.ly/wvRgyF 
Tue Jul 07 19:00:06 PDT 2015 --  Someone is pushing your buttons today and you're likely to tak... More for Libra http://bit.ly/wvRgyF 
Mon Jul 06 19:00:04 PDT 2015 --  You may experience a dilemma around what is public and what is... More for Libra http://bit.ly/wvRgyF 
Sun Jul 05 19:00:05 PDT 2015 --  You may be bewildered about which chores you should do today, ... More for Libra http://bit.ly/wvRgyF 
Sun Jul 05 06:27:00 PDT 2015 --  LUGAW PARTY!
Sun Jul 05 05:44:47 PDT 2015 --  #LUGAW https://instagram.com/p/4wUJ7tJ1j1/ 
Sat Jul 04 19:00:04 PDT 2015 --  Although you are eager for a play day, you're aware that the f... More for Libra http://bit.ly/wvRgyF 
Fri Jul 03 19:00:05 PDT 2015 --  Your playful mood frees you from the weighty issues that have ... More for Libra http://bit.ly/wvRgyF 
Thu Jul 02 19:00:04 PDT 2015 --  You might as well keep your glass slippers polished, since at ... More for Libra http://bit.ly/wvRgyF 
Wed Jul 01 19:00:05 PDT 2015 --  You could anticipate the future with such enthusiasm that you ... More for Libra http://bit.ly/wvRgyF 
Wed Jul 01 16:34:28 PDT 2015 --  Quezon in a bit.
Tue Jun 30 21:04:50 PDT 2015 --  Make the most of it
Tue Jun 30 21:04:09 PDT 2015 --  Let's work it out baby.
Tue Jun 30 20:40:20 PDT 2015 --  pic.twitter.com/Wyhioj1LzW
Tue Jun 30 20:47:57 PDT 2015 --  Pag-isipan muna lahat.
Tue Jun 30 20:47:11 PDT 2015 --  I still have one month vacation! Sulitin!
Tue Jun 30 19:00:05 PDT 2015 --  Your ingenious ideas empower you to convince others to collabo... More for Libra http://bit.ly/wvRgyF 
Mon Jun 29 19:00:05 PDT 2015 --  An unexpected opportunity comes as a total surprise today, so ... More for Libra http://bit.ly/wvRgyF 
Sun Jun 28 19:00:05 PDT 2015 --  You are edging toward taking a risk in the realm of love and r... More for Libra http://bit.ly/wvRgyF 
Fri Jun 26 11:26:37 PDT 2015 --  #NGOfacts Support for same-sex marriage in the U.S. rose from 37% in 2009 to 57% in May 2015. #LoveWins pic.twitter.com/yF9OG22JUO
Fri Jun 26 07:09:36 PDT 2015 --  Trusting you is my decision. Proving me right is your choice.
Sat Jun 27 22:31:27 PDT 2015 --  
Sat Jun 27 19:00:04 PDT 2015 --  You might nostalgically long for the good old days of cool obj... More for Libra http://bit.ly/wvRgyF 
Fri Jun 26 19:00:05 PDT 2015 --  Your mood continues to lift over the next few days, giving you... More for Libra http://bit.ly/wvRgyF 
Fri Jun 26 07:41:18 PDT 2015 --  Patience..
Fri Jun 26 07:40:53 PDT 2015 --  Ibibigay tlga sayo ni God lahat sa tamang panahon
Thu Jun 25 19:00:05 PDT 2015 --  Your vulnerability can complicate relationships as the reflect... More for Libra http://bit.ly/wvRgyF 
Thu Jun 25 17:10:58 PDT 2015 --  Lovelife + Work =
Wed Jun 24 19:00:05 PDT 2015 --  Seeking balance is a never-ending struggle, but this search fo... More for Libra http://bit.ly/wvRgyF 
Tue Jun 23 23:48:20 PDT 2015 --  Waiting.. #jurassicworld3d @ Sm Megamall Cinema 1 3D https://instagram.com/p/4TWnv8GEMe/ 
Tue Jun 23 20:02:13 PDT 2015 --  Off to somewhere https://instagram.com/p/4S8vc7GEPi/ 
Tue Jun 23 19:00:05 PDT 2015 --  It seems as if everyone has his or her particular idea of what... More for Libra http://bit.ly/wvRgyF 
Mon Jun 22 19:00:06 PDT 2015 --  Containing yourself is nearly impossible today even if you're ... More for Libra http://bit.ly/wvRgyF 
Mon Jun 22 08:46:10 PDT 2015 --  Galit si bi.
Sun Jun 21 19:00:05 PDT 2015 --  Blind optimism morphs into enlightened realism today as your b... More for Libra http://bit.ly/wvRgyF 
Sat Jun 20 19:00:05 PDT 2015 --  Your growing desire to be a part of a larger community motivat... More for Libra http://bit.ly/wvRgyF 
Fri Jun 19 19:00:05 PDT 2015 --  Although there is an action-packed day in store for you, it fe... More for Libra http://bit.ly/wvRgyF 
Fri Jun 19 10:24:33 PDT 2015 --  Yay!
Fri Jun 19 10:23:13 PDT 2015 --  Awesome!
Thu Jun 18 19:00:05 PDT 2015 --  Although you prefer being the cool-headed one that others can ... More for Libra http://bit.ly/wvRgyF 
Thu Jun 18 07:42:06 PDT 2015 --  Biii.
Wed Jun 17 19:00:05 PDT 2015 --  Your need to help others at work can make you feel indispensab... More for Libra http://bit.ly/wvRgyF 
Tue Jun 16 19:00:05 PDT 2015 --  You are highly motivated to let go of desires that only have a... More for Libra http://bit.ly/wvRgyF 
Mon Jun 15 19:00:05 PDT 2015 --  You're quick to take center stage today, especially if you're ... More for Libra http://bit.ly/wvRgyF 
Sun Jun 14 19:00:05 PDT 2015 --  One of your primary roads to personal growth is through your c... More for Libra http://bit.ly/wvRgyF 
Sat Jun 13 19:00:05 PDT 2015 --  You often excel at playing the diplomat, but peacekeeping isn'... More for Libra http://bit.ly/wvRgyF 
Sat Jun 13 01:51:32 PDT 2015 --  Ate K-an & Joey! #DreamWedding #powerful https://instagram.com/p/33P-fEGEAQ/ 
Fri Jun 12 19:00:05 PDT 2015 --  The romantic energy you're feeling could be overpowered today ... More for Libra http://bit.ly/wvRgyF 
Fri Jun 12 00:30:01 PDT 2015 --  Waiting....
Thu Jun 11 19:00:05 PDT 2015 --  Thoughts of an exotic journey have been floating around in you... More for Libra http://bit.ly/wvRgyF 
Wed Jun 10 19:00:05 PDT 2015 --  People seem impossible to read today. You might go out of your... More for Libra http://bit.ly/wvRgyF 
Wed Jun 10 03:09:12 PDT 2015 --  Where to go? #DoraDora
Wed Jun 10 03:05:01 PDT 2015 --  Kahit saan na lang abutin nang gabi! HAHAHA @bokiitaaa
Wed Jun 10 03:04:33 PDT 2015 --  Palaboy feels!
Tue Jun 09 19:00:08 PDT 2015 --  Comparing your idealistic fantasies with your current commitme... More for Libra http://bit.ly/wvRgyF 
Mon Jun 08 19:00:05 PDT 2015 --  Often you are blessed in having the Scales of Libra assisting ... More for Libra http://bit.ly/wvRgyF 
Mon Jun 08 15:13:19 PDT 2015 --  AdVice Ganda - Gusto mo bang malaman ang payo sa'yo ni Madam Bertud? Try mo 'to! http://www.funfunapps.com/apps/advice-ganda … #FunFunApps
Sun Jun 07 19:00:05 PDT 2015 --  Although you appear to be the quintessential friend today, you... More for Libra http://bit.ly/wvRgyF 
Sat Jun 06 19:00:05 PDT 2015 --  Managing your relationships may require kid gloves today as yo... More for Libra http://bit.ly/wvRgyF 
Fri Jun 05 19:00:05 PDT 2015 --  Your self-image may be distorted now; nevertheless, you believ... More for Libra http://bit.ly/wvRgyF 
Thu Jun 04 19:00:05 PDT 2015 --  Domestic obligations pull you away from your career responsibi... More for Libra http://bit.ly/wvRgyF 
Thu Jun 04 07:50:32 PDT 2015 --  https://instagram.com/p/3gt587GENp/ 
Thu Jun 04 07:07:47 PDT 2015 --  Cousins! #Reunited @ Buddy's Pizza, Tayabas Quezon https://instagram.com/p/3gpA2TGEE6/ 
Wed Jun 03 19:00:05 PDT 2015 --  You have grand expectations about what you want to accomplish ... More for Libra http://bit.ly/wvRgyF 
Tue Jun 02 19:00:05 PDT 2015 --  You may be questioning everything you know today, but the curr... More for Libra http://bit.ly/wvRgyF 
Mon Jun 01 19:00:05 PDT 2015 --  Your enthusiasm encourages you to start a new project today be... More for Libra http://bit.ly/wvRgyF 
Mon Jun 01 08:28:00 PDT 2015 --  Diko talaga maiwasang hindi mainggit pag nakikita ko to! Ang sarap mag-enroll ulit. Bakit kasi… https://instagram.com/p/3ZDzzYGEMf/ 
Mon Jun 01 07:18:35 PDT 2015 --  My view yesterday. #LastDayofSummer @ Paraiso Beach Resort https://instagram.com/p/3Y73V4mENu/ 
Mon Jun 01 01:58:07 PDT 2015 --  I posted a new photo to Facebook http://fb.me/1QpnwyXD3 
Mon Jun 01 01:58:06 PDT 2015 --  I posted a new photo to Facebook http://fb.me/7IQlySM7Y 
Mon Jun 01 01:58:04 PDT 2015 --  I posted a new photo to Facebook http://fb.me/41v5CQjqC 
Mon Jun 01 01:58:03 PDT 2015 --  I posted a new photo to Facebook http://fb.me/2Hd2d59dc 
Mon Jun 01 01:58:03 PDT 2015 --  I posted a new photo to Facebook http://fb.me/287js1wYJ 
Mon Jun 01 01:58:02 PDT 2015 --  I posted a new photo to Facebook http://fb.me/unIAJLbl 
Mon Jun 01 01:58:01 PDT 2015 --  I posted a new photo to Facebook http://fb.me/495fwcIGj 
Mon Jun 01 01:58:00 PDT 2015 --  I posted a new photo to Facebook http://fb.me/1Q7I2u6Xv 
Mon Jun 01 01:57:59 PDT 2015 --  I posted a new photo to Facebook http://fb.me/7eIPOGcY6 
Mon Jun 01 01:57:58 PDT 2015 --  I posted a new photo to Facebook http://fb.me/3OwXR2e0X 
Mon Jun 01 01:57:58 PDT 2015 --  I posted a new photo to Facebook http://fb.me/3UYSTzm5B 
Mon Jun 01 01:57:57 PDT 2015 --  I posted a new photo to Facebook http://fb.me/298hUHwAN 
Mon Jun 01 01:57:56 PDT 2015 --  I posted a new photo to Facebook http://fb.me/wvZJzyVd 
Mon Jun 01 01:57:56 PDT 2015 --  I posted a new photo to Facebook http://fb.me/7f3e4yGgW 
Mon Jun 01 01:57:55 PDT 2015 --  I posted a new photo to Facebook http://fb.me/6ELitWbmD 
Mon Jun 01 01:57:52 PDT 2015 --  I posted a new photo to Facebook http://fb.me/1XD2Xeg6o 
Mon Jun 01 01:57:51 PDT 2015 --  I posted a new photo to Facebook http://fb.me/34vH5Spwm 
Mon Jun 01 01:57:51 PDT 2015 --  I posted a new photo to Facebook http://fb.me/7qyvkn7TZ 
Mon Jun 01 01:57:50 PDT 2015 --  I posted a new photo to Facebook http://fb.me/1LuZPy70E 
Mon Jun 01 01:57:49 PDT 2015 --  I posted a new photo to Facebook http://fb.me/3SUoTTZEQ 
Mon Jun 01 01:57:48 PDT 2015 --  I posted a new photo to Facebook http://fb.me/7pA6WNGCV 
Mon Jun 01 01:57:46 PDT 2015 --  I posted a new photo to Facebook http://fb.me/7uyoK4ENS 
Mon Jun 01 01:57:45 PDT 2015 --  Super late upload! (Pahabol) http://fb.me/1UWCfcTf1 
Sun May 31 19:00:05 PDT 2015 --  You're resistant to people's advice today because everyone see... More for Libra http://bit.ly/wvRgyF 
Sun May 31 10:46:20 PDT 2015 --  
Sun May 31 10:35:01 PDT 2015 --  Partners in crime. @ Paraiso Beach Resort https://instagram.com/p/3WtjITmEKs/ 
Sun May 31 10:33:04 PDT 2015 --  https://instagram.com/p/3WtU59mEKH/ 
Sat May 30 19:00:05 PDT 2015 --  Money matters are on your mind today as the provocative Scorpi... More for Libra http://bit.ly/wvRgyF 
Fri May 29 19:00:05 PDT 2015 --  People have been so unpredictable lately that they may be gett... More for Libra http://bit.ly/wvRgyF 
Fri May 29 08:05:29 PDT 2015 --  
Fri May 29 08:03:48 PDT 2015 --  Hello again twitter.
Thu May 28 19:00:05 PDT 2015 --  You have a plethora of ingenious ideas that all seem worth pur... More for Libra http://bit.ly/wvRgyF 
Tue May 26 23:02:50 PDT 2015 --  see you all tmrw at pacific mall lucena 4pm! #ChinitaPrincessRoadTour
Wed May 27 19:00:05 PDT 2015 --  Just because you're not talking about your feelings today does... More for Libra http://bit.ly/wvRgyF 
Wed May 27 07:45:33 PDT 2015 --  Secretly inlove.
Tue May 26 19:00:05 PDT 2015 --  You may not appear any different from the outside today, but s... More for Libra http://bit.ly/wvRgyF 
Tue May 26 09:27:43 PDT 2015 --  I wanna give in.
Mon May 25 19:00:05 PDT 2015 --  You're stuck in the middle of conflicting strategies now, and ... More for Libra http://bit.ly/wvRgyF 
Sun May 24 19:00:05 PDT 2015 --  Your creative urges are stirring and it's wise to make the mos... More for Libra http://bit.ly/wvRgyF 
Sat May 23 19:00:04 PDT 2015 --  Making a long-term plan can be tough now because several thing... More for Libra http://bit.ly/wvRgyF 
Fri May 22 19:00:05 PDT 2015 --  Channeling your creativity into practical endeavors is critica... More for Libra http://bit.ly/wvRgyF 
Thu May 21 19:00:05 PDT 2015 --  You're ready to pack your bags and head out on a much-needed v... More for Libra http://bit.ly/wvRgyF 
Wed May 20 19:00:05 PDT 2015 --  Your path might be obscured today as you try to chart a course... More for Libra http://bit.ly/wvRgyF 
Tue May 19 19:00:05 PDT 2015 --  You want to proudly announce your plans for the next chapter o... More for Libra http://bit.ly/wvRgyF 
Mon May 18 19:00:05 PDT 2015 --  Courage is your secret weapon as the fixed Taurus New Moon for... More for Libra http://bit.ly/wvRgyF 
Sun May 17 19:00:05 PDT 2015 --  You may think you know the exact recipe to make your partner h... More for Libra http://bit.ly/wvRgyF 
Sat May 16 19:00:05 PDT 2015 --  It's a good omen when your friends encourage you to do the ver... More for Libra http://bit.ly/wvRgyF 
Fri May 15 19:00:05 PDT 2015 --  Others might be quick to support your efforts, even if you are... More for Libra http://bit.ly/wvRgyF 
Fri May 15 06:25:24 PDT 2015 --  And oooops.. Starting tomorrow ”English tweet only"! Gonna practice myself for the upcoming interview (1st time) Pls do correct me
Fri May 15 06:20:58 PDT 2015 --  Goodbye Manila tomorrow! I'm surely gonna miss this place even though the environment and temperature is hard to deal with.
Fri May 15 06:19:17 PDT 2015 --  Finally done with my OJT! Thanks God!
Fri May 15 03:56:26 PDT 2015 --  Missing my cat! I'll see you tomorrow. Mehe
Fri May 15 02:00:13 PDT 2015 --  Nakakatuwa @prinsesachinita retweeted my tweet! My favorite artist since PBB season 1! First time in… https://instagram.com/p/2sl2bLGEBM/ 
Fri May 15 01:19:49 PDT 2015 --  Hi @prinsesachinita :)) I really like you since the day you entered PBB! <3 Goodluck on your album! #ChinitaPrincessRadioTour
Fri May 15 01:02:38 PDT 2015 --  HAHAHAHAHAHA
Fri May 15 00:54:11 PDT 2015 --  Push through your limits! Yeaaaaah
Fri May 15 00:46:59 PDT 2015 --  That unexpected moment! Hahahahaha.
Thu May 14 22:57:40 PDT 2015 --  pic.twitter.com/USEcbqAM03
Thu May 14 23:04:02 PDT 2015 --  #Libra gets irritated by rhetorical and stupid questions.
Thu May 14 22:55:21 PDT 2015 --  Kmusta yung application mo sa ibm? @janjanpots
Thu May 14 22:09:43 PDT 2015 --  Interview scheduled! Yaaas. May 20 :)
Thu May 14 21:18:27 PDT 2015 --  May twitter na si Rakky! Hahahahaha. Follow nyo guys. @janjanpots
Thu May 14 21:02:09 PDT 2015 --  Hindi ako abot sa hagisan nang suman bukas. Tsk
Thu May 14 21:01:24 PDT 2015 --  I want sweets. Pleaseeeee.
Thu May 14 20:58:03 PDT 2015 --  Craving for http://J.co 
Thu May 14 19:00:05 PDT 2015 --  Letting everyone know how you feel isn't all that complicated ... More for Libra http://bit.ly/wvRgyF 
Thu May 14 03:45:37 PDT 2015 --  Rain.
Thu May 14 03:13:22 PDT 2015 --  Last day tomorrow!!!!
Wed May 13 21:08:43 PDT 2015 --  Kinikilig ako nang bongga!
Wed May 13 21:07:44 PDT 2015 --  My lovely girl.
Wed May 13 19:00:06 PDT 2015 --  Your energy is all over the map today, making it difficult to ... More for Libra http://bit.ly/wvRgyF 
Tue May 12 21:52:20 PDT 2015 --  Turtle net!
Tue May 12 19:37:59 PDT 2015 --  Groggy ang internet connection! HAHAHA
Tue May 12 19:00:06 PDT 2015 --  Focusing on your work isn't a simple task today because your m... More for Libra http://bit.ly/wvRgyF 
Tue May 12 06:14:12 PDT 2015 --  #ForevermoreManOfSteel Alex is Havey kahit waley!
Tue May 12 06:03:59 PDT 2015 --  Stolen kunwari. #VainKineme https://instagram.com/p/2lTbf1GEFK/ 
Tue May 12 06:01:46 PDT 2015 --  Di pdn ako maka move-on. Hahahaha. https://instagram.com/p/2lTLQxGEEs/ 
Tue May 12 03:28:54 PDT 2015 --  #PSHRPremiereNight parang gusto ko makipag siksikan ngayon sa Megamall! Hahahaha.
Tue May 12 03:02:06 PDT 2015 --  #PSHRPremiereNight na! Hahahaha yung ang lapit lapit ko lang sa megamall pero wala naman akong kasama. Awtsuen. -.-
Tue May 12 02:09:05 PDT 2015 --  http://expertsacad.com/training.php 
Tue May 12 01:50:19 PDT 2015 --  ME RIGHT NOW: *scroll down* *scroll down* *scroll down* *scroll down* *scroll down* *retweet* *scroll down* *scroll down* *favorite*
Tue May 12 01:37:52 PDT 2015 --  Ang dami ko pang gustong gawin! Waaaaaaah.
Mon May 11 20:28:00 PDT 2015 --  Tadhana. ♪♫
Mon May 11 20:17:01 PDT 2015 --  #Libras are like human lie detectors. So you should always be honest with them.
Mon May 11 19:49:37 PDT 2015 --  #PSHRPremiereNight Manuod kaya? Hahaha! :)
Mon May 11 19:03:45 PDT 2015 --  3 more days! HAHAHA
Mon May 11 19:00:05 PDT 2015 --  Your friend or coworker places you in an uncomfortable positio... More for Libra http://bit.ly/wvRgyF 
Mon May 11 06:05:22 PDT 2015 --  Home. Thanks god!
Mon May 11 02:51:09 PDT 2015 --  "Show no emotion. Feel no pain."
Mon May 11 02:40:12 PDT 2015 --  Naaasar na natatawa ako sa mga soundtrip dto. Hahaha.
Mon May 11 02:15:30 PDT 2015 --  Pag malapit na mag-out bglang tumataas yung energy ko! Hahahaha :D
Mon May 11 01:52:13 PDT 2015 --  2 hours pa! Ang haba nang oras pag naiinip ka!
Mon May 11 01:34:07 PDT 2015 --  Really don't know.
Mon May 11 01:17:40 PDT 2015 --  Kung kelan malapit na saka pa ako naiinip! Tsk.
Sun May 10 23:21:02 PDT 2015 --  Kaantok!
Sun May 10 22:30:18 PDT 2015 --  Me on Vacation: Hanging out with Internet all day.
Sun May 10 21:44:52 PDT 2015 --  Even the best fall down sometimes!
Sun May 10 21:28:41 PDT 2015 --  LUNCH!
Sun May 10 19:36:22 PDT 2015 --  I want a dog!
Fri Apr 24 22:17:32 PDT 2015 --  I hate when I'm singing a song and someone corrects me... Bitch, what If I was freestyling?
Sun May 10 19:00:05 PDT 2015 --  You may have a mother-hen complex; you want to take care of ev... More for Libra http://bit.ly/wvRgyF 
Sun May 10 18:40:47 PDT 2015 --  Cool.. https://twitter.com/SoMadMom/status/595151136602005504 …
Sun May 10 18:39:03 PDT 2015 --  Abot pa kaya ako sa summer?
Sun May 10 18:04:11 PDT 2015 --  Goodmormning. last 4 days!
Sun May 10 01:45:26 PDT 2015 --  She's dating the gangster.
Sat May 09 19:00:04 PDT 2015 --  Unfinished projects at work or home weigh heavily on your mind... More for Libra http://bit.ly/wvRgyF 
Sat May 09 01:55:29 PDT 2015 --  Konting araw pa! Matatapos na. Hays
Sat May 09 01:54:59 PDT 2015 --  Napapa buntong hininga na lang.
Fri May 08 19:00:05 PDT 2015 --  An intense domestic predicament might require your immediate a... More for Libra http://bit.ly/wvRgyF 
Fri May 08 03:06:40 PDT 2015 --  Kitang-kita namang mas karapat-dapat ako. Ako ang tunay na nababagay sa’yo ♪ ♫
Fri May 08 02:05:06 PDT 2015 --  HAHAHA truly https://twitter.com/MgaPatama/status/596601286209843200 …
Fri May 08 01:50:25 PDT 2015 --  FRIDAY! Hooo!
Thu May 07 21:58:47 PDT 2015 --  Blablabla
Thu May 07 21:51:27 PDT 2015 --  I need a love that grows. ♪ ♫
Thu May 07 20:48:33 PDT 2015 --  Napaka pa-FAMOUS mo kuya! Ayy ate pla? Haha
Thu May 07 19:49:26 PDT 2015 --  Aw aw aw
Thu May 07 19:25:06 PDT 2015 --  Meow! Biglaang shot! https://instagram.com/p/2Z3IsVGECl/ 
Thu May 07 19:00:06 PDT 2015 --  You're determined to complete your work but no matter how prac... More for Libra http://bit.ly/wvRgyF 
Thu May 07 18:57:16 PDT 2015 --  Pag-isipan mong mabuti lahat, ang ibibigay ko'y higit pa sa sapat.. Na-LSS na din ako! Hahaha.
Thu May 07 17:58:11 PDT 2015 --  pic.twitter.com/hEL59Waa8G
Thu May 07 17:58:12 PDT 2015 --  Goodmorning friday! :)))
Thu May 07 03:43:56 PDT 2015 --  Uwian na! Yey
Thu May 07 02:50:58 PDT 2015 --  HAHAHAHA https://twitter.com/Senyora/status/596250522060881921 …
Thu May 07 02:50:42 PDT 2015 --  Best part of the day? Its when the small hand of the clock is at 7! Means: Uwian na!
Thu May 07 02:21:20 PDT 2015 --  Friday tomorrow <3
Thu May 07 01:16:29 PDT 2015 --  I can't read my fb messages,what the hell is the problem. tsk
Thu May 07 01:00:16 PDT 2015 --  QTP2T! Mogu-mogu. @ OMM-CITRA https://instagram.com/p/2X4spdGEMv/ 
Thu May 07 00:56:44 PDT 2015 --  I can feel you friday! Yey. Closer...
Thu May 07 00:56:06 PDT 2015 --  Most of the times.... https://twitter.com/BestofLibra/status/596221849492725761 …
Wed May 06 22:30:14 PDT 2015 --  With ate mharychriz na matalino, maganda, mabait at walang kapintasan sa sarili! Hahaha. @ SM Mall… https://instagram.com/p/1s9YHkGEJJ/ 
Wed May 06 22:28:24 PDT 2015 --  With my loves! Mother and sisters. @ Marquee Mall Angeles City, Pampanga https://instagram.com/p/1s92RWGEKH/ 
Wed May 06 22:28:11 PDT 2015 --  Summer 2k15! 4 days to go. @ Rainforest park https://instagram.com/p/1cCoZfmEGl/ 
Wed May 06 22:27:45 PDT 2015 --  Late upload of pictures galing sa IG! HAHA Wala kasing mgwa. Nakakainip tlga. Syeeetttttt!
Wed May 06 22:26:43 PDT 2015 --  Friendship goals. @ Manuel S Envarga University Foundation https://instagram.com/p/1aWLZfmEDO/ 
Wed May 06 22:26:28 PDT 2015 --  1, 2, 3 Click! @ Miracle Art https://instagram.com/p/1s-AT_mEKd/ 
Wed May 06 22:26:18 PDT 2015 --  Just posted a photo @ Baclaran Church https://instagram.com/p/1hcoyVGEAR/ 
Wed May 06 22:25:55 PDT 2015 --  https://instagram.com/p/2GdFDXGEAw/ 
Wed May 06 22:25:46 PDT 2015 --  Dp. https://instagram.com/p/2QzPtWGEEl/ 
Wed May 06 21:59:09 PDT 2015 --  Retweet sa mga tinatamad
Wed May 06 21:48:54 PDT 2015 --  Atleast I learned.
Wed May 06 19:00:05 PDT 2015 --  Yesterday's uplifting ideas may be today's headaches. It's as ... More for Libra http://bit.ly/wvRgyF 
Wed May 06 18:13:55 PDT 2015 --  Konting push pa! Huehue. I really wanna go home! :(
Wed May 06 07:35:42 PDT 2015 --  7 daysss!
Wed May 06 07:35:13 PDT 2015 --  Goodnight!
Wed May 06 01:55:47 PDT 2015 --  Sana lumipad yung oras ppntang May 15! HAHAHA
Wed May 06 00:17:53 PDT 2015 --  Sleepyheads.
Sun Aug 24 00:38:35 PDT 2014 --  If Apple, Samsung and Nokia were taking an exam pic.twitter.com/UHmC9KWI9u
Tue May 05 21:43:14 PDT 2015 --  The #HowOldRobot guesses how old you look using Machine Learning. http://how-old.net 
Tue May 05 21:29:01 PDT 2015 --  Another day, another gift from God.
Tue May 05 05:30:03 PDT 2015 --  Visit...thegospeldaily.com and sign-up for our daily emails. Come on all your friends are doing it. Why aren't you? pic.twitter.com/ClULAPO1y1
Tue May 05 19:00:08 PDT 2015 --  Your creativity is flowing from the unseen depths of your mind... More for Libra http://bit.ly/wvRgyF 
Tue May 05 18:11:19 PDT 2015 --  Sana may 15 na agad! HAHAHA
Tue May 05 18:11:06 PDT 2015 --  TIME MACHINE PLEASSSSE!
Tue May 05 17:39:58 PDT 2015 --  UNCOMFORTABLE!
Tue May 05 17:38:21 PDT 2015 --  May masasabi at masasabi parin! Hayssss. Nakakahiya!
Tue May 05 17:36:25 PDT 2015 --  Sabi na. Tsss!
Tue May 05 00:01:06 PDT 2015 --  4 hours paaaaaaaaaaaaaaaaaaaaaaaa -.-
Mon May 04 23:34:01 PDT 2015 --  Twins. #JustLikeYourMother https://instagram.com/p/2Sk1dBGEKx/ 
Mon May 04 20:05:41 PDT 2015 --  I HATE YOU NAV! Ang hirap mong intindihin. Sakit sa bangs.
Mon May 04 20:05:16 PDT 2015 --  Credit Memos -.- Tsk
Mon May 04 19:00:05 PDT 2015 --  Your vision of the future is wide open today; you feel as if t... More for Libra http://bit.ly/wvRgyF 
Mon May 04 18:49:43 PDT 2015 --  Gusto ko na talagang umuwi nang Quezon. Agad-agad!
Mon May 04 18:05:07 PDT 2015 --  Goodmorning. 8 more days! Waaaaah.
Mon May 04 02:53:02 PDT 2015 --  Maybe You’re The Problem: 8 Reasons Why Love Isn’t Working Out For You http://elitedaily.com/dating/8-reasons-will-never-work-romantically/760063/ … via @EliteDaily
Tue Apr 21 05:50:42 PDT 2015 --  6 am: tired 9 am: tired 11 am: tired 3 pm: tired 5 pm: tired 7 pm: tired 9 pm: tired bed time: ENNNNEERRGGYY
Mon May 04 02:35:16 PDT 2015 --  SLEEPY
Mon May 04 01:16:52 PDT 2015 --  Headache!
Mon May 04 01:13:23 PDT 2015 --  Tweet tweet tweet!
Mon May 04 00:29:15 PDT 2015 --  9 days pa! Mababaliw na ako hahahaha
Sun May 03 23:52:10 PDT 2015 --  JEJE DAYS sucks.
Sun May 03 23:51:47 PDT 2015 --  Looking back to my old photos be like (WTF Happened?) Hahaha
Sun May 03 23:49:57 PDT 2015 --  Pain changed me a lot.
Sun May 03 23:30:03 PDT 2015 --  Hayahay. Bibigay na ang aking mga mata -.-
Sun May 03 22:51:30 PDT 2015 --  Miss ko na yung mga kaklase ko. Huehue
Sun May 03 21:21:01 PDT 2015 --  WHAT IF... pic.twitter.com/Qr5vCqqkEU
Sun May 03 21:28:51 PDT 2015 --  Hayss
Sun May 03 21:01:42 PDT 2015 --  Awts https://twitter.com/GirlsBibIe/status/595072540709494785 …
Sun May 03 20:19:02 PDT 2015 --  Daydreaming!
Sun May 03 20:17:01 PDT 2015 --  When a #Libra is quiet, it means they are thinking how to get what they want.
Sun May 03 19:36:14 PDT 2015 --  Ang bagal nang oras! Bakit?????
Sun May 03 19:14:13 PDT 2015 --  HAHAHA ate Mharychriz panuodin mo to! :D http://fb.me/6whehp4Li 
Sun May 03 19:01:34 PDT 2015 --  HAHAHAHAHA. http://fb.me/1FtS5vbsA 
Sun May 03 19:00:05 PDT 2015 --  Just because you have a tough time making up your mind sometim... More for Libra http://bit.ly/wvRgyF 
Sun May 03 18:01:33 PDT 2015 --  MAY 15!
Sun May 03 17:53:00 PDT 2015 --  10 days pa. Hooo!
Sun May 03 17:31:22 PDT 2015 --  EA <3 #YFSFLevelUp
Sun May 03 17:23:40 PDT 2015 --  Good morning. Another boring day for me.
Sun May 03 03:03:50 PDT 2015 --  "No rematch as Pacquiao won't ever beat Mayweather anyway," - Floyd Sr. Definitely no rematch for Mayweather is not worthy of a competitor.
Sat May 02 21:56:05 PDT 2015 --  Mayweather wins the title. Pacquiao wins the hearts. #IsangBayanParaKayPacman
Sat May 02 21:57:19 PDT 2015 --  Mayweather wins the title. Pacquiao wins the hearts. #IsangBayanParaKayPacman #RT
Sat May 02 21:56:12 PDT 2015 --  Bad game
Sat May 02 21:55:19 PDT 2015 --  Sadddddddddddddd
Sat May 02 21:54:06 PDT 2015 --  Manny -.-
Sat May 02 21:48:24 PDT 2015 --  Ang galing ni Manny Magaling din naman si Mayweather but he ain't ever gonna be as brave as pacman
Sat May 02 04:21:05 PDT 2015 --  We’re one with the whole nation in supporting you, @MannyPacquiao! Don’t sweat it, #WeWontLetYouDown! #LabanManny pic.twitter.com/NofFX6EKj8
Sat May 02 19:00:05 PDT 2015 --  Maintaining an objective approach to life isn't straightforwar... More for Libra http://bit.ly/wvRgyF 
Sat May 02 07:03:59 PDT 2015 --  MAINIT! — feeling hot at Pinagbuhatan, Pasig City http://fb.me/5cvJIFaf5 
Fri May 01 19:56:18 PDT 2015 --  I've been hurt so bad and I still love so hard. I admire my heart for that.
Fri May 01 19:00:05 PDT 2015 --  People may be tugging at you from different directions with th... More for Libra http://bit.ly/wvRgyF 
Fri May 01 04:21:44 PDT 2015 --  FLASHBACK. </3
Thu Apr 30 22:30:50 PDT 2015 --  Nag-iinarte lang. https://twitter.com/AboutLibras/status/593954748371435520 …
Thu Apr 30 19:00:05 PDT 2015 --  Behaving in a practical manner can be tricky business while ro... More for Libra http://bit.ly/wvRgyF 
Thu Apr 30 03:46:15 PDT 2015 --  Sipon! Grrr. Di nko makahinga e. Tssk
Thu Apr 30 03:33:35 PDT 2015 --  Twitter is like my diary, I express my feelings by tweeting.
Thu Apr 30 02:57:29 PDT 2015 --  Thank you Lord, kahit hindi pa positive yung result sa mga initial interviews atleast I had a great experience. Ganito pala yung feeling :)
Thu Apr 30 02:54:33 PDT 2015 --  Hooooo! Dalawang tawag na ang narereceive ko ngayong araw nato.
Thu Apr 30 01:22:11 PDT 2015 --  Feelings are just visitors, let them come and go.
Thu Apr 30 01:04:52 PDT 2015 --  "Spiritu ng KASIPAGAN, SAPIAN mo ako."
Wed Apr 29 23:47:36 PDT 2015 --  Curious!!!
Wed Apr 29 23:42:32 PDT 2015 --  SANA SANA SANA!
Wed Apr 29 23:37:36 PDT 2015 --  Kinakabahan pa din ako hanggang ngayon. Hahaha medyo wrong timing ang pgkaka tawag!
Wed Apr 29 23:28:18 PDT 2015 --  Sana positive lang lahat. Hayyyyyyyyyy
Wed Apr 29 23:27:51 PDT 2015 --  Waaaahh tumawag yung IBM! Di ako prepared. My god!
Wed Apr 29 23:15:33 PDT 2015 --  Unexpected call! Grabe napa-English ako nang wala sa oras. Di ako prepared!!! — feeling nervous
Wed Apr 29 18:49:14 PDT 2015 --  Para sa pusong muling umasa, ngunit tinalikuran. At lalong dinurog ng matinding pangungulila... 🏻 #ForevermoreDurog pic.twitter.com/nUmmatU6pH
Wed Apr 29 20:12:52 PDT 2015 --  Sometimes you just need to wait and pray.
Wed Apr 29 20:00:32 PDT 2015 --  Hayst. Another boring day. Tsk.
Wed Apr 29 19:00:05 PDT 2015 --  You don't like it when someone prods you into doing something ... More for Libra http://bit.ly/wvRgyF 
Wed Apr 29 04:24:49 PDT 2015 --  "It's not a boring life. It's just a boring day."
Wed Apr 29 04:23:15 PDT 2015 --  GUSTO KO NANG MATAPOS. HAHAHAHA
Wed Apr 29 04:11:03 PDT 2015 --  EDI WOW!
Wed Apr 29 04:03:28 PDT 2015 --  Age 4: I love Mommy. Age 16: I HATE HER. Age 20: Mom was right. Age 57: I wish my Mom was still here. Retweet if you love your Mom.
Wed Apr 29 02:43:21 PDT 2015 --  PRESSURED
Wed Apr 29 02:16:29 PDT 2015 --  Kailangan ko nang load!
Wed Apr 29 02:05:39 PDT 2015 --  UMAY NA!
Wed Apr 29 00:09:02 PDT 2015 --  #StarSignFacts: Libra believes in the sense of fair play.
Tue Apr 28 23:14:40 PDT 2015 --  I'm using Viber to make free phone calls and send free messages on my Android phone http://www.viber.com/dl 
Tue Apr 28 22:47:02 PDT 2015 --  HAHA https://twitter.com/MgaPatama/status/593287871248740354 …
Tue Apr 28 22:32:42 PDT 2015 --  The Pain Of Falling For A Guy Who Only ‘Kinda’ Likes You http://elitedaily.com/dating/pain-falling-guy-kinda-likes/923946/ … via @EliteDaily
Tue Apr 28 21:55:25 PDT 2015 --  NGANGA!
Thu Feb 26 11:56:22 PST 2015 --  Cheddar Bacon Waffle Fries pic.twitter.com/bEndg9054S
Tue Apr 28 21:52:19 PDT 2015 --  I want.. https://twitter.com/FoodPornAddicts/status/582972361059803137 …
Tue Apr 28 21:47:25 PDT 2015 --  Sana mag brown-out o kaya mawalan ng connection kahit hanggang bukas lang! (Evil laughs)
Tue Apr 28 21:46:23 PDT 2015 --  GUSTO KO NANG UMUWI HAHAHA.
Tue Apr 28 20:59:22 PDT 2015 --  NAKAKAUMAY
Tue Apr 28 19:25:48 PDT 2015 --  "The worst feeling in the world is knowing you've been used and lied to."
Tue Apr 28 19:00:06 PDT 2015 --  You can take a good idea too far this week because your imagin... More for Libra http://bit.ly/wvRgyF 
Mon Apr 27 22:42:28 PDT 2015 --  Two weeks pa -.-
Mon Apr 27 22:31:11 PDT 2015 --  BORED
Mon Apr 27 22:29:38 PDT 2015 --  NULL
Mon Apr 27 19:00:07 PDT 2015 --  You are determined to clarify your goals and establish priorit... More for Libra http://bit.ly/wvRgyF 
Mon Apr 27 07:07:04 PDT 2015 --  Edi wow!
Mon Apr 27 03:31:50 PDT 2015 --  Awdiiiii. https://twitter.com/OhSaklapFriend/status/592637110005460992 …
Mon Apr 27 01:46:11 PDT 2015 --  "My friends are my second family."
Mon Apr 27 02:07:34 PDT 2015 --  Bitter padin sakn? Hahaha.
Mon Apr 27 00:19:27 PDT 2015 --  Nakaka antok sa office. Tsk.
Mon Apr 27 00:17:30 PDT 2015 --  True https://twitter.com/LibrongPatama/status/592572377793331200 …
Sun Apr 26 23:48:42 PDT 2015 --  I'm not perfect, but at least I know who I am.
Mon Apr 27 00:10:43 PDT 2015 --  Walang forever!
Mon Apr 27 00:10:27 PDT 2015 --  HAHAHAHA
Sun Apr 26 22:05:30 PDT 2015 --  I posted 4 photos on Facebook in the album "Gala pa more!" http://fb.me/3QAdswKTu 
Sun Apr 26 19:00:05 PDT 2015 --  Knowing what to expect from a relationship can make the differ... More for Libra http://bit.ly/wvRgyF 
Sat Apr 25 19:00:05 PDT 2015 --  You are eager to enjoy the benefits of spending time with a sp... More for Libra http://bit.ly/wvRgyF 
Fri Apr 24 19:00:05 PDT 2015 --  Although everyone thinks you're busy working, you may be spend... More for Libra http://bit.ly/wvRgyF 
Thu Apr 23 19:00:06 PDT 2015 --  Your hopes and dreams color your thought process today. You co... More for Libra http://bit.ly/wvRgyF 
Thu Apr 23 02:16:34 PDT 2015 --  Gusto ko na din umuwi. Tsss.
Thu Apr 23 02:13:10 PDT 2015 --  NAKAKAPANIBAGO.
Thu Apr 23 02:12:31 PDT 2015 --  Miss ko sila, huehue.
Wed Apr 22 19:44:38 PDT 2015 --  Mixed emotions. Ingat pag-uwi guys. Hahaha. — feeling sad
Wed Apr 22 19:00:05 PDT 2015 --  Opportunities for growth pop up everywhere you go today. Resou... More for Libra http://bit.ly/wvRgyF 
Tue Apr 21 19:00:09 PDT 2015 --  Maintaining concentration can be tricky early today because it... More for Libra http://bit.ly/wvRgyF 
Mon Apr 20 19:00:05 PDT 2015 --  Your curiosity could very well get the best of you today as yo... More for Libra http://bit.ly/wvRgyF 
Mon Apr 20 08:20:59 PDT 2015 --  I posted a new photo to Facebook http://fb.me/3OOeTCWTB 
Mon Apr 20 08:20:58 PDT 2015 --  Simple celebration! :) http://fb.me/tcMQXH8k 
Mon Apr 20 08:20:57 PDT 2015 --  I posted a new photo to Facebook http://fb.me/3SAJgPHw5 
Mon Apr 20 08:20:57 PDT 2015 --  I posted a new photo to Facebook http://fb.me/28hbiy55x 
Mon Apr 20 08:20:56 PDT 2015 --  I posted a new photo to Facebook http://fb.me/25WCzSrf6 
Mon Apr 20 08:20:55 PDT 2015 --  I posted a new photo to Facebook http://fb.me/2tfvZSSFh 
Mon Apr 20 08:20:55 PDT 2015 --  I posted a new photo to Facebook http://fb.me/1S4z37fDC 
Mon Apr 20 08:20:54 PDT 2015 --  I posted a new photo to Facebook http://fb.me/4ytPumsrd 
Sun Apr 19 19:00:05 PDT 2015 --  Planning your next exciting adventure is lots of fun, especial... More for Libra http://bit.ly/wvRgyF 
Sat Apr 18 19:00:05 PDT 2015 --  Seeking balance in relationships is one of your primary direct... More for Libra http://bit.ly/wvRgyF 
Sat Apr 18 04:55:52 PDT 2015 --  Yung nag tanong ka lang, tapos hugot sagot nila.
Sat Apr 18 05:01:15 PDT 2015 --  I hate goodbyes!
Sat Apr 18 05:00:30 PDT 2015 --  
Fri Apr 17 19:00:05 PDT 2015 --  A current decision could be a critical turning point on your p... More for Libra http://bit.ly/wvRgyF 
Fri Apr 17 09:29:11 PDT 2015 --  Yan kasi yung mahirap eh. Naging sweet lang sayo akala mo gusto ka na din niya. Kaya sa huli ikaw yung nasasaktan.
Wed Apr 15 05:45:20 PDT 2015 --  Pain changes people, but it also makes them stronger.
Fri Apr 17 07:09:20 PDT 2015 --  https://twitter.com/WomensEmpire/status/588351564856754176 …
Fri Apr 17 06:07:14 PDT 2015 --  "Yung moment na sa twitter mo lang nailalabas yung feelings mo."
Fri Apr 17 07:00:14 PDT 2015 --  Last day!
Fri Apr 17 06:59:53 PDT 2015 --  Mixed emotions.
Fri Apr 17 04:37:33 PDT 2015 --  I posted a new photo to Facebook http://fb.me/6uuEZraip 
Fri Apr 17 04:37:32 PDT 2015 --  I posted a new photo to Facebook http://fb.me/3ELCDB4Js 
Fri Apr 17 04:37:32 PDT 2015 --  I posted a new photo to Facebook http://fb.me/36h96GzXF 
Fri Apr 17 04:37:32 PDT 2015 --  I posted a new photo to Facebook http://fb.me/7kjHM6CON 
Fri Apr 17 04:37:32 PDT 2015 --  I posted a new photo to Facebook http://fb.me/7awLsnTpV 
Fri Apr 17 04:37:32 PDT 2015 --  I posted a new photo to Facebook http://fb.me/7kw97pGwY 
Fri Apr 17 04:37:32 PDT 2015 --  I posted a new photo to Facebook http://fb.me/7oJVbqywt 
Fri Apr 17 04:37:32 PDT 2015 --  I posted a new photo to Facebook http://fb.me/1HlV2AzzB 
Fri Apr 17 04:37:31 PDT 2015 --  I posted a new photo to Facebook http://fb.me/2t8anNclM 
Fri Apr 17 04:37:31 PDT 2015 --  I posted a new photo to Facebook http://fb.me/3O6gUbNn0 
Fri Apr 17 04:37:31 PDT 2015 --  I posted a new photo to Facebook http://fb.me/3DM6Vu1eD 
Fri Apr 17 04:37:30 PDT 2015 --  I posted a new photo to Facebook http://fb.me/7buiLl64V 
Fri Apr 17 04:37:30 PDT 2015 --  I posted a new photo to Facebook http://fb.me/1SVtLPjia 
Fri Apr 17 04:37:29 PDT 2015 --  I posted a new photo to Facebook http://fb.me/56c8Yjrq3 
Fri Apr 17 04:31:05 PDT 2015 --  I posted a new photo to Facebook http://fb.me/3NfruPWhJ 
Fri Apr 17 04:31:04 PDT 2015 --  I posted a new photo to Facebook http://fb.me/7zd0CUqBG 
Fri Apr 17 04:31:03 PDT 2015 --  I posted a new photo to Facebook http://fb.me/5bRCZwWDA 
Fri Apr 17 04:31:03 PDT 2015 --  I posted a new photo to Facebook http://fb.me/3Pt2GNecY 
Fri Apr 17 04:31:03 PDT 2015 --  I posted a new photo to Facebook http://fb.me/7sOowWR0x 
Fri Apr 17 04:31:03 PDT 2015 --  I posted a new photo to Facebook http://fb.me/6piz41K7p 
Fri Apr 17 04:31:02 PDT 2015 --  I posted a new photo to Facebook http://fb.me/1CF4nUhgT 
Fri Apr 17 04:31:02 PDT 2015 --  I posted a new photo to Facebook http://fb.me/4i191XLzk 
Fri Apr 17 04:31:02 PDT 2015 --  I posted a new photo to Facebook http://fb.me/8n5UppCjp 
Fri Apr 17 04:31:02 PDT 2015 --  I posted a new photo to Facebook http://fb.me/7lO7LZzDD 
Fri Apr 17 04:31:02 PDT 2015 --  I posted a new photo to Facebook http://fb.me/6jJJnMAiI 
Fri Apr 17 04:31:02 PDT 2015 --  I posted a new photo to Facebook http://fb.me/3Q318ywgc 
Fri Apr 17 04:31:02 PDT 2015 --  I posted a new photo to Facebook http://fb.me/2VjPoWL4W 
Fri Apr 17 04:31:01 PDT 2015 --  I posted a new photo to Facebook http://fb.me/3MkTctA1V 
Fri Apr 17 04:31:01 PDT 2015 --  I posted a new photo to Facebook http://fb.me/4hxAopczW 
Fri Apr 17 04:31:01 PDT 2015 --  I posted a new photo to Facebook http://fb.me/2vkiOhJ6i 
Fri Apr 17 04:31:01 PDT 2015 --  I posted a new photo to Facebook http://fb.me/3tmFNTH9G 
Fri Apr 17 04:31:00 PDT 2015 --  I posted a new photo to Facebook http://fb.me/2LBovLQCT 
Fri Apr 17 04:31:00 PDT 2015 --  I posted a new photo to Facebook http://fb.me/3GyCsxde5 
Fri Apr 17 04:31:00 PDT 2015 --  I posted a new photo to Facebook http://fb.me/1ZnggGK0r 
Fri Apr 17 04:31:00 PDT 2015 --  I posted a new photo to Facebook http://fb.me/6w5XhS1Di 
Fri Apr 17 04:31:00 PDT 2015 --  I posted a new photo to Facebook http://fb.me/6lgOtDa4x 
Fri Apr 17 04:30:59 PDT 2015 --  I posted a new photo to Facebook http://fb.me/6yRoNTnqa 
Fri Apr 17 04:30:59 PDT 2015 --  I posted a new photo to Facebook http://fb.me/3UAhhR5kJ 
Fri Apr 17 04:30:59 PDT 2015 --  I posted a new photo to Facebook http://fb.me/1FbhO1NU2 
Fri Apr 17 04:30:59 PDT 2015 --  I posted a new photo to Facebook http://fb.me/1YFJa6LCM 
Fri Apr 17 04:30:59 PDT 2015 --  I posted a new photo to Facebook http://fb.me/1EfAlEPMc 
Fri Apr 17 04:30:59 PDT 2015 --  I posted a new photo to Facebook http://fb.me/45iPNKurc 
Fri Apr 17 04:30:58 PDT 2015 --  I posted a new photo to Facebook http://fb.me/7y9TlrDKY 
Fri Apr 17 04:30:58 PDT 2015 --  I posted a new photo to Facebook http://fb.me/282Yseu5n 
Thu Apr 16 19:00:05 PDT 2015 --  You have many tasks on your to-do list today and it's a smart ... More for Libra http://bit.ly/wvRgyF 
Wed Apr 15 19:00:06 PDT 2015 --  You can be your own worst enemy today, although you could clev... More for Libra http://bit.ly/wvRgyF 
Wed Apr 15 08:03:41 PDT 2015 --  Hahaha https://twitter.com/Senyora/status/588355947422035968 …
Tue Apr 14 19:00:09 PDT 2015 --  Although you might wake up with a specific agenda, you may shi... More for Libra http://bit.ly/wvRgyF 
Mon Apr 13 19:00:05 PDT 2015 --  Unexpected opportunities for pleasure seem to appear out of no... More for Libra http://bit.ly/wvRgyF 
Sun Apr 12 19:00:05 PDT 2015 --  You might have idealistic visions about your future, but your ... More for Libra http://bit.ly/wvRgyF 
Sun Apr 12 16:32:51 PDT 2015 --  I posted a new photo to Facebook http://fb.me/3Ze8N9lB0 
Sun Apr 12 16:32:51 PDT 2015 --  I posted a new photo to Facebook http://fb.me/2EUomiYks 
Sun Apr 12 16:32:51 PDT 2015 --  I posted a new photo to Facebook http://fb.me/46fQLH7XV 
Sun Apr 12 00:20:19 PDT 2015 --  I posted a new photo to Facebook http://fb.me/447HJGKSw 
Sun Apr 12 00:20:18 PDT 2015 --  I posted a new photo to Facebook http://fb.me/7blMTkZsm 
Sun Apr 12 00:20:18 PDT 2015 --  I posted a new photo to Facebook http://fb.me/4fvMdmym8 
Sun Apr 12 00:20:18 PDT 2015 --  I posted a new photo to Facebook http://fb.me/7jpqzM8PX 
Sun Apr 12 00:20:18 PDT 2015 --  I posted a new photo to Facebook http://fb.me/3CchPAxd2 
Sun Apr 12 00:20:17 PDT 2015 --  I posted a new photo to Facebook http://fb.me/4dXOYzmte 
Sun Apr 12 00:20:17 PDT 2015 --  I posted a new photo to Facebook http://fb.me/47yT1OAW8 
Sun Apr 12 00:20:17 PDT 2015 --  I posted a new photo to Facebook http://fb.me/3JRI1IxN8 
Sun Apr 12 00:20:17 PDT 2015 --  I posted a new photo to Facebook http://fb.me/7a8uCjzIS 
Sat Apr 11 19:00:05 PDT 2015 --  Your vision of the future begins to take shape now that you ca... More for Libra http://bit.ly/wvRgyF 
Fri Apr 10 19:00:05 PDT 2015 --  Glimmers of thrilling experiences flash in and out of view tod... More for Libra http://bit.ly/wvRgyF 
Fri Apr 10 09:03:11 PDT 2015 --  Congrats satin mamaya mga bessy! Labyu. 󾌬󾔚
Thu Apr 09 19:00:06 PDT 2015 --  A current relationship may hit a speed bump today when it beco... More for Libra http://bit.ly/wvRgyF 
Wed Apr 08 19:00:05 PDT 2015 --  Your thoughts are loudly reverberating in your head now, leavi... More for Libra http://bit.ly/wvRgyF 
Tue Apr 07 19:00:08 PDT 2015 --  The single most important thing you can do today is to listen ... More for Libra http://bit.ly/wvRgyF 
Tue Apr 07 09:17:52 PDT 2015 --  I want a time machine. Please
Tue Apr 07 09:17:15 PDT 2015 --  This is not what I expect! Broken homes
Tue Apr 07 09:15:16 PDT 2015 --  It's more than a heartbreak.
Tue Apr 07 09:14:15 PDT 2015 --  How will I ever heal?
Mon Apr 06 19:00:05 PDT 2015 --  You're searching for ways to cope with the current chaos and e... More for Libra http://bit.ly/wvRgyF 
Sun Apr 05 19:00:05 PDT 2015 --  It's not your style to rock the boat, but you may need to walk... More for Libra http://bit.ly/wvRgyF 
Sat Apr 04 19:00:05 PDT 2015 --  A sudden jolt of awareness may force you to abandon your plans... More for Libra http://bit.ly/wvRgyF 
Fri Apr 03 19:00:06 PDT 2015 --  Scheming and dreaming is a constructive use of your time now t... More for Libra http://bit.ly/wvRgyF 
Thu Apr 02 21:40:54 PDT 2015 --  I think she deserve this. Mich of Jamich pic.twitter.com/f12DWc4NId
Thu Apr 02 19:00:05 PDT 2015 --  Your long-term objectives may be in jeopardy, especially if ot... More for Libra http://bit.ly/wvRgyF 
Thu Apr 02 04:25:59 PDT 2015 --  I wanna go home.
Thu Apr 02 04:21:45 PDT 2015 --  "@AngLandiMoSobra: i only exist when you need something "
Thu Apr 02 04:21:25 PDT 2015 --  " @Heartstagram: What God intended for you goes far beyond anything you can imagine."
Thu Apr 02 02:23:30 PDT 2015 --  I miss: ❒ My old friends ❒ Being happy ❒ The person you used to be ❒ The good times ❒ My childhood All of the above
Thu Apr 02 04:18:38 PDT 2015 --  "@AngLandiMoSobra: Those friends that become family "
Thu Apr 02 04:18:26 PDT 2015 --  " @MgaPatama: "Don't be afraid of change. You may end up losing something good, but you will probably end up gaining something better.""
Wed Apr 01 19:00:05 PDT 2015 --  You take your role as arbitrator of reality quite seriously to... More for Libra http://bit.ly/wvRgyF 
Tue Mar 31 19:00:05 PDT 2015 --  It doesn't really matter how long a particular friendship has ... More for Libra http://bit.ly/wvRgyF 
Mon Mar 30 19:00:06 PDT 2015 --  You may be feeling quite confident about your current plans no... More for Libra http://bit.ly/wvRgyF 
Sun Mar 29 19:00:05 PDT 2015 --  You might choose to spend so much time hanging out with friend... More for Libra http://bit.ly/wvRgyF 
Sat Mar 28 19:00:06 PDT 2015 --  It's simple to conjure up your ideal success story today. Howe... More for Libra http://bit.ly/wvRgyF 
Fri Mar 27 19:51:56 PDT 2015 --  Hi Ma. 󾌳 First selfie after 8 years. #EpicFaces http://fb.me/6kISUgXev 
Fri Mar 27 19:01:03 PDT 2015 --  Relationships are nearly always on your mind and these days ar... More for Libra http://bit.ly/wvRgyF 
Thu Mar 26 19:00:05 PDT 2015 --  Although you may be imagining all the exotic places you want t... More for Libra http://bit.ly/wvRgyF 
Thu Mar 26 04:30:25 PDT 2015 --  Closer. 󾍘󾍛󾔚 #04/11/15 http://fb.me/24EAvthre 
Thu Mar 26 02:48:19 PDT 2015 --  PROUD ENVERGAN! 󾌳 http://fb.me/1CoNgyNab 
Wed Mar 25 19:00:06 PDT 2015 --  An artist's life is not all fun and games. There are unique ch... More for Libra http://bit.ly/wvRgyF 
Tue Mar 24 19:00:09 PDT 2015 --  You may be relieved when you realize how many options are avai... More for Libra http://bit.ly/wvRgyF 
Tue Mar 24 08:02:03 PDT 2015 --  3 weeks is not enough but still I'm thankful.
Tue Mar 24 08:00:40 PDT 2015 --  After 8 years of longing for my mother. Finally. Don't want this moment to end.
Tue Mar 24 07:58:54 PDT 2015 --  Thank you for this wonderful blessings Lord.
Mon Mar 23 19:00:05 PDT 2015 --  You could be unconsciously holding out for a fairy tale to com... More for Libra http://bit.ly/wvRgyF 
Mon Mar 23 18:24:28 PDT 2015 --  Yesssssssss!
Sun Mar 22 19:00:05 PDT 2015 --  You could be drawn into someone's melodrama now before you eve... More for Libra http://bit.ly/wvRgyF 
Sun Mar 22 07:51:10 PDT 2015 --  Menudo!
Sun Mar 22 07:50:52 PDT 2015 --  GGV is
Sun Mar 22 07:50:00 PDT 2015 --  " @LibrongPatama: Not all the time, theres a second chance."
Sun Mar 22 07:45:05 PDT 2015 --  After 8 years, finally!
Sun Mar 22 07:44:12 PDT 2015 --  She's coming.
Sun Mar 22 07:42:26 PDT 2015 --  Excited na ako!
Sat Mar 21 19:00:05 PDT 2015 --  You quickly grow tired of a friend or partner who seems to hav... More for Libra http://bit.ly/wvRgyF 
Fri Mar 20 19:00:06 PDT 2015 --  Although you have many things to do today, you lack clear dire... More for Libra http://bit.ly/wvRgyF 
Thu Mar 19 19:00:04 PDT 2015 --  A shocking bolt of lightning-like awareness may require you to... More for Libra http://bit.ly/wvRgyF 
Wed Mar 18 23:10:11 PDT 2015 --  Exciting!
Wed Mar 18 19:00:05 PDT 2015 --  You may not have a very clear self-image today, especially if ... More for Libra http://bit.ly/wvRgyF 
Tue Mar 17 19:00:05 PDT 2015 --  Although relationship dynamics might be more complicated than ... More for Libra http://bit.ly/wvRgyF 
Mon Mar 16 21:43:52 PDT 2015 --  Hayssst
Mon Mar 16 19:00:05 PDT 2015 --  Steer clear of any friends who tell you what to do today becau... More for Libra http://bit.ly/wvRgyF 
Sun Mar 15 22:35:16 PDT 2015 --  NGANGA
Sun Mar 15 22:08:12 PDT 2015 --  Libra's Horoscope for today: Understanding how your fears influence your judgments isn't an easy task, yet this... http://fb.me/6wviQ3Gbm 
Sun Mar 15 19:00:05 PDT 2015 --  Understanding how your fears influence your judgments isn't an... More for Libra http://bit.ly/wvRgyF 
Sat Mar 14 19:00:05 PDT 2015 --  You may be at odds with someone today, and you don't understan... More for Libra http://bit.ly/wvRgyF 
Fri Mar 13 19:00:04 PDT 2015 --  Someone's hidden motives come to light now, adding to the stre... More for Libra http://bit.ly/wvRgyF 
Fri Mar 13 00:49:15 PDT 2015 --  Masaya ako kapag madaming pagkain. #KyleVergara
Thu Mar 12 21:50:19 PDT 2015 --  It's funny how the lyrics match my feelings.
Thu Mar 12 19:00:04 PDT 2015 --  Confronting the widening gulf between your thoughts and feelin... More for Libra http://bit.ly/wvRgyF 
Wed Mar 11 19:00:04 PDT 2015 --  You may as well toss your calendar aside today because it only... More for Libra http://bit.ly/wvRgyF 
Wed Mar 11 00:58:33 PDT 2015 --  Rated Nawawalang Paraiso Resort and Hotel 5 stars in http://www.findshare.com/hotels/54251320/nawawalang_paraiso_resort_and_hotel … & my top feature is Pool. Get free P2K...
Wed Mar 11 00:57:13 PDT 2015 --  Rated Graceland Estates & Country Club 5 stars in http://www.findshare.com/hotels/848931/graceland_estates_country_club … & my top feature is Lagoon. Get free P2K...
Wed Mar 11 00:54:48 PDT 2015 --  Rated Greenwich 5 stars in http://www.findshare.com/restaurants/20623225/greenwich … & my top dish is Lasagna Supreme. Get free P2K... pic.twitter.com/PkyobbBXN6
Wed Mar 11 00:51:17 PDT 2015 --  Rated Mi Casa en Tayabas 3 stars in http://www.findshare.com/restaurants/21748847/mi_casa_en_tayabas …. Get free P2K...
Wed Mar 11 00:45:20 PDT 2015 --  Viewing food, sight, and hotel tips based on my tweets. See yours in http://www.findshare.com  Get FREE P2K/$45 voucher. pic.twitter.com/U3wRumucjj
Tue Mar 10 19:00:05 PDT 2015 --  Although you may be hopeful about the trajectory of a current ... More for Libra http://bit.ly/wvRgyF 
Tue Mar 10 03:56:29 PDT 2015 --  Rated Kamayan Sa Palaisdaan 5 stars in http://www.findshare.com/restaurants/2182877/kamayan_sa_palaisdaan … & my top dish is Sizzling Gambas. Get free P2K...
Tue Mar 10 03:53:12 PDT 2015 --  Rated Kamayan Sa Palaisdaan 5 stars in http://www.findshare.com/restaurants/2182877/kamayan_sa_palaisdaan …. Get free P2K...
Fri Feb 06 06:07:13 PST 2015 --  @angiepabularcon Kamayan Sa Palaisdaan's best dish: Ensaladang Pako; See more in http://www.findshare.com/restaurants/2182877/kamayan_sa_palaisdaan … RT & vote for FREE GCs!
Tue Mar 10 03:50:24 PDT 2015 --  Teenage years are the best years of our life.
Tue Mar 10 03:50:34 PDT 2015 --  This is love. pic.twitter.com/0lEmJihWJ0
Tue Mar 10 03:40:04 PDT 2015 --  I want a man from the star, HAHAHA definitely I want Do Min Jo <3
Tue Mar 10 02:45:23 PDT 2015 --  I want someone who won't get tired of me.
Tue Mar 10 03:10:30 PDT 2015 --  I'm not okay, but I smile anyway.
Tue Mar 10 03:04:35 PDT 2015 --  OT.
Mon Mar 09 19:00:04 PDT 2015 --  You can express yourself with an assertive flair today, especi... More for Libra http://bit.ly/wvRgyF 
Sun Mar 08 19:00:04 PDT 2015 --  Your emotional expression might be blocked today, but you are ... More for Libra http://bit.ly/wvRgyF 
Sat Mar 07 19:00:05 PST 2015 --  You might sound more easygoing than you actually feel today. S... More for Libra http://bit.ly/wvRgyF 
Sat Mar 07 07:22:30 PST 2015 --  Love me when I least deserve it, because that's when I really need it. - Swedish Proverb
Sat Mar 07 08:11:00 PST 2015 --  Weekend is puyat day. Haha. #Sulit
Sat Mar 07 08:10:10 PST 2015 --  Review! Mehe.
Fri Mar 06 19:00:05 PST 2015 --  Although your senses may be overstimulated today, your irratio... More for Libra http://bit.ly/wvRgyF 
Fri Mar 06 05:09:05 PST 2015 --  Friday is <3
Fri Mar 06 00:39:53 PST 2015 --  NULL
Thu Mar 05 19:00:05 PST 2015 --  Your emotions might not conform to other people's expectations... More for Libra http://bit.ly/wvRgyF 
Thu Mar 05 01:14:56 PST 2015 --  RT or Fav? #IkawLangAtAko pic.twitter.com/EqDXVstsTo
Wed Mar 04 23:41:13 PST 2015 --  Sakit sa bangs. Huhue.
Wed Mar 04 20:40:00 PST 2015 --  RIP Jam
Wed Mar 04 19:00:04 PST 2015 --  It feels as if everything will turn out for the best now while... More for Libra http://bit.ly/wvRgyF 
Tue Mar 03 19:00:04 PST 2015 --  You feel blessed to have wonderful friends who are enthusiasti... More for Libra http://bit.ly/wvRgyF 
Mon Mar 02 21:08:07 PST 2015 --  She's going home. Finally after 8 years. :) <3 pic.twitter.com/iCIOtnq9b9
Mon Mar 02 19:00:05 PST 2015 --  Your current concerns may stem from your uncertainty about usi... More for Libra http://bit.ly/wvRgyF 
Sun Mar 01 19:00:04 PST 2015 --  You have a clear idea of what you want to accomplish today, bu... More for Libra http://bit.ly/wvRgyF 
Sat Feb 28 19:00:05 PST 2015 --  You may try to avoid the public eye today, yet you could be ne... More for Libra http://bit.ly/wvRgyF 
Sat Feb 28 09:57:20 PST 2015 --  Miss you guys <3 Haha.
Sat Feb 28 01:39:36 PST 2015 --  http://fb.me/4ezHpbqq8 
Sat Feb 28 01:36:01 PST 2015 --  Guys palike naman nung picture para sa Most Outstanding Female Student of the Year! Salamat. ;) http://fb.me/7heUwK7Qr 
Sat Feb 28 01:23:23 PST 2015 --  http://fb.me/7g5UzVRMF 
Fri Feb 27 19:00:04 PST 2015 --  You might face a stressful emotional dilemma as the cautious C... More for Libra http://bit.ly/wvRgyF 
Thu Feb 26 19:00:04 PST 2015 --  Complaining about your plight at work won't help your cause to... More for Libra http://bit.ly/wvRgyF 
Wed Feb 25 19:00:05 PST 2015 --  You might have unrealistic expectations about how much you can... More for Libra http://bit.ly/wvRgyF 
Tue Feb 24 19:00:05 PST 2015 --  You may think that someone isn't being very responsible today ... More for Libra http://bit.ly/wvRgyF 
Mon Feb 23 19:00:05 PST 2015 --  Your schedule is overloaded with one too many commitments, lea... More for Libra http://bit.ly/wvRgyF 
Mon Feb 23 05:39:06 PST 2015 --  Enchong Dee lookalike. Pwede nba? Hahaha. Guess who. Haha. http://fb.me/2SvaHs2PF 
Sun Feb 22 19:00:07 PST 2015 --  Others may inspire you with their creative flair and sense of ... More for Libra http://bit.ly/wvRgyF 
Sat Feb 21 19:00:04 PST 2015 --  The line between commitment and codependency is hard to define... More for Libra http://bit.ly/wvRgyF 
Fri Feb 20 19:00:05 PST 2015 --  You are driven to initiate decisive action now -- something th... More for Libra http://bit.ly/wvRgyF 
Fri Feb 20 09:48:52 PST 2015 --  Atm. abegailanndp @ Subway http://instagram.com/p/zVPpLDGEKz/ 
Fri Feb 20 02:22:27 PST 2015 --  Night Market later. :)))
Fri Feb 20 02:22:07 PST 2015 --  FRIDAY. YEY!
Thu Feb 19 23:34:53 PST 2015 --  Prof nga nale-late, estudyante pa kaya.
Thu Feb 19 19:20:26 PST 2015 --  Four girls break into an abandoned bathroom at their University one night as ... https://www.viddsee.com/video/delete/dvevl?utm_content=buffer0f7ab&utm_medium=social&utm_source=facebook.com&utm_campaign=buffer#.VOan7gbyU44.twitter … via @viddsee
Thu Feb 19 19:00:04 PST 2015 --  Sharing your dreams with a close friend or coworker enables yo... More for Libra http://bit.ly/wvRgyF 
Wed Feb 18 19:08:31 PST 2015 --  Soon baby. http://instagram.com/p/zRGGWRGEGf/ 
Wed Feb 18 19:00:05 PST 2015 --  Today is the day to move a creative project back to the front ... More for Libra http://bit.ly/wvRgyF 
Tue Feb 17 19:00:05 PST 2015 --  Pursuing playful encounters, romantic interests and artistic e... More for Libra http://bit.ly/wvRgyF 
Mon Feb 16 20:51:33 PST 2015 --  "God sees in you what you can't see in yourself. You are amazing."
Mon Feb 16 19:00:05 PST 2015 --  Having fun shouldn't be hard work but it seems as if the good ... More for Libra http://bit.ly/wvRgyF 
Mon Feb 16 18:39:47 PST 2015 --  This! Parang totoo. #YearOfTheDog http://instagram.com/p/zL5OOLGEAW/ 
Sun Feb 15 21:28:45 PST 2015 --  Done with our final oral defense! 󾍛󾍘 Finally! 󾌵 — feeling thankful
Sun Feb 15 19:00:05 PST 2015 --  An uneasy pressure weighs on you today, stemming from a subtle... More for Libra http://bit.ly/wvRgyF 
Sat Feb 14 20:40:11 PST 2015 --  The worst feeling: Not getting a reply back from someone you really want to talk to.
Sun Feb 15 01:17:01 PST 2015 --  When a #Libra see someone they like, they will go after that person and do all the can to get that person. #Determination
Sat Feb 14 21:52:18 PST 2015 --  Food is the only thing worth spending for.
Sun Feb 15 01:14:55 PST 2015 --  Happiness will always come to those who know how to appreciate what they have.
Sat Feb 14 23:49:44 PST 2015 --  "Crazy Little Thing Called Love"
Sat Feb 14 20:11:11 PST 2015 --  Hi guys. #TeamPuhunan #TBT http://instagram.com/p/zC2VtSGEDG/ 
Sat Feb 14 19:00:05 PST 2015 --  There are so many intriguing possibilities on the horizon that... More for Libra http://bit.ly/wvRgyF 
Sat Feb 14 05:37:47 PST 2015 --  Nganga. @anolanocralubap
Sat Feb 14 05:17:00 PST 2015 --  A #Libra is very much turned off by anyone they consider to be rude.
Sat Feb 14 05:03:30 PST 2015 --  Ang gulo na talaga ng mundo. Minsan akala mo joke, totoo na pala. Akala mo totoo, joke lang pala.
Fri Feb 13 19:00:05 PST 2015 --  Your plan to catch up on all the little things that you recent... More for Libra http://bit.ly/wvRgyF 
Fri Feb 13 08:58:13 PST 2015 --  Happy Valentine's everyone. 󾬏 Enjoy this special day with your love ones. Godbless. 󾌬
Thu Feb 12 19:00:04 PST 2015 --  You might have assumed that you were directing the show today,... More for Libra http://bit.ly/wvRgyF 
Wed Feb 11 19:00:06 PST 2015 --  You're inclined to proudly display your feathers today as big ... More for Libra http://bit.ly/wvRgyF 
Tue Feb 10 22:43:00 PST 2015 --  Pinakilig mo tapos iiwan mo lang? E di sana kiniliti mo na lang para wala ka nang nasaktan. HAHAHA
Tue Feb 10 22:16:36 PST 2015 --  Growing old but not growing up.
Fri Feb 06 01:51:37 PST 2015 --  Sweet sa isat-isa pero hanggang kaibigan lang. Ganun naman lagi.
Tue Feb 10 01:44:01 PST 2015 --  First you care. Then you get hurt. That's life
Tue Feb 10 20:58:48 PST 2015 --  "I only respect people who deserve to be respected."
Tue Feb 10 21:55:54 PST 2015 --  "Lalo mo lang siyang namimiss kapag iniwasan mo."
Tue Feb 10 21:47:00 PST 2015 --  Treat #Libra like a game and they will show you how it's played.
Tue Feb 10 19:00:07 PST 2015 --  Sharing your vision of the future is a powerful catalyst for y... More for Libra http://bit.ly/wvRgyF 
Mon Feb 09 19:00:05 PST 2015 --  It seems as if you are being pushed and pulled between extreme... More for Libra http://bit.ly/wvRgyF 
Mon Feb 09 04:14:33 PST 2015 --  accurate pic.twitter.com/jKnXtWlVnF
Sun Feb 08 02:53:47 PST 2015 --  Yung pake ko sayo parang ... #WishKoKayPNoy pic.twitter.com/v1kuR6tvgq
Sun Feb 08 19:00:04 PST 2015 --  You could believe everything is copacetic with a friend or rel... More for Libra http://bit.ly/wvRgyF 
Sat Feb 07 19:00:04 PST 2015 --  It might seem as if your friends are not being very supportive... More for Libra http://bit.ly/wvRgyF 
Fri Feb 06 20:11:21 PST 2015 --  Spicy dilis. http://instagram.com/p/yyTuuZmECX/ 
Fri Feb 06 19:00:05 PST 2015 --  The more you try to explain your motives today, the less sense... More for Libra http://bit.ly/wvRgyF 
Fri Feb 06 06:23:28 PST 2015 --  Over thinking sucks.
Fri Feb 06 06:07:57 PST 2015 --  Twofie with my grad pic. alonapabularcon http://instagram.com/p/ywzOzoGEBq/ 
Fri Feb 06 06:05:48 PST 2015 --  Yesterday! @ Kamayan Sa Palaisdaan, Tayabas, Quezon Province http://instagram.com/p/ywy_C0GEBV/ 
Fri Feb 06 05:50:44 PST 2015 --  Daming tanong e.
Fri Feb 06 05:47:35 PST 2015 --  I miss you. But I know you don't care.
Fri Feb 06 05:43:05 PST 2015 --  'Cause, darling, I'm a nightmare dressed like a daydream.
Thu Feb 05 19:00:05 PST 2015 --  You may feel trapped by the obligations of your daily life, te... More for Libra http://bit.ly/wvRgyF 
Wed Feb 04 19:00:08 PST 2015 --  You may feel weary from following the dramas of your friends a... More for Libra http://bit.ly/wvRgyF 
Wed Feb 04 06:13:23 PST 2015 --  Happy Birthday to you. 󾌩󾌸
Tue Feb 03 19:00:07 PST 2015 --  Avoid overstated dramatic gestures today, for it's more import... More for Libra http://bit.ly/wvRgyF 
Mon Feb 02 19:00:04 PST 2015 --  You might step away from the spotlight today because you know ... More for Libra http://bit.ly/wvRgyF 
Sun Feb 01 22:39:24 PST 2015 --  Missing someone and not being able to see them is one of the worst feelings ever.
Sun Feb 01 22:05:10 PST 2015 --  These are the moments. <3
Sun Feb 01 20:50:05 PST 2015 --  You make me smile so effortlessly.
Sun Feb 01 21:53:59 PST 2015 --  Place your head on my beating heart.
Sun Feb 01 21:47:11 PST 2015 --  #Libras want to be steady in their life. They hate complications and dont like confrontations with others.
Sun Feb 01 06:13:24 PST 2015 --  Sa panahon ngayon, pati mga panget choosy na rin. Kakapal ng mukha!
Sun Feb 01 19:11:19 PST 2015 --  Live your life and forget your age.
Sun Feb 01 19:20:12 PST 2015 --  Some people pretend they're strong, but they're broken inside.
Sun Feb 01 19:00:04 PST 2015 --  Although you are naturally attuned to beauty, now your tastes ... More for Libra http://bit.ly/wvRgyF 
Sun Feb 01 04:05:31 PST 2015 --  Yun bang pareho kayo ng nararamdaman, pero pareho kayong nag-iiwasan.
Sun Feb 01 00:47:08 PST 2015 --  No relationship is a waste of time for #Libra.The wrong ones teach them the lessons that prepare them for the right ones.
Sun Feb 01 00:02:43 PST 2015 --  pic.twitter.com/mjPhL6PK7j
Thu Jan 29 07:02:51 PST 2015 --  Yung alam mong masasaktan ka, tinuloy mo pa din..
Thu Jan 29 03:05:03 PST 2015 --  Overtime sa duty!
Wed Jan 28 19:00:04 PST 2015 --  You might appear more stubborn than you actually are now, but ... More for Libra http://bit.ly/wvRgyF 
Wed Jan 28 06:02:24 PST 2015 --  Yung pagod na pagod ka tapos pgdating mo sbrang daming pgkain.
Tue Jan 27 19:00:04 PST 2015 --  You prefer to keep things light and easy now, but could get dr... More for Libra http://bit.ly/wvRgyF 
Tue Jan 27 16:56:15 PST 2015 --  Traffic. 󾬎
Tue Jan 27 03:39:47 PST 2015 --  Just got home. Inlove with this new stuffs. @ Pinagbuhatan, Pasig City http://instagram.com/p/yWyU5nGEKo/ 
Mon Jan 26 19:00:05 PST 2015 --  Trusting those closest to you helps to reduce your current con... More for Libra http://bit.ly/wvRgyF 
Mon Jan 26 17:51:54 PST 2015 --  Work work.
Mon Jan 26 17:19:49 PST 2015 --  Retweet sa mga naniniwala na Walang FOREVER!
Mon Jan 26 02:42:38 PST 2015 --  Short hair. :3 @ OMM-CITRA http://instagram.com/p/yUG_ZfmEB-/ 
Sun Jan 25 19:00:06 PST 2015 --  You believe you're communicating clearly today, but others may... More for Libra http://bit.ly/wvRgyF 
Sun Jan 25 17:01:25 PST 2015 --  OJT
Sun Jan 25 04:54:26 PST 2015 --  Now I've already know the answer. Thanks to you.
Sun Jan 25 04:53:09 PST 2015 --  Priorities.
Sun Jan 25 04:52:51 PST 2015 --  Manila bound.
Sun Jan 25 01:05:50 PST 2015 --  Haaaayy. Gandang buhay! Square na ang pwet sa sobrang traffic. 󾌽󾍂
Sat Jan 24 19:00:05 PST 2015 --  Defending your position might be necessary this weekend, espec... More for Libra http://bit.ly/wvRgyF 
Fri Jan 23 19:00:04 PST 2015 --  Although you're often comfortable sitting on the fence, the Su... More for Libra http://bit.ly/wvRgyF 
Thu Jan 22 19:00:04 PST 2015 --  You could work all day without looking up, yet it might seem a... More for Libra http://bit.ly/wvRgyF 
Thu Jan 22 00:52:02 PST 2015 --  Thank you sa pasalubong. 󾌬 http://fb.me/1Yfh9KjE5 
Wed Jan 21 19:00:07 PST 2015 --  A romantic relationship may run into troubled waters now that ... More for Libra http://bit.ly/wvRgyF 
Tue Jan 20 19:00:08 PST 2015 --  You may need to overcome your own inertia if you want to show ... More for Libra http://bit.ly/wvRgyF 
Mon Jan 19 19:00:05 PST 2015 --  You may feel as if you've stepped into a world of paradox toda... More for Libra http://bit.ly/wvRgyF 
Sun Jan 18 19:00:04 PST 2015 --  Sticking close to home may be all you need to feel emotionally... More for Libra http://bit.ly/wvRgyF 
Sat Jan 17 22:45:25 PST 2015 --  Stress reliever! Hahahaha. cto Francis Valle Suayan http://fb.me/6FynJkBEu 
Sat Jan 17 19:00:04 PST 2015 --  Your current insecurity might lead you to make a wrong conclus... More for Libra http://bit.ly/wvRgyF 
Fri Jan 16 19:00:04 PST 2015 --  You're quite capable of turning on the charm, even in the most... More for Libra http://bit.ly/wvRgyF 
Fri Jan 16 03:25:10 PST 2015 --  Kahit diko nakikita sa personal ang Pope ang sarap pa din sa pakiramdam. Nakakagaan nang loob. I feel secured. #BlessedByThePope
Fri Jan 16 00:00:15 PST 2015 --  The Philippines bear witness to the youthfulness and vitality of the Church.
Fri Jan 16 00:02:08 PST 2015 --  Ang Pilipinas ay patunay ng kabataan at kasiglahan ng Simbahan.
Thu Jan 15 19:00:04 PST 2015 --  You have extra energy to take on more projects at work -- or s... More for Libra http://bit.ly/wvRgyF 
Thu Jan 15 06:38:26 PST 2015 --  Don't lose yourself trying to hold onto someone who doesn't care about losing you. 󾮗 #KnowYourPlace #LessonLearned 󾌵󾍛
Thu Jan 15 01:53:24 PST 2015 --  Welcome to the Philippines Pope Francis
Thu Jan 15 01:51:49 PST 2015 --  #PopeFrancisPH peeks from a window of the Papal plane. #PopeTYSM pic.twitter.com/paWY2MkUBK
Wed Jan 14 19:00:04 PST 2015 --  Your world may be settling down now, after a few days of lunar... More for Libra http://bit.ly/wvRgyF 
Wed Jan 14 07:32:58 PST 2015 --  But baby running after you is like chasing the clouds.
Wed Jan 14 07:28:51 PST 2015 --  In the right light, at the right time, everything is extraordinary. - Aaron Rose
Tue Jan 13 21:27:28 PST 2015 --  Don't expect too much from people, you'll only be disappointed.
Wed Jan 14 04:20:53 PST 2015 --  HOPIA.
Wed Jan 14 04:20:43 PST 2015 --  Waley na naman. Tsk.
Tue Jan 13 19:00:04 PST 2015 --  You are painting your life using a very wide palette of feelin... More for Libra http://bit.ly/wvRgyF 
Mon Jan 12 20:21:45 PST 2015 --  This is it! — feeling nervous
Mon Jan 12 19:00:16 PST 2015 --  You are acutely aware of the importance of the decisions you'r... More for Libra http://bit.ly/wvRgyF 
Sun Jan 11 19:00:05 PST 2015 --  Your emotions are very close to the surface today as the refle... More for Libra http://bit.ly/wvRgyF 
Sun Jan 11 02:27:57 PST 2015 --  HOPELESS </3
Sun Jan 11 00:48:41 PST 2015 --  I don't know anymore.
Sat Jan 10 19:00:04 PST 2015 --  Putting on a happy face won't resolve your worries, especially... More for Libra http://bit.ly/wvRgyF 
Sat Jan 10 08:02:34 PST 2015 --  Someday you'll look back on all these days and all these pain is gonna be INVISIBLE.
Sat Jan 10 08:01:33 PST 2015 --  There's so much more to life than what you're feeling now.
Sat Jan 10 07:43:23 PST 2015 --  Asar na asar na ako sa mga nagvivideoke sa kabilang bahay! HAHAHA
Sat Jan 10 07:20:49 PST 2015 --  I'm gonna live like tomorrow doesn't exist.
Sat Jan 10 06:32:46 PST 2015 --  Napaka non-sense kausap. Tsssss.
Sat Jan 10 06:30:06 PST 2015 --  Ubebe I love your way :)
Fri Jan 09 19:00:05 PST 2015 --  Although you have recently experienced many unusual things, yo... More for Libra http://bit.ly/wvRgyF 
Fri Jan 09 07:17:39 PST 2015 --  Be @happylittlelady san ka nkatingin? hehe #ClassPictorial http://instagram.com/p/xozQ4AmEN_/ 
Fri Jan 09 07:17:22 PST 2015 --  Closer. http://instagram.com/p/xjYW3rmEKI/ 
Thu Jan 08 19:00:05 PST 2015 --  Someone may require your assistance today, but don't wait to r... More for Libra http://bit.ly/wvRgyF 
Thu Jan 08 05:36:08 PST 2015 --  I'm inlove.
Wed Jan 07 19:00:04 PST 2015 --  You truly believe that you are clever enough to charm your way... More for Libra http://bit.ly/wvRgyF 
Tue Jan 06 19:00:04 PST 2015 --  Seeking out memorable experiences that can be shared with your... More for Libra http://bit.ly/wvRgyF 
Mon Jan 05 19:00:05 PST 2015 --  Even if you're not usually over-protective of those you love, ... More for Libra http://bit.ly/wvRgyF 
Mon Jan 05 03:50:47 PST 2015 --  http://fb.me/1OrHNujhr 
Sun Jan 04 19:00:04 PST 2015 --  You're torn between taking care of your own personal needs and... More for Libra http://bit.ly/wvRgyF 
Sat Jan 03 21:15:08 PST 2015 --  New year with our ampon! :) Insert alo here. pabularconalona Hahaha http://instagram.com/p/xa4AWgmEMR/ 
Sat Jan 03 19:00:04 PST 2015 --  Someone's unexpressed feelings might rock your boat today, eve... More for Libra http://bit.ly/wvRgyF 
Fri Jan 02 19:00:05 PST 2015 --  Your current perspective is not limited by social convention n... More for Libra http://bit.ly/wvRgyF 
Fri Jan 02 07:01:32 PST 2015 --  There's more to life than what you feel right now. :) #Invisible
Fri Jan 02 07:00:42 PST 2015 --  There's more to life than what you feel right now. :) (y)
Fri Jan 02 00:39:18 PST 2015 --  Closer. :) http://instagram.com/p/xWFxSfGEEZ/ 
