Sat Aug 29 08:48:54 PDT 2015 --  back at it with my gf pic.twitter.com/aIbFWQhO8V
Mon Aug 24 10:17:17 PDT 2015 --  College is like the episode of Drake & Josh when they work in a sushi place & the conveyor belt is too fast and it just keeps coming anyway
Mon Aug 24 18:42:51 PDT 2015 --  When all u want is zaxbys but instead u go work out #nofreshman15here @ashapohlel
Sun Aug 23 21:08:15 PDT 2015 --  pretty sure I just broke my finger
Sun Aug 23 06:47:15 PDT 2015 --  This makes me so happy ♡♡♡♡ @KpodoMomo @ashapohlel pic.twitter.com/IyRG5WRZFC
Sat Aug 22 14:53:59 PDT 2015 --  College pic.twitter.com/nsn6TBXAuR
Fri Aug 16 10:51:18 PDT 2013 --  Everyone in high school be grateful that textbooks are free and hold them close to you every night and appreciate their freeness
Fri Aug 21 09:22:33 PDT 2015 --  happy birthday dude @ChadJohnsonLAX
Tue Aug 18 07:57:06 PDT 2015 --  More like Freshman 15 miles you have to walk everyday
Mon Aug 17 12:19:00 PDT 2015 --  the "we aren't friends but everyone else is hugging" hug
Wed Aug 19 13:59:55 PDT 2015 --  I'm laughing so hard https://twitter.com/dalton_wade7/status/634105337541431296 …
Tue Aug 18 20:54:42 PDT 2015 --  Update on college: still haven't found my husband
Tue Aug 18 14:09:44 PDT 2015 --  if my understanding visual art teacher keeps me for the entire 2 and half hours on the first day I'm dropping out of college
Tue Aug 18 12:11:15 PDT 2015 --  I'm pretty sure my biological processes teacher is senile, we just took roll for over an hour and 15 minutes
Thu Aug 13 04:13:31 PDT 2015 --  Vote Jason for President pic.twitter.com/wxCo3AGMlh
Fri Jul 17 08:05:58 PDT 2015 --  Its all about the first person you wanna tell good news to
Sat Aug 15 20:58:58 PDT 2015 --  â€œThe more you love, the more you suffer.â€ Vincent van Gogh
Mon Aug 17 09:37:09 PDT 2015 --  pic.twitter.com/43pxTurepH
Mon Aug 17 17:45:38 PDT 2015 --  when the fire alarm goes off and you're not wearing a bra and its raining
Mon Aug 17 10:42:22 PDT 2015 --  when someone calls me fat pic.twitter.com/MQWmfZgYWM
Thu Aug 13 08:25:22 PDT 2015 --  Tomorrow you can wake up and the person you love could love someone else but tomorrow a 100 dollar bill is still a 100 dollar bill
Mon Aug 17 13:05:10 PDT 2015 --  @ashapohlel https://twitter.com/mattie_stafford/status/631660987712606210 …
Mon Aug 17 08:35:34 PDT 2015 --  why tf is my professor making me do math on the first day
Mon Aug 17 07:58:43 PDT 2015 --  classes starting is such a reality check
Sun Aug 16 12:06:58 PDT 2015 --  Alaina is playing Hannah Montana right now
Sun Aug 16 11:12:04 PDT 2015 --  When you remember you actually came here for school and class starts tomorrow
Sat Aug 15 20:59:34 PDT 2015 --  College = no sleep ever
Sat Aug 15 23:27:59 PDT 2015 --  Runnin thru Milly with my woes pic.twitter.com/HsxuunuYn7
Sat Aug 15 21:53:51 PDT 2015 --  I love milledgeville
Sat Aug 15 23:15:50 PDT 2015 --  pic.twitter.com/8POwJISBWU
Sat Aug 15 22:44:39 PDT 2015 --  you're fake https://twitter.com/alainahamade8/status/632784761157734400 …
Sat Aug 15 13:16:17 PDT 2015 --  i just got the cutest shoes for 5$ I'm about to cry I'm so happy
Thu Aug 06 23:54:21 PDT 2015 --  I'm also sorry about Iggy Azalea
Fri Aug 14 06:30:17 PDT 2015 --  sleep isn't a thing in college it doesn't exist
Wed Aug 12 15:28:51 PDT 2015 --  The difference between girls dorm rooms vs boys dorm rooms is actually hilarious
Wed Aug 12 20:04:14 PDT 2015 --  CONGRATS ASHA YOURE FINALLY MOVED IN (I think) BUT HEY LOVE YOU AND IM GONNA MISS U TONS, ENJOY MILLY!!!!! @ashapohlel
Tue Aug 11 16:10:42 PDT 2015 --  we are so pretty pic.twitter.com/NpkHjPS7p8
Tue Aug 11 13:16:13 PDT 2015 --  so all this time I thought I was 5'5 but I'm actually 5'4 my whole life has been a lie
Tue Aug 11 12:39:56 PDT 2015 --  i went to the doctor for the first time alone today pic.twitter.com/vpR25Me7lS
Tue Aug 11 07:28:21 PDT 2015 --  you move out in 2 hours and im not emotionally stable. don't find a new twin in college. GOOD LUCK, i lovelove you pic.twitter.com/AE1GXXvF6Z
Sun Aug 09 09:09:11 PDT 2015 --  Taking a nap is always so risky like when will I wake up? in thirty minutes? in 3 hours? in 9 years?? no one can be sure
Mon Aug 10 09:42:25 PDT 2015 --  i have so much stuff i need to get done but instead I'm just gonna start scandal
Mon Aug 10 09:12:42 PDT 2015 --  loml pic.twitter.com/ABCPvDCr0y
Sun Aug 09 21:08:58 PDT 2015 --  im the worst packer ever like my mindset is I'll need all 70 pairs of shoes but I probably won't need my laptop charger it's fine
Sun Aug 09 17:12:38 PDT 2015 --  Lizzie Open your eyes Gordo loves you
Sun Aug 09 15:19:22 PDT 2015 --  chill out https://twitter.com/blakecrispino/status/630502694168469504 …
Sun Aug 09 13:32:31 PDT 2015 --  @ashapohlel https://twitter.com/ManCanddyPics/status/630210709784272896 …
Tue Jul 28 18:57:18 PDT 2015 --  If you can sleep without a fan on you're a strong person
Fri Aug 07 09:50:41 PDT 2015 --  I'm a strong believer that whoever is meant to be in your life will always gravitate back to you, no matter how far they wander
Sun Aug 09 10:44:51 PDT 2015 --  before i die I've gotta meet at least one person from one tree hill
Fri Aug 07 20:37:05 PDT 2015 --  I watch this vine 34 times every hour of every day https://vine.co/v/O7FJ2UKilV2 
Sun Aug 09 09:28:38 PDT 2015 --  "do you want to donate money to save the children?" im poor I don't even have enough money to save myself
Sat Aug 08 20:13:31 PDT 2015 --  psa the lizzie mcguire movie comes on at midnight
Sat Aug 08 19:18:05 PDT 2015 --  i just tried to zoom in on instagram i need to go to bed bye
Sat Aug 08 19:10:09 PDT 2015 --  #college https://twitter.com/haleydunigan/status/630196477609029632 …
Sat Aug 08 17:30:15 PDT 2015 --  this ¯\_(ツ)_/¯ sums up how I feel about everything. slept until 3 pm? ¯\_(ツ)_/¯ ate 5 large fries? ¯\_(ツ)_/¯ lost my car keys? ¯\_(ツ)_/¯
Mon Aug 03 15:31:05 PDT 2015 --  I'm not crying there's just overpriced college education in my eye
Sat Aug 08 12:37:24 PDT 2015 --  happy birthday you brat love you lots pic.twitter.com/B9BNb6RUgy
Sat Aug 08 07:00:39 PDT 2015 --  my phone w/o a case is the most beautiful thing I've ever laid my eyes on
Mon Jul 27 09:01:54 PDT 2015 --  "everything really worth having in life is on the other side of fear"
Tue Jul 21 15:23:46 PDT 2015 --  We either make ourselves miserable or we make ourselves strong. The amount of work is the same.
Thu Aug 06 18:34:55 PDT 2015 --  I'm just trying to nap until my next nap ya feel me
Fri Aug 07 15:53:41 PDT 2015 --  ¯\_(ツ)_/¯
Fri Aug 07 11:56:17 PDT 2015 --  what's up, been a minute since we kicked it
Fri Jul 31 16:35:48 PDT 2015 --  My biggest regret is any t-shirt I ever bought in a small
Fri Aug 07 09:33:04 PDT 2015 --  about 500 times a day im like "asha......... wyd, stop"
Fri Aug 07 07:31:18 PDT 2015 --  no it's fine I'm fine I'm just leaving all my friends soon it's fine I'm not crying or anything
Fri Aug 07 07:00:52 PDT 2015 --  dude i move out in 5 days..... what
Thu Aug 06 17:43:43 PDT 2015 --  why can't my fat leave me like everything else does
Thu Aug 06 06:44:41 PDT 2015 --  happy birthday pretty, hope you have the best day @KimseySnyder
Wed Aug 05 14:24:39 PDT 2015 --  Sprint https://twitter.com/yeslexus_/status/629030907870056448 …
Wed Aug 05 13:19:10 PDT 2015 --  Goes by so fast that your friend ends up leaving his whole squad to be with a girl. #IHateYou https://twitter.com/plummer19/status/628944400983412740 …
Wed Aug 05 13:07:33 PDT 2015 --  HAPPY BIRTHDAY BABY @__PoisonIvey
Tue Aug 04 18:10:32 PDT 2015 --  7:20 SHARP
Tue Aug 04 18:09:11 PDT 2015 --  Yall highschoolers in bed yet?
Tue Aug 04 18:01:49 PDT 2015 --  happy birthday perfect @EmIndawoodz
Tue Aug 04 10:07:02 PDT 2015 --  how do you even pack for college????
Tue Aug 04 09:47:54 PDT 2015 --  packing up my room is so sad
Mon Aug 03 22:19:38 PDT 2015 --  please allow 5-10 business days for me to text you back
Sun Aug 02 19:04:53 PDT 2015 --  idk how ppl come up with such clever captions on insta I'm just like "this is my dog"
Mon Aug 03 16:44:09 PDT 2015 --  LEMME TELL YA BOUT MY BESTTTT FRIENDDDD pic.twitter.com/IV3xSr8UTN
Mon Aug 03 15:49:07 PDT 2015 --  the zaxbys drive through always takes so long
Mon Jul 27 15:01:45 PDT 2015 --  iont think she knows what this movies about pic.twitter.com/LTw7jUaTOx
Sun Aug 02 18:54:01 PDT 2015 --  third wheeling like its my job pic.twitter.com/ddoi0kvk22
Sat Aug 01 16:27:47 PDT 2015 --  @ashapohlel u are so friggin prettyyyy
Sat Aug 01 16:18:20 PDT 2015 --  Happy national girlfriend day @ashapohlel your boyf loves you a whole lot
Sat Aug 01 08:29:48 PDT 2015 --  A WEEK FROM TODAY I'LL BE MOVING IN WITH MY BFFS pic.twitter.com/mSX6lr5otP
Sat Aug 01 07:07:08 PDT 2015 --  when your sisters closet in her new apartment is bigger than your entire dorm room
Fri Jul 31 19:45:50 PDT 2015 --  @ashapohlel I just...gah
Fri Jul 31 18:58:58 PDT 2015 --  when you fall down the stairs pic.twitter.com/xFDidyoajR
Fri Jul 31 18:03:32 PDT 2015 --  my entire insta feed is cheerleaders
Fri Jul 31 15:30:15 PDT 2015 --  If anyone can have it, I don't want it
Thu Jul 30 23:48:30 PDT 2015 --  john mayer is the original loml
Thu Jul 30 14:03:03 PDT 2015 --  i see me https://twitter.com/madiwest7/status/626841979737911296 …
Thu Jul 30 08:33:06 PDT 2015 --  i just fell down the stairs good morning everyone
Wed Jul 29 22:57:02 PDT 2015 --  @whatupkk_ bruh funniest day of my life pic.twitter.com/nTh0m9Fc4k
Wed Jul 29 13:39:36 PDT 2015 --  what a beautiful day to not be in high school :,)
Wed Jul 29 10:12:01 PDT 2015 --  whatcha doing samira pic.twitter.com/O0YE2F4fp8
Wed Jul 29 09:05:29 PDT 2015 --  pic.twitter.com/XcK694IoVK
Wed Jul 29 08:09:36 PDT 2015 --  HAPPY NATIONAL CHICKEN WING DAY
Tue Jul 28 11:45:46 PDT 2015 --  Happy birthday @Royce_Harrison
Tue Jul 28 06:50:53 PDT 2015 --  @alainahamade8 @ashapohlel @LDHerndon @HaleyDunigan @MaioloTaylor pic.twitter.com/IIlk5m9AA7
Sun Jul 26 19:24:27 PDT 2015 --  college went from "next year" to "next fall" to "next month" real fast let me tell ya
Mon Jul 27 11:12:13 PDT 2015 --  never thought I'd say this but I literally cannot wait for fall
Sun Jul 26 12:58:06 PDT 2015 --  WHAT ARE THOOOSE pic.twitter.com/5M1EkgP0EP
Sun Jul 26 11:39:10 PDT 2015 --  I regret letting her in pic.twitter.com/QoLmFLJeVU
Thu Jul 23 20:03:48 PDT 2015 --  why do people think it's so cool to hate everything nowadays :/
Fri Jul 24 08:20:57 PDT 2015 --  ASHAS FIRST TIME AT CRACKER BARREL. IM HAVING A PROUD MOMMA MOMENT pic.twitter.com/1WduSdQoId
Thu Jul 23 06:23:19 PDT 2015 --  17 minutes into Netflix and chill pic.twitter.com/8aAJacTy19
Wed Jul 22 16:59:22 PDT 2015 --  Someone loan me $54,999 pic.twitter.com/2wocHedTHy
Wed Jul 22 11:11:41 PDT 2015 --  my gas light stays on
Wed Jul 22 08:19:31 PDT 2015 --  one week til this ray of sunshine leaves me pic.twitter.com/Wwz7vpKrE3
Tue Jul 21 21:31:20 PDT 2015 --  happy birthday baby hope you have the best day, love you @1KTREY_
Tue Jul 21 21:29:08 PDT 2015 --  happy birthday ugly, love you lots pic.twitter.com/xlOncfg4bR
Tue Jul 21 19:40:30 PDT 2015 --  im pretty convinced that all of my clothes just slowly disappear
Wed May 13 10:51:51 PDT 2015 --  Game of Thrones characters reimagined as Disney characters pic.twitter.com/V5yK0NP5Pu
Mon Jul 20 15:42:24 PDT 2015 --  Marry someone who can cook. Looks fade. Hunger doesn't.
Thu Jun 11 13:22:42 PDT 2015 --  Picture of a couple with the caption "He's kind of ok I guess "
Fri Jul 17 05:06:21 PDT 2015 --  
Thu Jul 16 19:47:20 PDT 2015 --  i love one tree hill so much no one understands
Sun Jun 07 06:55:38 PDT 2015 --  If this isn't your favorite brother duo, you're doing it wrong. pic.twitter.com/0Z8f2iuwmn
Thu Jul 16 09:07:14 PDT 2015 --  me cleaning out my closet: oh I can't throw away this neon blue cheetah print halter top what if there's a theme party I need it for one day
Wed Jul 15 20:25:03 PDT 2015 --  cheerleader is the catchiest song in the world how do people not like it
Wed Jul 15 18:14:35 PDT 2015 --  ðŸ½ pic.twitter.com/GVjErvwUUK
Wed Jul 15 14:53:31 PDT 2015 --  Does swimming in debt count as cardio?
Tue Jul 14 07:54:40 PDT 2015 --  When Asha sleeps until the sun goes down I have nobody to talk to and it's really sad
Wed Jul 15 11:18:50 PDT 2015 --  on the border is the loml
Mon Jul 13 15:03:30 PDT 2015 --  @ashapohlel your cheekbones are better than my whole entire life
Mon Jul 13 14:29:01 PDT 2015 --  pic.twitter.com/aeS82jo8QJ
Sun Jul 05 15:30:41 PDT 2015 --  #TweetSomethingYouGetAlot storage almost full you can manage storage in settings
Mon Jul 13 09:16:13 PDT 2015 --  @ashapohlel sometimes I'm your boyf and sometimes I'm your mom. Today was a mommy day
Mon Jul 13 09:15:32 PDT 2015 --  im awake fam https://twitter.com/kpodomomo/status/620627232180932608 …
Thu Jul 09 12:28:59 PDT 2015 --  I got the puppy fever pic.twitter.com/2qhpIKhsVU
Thu Jul 09 00:34:49 PDT 2015 --  yeah I really don't sleep
Wed Jul 08 17:01:41 PDT 2015 --  i remember the first day of ninth grade like it was yesterday
Tue Jul 07 21:54:00 PDT 2015 --  it doesn't matter how much money your family has, everyone's poor in college
Mon Jul 06 18:23:14 PDT 2015 --  Direct deposits > goodnight texts
Tue Jul 07 21:29:31 PDT 2015 --  do you ever just wanna watch a tv show for the first time again
Mon Jul 06 13:16:53 PDT 2015 --  I passed my AP exams, someone love me now
Mon Jul 06 10:27:20 PDT 2015 --  finally did the #DontJudgeChallenge pic.twitter.com/CKT3yYub0c
Fri Jul 03 16:05:57 PDT 2015 --  I stalk hot girls on insta more than hot dudes. Why u so pretty. How u so candid. How ur makeup so blended. Where u buy that outfit.
Sun Jul 05 16:18:20 PDT 2015 --  is soccer on or something I can't tell
Sat Jul 04 22:19:17 PDT 2015 --  Best love advice pic.twitter.com/qGoPQKumvS
Sun Jul 05 12:49:09 PDT 2015 --  hey pic.twitter.com/ndeyFmWRci
Sun Jul 05 00:04:41 PDT 2015 --  Asha and Sadie are literally the same being...
Sat Jul 04 16:29:01 PDT 2015 --  Before you post a snap story, ask yourself: Is this interesting? Is this funny? Does anyone care? Is there any real reason to post this?
Sat Jul 04 19:12:44 PDT 2015 --  stop being unamerican https://twitter.com/kpodomomo/status/617515089764159488 …
Sat Jul 04 15:10:51 PDT 2015 --  America embodied in one tweet. Well done Asha. #IndependenceDay https://twitter.com/ashapohlel/status/617454398986428416 …
Sat Jul 04 15:06:15 PDT 2015 --  guess what im having for dinner? steak with a side of FREEDOM
Sat Jul 04 09:33:50 PDT 2015 --  Singing National Anthem by Lana just a little bit louder today but not too loud bc I'm not a very good singer
Tue Jun 30 14:31:50 PDT 2015 --  I like wearing big shirts bc it's like, do I have a 6 pack? Idk. Am I overweight? Could be. Did I just wake up? Probably. You'll never know.
Sat Jul 04 07:17:37 PDT 2015 --  Don't text me if your gonna throw your phone across the Pacific Ocean between every reply.
Fri Jul 03 20:05:01 PDT 2015 --  I'm the best boyfriend Asha's ever gonna have pic.twitter.com/1OhAtrk0WD
Fri Jul 03 12:48:13 PDT 2015 --  I'm so sentimental that I'm really sad about having to delete my three year message thread between Asha and me
Fri Jul 03 09:05:07 PDT 2015 --  #TweetLikeYourMom *cleans house before cleaning ladies come*
Fri Jul 03 10:59:59 PDT 2015 --  life is expensive i wish i was a tree
Thu Jul 02 22:02:00 PDT 2015 --  I'm crying thinking about all the fuckboys I've gotta go through to get to the love of my life
Thu Jul 02 21:28:41 PDT 2015 --  i really don't think anyone understands just how much love i have for my bed
Thu Jul 02 14:49:35 PDT 2015 --  I DONT KNOW WHY IM LAUGJING SO HARD AT THIS pic.twitter.com/SygAqqtip8
Thu Jul 02 17:15:35 PDT 2015 --  life goal pic.twitter.com/aEHONeOO1N
Thu Jul 02 18:05:23 PDT 2015 --  how many couples do you think start dating bc they got into a car accident w eachother and got out and were like "dang u cute tho"
Fri Jun 26 18:28:48 PDT 2015 --  Yours is still illegal calm down https://twitter.com/kyliejenner/status/614560571720114176 …
Thu Jul 02 17:43:23 PDT 2015 --  same tho https://twitter.com/chadjohnsonlax/status/616768383028039681 …
Thu Jul 02 15:56:32 PDT 2015 --  The best of me is the saddest movie I've ever watched in my entire life
Thu Jul 02 15:16:41 PDT 2015 --  talking to your crush like pic.twitter.com/47gJA7sH3c
Thu Jul 02 14:58:33 PDT 2015 --  lmao that tweet makes me sound so crazy
Thu Jul 02 14:58:09 PDT 2015 --  if you start catching feelings for someone just block their number
Thu Jul 02 09:41:22 PDT 2015 --  #LiesIveToldAGuy "just tell me the truth and i promise i won't get mad"
Wed Jul 01 22:53:21 PDT 2015 --  forever wishing I was asleep
Wed Jul 01 19:08:39 PDT 2015 --  I don't have to keep my finger on my phone to watch snapchat stories anymore God is real
Tue Jun 30 21:09:40 PDT 2015 --  Why is main chick and side chick a thing ya disgusting ass pigs
Tue Jun 30 17:38:39 PDT 2015 --  impractical jokers is so funny omfg
Tue Jun 30 14:43:17 PDT 2015 --  this kid has my heart pic.twitter.com/hijXJvGUFf
Mon Jun 29 19:27:56 PDT 2015 --  My face 90% of my life pic.twitter.com/9xpx7ei0MN
Mon Jun 29 20:09:18 PDT 2015 --  If you're good to me I'll be twice as good to you
Mon Jun 29 21:15:07 PDT 2015 --  you know you're a pos when you gotta set an alarm to wake up at noon
Mon Jun 29 20:48:13 PDT 2015 --  throwback jesse mccartney is my shit
Mon Jun 29 17:12:35 PDT 2015 --  we on level 92647382936482818273727 https://twitter.com/kpodomomo/status/615673562339250176 …
Mon Jun 29 16:57:44 PDT 2015 --  Happy birthday babe @whatupkk_ pic.twitter.com/nMn3RaaCZD
Mon Jun 29 09:01:01 PDT 2015 --  my pool dates pic.twitter.com/vp8I9TI1mM
Mon Jun 29 07:28:47 PDT 2015 --  the loml pic.twitter.com/Pf60xgjbxj
Sun Jun 28 21:04:03 PDT 2015 --  when your sister blocks you on twitter
Sun Jun 28 20:31:00 PDT 2015 --  if she will be loved comes on and you don't sing along im gonna assume you were raised in the jungle
Sun Jun 28 17:42:32 PDT 2015 --  guy razors are so much better than girl ones
Sun Jun 28 12:05:18 PDT 2015 --  im gonna start a tv show called Asha 323 and wear my key around my neck it's happening stay tuned
Sun Jun 28 12:03:31 PDT 2015 --  but why isn't zoey 101 on netflix
Sun Jun 28 06:17:10 PDT 2015 --  I can't wait to see who gets fat in college
Sun Jun 28 09:45:03 PDT 2015 --  you know you suck when you wake up at 12:30 pm and your sister asks you why you're awake so early
Sun Jun 28 09:30:49 PDT 2015 --  happy birthday perfect miss you lots @syd_stevenss
Sat Jun 27 21:15:47 PDT 2015 --  Happy birthday, I hope you have the best day @Craig_Jake13
Sat Jun 27 18:25:21 PDT 2015 --  I would like to order one future with a side of success and no effort please. And make it to go.
Sat Jun 27 08:11:52 PDT 2015 --  Hahahahahhaahah I love my roommates
Sun Apr 12 14:35:16 PDT 2015 --  when u in a group chat and someone from the chat msgs u from outside the chat. that shit be feeling mad serious, like why we whispering fam?
Fri Jun 26 09:06:15 PDT 2015 --  too bad I still can't marry myself
Wed Jun 24 22:36:39 PDT 2015 --  be the nice guy I fucking swear the right girl will walk into your life & be like wow why the hell did I ever deal with little boy bullshit
Thu Jun 25 16:04:05 PDT 2015 --  I can't walk outside for longer than 2 seconds without sweating this isn't ok
Thu Jun 25 12:29:17 PDT 2015 --  She loves me pic.twitter.com/71NsloCkb7
Wed Jun 24 22:32:17 PDT 2015 --  There is nothing more risky than pretending not to care
Wed Jun 24 22:15:04 PDT 2015 --  Dumb people shouldn't be allowed to breed
Fri May 22 13:13:17 PDT 2015 --  Bill Nye never let us down. This is hella important pic.twitter.com/3E9apEWhZd
Tue May 12 20:03:19 PDT 2015 --  When your mom compares you to your sibling https://vine.co/v/eKaFbQDABFQ 
Wed Jun 24 09:48:06 PDT 2015 --  We're not even related pic.twitter.com/8eztJEMAxJ
Wed Jun 24 09:37:01 PDT 2015 --  Happy birthday Jackson hope you have a good day @JackMattRick
Tue Jun 23 20:43:39 PDT 2015 --  I just dropped my phone on my face I'm pissed
Tue Jun 23 19:22:32 PDT 2015 --  I need to date someone that's so hot ppl say "damn how'd you manage to get that"
Tue Jun 23 09:37:09 PDT 2015 --  Bring me back an orphan from Romania. Gonna miss you pic.twitter.com/gRVHJUa6Ad
Mon Jun 22 21:20:54 PDT 2015 --  team P sawyer https://twitter.com/jmd12_/status/613199306833530880 …
Mon Jun 22 18:59:54 PDT 2015 --  I fr need a job
Mon Jun 22 14:46:21 PDT 2015 --  Blessed w roomies that are the perfect match for me
Mon Jun 22 12:09:38 PDT 2015 --  iPhone 6 camera is life changing pic.twitter.com/vZZ2bxFvXG
Sat Jun 20 21:11:37 PDT 2015 --  When They Ask You The Name For Your Order pic.twitter.com/PWmoOAKkIp
Sun Jun 21 10:15:53 PDT 2015 --  My phone is not loyal at all it dies on me about 10 times a day
Sun Jun 21 08:57:04 PDT 2015 --  The Stark Family, 2009 pic.twitter.com/F9U1SyZbM4
Sun Jun 21 09:34:05 PDT 2015 --  The only reason I wanted to graduate pic.twitter.com/k9f9Ln8ZXp
Thu Jun 18 21:13:20 PDT 2015 --  Every time Drake's part comes on... pic.twitter.com/h7xlEk3DmI
Sun Jun 21 08:35:35 PDT 2015 --  I drank green tea for the first time and it is without a doubt on my list of top 5 things I regret in life
Mon Jun 08 20:05:05 PDT 2015 --  Someone tweeted #NationaBestfriendDay this morning and I guess it stuck. Love ya fam pic.twitter.com/tEW4nDDcqB
Sat Jun 20 19:41:23 PDT 2015 --  None of my messages are sending
Sat Jun 20 15:09:28 PDT 2015 --  This is what siblings are for https://twitter.com/callie_hobbs18/status/612379343759671296 …
Sat Jun 20 12:55:11 PDT 2015 --  Kylie jenners snapchat story is the best thing that's ever happened to me
Sat Jun 20 12:34:14 PDT 2015 --  this is proof that asha pohlel is in fact an angel. https://twitter.com/ashapohlel/status/612314186870321152 …
Sat Jun 20 10:40:53 PDT 2015 --  pic.twitter.com/cS4vsZ2SJi
Sat Jun 20 07:53:44 PDT 2015 --  Happy birthday @brax2015! Can't wait to see you around milly, hope you have the best day
Fri Jun 19 23:21:56 PDT 2015 --  That outfit in ya avi definitely the right decision https://twitter.com/ashapohlel/status/612137845889875968 …
Fri Jun 19 23:05:28 PDT 2015 --  Annoying boyfriend https://twitter.com/kpodomomo/status/612139081875611648 …
Fri Jun 19 23:00:10 PDT 2015 --  I feel like I made all the wrong decisions
Fri Jun 19 19:16:10 PDT 2015 --  Really wish I was in milly rn
Thu Jun 18 18:30:12 PDT 2015 --  @ashapohlel your my life
Thu Jun 18 18:22:52 PDT 2015 --  Hot fries are my life
Thu Jun 18 12:40:47 PDT 2015 --  hell is when you're in the car w/ someone & they talk during your fav part of the song
Wed Jun 17 12:21:02 PDT 2015 --  Reunited pic.twitter.com/FqClTqkM8l
Thu Jun 11 22:38:34 PDT 2015 --  You'll end up very disappointed if you grow up thinking everyone has the same heart as you do
Wed Jun 17 20:19:30 PDT 2015 --  @ashapohlel https://twitter.com/shelbyshockey/status/611299502780207104 …
Wed Jun 17 20:16:12 PDT 2015 --  My bed is the loml
Wed Jun 17 19:00:49 PDT 2015 --  Looking forward to living with girl @ashapohlel in 2 months
Sun Jun 14 22:52:40 PDT 2015 --  I saw Jurassic world today and I'm still shocked the camera men were so brave to film all of it, praying for the families of those killed
Mon May 11 21:52:11 PDT 2015 --  i hate when people start typin’ while i’m still typin’ like i know you see them dots, wait your turn smh
Wed Jun 17 12:16:08 PDT 2015 --  I'm still bitter about that one time I had to spend over $100 on a calculator
Wed Jun 17 08:41:31 PDT 2015 --  I wish I had like a group of funny and loyal friends all in a groupchat and we never complained bc we're all so funny and loyal
Tue Jun 16 21:33:11 PDT 2015 --  51 days til Milledgeville... But who's counting?
Tue Jun 16 19:11:53 PDT 2015 --  lifes rough when all ur friends are solid 10s and ur maybe a 4 on a good day
Tue Jun 16 19:17:29 PDT 2015 --  The "I like to hit on girls in the Loganville Kroger parking lot" starter pack pic.twitter.com/AEYwyC8zGc
Tue Jun 16 18:47:01 PDT 2015 --  Why do girls take pics w pineapples...
Tue Jun 16 16:56:49 PDT 2015 --  Happy birthday, you beautiful angel. Hope ya had the best day @yummmichaela
Tue Jun 16 12:41:08 PDT 2015 --  ombré pic.twitter.com/B2maIK9HTW
Mon Jun 15 20:03:40 PDT 2015 --  This summers gonna hurt like a mf
