Thu Aug 27 11:23:23 PDT 2015 --  Cara Delevingne Gets 'SUICIDE SQUAD' Tattoo. http://bit.ly/1NCYluw  pic.twitter.com/wJuXy3zHgJ
Tue Aug 25 15:33:00 PDT 2015 --  This. Cast. Is. Godly. pic.twitter.com/lWDCCJPeIT
Mon Aug 24 14:38:49 PDT 2015 --  When the whole squad's outfits are on point pic.twitter.com/O8KTeKX31g
Fri Aug 21 16:44:15 PDT 2015 --  Who I need in the DECU right now. pic.twitter.com/dhxLQ7cAMW
Tue Aug 18 14:42:08 PDT 2015 --  #skwad pic.twitter.com/HOZDytXnjp
Mon Aug 17 19:20:16 PDT 2015 --  I'm not crying who's crying not me. pic.twitter.com/ejsyble60p
Sun Aug 16 16:21:52 PDT 2015 --  We need to see this in 'CAPTAIN AMERICA: CIVIL WAR'. pic.twitter.com/LqwfJcJmQy
Sat Aug 15 22:50:03 PDT 2015 --  Harley and Ivy > Harley and Joker pic.twitter.com/ZA4Wfjk3yy
Sat Aug 15 15:10:04 PDT 2015 --  pic.twitter.com/BB3dWtMMev
Fri Aug 14 14:17:20 PDT 2015 --  I get the feeling Jack Jack will be very important in the sequel. pic.twitter.com/mAykKeUEaF
Wed Aug 12 20:21:56 PDT 2015 --  Waiting on Civil War news like pic.twitter.com/YVQni5IhpN
Wed Aug 12 16:29:02 PDT 2015 --  Happy Birthday to Cara Delevingne aka Enchantress in SUICIDE SQUAD! Love Cara? 'Paper Towns' is out now. pic.twitter.com/Fbl1qxKrk8
Tue Aug 11 20:46:56 PDT 2015 --  New ‘THE FLASH' Costume Shown In CW Promo Video http://comicbook.com/2015/08/12/new-flash-costume-shown-in-cw-promo-video/ … pic.twitter.com/U1W6qFYOMi
Sat Aug 08 19:40:36 PDT 2015 --  Happy birthday killerandasweetthang @eileezy
Sat Aug 08 11:04:48 PDT 2015 --  'SENSE8' Renewed For a Second Season http://comicbook.com/2015/08/08/sense8-renewed-for-a-second-season/ … pic.twitter.com/qek27sz4Po
Fri Aug 07 16:09:55 PDT 2015 --  "What are your plans for 2016" Me: pic.twitter.com/mt8lX5Uas9
Tue Aug 04 20:02:08 PDT 2015 --  'DEADPOOL' Trailer Released! RT http://bit.ly/1eRJ2PF  pic.twitter.com/VlPytqmBaN
Mon Aug 03 08:10:58 PDT 2015 --  VIDEO: 'DEADPOOL' Trailer Trailer http://bit.ly/1eNNzm4  pic.twitter.com/4Y64pUh9NU
Thu Jul 30 14:53:29 PDT 2015 --  'BATMAN V. SUPERMAN' Animation Reveals Secret Identities http://bit.ly/1eE3FOU  pic.twitter.com/w1EndL9vGq
Wed Jul 29 19:03:26 PDT 2015 --  Dates WONDER WOMAN & JUSTICE LEAGUE Start Filming Confirmed http://bit.ly/1fJk19V  pic.twitter.com/5uJ6XojSsa
Wed Jul 29 07:11:53 PDT 2015 --  'BATMAN V. SUPERMAN': ROBIN, BATMAN'S Loss, & SUICIDE SQUAD Teased! http://bit.ly/1LXWW18  pic.twitter.com/aEu2DnqMCA
Wed Jul 29 15:51:40 PDT 2015 --  No Origin Story For Marvel's SPIDER-MAN Reboot According To Screenwriters http://bit.ly/1Si1PpF  pic.twitter.com/TEkxk2sqnt
Tue Jul 28 06:38:40 PDT 2015 --  Three New #BatmanvSuperman Images Released http://bit.ly/1ewI8YG  pic.twitter.com/1TsWNtza3y
Tue Jul 28 06:09:10 PDT 2015 --  New @deadpoolmovie photos released! http://bit.ly/1LT2z0G  #Deadpool pic.twitter.com/2WkIpJax3L
Mon Jul 27 13:01:28 PDT 2015 --  Cara Delevingne Says #SuicideSquad Role Is Like Playing Two Parts http://bit.ly/1DJMbaw  pic.twitter.com/oAE6tljLHm
Sun Jul 26 21:46:27 PDT 2015 --  Very excited to see @Caradelevingne in Suicide Squad! pic.twitter.com/6BDyS1zJvN
Sun Jul 26 10:00:07 PDT 2015 --  Empire's Batman v Superman @DawnOfJusticeUK cover revealed! On sale from Thursday. http://bit.ly/1LBrrtN  pic.twitter.com/sffLE0zu3J
Sat Jul 25 13:31:12 PDT 2015 --  First #Deadpool Trailer Officially Classified http://comicbook.com/2015/07/25/first-deadpool-trailer-officially-classified/ … pic.twitter.com/YMPapvd2MF
Sat Jul 25 21:09:18 PDT 2015 --  Super great seeing @itskaykim tonight! Hope you continue to enjoy college!
Wed Jul 22 13:48:57 PDT 2015 --  Sara Lance's Resurrection Will Happen On Arrow Before Legends Of Tomorrow http://bit.ly/1Oy442t  pic.twitter.com/D0Hq6t1B9K
Wed Jul 22 14:52:22 PDT 2015 --  #Hearthstone’s second expansion, The Grand Tournament, begins in August! http://blizz.ly/TGT  pic.twitter.com/dzL3qAPnEI
Wed Jul 22 08:20:46 PDT 2015 --  Spider-Man Actor @TomHolland1996 Visits Suicide Squad Set #SuicideSquad #Spiderman http://bit.ly/1VuzFqr  pic.twitter.com/FxZKXwslPa
Mon Jul 20 15:08:00 PDT 2015 --  It only takes 30 seconds to prove being a geek is the best way to live in 2015. #Comics #Movies #TV pic.twitter.com/9OA0xxpqtX
Mon Jul 20 14:31:52 PDT 2015 --  Check out this NEW @CW_TheFlash costume! http://bit.ly/1Jtacog  pic.twitter.com/DbqudO6h4E
Thu Jul 16 19:41:30 PDT 2015 --  Seeing @AntMan tomorrow! Excited to see the Spider-Man easter egg!
Thu Jul 16 13:11:59 PDT 2015 --  Heroes don't get any bigger. See Marvel's #AntMan in theaters tomorrow, July 17! pic.twitter.com/FgivLjR9uN
Wed Jul 15 12:35:22 PDT 2015 --  Kings and queens. pic.twitter.com/X7c5TbtcXl
Mon Jul 13 13:07:12 PDT 2015 --  'SUICIDE SQUAD' Trailer Released! RT http://bit.ly/1O1GDOh  pic.twitter.com/oVYSzwIO1T
Mon Jul 13 06:44:38 PDT 2015 --  #Repost @cruelfilms ・・・ That was fun Photo by @clayenos http://ift.tt/1dVTLYM  pic.twitter.com/sH1wWhm2zV
Sun Jul 12 07:55:29 PDT 2015 --  How 'bout that logo? pic.twitter.com/meymOU1bRB
Sat Jul 11 12:31:00 PDT 2015 --  Oops... pic.twitter.com/jHZ705G8KM
Sat Jul 11 12:12:41 PDT 2015 --  Everyone go watch the new Batman v Superman trailer! https://www.youtube.com/watch?t=10&v=0WWzgGyAH6Y …
Sat Jul 11 12:01:16 PDT 2015 --  'BATMAN V SUPERMAN' Trailer Description! RETWEET! http://bit.ly/1TsbZ49  pic.twitter.com/WEsnzXf7VS
Sat Jul 11 12:01:53 PDT 2015 --  'SUICIDE SQUAD' footage description! RETWEET http://bit.ly/1Tsc1cq  pic.twitter.com/gAlUFFXGSr
Sat Jul 11 11:52:28 PDT 2015 --  BATMAN has a Batsuit that has "You let your family die" and "The Joke's on you Batman" scribbled on it. DAMN YOU JOKER.
Sat Jul 11 11:27:44 PDT 2015 --  'GREEN LANTERN CORPS' Movie Announced! RT
Fri Jul 10 21:28:52 PDT 2015 --  BREAKING: 'THE KILLING JOKE' Animated Movie Coming 2016! RT http://bit.ly/1HjZjVu  pic.twitter.com/b70tfKOrcz
Fri Jul 10 10:47:54 PDT 2015 --  BREAKING: 'BATMAN V SUPERMAN' Trailer #2 COMING SOON! RT http://bit.ly/1HSl3gL  pic.twitter.com/yr8z24ORUu
Thu Jul 09 15:58:52 PDT 2015 --  BREAKING: BEN AFFLECK to DIRECT solo BATMAN movie: Geoff Johns and Ben Affleck Writing! RT http://bit.ly/1Hg8F4o  pic.twitter.com/QqIVBOYihk
Wed Jul 08 18:46:57 PDT 2015 --  *HEAVY BREATHING* pic.twitter.com/OzxGQExBqR
Wed Jul 08 18:04:22 PDT 2015 --  Godly pic.twitter.com/klu10JOl8G
Sun Jul 05 19:01:20 PDT 2015 --  A full look at our Trinity. pic.twitter.com/I0DaETf2y1
Sun Jul 05 14:53:19 PDT 2015 --  Thoughts on the official 'DEADPOOL' cover? RT: THUMBS UP FAV: MEH... 🏼 http://bit.ly/1CeGEgQ  pic.twitter.com/JhSuooaKCF
Sun Jul 05 08:15:47 PDT 2015 --  This is spot on. pic.twitter.com/H8vVrg4NIh
Fri Jul 03 12:37:08 PDT 2015 --  LADIES AND GENTLEMEN... The 'JUSTICE LEAGUE' script is COMPLETE! #ICYMI pic.twitter.com/WmMqzaLh0a
Thu Jul 02 07:59:18 PDT 2015 --  UPDATED: Six New Photos From 'BATMAN V. SUPERMAN: DAWN OF JUSTICE' http://bit.ly/1IRlulY  pic.twitter.com/pF3xQomrmT
Thu Jul 02 08:32:00 PDT 2015 --  DC just did that. pic.twitter.com/O7nXv14s7I
Thu Jul 02 08:49:21 PDT 2015 --  DEAD. POOL. http://bit.ly/1CNik0C  pic.twitter.com/Mkm7Kk3pmI
Fri Jun 26 09:08:17 PDT 2015 --  Happy birthday @ArianaGrande
Thu Jun 25 20:48:33 PDT 2015 --  I'm excited. pic.twitter.com/qcBnpQr3p1
Thu Jun 25 22:52:05 PDT 2015 --  If I'm not mistaken, #AntMan contains the first reference to #SpiderMan in the MCU.
Wed Jun 24 10:26:49 PDT 2015 --  SPIDER-MAN Confirmed For 'CAPTAIN AMERICA: CIVIL WAR’! http://bit.ly/1TNirnv  pic.twitter.com/KVOXW5dqWH
Tue Jun 23 17:13:17 PDT 2015 --  'GREEN LANTERN' Reboot Rumored To Include MULTIPLE Green Lanterns. http://bit.ly/1BL7AVs  pic.twitter.com/ybQN7M6enW
Tue Jun 23 09:16:14 PDT 2015 --  TOM HOLLAND is your new SPIDER-MAN! http://bit.ly/1N5QMJ9  pic.twitter.com/Z3Gq2sce6O
Sun Jun 21 12:00:05 PDT 2015 --  The End Begins 06.23.15 #Batman #BeTheBatman pic.twitter.com/V9QJsypoHg
Sun Jun 21 10:44:14 PDT 2015 --  Pre-Ordered Arkham Knight! Excited to play as Harley Quinn and Red Hood
Sat Jun 20 12:00:06 PDT 2015 --  The End Begins 06.23.15 #Scarecrow #BeTheBatman pic.twitter.com/O1UrtQd7sL
Fri Jun 19 12:00:17 PDT 2015 --  The End Begins 06.23.15 #ArkhamKnight #BeTheBatman pic.twitter.com/rydNeeMyR3
Fri Jun 19 02:06:56 PDT 2015 --  I have arrived! pic.twitter.com/vrq7oXs71Y
Thu Jun 18 12:25:00 PDT 2015 --  Wedding cake goals. pic.twitter.com/BQCDKuNL96
Thu Jun 18 13:29:18 PDT 2015 --  The End Begins 06.23.15 #Azrael #BeTheBatman pic.twitter.com/kuDPCppF2T
Mon Jun 15 19:13:28 PDT 2015 --  https://twitter.com/destinythegame/status/610623639688343552 …
Mon Jun 15 17:37:19 PDT 2015 --  'BATMAN: ARKHAM KNIGHT' ORACLE Poster Released http://comicbook.com/2015/06/16/batman-arkham-knight-oracle-poster-released/ … pic.twitter.com/plPB1xTkqv
Mon Jun 15 10:08:50 PDT 2015 --  #PvZGW2 #EAE3 Servant! Dr. Zomboss requires you to retweet that I have taken over Suburbia! I am justifiably proud > https://youtu.be/9_0gZFfqK3w 
Mon Jun 15 09:49:18 PDT 2015 --  Get ready to play your #Xbox360 games on #XboxOne. #XboxE3 pic.twitter.com/emuzzpbOMa
Sun Jun 14 15:40:43 PDT 2015 --  In love with @ToveLo
Sat Jun 13 14:17:33 PDT 2015 --  COMICS - Face the Future: DAN JURGENS Talks ‘BATMAN BEYOND’ #1 http://comicbook.com/2015/06/05/dan-jurgens-talks-batman-beyond-1/ … pic.twitter.com/QSQHdLWFY4
Thu Jun 11 09:23:32 PDT 2015 --  New 'ANT-MAN' posters featuring IRON MAN and CAPTAIN AMERICA's shield and THOR's hammer! RT http://bit.ly/1C13ZNw  pic.twitter.com/cEzTMX1QyI
Wed Jun 10 17:15:39 PDT 2015 --  THE DCCU! pic.twitter.com/2gMfxDAQs9
Wed Jun 10 13:32:17 PDT 2015 --  "Why doesn't Wonder Woman have a lot of villains". pic.twitter.com/h4f0gb8RPc
Wed Jun 10 11:10:28 PDT 2015 --  pic.twitter.com/D5yaP5SNcI
Wed Jun 10 07:42:47 PDT 2015 --  Reminder that there's a 'SUICIDE SQUAD' teaser trailer out there in the lands of Warner Bros. that only a few people have seen. RELEASE IT!
Tue Jun 09 19:17:46 PDT 2015 --  'SUICIDE SQUAD' trailer > 'BATMAN V SUPERMAN' trailer.
Tue Jun 09 13:22:14 PDT 2015 --  JON BERNTHAL cast as THE PUNISHER in 'DAREDEVIL' Season 2! Thoughts? RT: HELL YES!!! FAV: BOO! http://bit.ly/1f13Cxz  pic.twitter.com/miabVqMmN8
Tue Jun 09 11:46:25 PDT 2015 --  *cries* pic.twitter.com/vxAo7xB8d2
Tue Jun 09 07:46:52 PDT 2015 --  Official 'BATMAN V SUPERMAN' Plot Synopsis Released! RT http://bit.ly/1QIviTq  pic.twitter.com/8C1tzeFS1q
Mon Jun 08 07:59:22 PDT 2015 --  VIDEO: 'BATMAN: ARKHAM KNIGHT' RED HOOD Story Pack Trailer http://bit.ly/1F4azmr  pic.twitter.com/2Top4kDEst
Sun Jun 07 10:58:38 PDT 2015 --  Set her up as a major villain in the future. She has the potential to be powerful enough to take on The Avengers. pic.twitter.com/HxpD16xAV8
Thu Jun 04 18:15:22 PDT 2015 --  Who's crying I'm not crying not me. pic.twitter.com/OSOqSw3Vv2
Thu Jun 04 12:20:54 PDT 2015 --  Budapest by George Ezra
Wed Jun 03 14:01:49 PDT 2015 --  ‘FURIOUS 7' Director James Wan To Helm ‘AQUAMAN' http://bit.ly/1Ie4qsF  pic.twitter.com/ovtZce4MbQ
Wed Jun 03 07:02:36 PDT 2015 --  VIDEO: 'FALLOUT 4' Trailer http://bit.ly/1ANDgsB  pic.twitter.com/IZY1aWTuW1
Tue Jun 02 11:37:24 PDT 2015 --  Iron Banner has returned. Claim your bounties from Lord Saladin. Gain favor to buy Etheric Light and all new gear. pic.twitter.com/0PJErnOEct
Tue Jun 02 16:52:01 PDT 2015 --  'FALLOUT 4' Will Be Officially Revealed Tomorrow! In case you missed it: http://bit.ly/1IaG71k  pic.twitter.com/zeQZxlqRpS
Tue Jun 02 09:41:46 PDT 2015 --  VIDEO: 'BATMAN: ARKHAM KNIGHT' HARLEY QUINN Trailer http://bit.ly/1FrVdd0  pic.twitter.com/e0sELD7kt6
Mon Jun 01 17:20:43 PDT 2015 --  The 'SUICIDE SQUAD' family. pic.twitter.com/KM9t8EvoQq
Sun May 31 19:39:24 PDT 2015 --  this is happening @AsianArianator pic.twitter.com/jabGJvPvtb
Fri May 29 19:04:32 PDT 2015 --  The holy Trinity. pic.twitter.com/wXh5GsnyYM
Fri May 29 02:06:18 PDT 2015 --  I have arrived! Enjoy the gauntlets, warlocks, after this it's back to Sunbreakers. pic.twitter.com/erWFUSV3Ol
Wed May 27 18:27:40 PDT 2015 --  "Rotten" pic.twitter.com/W3klMJo8SO
Wed May 27 13:57:53 PDT 2015 --  CHRIS PINE Reportedly To Play STEVE TREVOR In 'WONDER WOMAN'! RT: HELL YES! FAV: BOO! http://bit.ly/1LKr5hl  pic.twitter.com/xM7i2P0r9c
Mon May 25 19:52:24 PDT 2015 --  BATMAN IS IN SUICIDE SQUAD https://twitter.com/superherofeed/status/603030313283887104 …
Mon May 25 16:13:51 PDT 2015 --  Spider-Verse pic.twitter.com/PeWXTVpj4Z
Sun May 24 15:29:54 PDT 2015 --  & some more pic.twitter.com/vM1c7XHDN8
Sat May 23 20:12:40 PDT 2015 --  Assault on Arkham adaption please! https://twitter.com/superherofeed/status/602229090502840320 …
Fri May 22 11:54:42 PDT 2015 --  Trials of Osiris starts now. Gather your Fireteam. Enter the Crucible. Gain passage from Brother Vance in the Reef. pic.twitter.com/9PZqzIId4Z
Sat May 23 16:05:40 PDT 2015 --  MOTHER OF GOD. pic.twitter.com/LYdMqC4uwQ
Fri May 22 12:22:59 PDT 2015 --  That's a real look at the new Batsuit design. Pretty neat! pic.twitter.com/rXj1Qb60yo
Thu May 21 22:20:13 PDT 2015 --  What a day, WHAT A LOVELY DAY. pic.twitter.com/pHQE6zpXv2
Thu May 21 15:43:44 PDT 2015 --  Who did this. pic.twitter.com/nODdbhiL7h
Thu May 21 17:51:51 PDT 2015 --  MOTHER. OF. GOTHAM. #ArkhamKnight pic.twitter.com/tSzh4DnGsI
Tue May 19 20:58:50 PDT 2015 --  *Dials 911* Operator: "911 what's your emergency." Me: "The Joker has literally climbed himself out of comics." pic.twitter.com/jNw9i2Ltx5
Tue May 19 21:18:22 PDT 2015 --  Savage. https://vine.co/v/eAjpd3gB0IT 
Sun May 17 13:48:30 PDT 2015 --  Queen poses. pic.twitter.com/If4DIDMEYf
Thu May 14 10:21:52 PDT 2015 --  'LEGENDS OF TOMORROW' Trailer: RT for THUMBS UP 🏼 FAV for THUMBS DOWN🏼 WATCH HERE: http://bit.ly/1K8iN4P  pic.twitter.com/jZQbKmW2aI
Tue May 12 23:51:50 PDT 2015 --  Oh my god. pic.twitter.com/QDF9yzG7CU
Tue May 12 11:31:23 PDT 2015 --  The End Begins 6.23.15. pic.twitter.com/i0sYuiELUB
Tue May 12 09:33:15 PDT 2015 --  The Rooks are here to bring London a brighter future. Welcome to the family. https://amp.twimg.com/v/87dc8729-22ee-4793-8397-3b2282542d61 …
Sun May 10 00:46:40 PDT 2015 --  @AsianArianator https://twitter.com/yoifeellike/status/597264434503888896 …
Sat May 09 17:21:10 PDT 2015 --  Very excited to play the next @PlantsvsZombies
Wed May 06 11:38:30 PDT 2015 --  Harley makes me happy. pic.twitter.com/dNCXuVTrVP
Wed May 06 06:25:43 PDT 2015 --  New 'ANT-MAN' poster released! How do you like it? RT: THUMBS UP 🏼 FAV: THUMBS DOWN 🏼 http://bit.ly/1F5ItO8  pic.twitter.com/4YuMXC2Ld3
Sun May 03 20:01:23 PDT 2015 --  For anyone confused. pic.twitter.com/jRYWrPshNz
Sun May 03 18:00:57 PDT 2015 --  Suicide Squad is A1
Sun May 03 16:03:59 PDT 2015 --  Task Force X assembled and ready. #SuicideSquad pic.twitter.com/fEV7E1aPsm
Sat May 02 20:35:30 PDT 2015 --  Totally raided @Korinahh froyo kingdom
Fri May 01 22:19:25 PDT 2015 --  What he sees. pic.twitter.com/CsoD37DmJa
Thu Apr 30 11:31:19 PDT 2015 --  New 'FANTASTIC FOUR' poster and four separate character posters released! RT http://bit.ly/1I1hdB9  pic.twitter.com/fskBqMlRfP
Wed Apr 29 16:08:30 PDT 2015 --  BATMAN and THE JOKER of the DC Cinematic Universe! Take a good, long look. pic.twitter.com/RL1M1z0gKQ
Tue Apr 28 22:46:18 PDT 2015 --  Now that's cool. pic.twitter.com/xAvyekdQmn
Fri Apr 24 17:30:50 PDT 2015 --  The Suicide Squad wishes you a Happy Anniversary Mr. J! #Joker75 #SuicideSquad @WarnerBrosEnt @DCComics pic.twitter.com/LZXz0x947Q
Tue Apr 21 09:41:32 PDT 2015 --  New looks at JARED LETO as THE JOKER! #Retweet pic.twitter.com/EkjHHpWYYh
Mon Apr 20 20:01:15 PDT 2015 --  Thanks to everyone that turned out for the #MondayBvSSpecialIMAXEvent screenings tonight! #BatmanvSuperman pic.twitter.com/52KvKy1lUi
Sat Apr 18 07:40:38 PDT 2015 --  Star Wars trailer looks bad ass. -the amazing Emma
Fri Apr 17 17:27:20 PDT 2015 --  BEST. PART. OF. THE. TRAILER. #BatmanvSuperman pic.twitter.com/pVi18zN1MB
Fri Apr 17 06:02:28 PDT 2015 --  Both batsuits look perfect!
Fri Apr 17 05:59:22 PDT 2015 --  Afflecks' Batman voice is spot on
Wed Apr 15 19:43:45 PDT 2015 --  God is real and he is two people. pic.twitter.com/uBpb1axgcn
Wed Apr 15 19:24:51 PDT 2015 --  Confirmed 4.20.15 #BatmanvSuperman @IMAX special teaser screening events. Limited space. RSVP http://www.batmanvsupermandawnofjustice.com/imax/  https://amp.twimg.com/v/ef76d41b-73ba-491b-bb83-9153e44ddf62 …
Tue Apr 14 16:02:00 PDT 2015 --  'BATMAN V SUPERMAN' Teaser Hits This THURSDAY! Full Trailer Release REVEALED: http://bit.ly/1E0n5tf  pic.twitter.com/ePfAIttPBO
Sat Apr 11 10:18:59 PDT 2015 --  OFFICIAL: Marvel's new SPIDER-MAN is PETER PARKER. And he'll be back in high school. READ: http://bit.ly/1CvSIox  pic.twitter.com/zHdGGakJkb
Fri Apr 10 08:34:36 PDT 2015 --  The time for talk is over. The devil is out. #Daredevil https://amp.twimg.com/v/b59348e0-c419-4017-9a15-bc03369842c2 …
Fri Apr 10 15:33:25 PDT 2015 --  Binge watching @Daredevil
Fri Apr 10 02:04:05 PDT 2015 --  I have arrived! Are those Strange Coins in your pocket or are you just happy to see me? pic.twitter.com/cm8PS81TjA
Thu Apr 09 19:16:31 PDT 2015 --  FIRST LOOK at JARED LETO's JOKER hair! Pays homage to KILLING JOKE! RT http://comicbook.com/2015/04/10/jared-leto-poses-for-killing-joke-esque-photo/ … pic.twitter.com/llGz1s4U5i
Thu Apr 09 12:33:07 PDT 2015 --  'CALL OF DUTY: BLACK OPS III' Teaser Released! http://bit.ly/1GPXJNz  pic.twitter.com/y5g0BPmjS2
Sun Apr 05 19:55:46 PDT 2015 --  Wait until you see 'CAPTAIN AMERICA: CIVIL WAR'. pic.twitter.com/qQXal8JtDs
Thu Apr 02 10:01:27 PDT 2015 --  There is no justice without sacrifice. The final 5 episodes of #Arrow season 3 begin Wednesday, April 15! https://amp.twimg.com/v/f3e9c990-3b52-4d33-87b5-e35502cee5ef …
Thu Apr 02 12:09:17 PDT 2015 --  BEST. JOKER. COSPLAY. EVER. Ladies and gentlemen... The trophy wall: http://bit.ly/1GkATgS  pic.twitter.com/CLhszxcFEf
Wed Apr 01 14:21:35 PDT 2015 --  'DEADPOOL' Rated-R announcement video! FULL VIDEO HERE: http://bit.ly/1ak860j  pic.twitter.com/364SYSQcUQ
Wed Apr 01 14:09:54 PDT 2015 --  'DEADPOOL' officially RATED-R! Retweet for the world to know! http://bit.ly/1ak860j  pic.twitter.com/KzWPCgGEL4
Tue Mar 31 18:00:15 PDT 2015 --  Who is Harrison Wells? All will be revealed on the next new episode of #TheFlash! https://amp.twimg.com/v/5d35fa4b-c2c2-4415-93ea-638e26f0426d …
Tue Mar 31 21:19:49 PDT 2015 --  I MISS THIS pic.twitter.com/d9t6EQAAKx
Tue Mar 31 17:42:20 PDT 2015 --  There is not a single day on the calendar that can justify messing around about a 'BATMAN V SUPERMAN' trailer. You just don't go there.
Tue Mar 31 18:40:55 PDT 2015 --  'THE FLASH' One Minute Trailer For Rest Of Season Released! http://bit.ly/1Hi6RJc  pic.twitter.com/WoPI2ursXP
Tue Mar 31 12:13:04 PDT 2015 --  KILLER CROC cast in 'SUICIDE SQUAD'! Who's excited?! http://bit.ly/19yIcVu  pic.twitter.com/pAJyqXcd2L
Sun Mar 29 14:45:09 PDT 2015 --  Sunshine and smiles pic.twitter.com/3ZE2Rxy0gT
Sun Mar 29 18:19:10 PDT 2015 --  'HALO 5: GUARDIANS' Live Action Story Trailer Released! WATCH: http://bit.ly/1Nswby5  pic.twitter.com/u3B71dVnWo
Sun Mar 29 11:22:40 PDT 2015 --  pic.twitter.com/627R995ZNQ
Fri Mar 27 17:05:00 PDT 2015 --  ARLHAM ASYLUM confirmed in 'SUICIDE SQUAD'. The logo revealed. Oh my god!
Fri Mar 27 09:51:25 PDT 2015 --  I can't. pic.twitter.com/4orxESheo3
Fri Mar 27 08:59:05 PDT 2015 --  With great power, comes great irresponsibility. #deadpool #officialsuit @deadpoolmovie pic.twitter.com/MPM89bYz1B
Fri Mar 27 09:39:36 PDT 2015 --  'DEADPOOL' Movie Synopsis And Logo Released! http://bit.ly/1HXHiNI  pic.twitter.com/WPbOT4Elkh
Fri Mar 27 14:13:39 PDT 2015 --  THE FLASH's Tom Cavanagh On the Role of the Speed Force! http://bit.ly/1Ed9hLs  pic.twitter.com/XXjhRbkf5i
Wed Mar 25 08:00:47 PDT 2015 --  POLL: First look at JESSE EISENBERG as LEX LUTHOR for 'BATMAN V SUPERMAN'. RT: THUMBS UP! FAV: THUMBS DOWN! pic.twitter.com/ujPLpWkdQr
Sat Mar 21 18:26:03 PDT 2015 --  JARED LETO's JOKER Voice?! Listen here: http://bit.ly/1DJkkf9  pic.twitter.com/iZ4rRsTPn6
Fri Mar 20 09:34:33 PDT 2015 --  Squad of 6, good music, Destiny
Thu Mar 19 17:43:09 PDT 2015 --  Time to catch up on @CW_Arrow
Wed Mar 18 17:52:22 PDT 2015 --  Catching up on @CW_TheFlash
Tue Mar 17 17:14:38 PDT 2015 --  THE EVOLUTION OF BATMAN! By Jeff Victor. pic.twitter.com/DCOVEWMyBq
Tue Mar 17 16:32:42 PDT 2015 --  Should the Batgirl cover have been cancelled? #Poll RT: NO FAV: YES pic.twitter.com/zNymU6PSxf
Tue Mar 17 09:54:32 PDT 2015 --  ICYMI: ULTRON poster or 'AVENGERS: AGE OF ULTRON'. It's magnificent... #AgeOfUltron pic.twitter.com/U0gCLWHFyJ
Tue Mar 17 07:01:02 PDT 2015 --  44 days until 'AVENGERS: AGE OF ULTRON'. pic.twitter.com/l6zLeGNG3Q
Sun Mar 15 12:06:46 PDT 2015 --  Epic 'BATMAN V SUPERMAN' poster by http://messypandas.com . #FanMade pic.twitter.com/FJgNRl8jZY
Fri Mar 13 19:34:54 PDT 2015 --  These are seriously awesome! Kudos to Marvel for finally giving the twins some individual attention. Much needed! pic.twitter.com/kchL12Cx1h
Fri Mar 13 16:54:30 PDT 2015 --  Last home soccer game tonight. Good luck lady hawks!
Fri Mar 13 10:10:20 PDT 2015 --  BEST LOOK at REVERSE FLASH yet! #TheFlash http://bit.ly/1b86Xch  pic.twitter.com/V3oK9pp8Dt
Fri Mar 13 03:47:08 PDT 2015 --  The ever elusive Red Death is sold by Xur!
Fri Mar 13 02:06:33 PDT 2015 --  I have arrived! Have you found me yet? pic.twitter.com/9qvYi1pujL
Thu Mar 12 21:10:08 PDT 2015 --  I have just loaded my ship with this weeks stock! I'll see you in a few hours, Guardians.
Thu Mar 12 18:52:01 PDT 2015 --  New 'BATMAN: ARKHAM KNIGHT' TV spot. It's... It's beautiful. WATCH: http://comicbook.com/2015/03/13/powerful-cinematic-tv-spot-for-batman-arkham-knight/ … pic.twitter.com/y9Qp026Zbo
Tue Mar 10 18:21:30 PDT 2015 --  'DAREDEVIL' doesn't just look good for a comic book show. It looks good for a show in general. Looks absolutely amazing.
Tue Mar 10 17:53:36 PDT 2015 --  What I expect from the 'JUSTICE LEAGUE' Flash costume. pic.twitter.com/JdpBridJk4
Tue Mar 10 13:44:04 PDT 2015 --  The DC Cinematic Universe. pic.twitter.com/HP7ZT439I8
Mon Mar 09 23:03:57 PDT 2015 --  Marvel has stepped it up with the latest Black Widow poster. pic.twitter.com/FjJE7nO0Vp
Sun Mar 08 09:08:31 PDT 2015 --  Celebrating Wonder Woman! Diana has inspired women everywhere to never feel intimidated. #InternationalWomensDay pic.twitter.com/LaJb3y70T3
Fri Mar 06 17:30:16 PST 2015 --  Who's ready? pic.twitter.com/Ih4QquGyVh
Wed Mar 04 10:14:29 PST 2015 --  New 'AVENGERS: AGE OF ULTRON' trailer RELEASED! http://youtu.be/JAUoeqvedMo  pic.twitter.com/Kx7gFtZwtX
Tue Mar 03 20:27:06 PST 2015 --  Fan-made 'CAPTAIN AMERICA: CIVIL WAR' poster. Wow! pic.twitter.com/Sc2NsNJIqa
Sun Mar 01 21:51:14 PST 2015 --  Goodbye by Fancy >>>
Sun Mar 01 06:13:20 PST 2015 --  Most ridiculous own goal ever scored.. https://vine.co/v/OQ9rE5DlWx6 
Sat Feb 28 17:49:07 PST 2015 --  After 4 hours of non stop playing, I bagged a Husk of the Pit! #blessed
Fri Feb 27 13:02:49 PST 2015 --  "Henry Cavill is a sweetheart, Ben Affleck is a badass." -Jason Momoa Yup... That's Superman and Batman alright. pic.twitter.com/uiuY49xXFG
Fri Feb 27 01:47:44 PST 2015 --  I have arrived to the Tower... 40 minutes ago! Sorry for the late reminder, Guardians, I am located near the Speaker. pic.twitter.com/P3UDmc4MZ1
Thu Feb 26 16:50:03 PST 2015 --  Avengers: Age of Ultron Ant-Man Fantastic Four Deadpool Batman v Superman Civil War X-Men: Apocalypse Suicide Squad Gambit Doctor Strange
Wed Feb 25 06:34:52 PST 2015 --  New 'BATMAN: AKHAM KNIGHT' trailer released! http://bit.ly/1w9GL4M  pic.twitter.com/2YOk3CS8u1
Tue Feb 24 08:41:09 PST 2015 --  "Gods among us." pic.twitter.com/FAAgHagJSp
Tue Feb 24 09:02:51 PST 2015 --  Official 'AVENGERS: AGE OF ULTRON' poster released! RT pic.twitter.com/012Ec6WY7t
Sat Feb 21 16:15:00 PST 2015 --  Got MIDA Multi-Tool and my 2nd Gjallarhorn :)
Fri Feb 20 17:35:05 PST 2015 --  Batman. Superman. Wonder Woman. Aquaman. #UniteTheSeven pic.twitter.com/yTQTu4lPbI
Thu Feb 19 21:55:49 PST 2015 --  There is only one true King. #unitetheseven pic.twitter.com/RDFG8jbuI6
Thu Feb 19 22:01:21 PST 2015 --  "UNITE THE SEVEN" THE FUCKING JUSTICE LEAGUE
Thu Feb 19 21:58:15 PST 2015 --  BREAKING: AQUAMAN in 'BATMAN V SUPERMAN' revealed! RT pic.twitter.com/IvDvkC4HiQ
Sat Feb 14 01:26:20 PST 2015 --  When your friend gets the Exotic you wanted from the Nightfall https://vine.co/v/OIX1aLOvAQu 
Thu Feb 19 13:44:55 PST 2015 --  If only he made it in time for this... pic.twitter.com/bHDeZdZS3F
Tue Feb 17 14:07:35 PST 2015 --  The new THOR's identity will be revealed in MAY in 'THOR' #8. Features shocking return. via. http://bit.ly/1L8aulE  pic.twitter.com/oBos4reP5X
Mon Feb 16 21:14:37 PST 2015 --  Official 'BATMAN V SUPERMAN' promo poster. #InCaseYouMissedIt pic.twitter.com/DZEV0TSEmv
Mon Feb 16 19:25:38 PST 2015 --  Kingsman was so good!
Mon Feb 16 18:33:55 PST 2015 --  THE JOKER on GOTHAM! Perfect laugh. RT pic.twitter.com/hT670Ssqao
Mon Feb 16 18:50:58 PST 2015 --  "I’m a Catholic whore who needs to visit my black, Jewish boyfriend who works in an abortion clinic. Hail Satan." #Kingsman
Fri Feb 13 16:06:41 PST 2015 --  New 'THE FLASH' teaser confirms "Grodd Is Coming"! [video via http://bit.ly/1KUFcyC ] pic.twitter.com/5iAYxiyTPw
Tue Feb 10 00:42:36 PST 2015 --  You're safe now, Spidey. pic.twitter.com/90cp3JUBG6
Sat Feb 07 17:16:39 PST 2015 --  Zack Snyder is a man of visuals, would love a shot like this brought to life in 'BATMAN V SUPERMAN'. pic.twitter.com/JF1IAPKgbc
Wed Feb 04 06:56:43 PST 2015 --  First look at GORRILA GRODD on 'THE FLASH' #ICYMI pic.twitter.com/WreLnalhOf
Tue Feb 03 18:56:34 PST 2015 --  The Fantastic Four reboot looks great. Can't wait!
Sun Feb 01 18:57:22 PST 2015 --  SEAHAWKS YES LETS GO
Sun Feb 01 17:22:16 PST 2015 --  Haha shout out to The Interview
Sun Jan 25 17:10:25 PST 2015 --  The Interview was hilarious!
Sun Jan 25 06:00:07 PST 2015 --  Interesting... pic.twitter.com/kwnojdbFSr
Tue Jan 20 11:03:03 PST 2015 --  'BATMAN V SUPERMAN' art featured on crew members shirt, seems to give us a good look at BATMAM's armor suit! RT pic.twitter.com/c85fjZe326
Mon Jan 19 12:53:03 PST 2015 --  BATMAN V SUPERMAN: Batman is going to be a much better fighter than Nolan's Batman teases fight choreographer! pic.twitter.com/ljLGd4i6QJ
Wed Jan 14 10:02:02 PST 2015 --  BREAKING: SONY/MARVEL deal reportedly went through; SPIDER-MAN to appear in 'AVENGERS: INFINITY WAR' Part 1. RT pic.twitter.com/2zFUGzrLg5
Tue Jan 13 17:24:18 PST 2015 --  You team Marvel or DC? #FiveWordsToRuinADate
Mon Jan 12 18:00:21 PST 2015 --  New 'AVENGERS: AGE OF ULTRON' Trailer RELEASED! RT http://youtu.be/MZoO8QVMxkk  pic.twitter.com/NUdb4xXbV0
Sun Jan 11 18:33:46 PST 2015 --  "From the upcoming movie, SUICIDE SQUAD, Jared Leto." https://vine.co/v/ODAqDYWQT9L 
Tue Jan 06 10:35:16 PST 2015 --  FIRST LOOK at the 'ANT-MAN' suit on the cover of Entertainment Weekly! RT pic.twitter.com/ilr0goZkAW
Mon Jan 05 08:04:49 PST 2015 --  First official PEANUTS movie trailer released! http://youtu.be/tsSjtzBhnIU  pic.twitter.com/kETvhR14No
Fri Jan 02 11:34:12 PST 2015 --  Yep! pic.twitter.com/l1oGnuHHhu
Fri Dec 26 18:46:48 PST 2014 --  Gone Girl is such a good movie!
Wed Dec 24 13:07:43 PST 2014 --  Yes, 'SUICIDE SQUAD' is part of the 'BATMAN V SUPERMAN' universe as well! DC is keeping it connected like Marvel. pic.twitter.com/MeBlwRzquF
Mon Dec 22 19:34:51 PST 2014 --  THE DC CINEMATIC UNIVERSE CAST! pic.twitter.com/i0ixToB3AC
Mon Dec 22 17:15:27 PST 2014 --  Gjallarhorn and Atheon's Epilogue from Vault of Glass :)
Sun Dec 21 18:31:50 PST 2014 --  List of reasons to live. pic.twitter.com/cqzeQLyuQS
Sun Dec 21 15:52:05 PST 2014 --  “ @twerkyperky_: @AsianArianator is the kid that says "hey cutie" every time he sees me and unfailingly makes my day”
Sun Dec 21 14:46:22 PST 2014 --  Cheesed Crota's End and got Black Hammer :)
Sat Dec 20 16:08:20 PST 2014 --  Got so close to beating Crota's end :(
Tue Dec 16 16:13:47 PST 2014 --  Celeste is the coolest
Mon Dec 15 14:20:37 PST 2014 --  This 'WONDER WOMAN ANNUAL #1 cover is amazing. Check it out! pic.twitter.com/OeJaPwfBVq
Thu Dec 11 10:50:26 PST 2014 --  The Justice League. pic.twitter.com/Ak0wUDaXyB
Sat Dec 06 12:15:26 PST 2014 --  BATTLE OF THE DAY: RT for BATMAN FAV for CAPTAIN AMERICA pic.twitter.com/MA8lhr2GUj
Tue Dec 02 15:31:54 PST 2014 --  Official 'SUICIDE SQUAD' cast! pic.twitter.com/dWF1lgB1Aj
Tue Dec 02 11:35:04 PST 2014 --  THE FLASH and DOOMSDAY confirmed to appear in 'BATMAN V SUPERMAN'. Who's excited? I am. RT pic.twitter.com/GNeBjkj7G7
Tue Dec 02 14:52:32 PST 2014 --  BREAKING: JARED LETO officially cast as THE JOKER in 'SUICIDE SQUAD'. #HYPE! pic.twitter.com/KZvd292UYu
Mon Dec 01 14:29:23 PST 2014 --  BREAKING: Jai Courtney, Tom Hardy, Margot Robbie and Jared Leto now all in FINAL TALKS for 'SUICIDE SQUAD'. #HYPE! pic.twitter.com/k2bh8YRhMB
Mon Dec 01 14:12:07 PST 2014 --  BREAKING: Jared Leto now confirmed in FINAL TALKS to play THE JOKER in 'SUICIDE SQUAD'. #HYPE! pic.twitter.com/hIIW00Ex5N
Sat Nov 29 18:50:32 PST 2014 --  LEAKED cover art for 'BATMAN VS ROBIN' film confirms COURT OF OWLS! #HYPE! pic.twitter.com/lUfwSzKpf7
Wed Nov 26 19:39:33 PST 2014 --  Watching Ed, Edd 'n' Eddy
Mon Nov 24 15:22:20 PST 2014 --  It's official! #MichelleMacLaren to develop and direct #WonderWoman, starring @GalGadot! http://bit.ly/1xvmaYB  pic.twitter.com/Jk4hPHJCXY
Fri Nov 14 21:20:00 PST 2014 --  Hendrickson: 56 & Austin: 14 pic.twitter.com/ERo5GboN12
Wed Nov 12 17:29:51 PST 2014 --  When she says: "Can we just be friends?" pic.twitter.com/CaNVsdrEHB
Tue Nov 04 18:21:21 PST 2014 --  The Minions movie looks cute
Tue Oct 28 18:15:20 PDT 2014 --  Squad pic.twitter.com/9J0pKNSm6V
Wed Oct 22 18:36:40 PDT 2014 --  Captain Americas' shield broke
Wed Oct 22 18:14:36 PDT 2014 --  The trailer for Avengers: Age of Ultron got me pumped
Fri Oct 17 21:29:26 PDT 2014 --  Literally the best night in a long time @AsianArianator @mariann3_h
Fri Oct 17 21:13:52 PDT 2014 --  It's a great day to be a hawk
Fri Oct 17 19:22:02 PDT 2014 --  Hendrickson 21, Pflugerville 6 (Final) #txhsfb #centexpreps #fanstand
Wed Oct 15 17:11:54 PDT 2014 --  BOTH CALVIN AND HIS DAD LIKE TO WEAR ONLY BOXERS
Wed Oct 15 16:43:30 PDT 2014 --  New avi pic.twitter.com/yhVHTJarNT
Wed Oct 15 16:17:39 PDT 2014 --  It's a great day for superhero enthusiasts
Thu Oct 09 20:00:04 PDT 2014 --  Shake with your right hand, but hold a rock in your left.
Sun Sep 28 12:44:07 PDT 2014 --  #MentionYourOTP @_King_Too_Trill @AsianArianator
Wed Sep 24 18:35:44 PDT 2014 --  Monday's are now great because of @Gotham
Tue Sep 23 20:00:08 PDT 2014 --  If you bite my hand, I will put you to sleep.
Tue Sep 23 17:34:38 PDT 2014 --  Finnaly watching @Gotham
Sun Sep 21 09:00:07 PDT 2014 --  RT if you're ready to take #gotham by the horns. pic.twitter.com/VwcBNe4tJ2
Fri Sep 19 14:07:33 PDT 2014 --  Debate with @_King_Too_Trill
Wed Sep 10 19:21:28 PDT 2014 --  Here’s a real picture of the #Batmobile. http://i.imgur.com/nBZU3Ch.jpg  pic.twitter.com/Ez1ILa8JeE
Sun Sep 07 06:06:12 PDT 2014 --  Can't wait to see the novices wreck @ PHS
Wed Sep 03 08:32:10 PDT 2014 --  "Kneel at his feet or get crushed by his boot." My honor to become.. #BlackAdam #TheAntiHero #DCComics pic.twitter.com/Qk55eNf3R7
Mon Sep 01 08:34:49 PDT 2014 --  @SuperheroReport we are living in a time when characters we grew up reading about are finally appearing onscreen. Lets just celebrate that
Sun Aug 24 14:56:12 PDT 2014 --  Finished my debate work. Time to relax and watch Dexter.
Sat Aug 02 09:10:44 PDT 2014 --  My life during the summer @AsianArianator @AyuSof_ pic.twitter.com/ivmgddGINh
Tue Jul 29 15:46:40 PDT 2014 --  Previously seen ONLY at our #SDCC panel now everyone gets a chance to watch this all-new #AssassinsCreed trailer. https://amp.twimg.com/v/d58c003c-22f5-455d-8277-5e4b8b896980 …
Tue Jul 29 18:04:44 PDT 2014 --  Phone case ripped. Bummer
Sat Jul 26 15:41:11 PDT 2014 --  Ben Affleck is a kick ass Batman
Sat Jul 26 10:51:56 PDT 2014 --  “ @GalGadot: I'm ready... are you? #ww #wonderwoman #DC @wbpictures #BatmanvSuperman #SDCC pic.twitter.com/G2geligDr3”
Tue Jul 15 19:18:17 PDT 2014 --  dawn of the planet of the apes was such a good movie
