Fri Aug 28 20:35:57 PDT 2015 --  pic.twitter.com/ET0cafXbXZ
Fri Aug 28 07:56:06 PDT 2015 --  pic.twitter.com/WMAq4Kwg7q
Thu Aug 27 21:03:08 PDT 2015 --  #roots
Thu Aug 27 20:58:08 PDT 2015 --  Morning Phase is an absolute masterpiece
Thu Aug 27 09:17:36 PDT 2015 --  Arsenal in Bayern's group. Exciting
Wed Aug 26 22:20:24 PDT 2015 --  This next month is going to fucking suck
Wed Aug 26 21:47:18 PDT 2015 --  And then there was one
Mon Aug 24 14:44:34 PDT 2015 --  Lahm: "Thomas Müller is a player with no price tag. He loves, lives and breathes Bayern. He's so so important to us" pic.twitter.com/2grG4fIn01
Mon Aug 24 12:45:32 PDT 2015 --  Petr Cech is Risen
Mon Aug 24 12:46:36 PDT 2015 --  Petr Cech in goal like... pic.twitter.com/PyiAkGGQwA
Sun Aug 23 14:18:35 PDT 2015 --  pic.twitter.com/PnRijPU75O
Sat Aug 22 21:15:02 PDT 2015 --  And the hearts a thousand colors, but they're all shades of blue
Sat Aug 22 08:19:07 PDT 2015 --  GOOOAAALLLL LEWANDOWSKIIIIII
Sat Aug 22 08:07:41 PDT 2015 --  @Call_Me_BonBon a 4 year old could kick a ball at him and he still wouldn't save it cleanly
Sat Aug 22 08:04:47 PDT 2015 --  @Call_Me_BonBon I don't know dude. India's goalie is pretty solid
Sat Aug 22 08:02:54 PDT 2015 --  NEUER SAVES!
Sat Aug 22 08:03:58 PDT 2015 --  Best keeper in the world and you're an idiot if you disagree
Sat Aug 22 08:02:43 PDT 2015 --  NEUER!!!!!!!!!!!!!!!!!!!!!!!!!!!!!!!
Sat Aug 22 08:03:03 PDT 2015 --  MANUEL NEUER
Fri Aug 21 23:22:21 PDT 2015 --  This place is so god damn boring
Fri Aug 21 21:15:17 PDT 2015 --  Sometimes you got to bleed to know
Fri Aug 21 14:38:59 PDT 2015 --  If this Pogba to Chelsea rumor is true then it's an absolute tragedy
Fri Aug 21 08:52:24 PDT 2015 --  UEFA Club rankings pic.twitter.com/KrNbtEkeIM
Thu Aug 20 13:23:53 PDT 2015 --  And I think of my days and I think of my ways, and I know that I have changed
Thu Aug 20 11:18:52 PDT 2015 --  Futból cures any mood
Wed Aug 19 22:20:26 PDT 2015 --  #choice #deluxe pic.twitter.com/PEVf8TEvii
Wed Aug 19 21:48:57 PDT 2015 --  This sucks major wang
Wed Aug 19 20:42:05 PDT 2015 --  I've got a ways to go
Wed Aug 19 07:28:55 PDT 2015 --  @Call_Me_BonBon thanks Oregon boi ;)
Wed Aug 19 07:24:37 PDT 2015 --  Hbd state boi @carterauth1 go ducks ;)
Tue Aug 18 14:59:17 PDT 2015 --  Official Bundesliga Youtube Channel pic.twitter.com/GmTPrPI4Vo
Tue Aug 18 14:16:49 PDT 2015 --  Great win and a very important goal by @Fellaini! We put ourselves into a good position for the second leg! #UCL #mufc
Tue Aug 18 13:38:44 PDT 2015 --  God among men @Fellaini
Tue Aug 18 13:37:45 PDT 2015 --  FELLAINIIIIIIIIII
Tue Aug 18 13:29:01 PDT 2015 --  THE LEGEND IS AMONG US pic.twitter.com/UhKntnT0NA
Sun Jun 12 08:51:53 PDT 2011 --  I am depay wie de the fock ben jij?
Tue Aug 18 12:28:40 PDT 2015 --  Memphis Depay
Tue Aug 18 12:00:27 PDT 2015 --  Memphis Depay levels it up. #MUFC pic.twitter.com/SDDUBp21dz
Tue Aug 18 10:27:43 PDT 2015 --  Start it at 3:25 pic.twitter.com/JrCJycds57
Mon Aug 17 21:12:07 PDT 2015 --  The thing they don't tell you about college is the really shitty part where all of your best friends leave
Mon Aug 17 20:36:25 PDT 2015 --  If I ever find a girl who likes/listens to as much Mumford as I do I'll probably ask her to marry me on the spot
Mon Aug 17 12:26:16 PDT 2015 --  Every single day pic.twitter.com/zXMUz6MWah
Mon Aug 17 10:59:12 PDT 2015 --  pic.twitter.com/KULhwAiAyP
Sun Aug 16 08:49:09 PDT 2015 --  "Mom stop I'm fine" pic.twitter.com/bFZd6g0rZR
Sun Aug 16 08:32:26 PDT 2015 --  AGUERO 1-0 Chelsea pic.twitter.com/D6DySU142B
Sun Aug 16 08:01:03 PDT 2015 --  Negredo would have scored that
Sat Aug 15 23:18:50 PDT 2015 --  Thinking about how it's time to actually starting growing up and becoming an adult is fucking scary
Sat Aug 15 22:45:04 PDT 2015 --  pic.twitter.com/hw5uT0m6uH
Sat Aug 15 22:31:40 PDT 2015 --  This next week is gonna hit so hard
Sat Aug 15 20:56:23 PDT 2015 --  
Sat Aug 15 16:30:48 PDT 2015 --  To John Richardson and the Express pic.twitter.com/7ic9Fv7H95
Sat Aug 15 09:00:54 PDT 2015 --  Legendary pic.twitter.com/uJvu73w0DN
Sat Aug 15 02:34:40 PDT 2015 --  @Call_Me_BonBon go gunners
Sat Aug 15 01:13:34 PDT 2015 --  Hmu if awake
Fri Aug 14 15:44:45 PDT 2015 --  I was a schoolboy, I got no place to go
Thu Aug 13 22:49:10 PDT 2015 --  There's a lot of people I'm going to miss and a lot more that I'm so excited to never see again
Wed Aug 12 22:05:41 PDT 2015 --  @Call_Me_BonBon Why
Wed Aug 12 21:50:38 PDT 2015 --  yes I'm very good at making jokes I've turned my whole life into one
Wed Aug 12 21:36:47 PDT 2015 --  Office Musik will forever be one of my favorite songs
Fri Aug 07 18:49:13 PDT 2015 --  pic.twitter.com/oc9DOT5s0o
Wed Aug 12 10:02:37 PDT 2015 --  pic.twitter.com/d9QfzBj2A1
Tue Aug 11 22:40:40 PDT 2015 --  Didn't know it was possible to be this damn excited and bummed at the same time
Tue Aug 11 22:26:24 PDT 2015 --  I love my friends so fucking much And I'm going to miss them so fucking much
Tue Aug 11 18:29:22 PDT 2015 --  Hmu if you need an AP Gov book
Tue Aug 11 17:02:49 PDT 2015 --  & Breezeblocks
Tue Aug 11 10:55:30 PDT 2015 --  There's no bad mood that good music can't fix
Tue Aug 11 07:33:32 PDT 2015 --  Oregon football has a pretty sick glow-in-the-dark jersey option for the fall. (via @GoDucks) pic.twitter.com/tC7wmi8LfC
Mon Aug 10 22:38:02 PDT 2015 --  And I hope you find what you're looking for
Mon Aug 10 20:25:15 PDT 2015 --  Holy shit am I happy to not have to go back to high school tomorrow
Mon Aug 10 20:16:20 PDT 2015 --  No need to be sad
Sun Aug 09 20:18:51 PDT 2015 --  New avi
Sat Aug 08 12:33:25 PDT 2015 --  Zlatan has slept with John Terry's wife. #ZlatanFacts
Sat Aug 08 10:47:48 PDT 2015 --  Cech right now... pic.twitter.com/PPdFRK4fDS
Sat Aug 08 10:44:50 PDT 2015 --  GOD I LOVE THE PREMIER LEAGUE #Narrative
Sat Aug 08 10:41:09 PDT 2015 --  WELCOME BACK BIG GAME CHANGING DECISIONS #AsmirsTeamNow
Sat Aug 08 10:41:45 PDT 2015 --  HAHAHAHA COURTOIS YOU MUG
Sat Aug 08 10:10:36 PDT 2015 --  Willian's has worked so hard in the offseason on slowing down when he receives the ball to execute multiple, pointless step overs.
Fri Aug 07 10:29:04 PDT 2015 --  Manuel Neuer succeeds Bastian Schweinsteiger as Bayern's vice captain, while Thomas Müller becomes third choice captain.
Thu Aug 06 23:07:29 PDT 2015 --  premier league in two days
Thu Aug 06 16:42:13 PDT 2015 --  I am a piece of shit
Wed Aug 05 10:36:32 PDT 2015 --  Starting XI: #NeuerTheWall - Benatia, Costa, Rafinha, Alonso, Boateng, Götze, Lahm (c), Vidal, Müller, Alaba
Wed Aug 05 09:24:31 PDT 2015 --  What a hit from Chadli
Tue Aug 04 17:29:39 PDT 2015 --  #CanYouShutTheFuckUpChallenge
Mon Aug 03 23:34:04 PDT 2015 --  And if you're livin' for somethin', well that's somethin'
Mon Aug 03 22:44:30 PDT 2015 --  I really don't think I'm going to find people in college as great as the friends I already have
Mon Aug 03 11:02:26 PDT 2015 --  Life's good man Life's real good
Sun Aug 02 23:12:58 PDT 2015 --  @Desa_Paich
Sun Aug 02 09:03:46 PDT 2015 --  Jose Mourinho: "Eden Hazard is better than Cristiano Ronaldo" pic.twitter.com/Iq8asgElpc
Sun Aug 02 08:54:28 PDT 2015 --  Chelsea pic.twitter.com/uSbVfSGjMF
Sun Aug 02 08:51:15 PDT 2015 --  PRE SEASON TREBLE LADS
Sun Aug 02 08:51:02 PDT 2015 --  An Arsenal Triumph on par with Seabiscuit
Sat Aug 01 23:51:29 PDT 2015 --  Some people always disappoint
Sat Aug 01 23:27:57 PDT 2015 --  I have no idea what I'm going to do without my best friends
Sat Aug 01 08:53:25 PDT 2015 --  ps: Stuttgart's starting XI cost less than Raheem Sterling.
Sat Aug 01 08:39:50 PDT 2015 --  Stuttgart are beating Manchester City 4-0 inside 37 minutes
Fri Jul 31 20:46:10 PDT 2015 --  Alone again
Fri Jul 31 16:55:53 PDT 2015 --  
Fri Jul 31 09:18:42 PDT 2015 --  Goodbyes are the worst
Thu Jul 30 20:34:34 PDT 2015 --  Mumford & Sons is simply excellent for the human soul
Thu Jul 30 18:59:38 PDT 2015 --  Because why not
Wed Jul 29 06:55:02 PDT 2015 --  "Benítez wife should pay more attention to the diet of her husband before talking about me." - Jose Mourinho. pic.twitter.com/wE2scTe1M2
Tue Jul 28 22:44:33 PDT 2015 --  I'm ready for the fall, I'm ready for everything that I believed in to drift away
Thu Jul 09 08:50:43 PDT 2015 --  Hbd @HANKINS14 "kiss me" or my cousin pic.twitter.com/GGZkNJHA3g
Mon Jul 27 22:45:53 PDT 2015 --  Dan Reynolds. Imagine dragons. Simply the best.
Mon Jul 27 22:36:40 PDT 2015 --  Imagine Dragons is easily the best thing I have ever done with any portion of time
Mon Jul 27 16:47:33 PDT 2015 --  rt if you had a rough day or if you bought 17 different types of cheeses to stack on top of your neighbor's piece of shit dog
Sun Jul 26 22:28:32 PDT 2015 --  Snapchat me
Sat Jul 25 22:15:47 PDT 2015 --  But no flame burns forever
Tue Jul 14 11:08:38 PDT 2015 --  https://vine.co/v/erzQPbzKlWU 
Tue Jul 21 14:08:34 PDT 2015 --  pic.twitter.com/4ydfiN3i87
Fri Jul 24 10:23:51 PDT 2015 --  @Call_Me_BonBon #WingManLevelBastian https://twitter.com/FootballVines/status/624628908370038784 …
Thu Jul 23 20:53:56 PDT 2015 --  #CallMeADuck pic.twitter.com/rQw0kgJcIj
Tue Jul 21 21:25:15 PDT 2015 --  I've been sleeping with these thoughts man, and I've been debating screaming them
Tue Jul 21 12:22:03 PDT 2015 --  What a waste of time
Thu Jul 09 11:38:41 PDT 2015 --  mood: 20,000 pt cruisers
Mon Jul 20 22:46:36 PDT 2015 --  Most crucial trait is good taste in music
Mon Jul 20 08:36:46 PDT 2015 --  Had an exciting first week with @ManUtd. Looking forward to the upcoming games within the next days! pic.twitter.com/3tq2wod8UY
Sun Jul 19 06:45:47 PDT 2015 --  Banter level: Alex Oxlade-Chamberlain pic.twitter.com/oB0WXeE5dp
Sun Jul 19 02:05:13 PDT 2015 --  Anybody up?
Fri Jul 17 21:55:27 PDT 2015 --  What would the world be without Mumford & Sons
Thu Jul 16 22:32:30 PDT 2015 --  I say you kill your heroes and fly
Wed Jul 15 21:38:26 PDT 2015 --  pic.twitter.com/0HaGSTkpcP
Tue Jul 14 22:14:55 PDT 2015 --  Change is good
Tue Jun 09 00:33:14 PDT 2015 --  Deuces
Mon Jun 08 22:58:01 PDT 2015 --  Surrounded by "friends"
Mon Jun 08 17:21:03 PDT 2015 --  "Dude it was a vicious wedgie, like I swear I ripped his underwear"
Mon Jun 08 10:36:45 PDT 2015 --  Lord Bendtner #haterswillsayitsfake pic.twitter.com/vKs6TSlIqO
Mon Jun 08 08:55:33 PDT 2015 --  Arsenal twitter incoming... @premierleague pic.twitter.com/VDvfO1kv1F
Mon Jun 08 00:24:00 PDT 2015 --  Yo when I'm makin my millions I'm gonna own all types of fuckin dope ass swords
Mon Jun 08 00:21:43 PDT 2015 --  @Call_Me_BonBon @jhut44 I'll see you in hell Cup Chicken
Mon Jun 08 00:14:15 PDT 2015 --  Oolong dojo ðŸ¼
Sun Jun 07 23:11:26 PDT 2015 --  fuck sleep I'm out here smoking dinosaur chicken nuggets
Sun Jun 07 23:00:38 PDT 2015 --  @Call_Me_BonBon Go to bed Cup
Sun Jun 07 22:57:34 PDT 2015 --  pic.twitter.com/5xWtjK3yeU
Sun Jun 07 22:40:42 PDT 2015 --  Delicious
Sun Jun 07 15:08:23 PDT 2015 --  #SorryNotSorry pic.twitter.com/0oWwyOaBVL
Sat Jun 06 23:01:01 PDT 2015 --  Country music is trash
Sat Jun 06 22:04:43 PDT 2015 --  Feelin empty
Sat Jun 06 21:09:19 PDT 2015 --  Never trust a female
Sat Jun 06 21:08:53 PDT 2015 --  And this is all I ever was, and this is just the smallest part of what I will ever be
Sat Jun 06 14:11:06 PDT 2015 --  Wikipedia trolls strike again pic.twitter.com/JB1imE4yTA
Sat Jun 06 13:48:53 PDT 2015 --  @Call_Me_BonBon I think you spelled rat wrong
Sat Jun 06 13:46:07 PDT 2015 --  Not Pirlo
Sat Jun 06 13:45:13 PDT 2015 --  Seeing Pirlo cry is so damn ...
Sat Jun 06 13:40:57 PDT 2015 --  KICK LUIS SUÃREZ WHEN HE'S DOWN
Sat Jun 06 13:33:33 PDT 2015 --  Luis Suárez. A true villain
Sat Jun 06 13:02:51 PDT 2015 --  Morata be like... pic.twitter.com/h5STh2SmR9
Sat Jun 06 12:54:14 PDT 2015 --  Buffon = Italian Brad Guzan
Sat Jun 06 09:11:47 PDT 2015 --  Happy birthday @Apaapy
Sat Jun 06 09:09:23 PDT 2015 --  HBD @Apaapy Have a good one man! pic.twitter.com/rqE62UM9f7
Sat Jun 06 01:18:15 PDT 2015 --  DAM WE REALLY OUT HERE
Sat Jun 06 00:45:23 PDT 2015 --  Dwayne "The Rock" Johnson
Fri Jun 05 23:41:37 PDT 2015 --  Snap ---> callmebonbon
Fri Jun 05 23:06:35 PDT 2015 --  Couldn't have asked for a better group of friends
Fri Jun 05 11:33:10 PDT 2015 --  https://vine.co/v/eMJFHMX6lBK 
Fri Jun 05 11:30:10 PDT 2015 --  Are y'all ready for the craziest no scope I've ever hit
Fri Jun 05 12:05:02 PDT 2015 --  TAKE THAT GLORIA #Zardes
Fri Jun 05 09:29:32 PDT 2015 --  @Call_Me_BonBon @erin_mcmullan Why
Fri Jun 05 09:05:40 PDT 2015 --  HAPPY BIRTHDAY TO THE SWERVE LORD @erin_mcmullan pic.twitter.com/9Y1ro2iP1E
Fri Jun 05 08:58:44 PDT 2015 --  I predict Bendtner will win the 2015 #UCLfinal #BendtnerToWin http://bit.ly/1HPbYza .
Fri Jun 05 09:01:05 PDT 2015 --  I predict Barcelona will win the 2015 #UCLfinal #BarcaToWin http://bit.ly/1HPbYza 
Thu Jun 04 15:34:45 PDT 2015 --  
Wed Jun 03 23:21:55 PDT 2015 --  SOMEBODY HMU
Wed Jun 03 23:07:30 PDT 2015 --  God damn it I love summer
Tue May 13 09:38:21 PDT 2014 --  Girls be like: "Just a natural selfie #nofilter " pic.twitter.com/GGdhCLeBP2
Mon Sep 23 10:52:24 PDT 2013 --  @erin_mcmullan #StoneCold pic.twitter.com/24IVBFRyP5
Sat Nov 03 17:06:56 PDT 2012 --  #License pic.twitter.com/F8WxZnFC
Tue Sep 25 14:51:14 PDT 2012 --  #OhHellYes #DinosaurEggs:) pic.twitter.com/hgd9XvUX
Tue Jan 22 21:25:35 PST 2013 --  #Ahh #theflow #canthandleit @jakepie_23 pic.twitter.com/Z8JLLHzW
Wed May 01 13:43:29 PDT 2013 --  We are dating @HANKINS14 pic.twitter.com/U2aYeqpUKd
Sat Nov 02 21:48:10 PDT 2013 --  I'm rick Ross #umpf pic.twitter.com/I6pTD5dtEY
Tue Sep 03 20:32:23 PDT 2013 --  HAH. Nice hat pic.twitter.com/XWnj30SV5A
