Wed Jun 11 20:55:20 PDT 2014 --  Little cousins birthday party!!! pic.twitter.com/HBQ6nJDjA8
Tue Aug 25 14:09:39 PDT 2015 --  https://youtu.be/hh1W8qmmIvY 
Fri Aug 21 15:50:34 PDT 2015 --  TEEN CHOICE AWARDS // Grace Helbig: http://youtu.be/VdWlXDelHv0?a  via @YouTube
Fri Aug 21 09:23:43 PDT 2015 --  $2.50 really stacks up. pic.twitter.com/zbEiKRouG9
Sun Jul 19 18:40:44 PDT 2015 --  Sweet end to my time in NYC pic.twitter.com/GcbvVxnkVa
Sun Aug 16 18:10:35 PDT 2015 --  AAAAAH IM SOBBING HOW IS THIS REAL???
Sun Aug 16 18:03:20 PDT 2015 --  BAEEEEE U WONNNNN @ColleenB123 @mirandasings love you xooxxooxoox
Sun Aug 16 18:06:37 PDT 2015 --  I new it I new I would win
Sun Aug 16 18:06:05 PDT 2015 --  OMG COLLEEN WON A TEEN'S CHOICE AWARD!!!!!! OMG OMG OMG CONGRATS!!! OMG @ColleenB123
Fri Aug 14 08:25:42 PDT 2015 --  pic.twitter.com/7Z4iiqlN4w
Fri Aug 14 08:20:49 PDT 2015 --  pic.twitter.com/6J271I8BUj
Thu Aug 13 00:41:19 PDT 2015 --  me after every show https://vine.co/v/OY3Z5DtPHgA 
Mon Aug 03 12:25:40 PDT 2015 --  New Video - WARNING: This Video May Offend You: http://bit.ly/1K17qa5 
Sun Aug 02 17:13:54 PDT 2015 --  ask & you will receive! cc v3 is now on spotify: https://open.spotify.com/album/6EH6qQ516EF4NUEl6FsWit … [follow the playlist & add your fav songs to your own playlist]
Sun Aug 02 12:55:34 PDT 2015 --  Its official....I'm posting my first YouTube video ever, tomorrow!! https://m.youtube.com/user/imbostontom …
Sun Aug 02 00:00:09 PDT 2015 --  GUYS I MADE A YOUTUBE CHANNEL WATCH MY FIRST VIDEO NOW!!! (yes this is the big news) https://www.youtube.com/watch?v=k_q9zSA4CKA … pic.twitter.com/0rObCF61jm
Sat Aug 01 12:12:00 PDT 2015 --  when making choices, actively try to be principle-centered, not self-centered
Thu Jul 30 19:15:31 PDT 2015 --  Scott is counting peanuts backstage
Fri Jul 31 12:23:24 PDT 2015 --  @ESTArose that was ONE time
Thu Jul 30 18:18:57 PDT 2015 --  love u Indy! that was so so so much fun
Wed Jul 29 17:54:23 PDT 2015 --  JK HAWT 4 DA WINTER
Mon Jul 27 19:00:35 PDT 2015 --  pic.twitter.com/nxp1ng6E4h
Mon Jul 27 15:22:36 PDT 2015 --  https://youtu.be/Ump7N7FAyLw  You should go see @RickyPDillon new song it is amazing!!!!
Mon Jul 27 13:12:41 PDT 2015 --  IM GOING TO DATE ONE OF YOU!!!!! Who wants to be my new bae?!?!!? IT COULD BE YOU! see how! https://www.youtube.com/watch?v=6hmMxSHWfhk&feature=youtu.be …
Sun Jul 26 18:45:22 PDT 2015 --  i take my lazy sundays very seriously
Sun Jul 26 12:36:30 PDT 2015 --  A NEW TEENS REACT IS HERE! This week we feature @IISuperwomanII! We talk about culture, gender, and more! https://goo.gl/qdCPCD  (RT)
Thu Jul 23 13:16:14 PDT 2015 --  #NewCommonCulture goes live worldwide tonight. Get ready. pic.twitter.com/z1ftEhAsHr
Wed Jul 22 14:30:44 PDT 2015 --  I just shot something for @ABCFpll that'll air on TV on ABC family Aug 11th between 5-6 during the PLL marathon! AHH pic.twitter.com/nIgbPHyK4M
Tue Jul 21 18:16:01 PDT 2015 --  Thanks to everyone who came to the signing! I wish I could have met everyone! Be safe! It's crazy out there! Love yoooooou!
Mon Jul 20 11:01:40 PDT 2015 --  NEW VIDEO - Top 10 Biggest Turn Offs: http://bit.ly/1MkD5sV  #TurnOffs
Sun Jul 19 18:24:27 PDT 2015 --  Retweet this and tag someone you think will be like this in the future :) https://www.youtube.com/watch?v=xkjuHuthsLc … Im gonna be creepin on the ppl u tag :)
Sun Jul 19 09:52:32 PDT 2015 --  ITS 9AM AND IM WATCHING A WOMAN GIVE BIRTH IN A CAR OMG WTF OMG WTF http://www.youtube.com/watch?v=WXEZ6g2WLoM …
Sun Jul 19 17:53:13 PDT 2015 --  HAVE YOU SEEN MY NEW VIDEO? https://www.youtube.com/watch?v=nv-wo7G0Kg4 … i teamed up w/ @MTV & @5Gum #ad Tweet me challenges for next video using #5TruthorDare
Sun Jul 19 10:03:31 PDT 2015 --  BRAND NEW VIDEO!! "HOT PEPPER RUBBER BAND CHALLENGE GONE WRONG" w/ @twaimz watch here: https://www.youtube.com/watch?v=nv-wo7G0Kg4 … thumbs up & RT for follow/DM
Sat Jul 18 20:05:43 PDT 2015 --  100 ways to say "I love you" pic.twitter.com/SCFiOB3TE5
Sat Jul 18 19:10:39 PDT 2015 --  Retweet and Favorite if you want me to do a Live Stream with the Drone right now??
Sat Jul 18 17:10:50 PDT 2015 --  so i was taking photos of the rain (as one does) & my lens got wet & look what happened!! the blurs look like rain pic.twitter.com/aXXu5yJVVl
Sat Jul 18 17:09:31 PDT 2015 --  My baby sister...Yaretzi pic.twitter.com/lCnX9L8TRS
Sat Jul 18 17:09:03 PDT 2015 --  BATMAN IS MY BROTHER....AHHHHH pic.twitter.com/jCORo3HIml
Sat Jul 18 11:14:03 PDT 2015 --  . @TheRock literally rocks!!! How he made a cerebral palsy patient's dream come true: http://on.hln.tv/7ab5Hq  pic.twitter.com/CbYwL3ZY8h
Thu Jul 16 10:45:13 PDT 2015 --  . @BarackObama My Instagram is not working. This is your fault!
Wed Jul 15 14:00:07 PDT 2015 --  LOL... @ColleenB123 and @JoshuaDtown pic.twitter.com/mSYXye8Bop
Tue Jul 14 18:27:35 PDT 2015 --  watch my new video please oh pretty pleaseeeee? http://bit.ly/1HAQrd6  pic.twitter.com/pWuIB8lUx1
Mon Jul 13 14:15:45 PDT 2015 --  https://youtu.be/hlqyUoCfmKw 
Mon Jul 13 14:05:12 PDT 2015 --  NEW VIDEO - Huge Home Haul & Current Favorites: http://bit.ly/1HAQrd6 
Thu Jul 09 16:34:51 PDT 2015 --  I just saw on five gum commercial @RickyPDillon pic.twitter.com/ZXTc7LkXxp
Tue Jul 07 17:21:27 PDT 2015 --  We all love you shane https://twitter.com/shanedawson/status/618480011528396800 …
Tue Jul 07 15:38:37 PDT 2015 --  pic.twitter.com/W7qbLrxM14
Mon Jul 06 17:02:10 PDT 2015 --  Oh hi @ConnorFranta I see you. pic.twitter.com/LsbuVnO9IW
Fri Jul 03 11:45:34 PDT 2015 --  WARNING: Side effects of buying @ConnorFranta book... You can't put it down... #AWorkInProgress #ConnorFrantaBook pic.twitter.com/tnEKQA7n67
Sun Jul 05 00:28:47 PDT 2015 --  Alright so I guess @Caradelevingne just filled in my eyebrows while we had a chat #ActualThingsThatHaveHappenedInLife pic.twitter.com/J8jTPp99We
Mon Jul 06 15:25:13 PDT 2015 --  NEW VIDEO - this is what happens when you Ask Complete Strangers For Advice: http://bit.ly/1HamYcR  (you'll be surprised at what they say)
Mon Jul 06 14:53:47 PDT 2015 --  Just kidding its me bitches! pic.twitter.com/woTD7HvRwX
Mon Jul 06 15:13:23 PDT 2015 --  happy #frantasticmonday everyone! Who's ready for a new video??? http://youtube.com/ConnorFranta 
Mon Jul 06 14:52:27 PDT 2015 --  I'm dating Trevor. Sorry everyone. Accept it:)
Sun Jul 05 18:00:57 PDT 2015 --  Colleen and Joshua's wedding! https://www.youtube.com/watch?v=hpqkfq1-f70 …
Sun Jul 05 15:06:22 PDT 2015 --  THIS IS NOT FAIR AT ALL I CANT LIVE THIS WAY HE IS A CHEATER AND SHE LOOKS LIKE A SLUT WITH ALL THOSE HAIRS pic.twitter.com/x3FmekBc16
Sun Jul 05 14:56:59 PDT 2015 --  3 more hours. #JoshleenWedding pic.twitter.com/0Ju31r3vgf
Sun Jul 05 14:42:15 PDT 2015 --  WHATE @joshuadtown is maried? ARE YOU KIDING ME Im way hotter then her Y do bad things always happen 2 good people pic.twitter.com/2d2rcoaZda
Sun Jul 05 12:04:06 PDT 2015 --  send me ur phone number ina DM.
Sat Jul 04 16:44:28 PDT 2015 --  A bird pooped on me right after this photo was taken pic.twitter.com/uqbsWEb4Ed
Fri Jul 03 16:54:15 PDT 2015 --  Omg Yasss congrats https://twitter.com/ColleenB123/status/617094644694827008 …
Mon Jun 29 20:54:10 PDT 2015 --  Oh my god https://vine.co/v/eJFEmixdQIJ 
Fri Jun 26 08:14:01 PDT 2015 --  Make this go viral pic.twitter.com/nKnjbqmi9c
Fri Jul 03 12:06:29 PDT 2015 --  me summed up in one photo pic.twitter.com/hGPRqQUIch
Thu Jul 02 18:39:34 PDT 2015 --  @Candycane87M hey, have a good day and stay beautiful <3
Wed Jul 01 18:43:59 PDT 2015 --  this child knows my daily struggle https://vine.co/v/ehZ57YF77ji 
Wed Jul 01 13:00:24 PDT 2015 --  Romeo Santos -- more powerful than Taylor Swift and Beyonce?: http://blbrd.cm/XGU72n  pic.twitter.com/1j3VHWI0l5
Wed Jul 01 11:50:35 PDT 2015 --  Uploading vlog now!! it's a good oneðŸ»ï¸
Mon Jun 29 17:11:21 PDT 2015 --  I had to call 911 because of my mother. Something I thought was finally in the past. I'm just so heart broken. And can't stop crying.
Mon Jun 29 17:15:02 PDT 2015 --  I hope none of you ever have this disease apart of your life. It's so painful. Especially because I love her so much.
Tue Jun 30 17:55:07 PDT 2015 --  pic.twitter.com/1i8mVPiWHU
Tue Jun 30 09:01:08 PDT 2015 --  Correction: Hey you, @TheRock. #GetTheRockToFollowAT2UI
Sun Jun 28 16:45:27 PDT 2015 --  It’s a mistake not to give people a chance to learn to depend on themselves while they are young. –Walt Disney
Sat May 23 00:29:13 PDT 2015 --  Turnt. pic.twitter.com/eVA4STAbqI
Sun Jun 28 10:22:50 PDT 2015 --  I hit 1.1 million followers on vine! (I don't know how or why) but thank you! I suppose I should start vining more
Sat Jun 27 19:24:29 PDT 2015 --  Does birthday girl @AndreaRussett have your vote for Social Superstar of the Year at the #FandomAwards? http://on.mtv.com/1eaje11 
Sat Jun 27 11:36:41 PDT 2015 --  simultaneously all the gays & all the conservatives yesterday https://vine.co/v/eqinQVeIaQm 
Sat Jun 27 10:57:28 PDT 2015 --  Happy birthday @AndreaRussett ily
Sat Jun 27 00:22:19 PDT 2015 --  ITS MY FUCKING BIRTHDAY ON ALL THE COASTS!!!!
Fri Jun 26 13:06:40 PDT 2015 --  never stop retweeting #LoveWins pic.twitter.com/zvD3JmJJaJ
Fri Jun 26 18:30:44 PDT 2015 --  18 countries (including Canada) where #LoveWins http://huff.to/1HlEjmt  via @HuffPostCaLiv
Fri Jun 26 08:44:36 PDT 2015 --  Retweet to spread the word. #LoveWins pic.twitter.com/JJ5iCP4ZWn
Fri Jun 26 14:52:22 PDT 2015 --  Shout out to America. Today's a big day. #LoveWins #EqualityWins
Fri Jun 26 17:35:51 PDT 2015 --  Proud 2 be gay #LoveWins
Fri Jun 26 07:42:45 PDT 2015 --  The United States took a step in the right direction today. https://goo.gl/yxnoHz  #ProudToLove pic.twitter.com/NvusiL6NWF
Fri Jun 26 11:20:19 PDT 2015 --  ive been off & on crying all morning MY FRAGILE HEART CANT TAKE DAYS LIKE TODAY
Fri Jun 26 15:40:15 PDT 2015 --  Photos of the Day http://nyti.ms/1QUIWZa  pic.twitter.com/FukKwVRvCQ
Fri Jun 26 12:46:20 PDT 2015 --  I keep forgetting tomorrows my birthday
Sat May 30 16:18:53 PDT 2015 --  only laughs at our panel today! thanks for coming everyone :) pic.twitter.com/XufY9E4UPR
Fri Jun 26 11:19:42 PDT 2015 --  i love birthdays you get so much attention for no reason i literally didn't do anything but everyones acting like i won a noble peace prize
Mon Jun 22 16:49:17 PDT 2015 --  All ready for the #O2LFOREVER movie premiere :~) about to head over! pic.twitter.com/dQavRTECKD
Mon Jun 22 13:00:22 PDT 2015 --  Going shopping for an outfit to wear to the #O2LFOREVER premiere tonight! Gotta look poppin! (Idk what to wear)
Sun Jun 21 13:49:27 PDT 2015 --  #HappyFathersDay
Sun Jun 21 13:48:46 PDT 2015 --  Happy Father's day to all the father's or soon to be father's of the world pic.twitter.com/kueGYnrfs6
Sun Jun 21 13:44:42 PDT 2015 --  happy father's day! wish i could be home but facetime will have to do - you never fail to inspire me & make me laugh - thanks for being you
Sat Jun 20 16:43:36 PDT 2015 --  https://youtu.be/2tCAnmYoUX4  @LiaMarieJohnson
Mon Jun 15 14:00:26 PDT 2015 --  Happening #3 https://instagram.com/p/39s2QyqdYB/  pic.twitter.com/TRRMW3YeiG
Fri Jun 19 12:08:47 PDT 2015 --  https://youtu.be/y5Yc-IhZbIg 
Thu Jun 18 13:52:56 PDT 2015 --  https://youtu.be/GJAyeikY5Lc 
Thu Jun 18 11:13:03 PDT 2015 --  I just found out that my moms baby is.....A GIRL!!!
Tue Jun 16 16:05:42 PDT 2015 --  ps the clothes are technically only womans but i have the raglan & just got a bigger size - next time i'll have stuff for everyone, promise
Tue Jun 16 16:01:47 PDT 2015 --  due to popular demand, all my designs are available for US online purchase!! 7 days then theyre gone forever: http://www.junkfoodclothing.com/womens/connor.html … enjoy
Tue Jun 16 09:48:13 PDT 2015 --  DUDES! i'm nominated for Social Superstar of the Year in the @MTV Fandom Awards?! holy crap. thanks for voting! http://www.mtv.com/ontv/fandomawards/2015/social-superstar-of-the-year/ …
Sun Jun 14 13:45:45 PDT 2015 --  so ur tellin me we can land on the moon but cant seem to figure out a solution for socks sliding down in ur shoe
Sun Jun 14 12:08:37 PDT 2015 --  |LIVE NOW| #meerkat http://mrk.tv/1GEVtcq 
Sun Jun 14 11:34:55 PDT 2015 --  Start asking questions using the hashtag #AskSuperwomanLive and go!!!
Tue Jun 09 12:33:53 PDT 2015 --  New video. Something I want you to know... https://youtu.be/Eh7WRYXVh9M 
Sun Jun 14 11:31:54 PDT 2015 --  #ASKSUPERWOMANLIVE IN 30 MINUTES!! Sorry for the late notice! Go get some popcorn and meet me at http://youtube.com/iisuperwomanii  at 3PM EST TODAY!
Sat May 23 13:28:44 PDT 2015 --  Wait two lines is good or bad? #mightbepregnant
Tue Jun 09 16:17:44 PDT 2015 --  What a wonderful day! @ingridnilsen you're a wonderful human! https://twitter.com/ingridnilsen/status/608356360166756352 …
Sat Jun 13 11:26:17 PDT 2015 --  see you all tomorrow: Junk Food Clothing Flagship 1103 Abbot Kinney Blvd. Venice, CA 90291 (11am-1:30pm) ðŸ» pic.twitter.com/y4ggTunWnp
Thu Jun 11 16:41:13 PDT 2015 --  Worst things in the world: 1. Haircuts 2. Going to the dentist 3. Having an unreachable itch
Thu Jun 11 11:19:04 PDT 2015 --  BRUUHH WHITE BOY KILLED HIM pic.twitter.com/LZ1kvj9fWF
Wed Jun 10 18:32:31 PDT 2015 --  Who wants to hang out at E3?
Tue Jun 09 20:34:03 PDT 2015 --  *SPECIAL* New Video - Somethings Happening: http://bit.ly/1cKGr8Q 
Tue Jun 09 22:07:22 PDT 2015 --  my heart goes out to u @ingridnilsen - your bravery is incredible & i hope u feel nothing but happiness!! http://www.youtube.com/watch?v=Eh7WRYXVh9M … *hugs*
Tue Jun 09 18:27:15 PDT 2015 --  guess what?? we can speak backwards http://bit.ly/1eY6jA3  pic.twitter.com/RCZRwttWut
Tue Jun 09 07:47:21 PDT 2015 --  a little fyi: i mayyyy be hitting you all up with a special extra video today - its about time i show you something ive been working on
Sun Jun 07 14:06:21 PDT 2015 --  NEW VIDEO!!! I do a duet w ith my bae @RickyPDillon! dear future husband https://www.youtube.com/watch?v=TwsMOVkRk1g …
Sun Jun 07 10:27:24 PDT 2015 --  me: hehe much people very crowd nash: gahxloqsoxoakf sam: dammit who gave these idiots the mics crawford: lols pic.twitter.com/YFHnSGKHhy
Wed May 06 21:34:12 PDT 2015 --  pic.twitter.com/xj42FQZsdo
Sat Jun 06 04:17:36 PDT 2015 --  violet skies pic.twitter.com/6yAonTczJt
Wed Jun 03 14:46:39 PDT 2015 --  I'm having the worst day EVER (Jk it was yesterday night)So I was about to fall asleep when suddenly my bed started moving but there was nun
Sun May 31 15:12:46 PDT 2015 --  im glad you guys are enjoying my new video LOL i went thru a lot of pain making it worth it tho to laugh at myself https://www.youtube.com/watch?v=CRHxJ9wZCWc …
Mon Apr 20 01:51:48 PDT 2015 --  Freaking love this picture @PhillyChic5. Photo cred: @AlliSpeed #Thailand #Roadtrip15 pic.twitter.com/eZKOgBpCxt
Sun May 31 11:16:42 PDT 2015 --  https://youtu.be/CRHxJ9wZCWc 
Sun May 10 20:38:06 PDT 2015 --  I don't wanna go to sleep but there is school
Sun May 10 20:37:46 PDT 2015 --  It's 10:40pm but I don't wanna sleep I 1st need to say HAPPY MOTHER'S DAY TO ALL THE MOMS IN THE WORLD AND I HOPE THEY HAD AN AWSOME DAY
Sun May 03 13:31:21 PDT 2015 --  I liked a @YouTube video from @iisuperwomanii http://youtu.be/RbKkgtKCeO4?a  I'm NOT sorry.
Sun May 03 07:21:03 PDT 2015 --  SS pic.twitter.com/nTD8A7Q0E0
Sun May 03 10:01:16 PDT 2015 --  GOOD MORNING!!!! NEW VIDEO ANY MINUTE: http://youtube.com/rickydillon 
Sat May 02 15:49:22 PDT 2015 --  I let my mom do my hair and look what happened......I love her...& I love my hair. jk I love my mom more pic.twitter.com/TGSVPDHgOH
Sat May 02 14:41:01 PDT 2015 --  It's not even that far pic.twitter.com/rqhjCk5DqO
Sat May 02 09:20:13 PDT 2015 --  Happy Birthday @IISuperwomanII 's husband aka @TheRock !!! You're our man - #TeamSuper #UnicornsAndBulls pic.twitter.com/6ZFGgPpFWE
Sat May 02 09:16:39 PDT 2015 --  Putting on makeup in 3 minutes?! I tried. :P https://www.youtube.com/watch?v=jW9x5bI0ecY …
Thu Apr 30 09:55:43 PDT 2015 --  3 yrs ago today I got kicked out of my high school powderpuff football game for fighting Hayley Morris
Tue Apr 28 17:05:17 PDT 2015 --  Look at this cutie!!! pic.twitter.com/ycoHE8AIY2
Sun Apr 26 08:57:45 PDT 2015 --  I'm getting sick of life...really
Fri Apr 24 19:14:04 PDT 2015 --  i'd like to say happy 17th birthday to my very best friend you're pretty cool I guess pic.twitter.com/qhmU6lp4eY
Wed Apr 22 17:13:23 PDT 2015 --  WHY DOES MY PERIOD HAVE TO BE HERE FOR ANOTHER WEEK CAN IT GO AWAY??IM AN EMOTIONAL BRAT RIGHT NOW
Mon Apr 20 13:25:01 PDT 2015 --  The point of debate is not to win the argument, but rather to open new perspectives.
Mon Apr 20 13:19:57 PDT 2015 --  Thats so true and......something so great just happend my mom is.......pregnant!!!!YAY im an plder… https://instagram.com/p/1tb1WfydvT/ 
Sun Apr 19 19:12:33 PDT 2015 --  Best kind of hugs pic.twitter.com/ZcodVHmxxd
Mon Apr 20 12:29:38 PDT 2015 --  My mom said she is gonna have a baby and she hid it from me all the time.
Sat Apr 18 13:50:53 PDT 2015 --  YAYYY @thefinebros
Thu Apr 16 14:36:33 PDT 2015 --  oh @Rumorumorumor
Thu Apr 16 12:58:11 PDT 2015 --  Guys, this is all girls want pic.twitter.com/01CaxltIlu
Sun Apr 12 12:35:27 PDT 2015 --  Top 15 Most SCARY Creepypasta Stories EVER TOLD: https://youtu.be/DiCgyiLeJrg  that was the scariest stories I've ever like EVER heard.....
Sat Apr 11 17:50:07 PDT 2015 --  Im rockin' my new jeans #brandnewjeans https://instagram.com/p/1WvmNeSdl_/ 
Wed Apr 08 16:15:41 PDT 2015 --  Its so true https://instagram.com/p/1O2Z7Mydsx/ 
Tue Apr 07 17:08:17 PDT 2015 --  #True #reallytrue #peace this is one of my favorite quotes https://instagram.com/p/1MXoVGSdhW/ 
Tue Apr 07 15:50:09 PDT 2015 --  Did yall know Lia Marie Johnson went to my elementary school, is so cute aw @LiaMarieJohnson pic.twitter.com/SqR7CmZjym
Mon Apr 06 17:13:08 PDT 2015 --  I luv dogs https://instagram.com/p/1JzY4WSdgp/ 
Sun Apr 05 13:07:55 PDT 2015 --  HAPPY EASTER!!!!! <3
Sun Apr 05 12:57:41 PDT 2015 --  @LiaMarieJohnson rapping her heart out like a true gangstA pic.twitter.com/AQpYOo7VKz
Sat Apr 04 14:15:40 PDT 2015 --  Just came back from the theater...I went to see furious 7 and it made me cry...But it's a good movie pic.twitter.com/rvRg7D3Mux
Sun Mar 29 00:22:03 PDT 2015 --  Retweet this if I should make a vine..
Tue Mar 31 16:39:58 PDT 2015 --  HAHAHA that is funny. pic.twitter.com/PN5mfOPZN7
Sat Mar 28 17:47:10 PDT 2015 --  I have a new baby cousin.......YAY.....her name is Alison....she is so cute pic.twitter.com/nfKcOkDlQp
Wed Mar 25 15:47:07 PDT 2015 --  Omg the tornado is coming faster ahh I'm so scared
Wed Mar 25 14:48:44 PDT 2015 --  OMG there is a seviere storm coming I'm scared what do I do????
Sat Mar 14 18:30:31 PDT 2015 --  I wanna see Cinderella! Who's seen it? Is it good??? #disney
Mon Mar 16 23:36:44 PDT 2015 --  I thought I was hearing weird noises in my house, but it turns out its actually my stomach...im hungry
Sat Mar 07 12:01:19 PST 2015 --  pic.twitter.com/oT4hDnBRwz
Sat Mar 07 11:53:10 PST 2015 --  pic.twitter.com/JF929lpO7j
Fri Mar 06 17:38:52 PST 2015 --  pic.twitter.com/Ud7MUahJj4
Thu Mar 05 08:14:42 PST 2015 --  pic.twitter.com/WVYqBZdd5i
Sun Feb 22 20:32:19 PST 2015 --  David Beckham had a really nice...watch pic.twitter.com/QEgf9sWJxp
Fri Feb 27 17:44:04 PST 2015 --  she sat in the water for like an hour, just staring at the water peacefully pic.twitter.com/Sx4LmJvV9d
Fri Feb 27 13:26:19 PST 2015 --  pic.twitter.com/4oDVz9Bf5I
Tue Feb 24 12:13:13 PST 2015 --  "what?! "what" "what do you mean?!" "huh" "SHUT UP OK clean your bloody room!" pic.twitter.com/WenaPNK3pc
Tue Feb 24 11:31:13 PST 2015 --  Who's ready for more #TeamPharrell TONIGHT at 8/7c on @nbc? #VoicePremiere pic.twitter.com/nx0hyYAyJs
Wed Feb 18 17:32:26 PST 2015 --  Anyone went to Ash Wendsday???
Sat Feb 14 10:46:43 PST 2015 --  â€œ @lawleysxiat: im a HUGE fan of teens react and i seriously love you sooo much jeannie @TheJeannieMaiâ€ thank u sweetie
Thu Jan 08 22:13:14 PST 2015 --  I'm tired, I'll just do my homework tomorrow morning
Fri Jan 09 14:51:10 PST 2015 --  Nothing annoys me more than when people play their music out loud...headphones exist for a reason
Sun Jan 11 21:21:02 PST 2015 --  can I be excused from school for the rest of the year?
Sun Jan 25 19:21:50 PST 2015 --  I really really wanted to play video games tonight, but it looks like thats not happening bc I still havent finished a lot of my homework
Sun Jan 25 20:11:57 PST 2015 --  I think too much
Mon Jan 26 08:17:10 PST 2015 --  Math is killing me
Mon Feb 02 17:05:42 PST 2015 --  Rewatching Boy Meets World because I have no life
Thu Feb 05 22:32:57 PST 2015 --  I suddenly remembered that I don't have school Monday
Mon Feb 16 02:11:04 PST 2015 --  SUCKER - OUT NOW http://smarturl.it/SuckerXCX  pic.twitter.com/MiVhDnbAmE
Mon Feb 16 06:50:39 PST 2015 --  Look at the snow!!! pic.twitter.com/iblumlLrQL
Sun Feb 15 16:54:54 PST 2015 --  Goodnight everyone........jk
Sun Feb 15 15:59:28 PST 2015 --  Ugh im so annoyed by my brother
Sun Feb 15 14:49:42 PST 2015 --  We're even derpy on Valentine's Day... Hope you guys have an awesome weekend! pic.twitter.com/v9gwsMeNww
Sun Feb 15 14:41:31 PST 2015 --  Such a wonderful view pic.twitter.com/fV1fwdE4Hs
Sun Feb 15 08:47:02 PST 2015 --  This day is a blast.....jk
Sun Feb 15 08:17:15 PST 2015 --  Here watching a movie yay
