Fri Aug 28 07:00:26 PDT 2015 --  Half of me wants to leave for college & the other half really likes home cooked meals, not paying rent, and not having to clean🏼
Wed Aug 26 22:45:45 PDT 2015 --  stuck between getting my shit together and fucking things up more.
Wed Aug 26 23:27:24 PDT 2015 --  Really, nothing? Not one thing? 🏼
Tue Aug 25 08:50:48 PDT 2015 --  The fact that I'm already looking at Halloween costumes #cantwait
Sun Aug 23 13:15:44 PDT 2015 --  Had a dream I was dating Ryan Sheckler...woke up and now hate my life. #DreamOn
Sun Aug 23 10:33:10 PDT 2015 --  What a perfect day to curl up on the couch and watch the pack #Packers
Thu Aug 20 17:12:54 PDT 2015 --  the fact that one mikes can get me drunk
Thu Aug 20 15:55:40 PDT 2015 --  If I eat an entire bag of Cheetos and no one sees...did I actually do it? #guilty
Wed Aug 19 14:11:58 PDT 2015 --  I love getting my nails done🏼 #diva
Tue Aug 18 15:46:44 PDT 2015 --  The 4 year old I babysit: "what are you going to school for?" Me: "I don't know" Her: "I'll pick" Me: "okay" Her: "ummm be a horse girl"
Tue Aug 18 13:02:34 PDT 2015 --  The bad thing about Medford is that everyone knows your business...even before you do. #smalltown
Mon Aug 17 19:09:11 PDT 2015 --  can someone come rub my back till I fall asleep? 🏽 #kthanks
Mon Aug 17 14:18:27 PDT 2015 --  I can't wait to wear boots & leggings again #fall
Mon Aug 17 12:18:52 PDT 2015 --  Chuck just told Blair he loved her #gossipgirl
Sun Aug 16 15:44:52 PDT 2015 --  Why do i already feel behind in school when school hasn’t even started yet
Thu Aug 13 18:16:07 PDT 2015 --  We get real low & we get real high 🏼
Thu Aug 13 14:27:12 PDT 2015 --  They always wanna come but they never wanna leave
Mon Aug 10 20:09:25 PDT 2015 --  Don't wanna say I told you so...buuuut I told you so
Mon Aug 10 18:33:53 PDT 2015 --  I'd like to find a place to start all over again.
Thu Aug 06 18:56:30 PDT 2015 --  How am I going to be a Sophomore in college? I feel like I should be about 13 #feelinyoung
Mon Aug 03 11:20:31 PDT 2015 --  my stages of drunk are: 1. “I’m not even buzzed yet.” 2. *sitting in the wet grass somewhere with my shoes off eating Pizza
Sat Aug 01 19:27:02 PDT 2015 --  Happy #NationalGirlfriendDay to myself 🏼️
Fri Jul 31 13:45:47 PDT 2015 --  I let another love crash and burn
Fri Jul 31 07:15:44 PDT 2015 --  When you cant brush your hair cuz your so sore.... #armday 🏼
Thu Jul 30 11:00:21 PDT 2015 --  pic.twitter.com/yT99Ls88f5
Wed Jul 29 16:02:32 PDT 2015 --  & if you hurt me that's okay baby, only words bleed. Just hold me & I won't ever let you go.
Mon Jul 27 20:27:20 PDT 2015 --  It breaks my heart a little more every time.
Fri Jul 24 21:23:04 PDT 2015 --  Can't wait to be back in lax 🏼
Thu Jul 23 19:55:14 PDT 2015 --  Why am I not at country jam... #wtf
Tue Jul 21 15:18:47 PDT 2015 --  you miss 100% of the naps you don't take #mylife
Mon Jul 20 16:19:56 PDT 2015 --  Need money...but don't want to work. 🏼 #thestruggle
Sun Jul 19 16:25:13 PDT 2015 --  Can't wait to come back to lax so I can get Moka 🏼
Sat Jul 18 05:01:04 PDT 2015 --  Because I work 3rd shift my skin is as white as a gingers.
Thu Jul 16 14:11:40 PDT 2015 --  Perfect day to stay inside and watch Netflix 🏼 #raining
Thu Jul 16 04:43:23 PDT 2015 --  I'm gonna let you go & walk away like every day I said I would.
Thu Jul 16 03:27:38 PDT 2015 --  Literally just done with life. #dontcareanymore
Tue Jul 14 04:04:35 PDT 2015 --  I need a drink.
Mon Jul 13 18:17:20 PDT 2015 --  Literally hate marathon cheese #stopbuyingcheesepeople
Mon Jul 13 18:08:28 PDT 2015 --  Family orders happy joes for supper...I have to eat cereal #lactoseintolerant
Mon Jul 13 12:51:13 PDT 2015 --  kinda sick of this life
Fri Jul 10 18:07:48 PDT 2015 --  I'm sorry I have trust issues, but when you give someone everything and they toss it away like nothing, something inside of you breaks.
Fri Jul 10 04:39:21 PDT 2015 --  The "real world" is hard...can I go back to elementary school? #wannabesix
Wed Jul 01 04:35:17 PDT 2015 --  Looking at 1st shift coming in...they look so well rested.. #thirdshiftproblems
Tue Jun 30 09:17:06 PDT 2015 --  Sick of not feeling good #stupidstomach
Sun Jun 28 09:17:58 PDT 2015 --  I could go out every night but I'd be lying, if I said I could live & breathe without you.
Sun Jun 28 00:40:15 PDT 2015 --  Can't sleep....thanks to third shift #MCClife
Sun Jun 21 17:18:16 PDT 2015 --  A boyfriend who tells other girls "I have a girlfriend" >
Sat Jun 27 04:54:26 PDT 2015 --  Why would you vacuum at 6:53 on a freaking Saturday? #whyJudiwhy
Fri Jun 26 04:37:14 PDT 2015 --  Just read it.. pic.twitter.com/hCECoquKf4
Thu Jun 25 04:51:52 PDT 2015 --  Sleep all day and party all night jk more like work all night 🏼 #3rdshiftgrind
Wed Jun 24 12:42:03 PDT 2015 --  Mom printed this out and told me to keep it throughout high school http://twitter.com/SoReIatable/status/613751573508820992/photo/1pic.twitter.com/dShcrgkHsi 
Mon Jun 22 04:35:12 PDT 2015 --  I can't wait to go back to college just so I don't have to work in a factory anymore 🏼🏼🏼🏼🏼
Sat Jun 13 21:40:14 PDT 2015 --  If we’re dating, you can have your freedom… You’re not my prisoner. Just stay loyal and be honest. That’s all I ask.
Thu Jun 18 18:51:17 PDT 2015 --  Everyone's having fun this summer....meanwhile I work 50 hours a week.
Wed Jun 17 19:12:39 PDT 2015 --  memories have to be the most painful blessing
Fri Jun 12 04:39:55 PDT 2015 --  I've come to the realization that I trust no one. 🏼 #wonderful
Fri Jun 12 04:20:29 PDT 2015 --  FAFSA be like “I see your younger brother has a lemonade stand...$0 for you”
Tue Jun 09 19:07:53 PDT 2015 --  Working in a cheese factory and being lactose intolerant<<<<
Sat Jun 06 04:35:30 PDT 2015 --  Be as picky with your men as you are with your selfies 🏼
Wed Jun 03 04:33:35 PDT 2015 --  i'm made out of anxiety🏼
Fri May 29 13:22:28 PDT 2015 --  pic.twitter.com/BgD3EJk0LT
Sun May 31 12:10:12 PDT 2015 --  Finally feels like summer
Tue May 26 16:33:10 PDT 2015 --  No parent should have to go to their child's funeral... #rip
Thu May 21 04:01:00 PDT 2015 --  As a college student you realize there is no such thing as summer break anymore, if you’re not taking classes then you’re working.
Mon May 18 19:26:38 PDT 2015 --  The bachelorette has me nervous #TeamKaitlyn
Fri May 15 04:23:27 PDT 2015 --  While everybody else is getting out of bed, I'm usually getting in it 🏼 #3rdshiftgang
Tue May 12 10:05:19 PDT 2015 --  I.need.sun.
Tue May 12 00:31:02 PDT 2015 --  “And in the end, we were all just humans.. drunk on the idea that love, only love, could heal our brokenness.”
Thu May 07 19:40:31 PDT 2015 --  my life in 2 words: trust issues
Wed May 06 18:03:41 PDT 2015 --  Yes Netflix, I'm still watching #collegein5words
Wed May 06 09:35:26 PDT 2015 --  Even when I'm acting crazy; tell me everything's alright
Wed May 06 08:06:58 PDT 2015 --  Back to lax for the week 🏼
Tue May 05 19:22:54 PDT 2015 --  cuz unlike you, I couldn't do that to someone
Sat May 02 06:47:24 PDT 2015 --  I think soccer moms might be worse then dance moms... #loudmouths
Thu Apr 30 15:39:59 PDT 2015 --  If another person is your "goals" you're living your life wrong.
Thu Apr 30 07:19:30 PDT 2015 --  It's so nice out...yet I'm still in bed
Thu Apr 30 07:11:03 PDT 2015 --  ' pic.twitter.com/Zs9M02roTW
Sun Apr 26 17:11:23 PDT 2015 --  Who knew the value of a textbook could depreciate 97% in 4 months?
Sat Apr 25 06:43:16 PDT 2015 --  I'm starting to think that everyone in a relationship cheats... #nohope
Thu Apr 23 19:20:52 PDT 2015 --  Still crying over #GreysAnatomy
Thu Apr 23 16:57:01 PDT 2015 --  College makes me realize how many friends I've lost... #MissingHighSchool
Thu Apr 23 06:32:09 PDT 2015 --  Today is my last day of college as a freshman🏼
Wed Apr 22 12:18:39 PDT 2015 --  First year of college
Tue Apr 21 11:31:04 PDT 2015 --  My mom got an iPhone 6 today...
Mon Apr 20 18:27:18 PDT 2015 --  Turbo is the cutest movie ever...ever
Mon Apr 20 13:56:25 PDT 2015 --  What an awful day
Sun Apr 19 16:28:52 PDT 2015 --  My roommate backed into my car today....so there's that #fml
Sun Apr 19 08:40:00 PDT 2015 --  Freshman year is almost over..and I still have no idea what I'm doing with my life🏻
Thu Apr 16 20:51:29 PDT 2015 --  I got some damn bad intentions.
Thu Apr 16 09:13:36 PDT 2015 --  Props to the girls who dress up everyday. #HoboLifeChoseMe
Wed Apr 15 20:04:09 PDT 2015 --  Shit. Shit. Shit.
Wed Apr 15 09:52:47 PDT 2015 --  Beating my drum like dum di di dey, I love the dirty rhythm you play
Tue Apr 14 21:02:35 PDT 2015 --  It's like I'm trying to trust you, but your giving me reasons not to.
Tue Apr 14 20:50:54 PDT 2015 --  Sooo...turns out I'm awful on rollerblades #bruised 🏽
Tue Apr 14 14:47:18 PDT 2015 --  Time is a thief.
Mon Apr 13 21:00:33 PDT 2015 --  Warning; The freshman 15 is real, be afraid. #CollegeHappens
Mon Apr 13 20:08:27 PDT 2015 --  Wtf is Coachella...
Mon Apr 13 18:40:33 PDT 2015 --  How can we not talk about family, when family is all we got?
Sat Apr 11 08:40:16 PDT 2015 --  It's gonna be a good day🏽
Fri Apr 10 18:59:28 PDT 2015 --  It's just nice to feel wanted every once & a while
Fri Apr 10 10:01:20 PDT 2015 --  Pay close attention to people who don't clap when you win.
Thu Apr 09 14:34:42 PDT 2015 --  Throw em back till I lose count
Wed Apr 08 18:50:19 PDT 2015 --  Sooo this happened today🏿🏽
Wed Apr 08 16:53:39 PDT 2015 --  Got 3 birthday cards today #score
Wed Apr 08 10:12:26 PDT 2015 --  You can't tell someone they love you
Tue Apr 07 07:30:56 PDT 2015 --  Are you in love with her, or are you in love with being loved?
Mon Apr 06 20:54:33 PDT 2015 --  But why was the confetti red and white? #OnWisconsin
Mon Apr 06 17:45:14 PDT 2015 --  Let the festivities begin #WisconsinWins
Mon Apr 06 12:27:07 PDT 2015 --  Goal for the week: try not to skip class...
Sun Apr 05 18:04:59 PDT 2015 --  better catch up on all the homework I didn't do over Easter
Sun Apr 05 09:15:48 PDT 2015 --  I love church on Easter Sunday
Sat Apr 04 10:14:24 PDT 2015 --  Only brought shorts and capris home.... #itsfuckingcold
Fri Apr 03 21:08:04 PDT 2015 --  Will pay someone $50 to rub my back till I fall asleep #anyone
Tue Mar 31 12:49:17 PDT 2015 --  Just about my pants when @carisatacke got yelled at.....
Mon Mar 30 20:36:21 PDT 2015 --  Before college I wasn't sure what I was doing with my life, but now I'm confident I have no idea what I'm doing.
Mon Mar 30 19:16:42 PDT 2015 --  Was Bieber suppose to fall from the ceiling orrr?
Sun Mar 29 17:25:59 PDT 2015 --  I love college, but I kinda want to be done
Sun Mar 29 05:31:35 PDT 2015 --  Have to drive back to lacrosse today in the freezing rain...
Tue Mar 24 18:00:19 PDT 2015 --  So who the fuck is Charles #CharlesisA #PrettyLittleLiars
Tue Mar 24 11:50:31 PDT 2015 --  Is it sad that my most used emoji is
Mon Mar 23 20:16:56 PDT 2015 --  I don't even know what happy is anymore.
Mon Mar 23 19:40:40 PDT 2015 --  It's just one thing after another.
Mon Mar 23 12:20:01 PDT 2015 --  Skipped class today because it snowed. #fuckyouwinter
Sun Mar 22 21:07:15 PDT 2015 --  I want a half sleeve but mom said no.
Sun Mar 22 17:25:15 PDT 2015 --  Who knew bad could feel so good.
Sun Mar 22 10:19:23 PDT 2015 --  It's fricking snowing.
Sat Mar 21 18:03:07 PDT 2015 --  Everyday above ground is a great day, remember that
Fri Mar 20 20:59:42 PDT 2015 --  I Iike us better when we're wasted
Fri Mar 20 18:54:06 PDT 2015 --  There's you in everything I do...
Sun Mar 01 06:11:49 PST 2015 --  Should i? pic.twitter.com/Hk930NBOaw
Wed Mar 18 13:25:53 PDT 2015 --  I pretty much love being single
Tue Mar 17 19:39:34 PDT 2015 --  Ever kinda hate someone yet kinda hope they are doing ok?... That's where I'm at
Tue Mar 17 19:18:17 PDT 2015 --  You don't realize how drunk you are until you lay down.
Tue Mar 17 17:29:02 PDT 2015 --  All of my kindness, is taken for weakness.
Tue Mar 17 12:32:35 PDT 2015 --  too drunk for this
Mon Mar 16 19:32:50 PDT 2015 --  Can't wait for tomorrow, party time #StPatricksDay
Mon Mar 16 19:02:08 PDT 2015 --  Bit my lips so bad today they are bleeding
Mon Mar 16 16:47:05 PDT 2015 --  I could really use a wish right now
Mon Mar 16 11:39:02 PDT 2015 --  Wearing shorts>>>>
Sun Mar 15 17:27:11 PDT 2015 --  is it that hard to be faithful?
Sun Mar 15 11:17:09 PDT 2015 --  Getting my sun daze on
Sat Mar 14 19:25:32 PDT 2015 --  Thx to the guys next door for helping me break into my room #lockedout
Sun Oct 19 10:43:04 PDT 2014 --  after the third, fourth, fifth chance you gotta realize the person is walking all over you and has zero intentions of changing.
Sat Mar 14 08:49:43 PDT 2015 --  I'm busy getting stronger
Fri Mar 13 16:19:28 PDT 2015 --  I miss having that one person you tell everything to.
Fri Mar 13 15:22:15 PDT 2015 --  Drunk already and it's only 5:21 #goodday
Mon Mar 09 18:15:02 PDT 2015 --  pic.twitter.com/jRLnVLZmKC
Thu Mar 12 17:04:49 PDT 2015 --  I just feel empty.
Wed Mar 11 20:41:45 PDT 2015 --  There's a special place in hell for cheaters
Mon Mar 09 20:39:20 PDT 2015 --  When your entire body is sore, but it's a wonderful kinda sore #greatworkout
Mon Mar 09 13:21:58 PDT 2015 --  I just swept the goddam floor. Take your f'ing shoes off.
Mon Mar 09 12:06:10 PDT 2015 --  Just talked about having sex for about 25 min in Econ. #whipcream #wtf
Sat Feb 28 18:53:21 PST 2015 --  Girls be like "yeah her boy tries talking to me she's dumb for being w him" If you haven't told her & she doesn't know, how is she even dumb
Thu Mar 05 08:11:55 PST 2015 --  This might have been the worst week of my life. But hey, at least it's almost over.
Wed Mar 04 18:13:14 PST 2015 --  kinda wanna get drunk & make bad decisions #whynot
Tue Mar 03 15:14:23 PST 2015 --  This is the worst day ever
Tue Mar 03 12:34:00 PST 2015 --  When I'm sick I like to sleep with towels.....yea idk
Tue Mar 03 06:37:14 PST 2015 --  Fucking flu #fml
Sun Mar 01 20:37:46 PST 2015 --  sometimes i wish i could go back in life, not to change anything, just to feel a couple things twice
Sat Feb 28 13:18:11 PST 2015 --  Just ate the bacon wrapped pizza from Little Ceasers #godbless
Fri Feb 27 12:12:38 PST 2015 --  I am currently tweeting from my new iPhone 6 #score
Thu Feb 26 12:30:55 PST 2015 --  Why can't there be a quiz on Greys Anatomy in college? #AceThatShit
Mon Feb 23 14:56:22 PST 2015 --  Hahaha my life is a joke.
Fri Feb 20 21:51:40 PST 2015 --  Just drank night quill from 2008. Thanks mom.
Fri Feb 20 11:55:24 PST 2015 --  Adam Levines reaction when he sees his fiancé is literally all I want in life. https://vine.co/v/hQ026ezL6w1 
Fri Feb 20 10:06:00 PST 2015 --  Slept from 11:30pm-9:30am....then napped from 10:30-12:00 #SickLife
Wed Feb 18 20:25:12 PST 2015 --  College is too stressful #FeelingTheAnxiety
Wed Feb 18 11:32:43 PST 2015 --  I don't wanna blow your phone up, I just wanna blow your mind.
Wed Feb 18 08:45:22 PST 2015 --  How the hell did I wake up at 7am every day in high school
Tue Feb 17 10:42:05 PST 2015 --  Someone buy me dark chocolate..please #HURRY
Mon Feb 16 11:42:00 PST 2015 --  Why buy sparkly Uggs...why? #uglyasf
Sun Feb 15 11:02:36 PST 2015 --  I miss when my parents would buy me valentines...
Fri Feb 13 18:22:41 PST 2015 --  Why do I watch scary movies????
Thu Feb 12 23:55:43 PST 2015 --  50 shades of holy fuck...
Wed Feb 11 19:29:37 PST 2015 --  I really want a pb&j, but I don't have any bread...and I'm allergic to peanut butter #crying
Mon Feb 09 20:49:25 PST 2015 --  I smell like spaghetti
Fri Feb 06 09:32:16 PST 2015 --  every morning I play a game called "how long can I stay in bed and still get to class on time"
Thu Feb 05 18:55:30 PST 2015 --  I wish things could go back to normal.
Wed Feb 04 18:20:45 PST 2015 --  don’t cheat on people, because the rest of their life all they’ll wonder is why they weren't enough for you
Thu Jan 08 16:45:26 PST 2015 --  memories have to be the most painful blessing
Mon Feb 02 20:13:32 PST 2015 --  Dance party in 306... sorry neighbors #killinit
Mon Feb 02 18:37:47 PST 2015 --  My type of guy pic.twitter.com/FYgePhtAhC
Mon Feb 02 15:47:17 PST 2015 --  Night class got me like
Sun Feb 01 17:28:45 PST 2015 --  It's you, it's always been you.
Thu Jan 29 08:58:56 PST 2015 --  Every time I cook.... Roommates: what's burning #whoopsie
Wed Jan 28 20:04:37 PST 2015 --  Graphs that accurately represent my life thus far pic.twitter.com/6PLBQyqOgC
Tue Jan 27 21:22:56 PST 2015 --  I'll be alright, just not tonight.
Mon Jan 26 18:07:12 PST 2015 --  If you actually love someone you will make time for them
Sun Jan 25 20:35:29 PST 2015 --  Treat her like you're still trying to win her & that's how you'll never lose her
Sat Jan 24 10:39:21 PST 2015 --  If anybody needs me I'll be in bed..with a pan of brownies...till tomorrow... #periodprobs
Thu Jan 22 09:25:23 PST 2015 --  I'm sorry but if your gonna lecture for 3 hours straight at least hand out free coffee. #rant
Wed Jan 21 15:56:10 PST 2015 --  Ate stuffing & pudding for supper. #CollegeLife
Tue Jan 20 21:43:17 PST 2015 --  11:40pm and I'm hungry as fack. #needtogroceryshop
Mon Jan 19 07:23:01 PST 2015 --  No school because it's MLK's day... #score
Thu Jan 15 20:22:19 PST 2015 --  this is exhausting..
Thu Jan 15 17:57:38 PST 2015 --  If ya got it, flaunt it
Tue Jan 13 21:31:58 PST 2015 --  S/o to whoever puked in the elevator at the hive #stayclassy
Tue Jan 13 15:47:02 PST 2015 --  Orange is the new black
Mon Jan 12 20:40:28 PST 2015 --  Play with her booty, not her heart.
Thu Jan 08 19:43:39 PST 2015 --  lets pretend that I didn't just eat an entire bag of bbq chips...
Thu Jan 08 17:22:11 PST 2015 --  fuck I'm such a light weight
Thu Jan 08 11:03:57 PST 2015 --  Just accidentally walked into the boys bathroom... #fmlfmlfml
Thu Jan 08 10:37:24 PST 2015 --  Just got a 10 page syllabus...wut
Tue Jan 06 20:17:24 PST 2015 --  I miss when my parents would tuck me in at night.. #MissMyRents
Mon Jan 05 18:53:54 PST 2015 --  Because you're a sky, you're a sky full of stars, such a heavenly view. You're such a heavenly view
Mon Jan 05 11:38:24 PST 2015 --  Let the awkward day of new classes begin
Sun Jan 04 20:14:45 PST 2015 --  wait what's school again?
Sat Jan 03 07:56:08 PST 2015 --  I wish I could nap while I drive
Thu Jan 01 06:57:31 PST 2015 --  Cause we're both gambling, but I'm playing for keeps
Wed Dec 31 18:48:49 PST 2014 --  I spy an ass hole
Mon Dec 29 16:19:26 PST 2014 --  my phone crashed, my car died & now i burnt my popcorn. fuck this day.
Sun Dec 28 20:07:50 PST 2014 --  "time heals all wounds" lol jk
Wed Dec 24 21:18:46 PST 2014 --  Sometimes it's hard to understand but God has a plan.
Wed Dec 24 16:24:04 PST 2014 --  Pretty, pretty please, don't you ever, ever feel like you're less than fucking perfect.
Mon Dec 22 09:32:36 PST 2014 --  The closer you look, the less you see.
Sun Dec 21 19:32:38 PST 2014 --  I never wanna go back to Lax #lovebeinghome
Sun Dec 21 15:41:45 PST 2014 --  ^ pic.twitter.com/KREiPFv5dJ
Sat Dec 20 14:27:35 PST 2014 --  My phone keeps switching to Spanish #NoHabloEspañol
Fri Dec 19 08:05:38 PST 2014 --  You watched him cheat on me and fuck me over so you date him? #goodluck
Fri Dec 19 06:47:35 PST 2014 --  Christmas was definitely more exciting when I was a youngin
Thu Dec 18 06:45:38 PST 2014 --  I need to get out of this house..
Wed Dec 17 19:31:41 PST 2014 --  Hate sleeping alone #cold #lonely #wheresAj
Mon Dec 15 10:47:33 PST 2014 --  Medford needs a Moka.
Mon Dec 15 08:18:06 PST 2014 --  It's amazing how much happier I am now that the stress of grades and finals are gone
Fri Dec 12 19:09:59 PST 2014 --  haven't seen my parents in a while... I walk in the door & my dad says "Wow you look like shit." Thanks dad, thanks. #finalsweek
Thu Dec 11 17:10:59 PST 2014 --  Knowing that I'll see @nairdA_xileF in 1 day is the only thing getting me through finals
Thu Dec 11 15:54:31 PST 2014 --  Why study when Hannah Montana is on? #really
Thu Dec 11 08:31:21 PST 2014 --  3 finals down, 1 to go #letsgo
Tue Dec 09 14:50:48 PST 2014 --  I'm so stressed its like I'm not even stressed #finalsweekgotmelike
Mon Dec 08 14:07:12 PST 2014 --  I think college boys are more immature then high school boys... #nojoke
Mon Dec 08 07:19:05 PST 2014 --  Breaking bad is controlling my life. #addicted
Wed Dec 03 16:57:56 PST 2014 --  Oh these times are hard, yeah they're making us crazy. Don't give up on me baby
Mon Dec 01 19:15:59 PST 2014 --  Christmas break can hurry the fuck up.
Sun Nov 30 19:00:01 PST 2014 --  Fuck Medford.
Sat Nov 29 16:10:59 PST 2014 --  Why is everyone getting married? We're like 12
Wed Nov 26 05:46:39 PST 2014 --  I still have 8am class today #HappyThanksgiving
Tue Nov 25 20:00:55 PST 2014 --  Tough times don't last, tough people do.
Tue Nov 25 18:22:14 PST 2014 --  "That's called a dick breaker" @carisatacke @jessjo_525 #hipthrust
Mon Nov 24 21:38:32 PST 2014 --  If you ever fall in love.. pic.twitter.com/tCH10bnBpy
Mon Nov 24 18:57:21 PST 2014 --  College looks a lot more fun in movies...
Mon Nov 24 13:51:11 PST 2014 --  Its actually so sad when girls have zero respect for themselves.
Mon Nov 24 10:37:41 PST 2014 --  This is the worst day ever
Fri Nov 21 22:37:56 PST 2014 --  When Aj tucks me in bed before he leaves >>>
Wed Nov 19 20:11:55 PST 2014 --  Decided I have absolutely no idea what I'm going to college for #idek
Mon Nov 17 20:16:00 PST 2014 --  No matter the question, pizza is the answer
Thu Jan 02 14:13:05 PST 2014 --  Why aren't we funding this pic.twitter.com/O1HfUaeeSb
Tue Nov 11 18:05:57 PST 2014 --  Woke up this morning to a cup of water and a note saying "to hungover me". I took a sip and it was vodka... Drunk me is a fucking bitch -LA
Mon Nov 17 14:58:34 PST 2014 --  I'm not even home and @nairdA_xileF goes and eats dinner with my parents... #whatduh
Sun Nov 16 17:40:23 PST 2014 --  I love college...except the homework, and being away from home
Thu Nov 13 20:02:49 PST 2014 --  Why do I say anything?
Wed Nov 12 21:18:48 PST 2014 --  @carisatacke love u
Wed Nov 12 21:13:46 PST 2014 --  Distance sucks..
Wed Nov 12 18:23:13 PST 2014 --  College= changing the periods in my essay to 13 font.
Wed Nov 12 05:41:07 PST 2014 --  Walking to class like
Tue Nov 11 19:47:48 PST 2014 --  Shout out to @nairdA_xileF for listening to me whine all day for the past 3 days.. #sicklife
Sun Nov 02 15:37:26 PST 2014 --  The difference between her and me? I can make him smile with my pants on.
Tue Nov 11 11:12:01 PST 2014 --  Only 5 more months of this shit
Tue Nov 11 10:35:33 PST 2014 --  Frozen grapes are where it's at..
Tue Nov 11 08:53:19 PST 2014 --  Omfg mom...why you gotta??
Sat Nov 08 16:42:04 PST 2014 --  "How's your semester going" pic.twitter.com/yu8tsQN32z
Mon Nov 10 16:23:41 PST 2014 --  Icing my shoulder with broccoli because this house doesn't own ice packs
Mon Nov 10 05:00:44 PST 2014 --  When the semester ends pic.twitter.com/dx5fb0Cuq6
Sun Nov 09 17:55:06 PST 2014 --  Nothing's worse then being sick without your mom
Sun Nov 09 08:55:04 PST 2014 --  All I am is yours
Fri Nov 07 22:11:36 PST 2014 --  @carisatacke I love you.
Fri Nov 07 20:59:40 PST 2014 --  Whoever is playing the drums outside is doing to die.
Thu Nov 06 19:47:32 PST 2014 --  College has turned me into a cry baby #nojoke #cry4dayz
Thu Nov 06 18:16:22 PST 2014 --  One thing I take a lot of pride in is my heart. I've been hurt, hurt bad in some situations and I still love hard and care so much...
Thu Nov 06 10:21:51 PST 2014 --  Reading old Facebook messages
Wed Nov 05 13:39:28 PST 2014 --  When my roommate skipped class because its raining.. #college
Wed Nov 05 20:19:43 PST 2014 --  Just experienced heartburn for the first time. #holyactualfuck
Tue Nov 04 20:04:38 PST 2014 --  Can I just skip ahead 4 years?
Fri Oct 31 11:34:00 PDT 2014 --  I didn't choose the 4.0 life. The 4.0 life didn't choose me either
Wed Oct 29 07:05:41 PDT 2014 --  Well hello there. Did you know that I'll see you in ONE DAY!!!! @nairdA_xileF
Mon Oct 27 16:56:26 PDT 2014 --  The world is full of good people. If you cant find one, be one.
Mon Oct 27 13:53:34 PDT 2014 --  sometimes i actually get my shit together but then i lose it again like 2 days later
Sun Oct 26 10:59:23 PDT 2014 --  Sometimes, bad days are there to remind you that you have good ones to look forward too..
Fri Oct 24 20:51:14 PDT 2014 --  That's the thing about pain, it demands to be felt.
Fri Oct 24 19:17:26 PDT 2014 --  loyalty means more to me than love
Tue Oct 21 20:20:04 PDT 2014 --  Hearing Carisa's voice and it never sounded so good. #missingheralot
Mon Oct 20 21:03:43 PDT 2014 --  Listen up kids at MASH. Appreciate the work load you have now & the teachers that want to help you. College goes from 0 to 100 real quick.
Tue Oct 21 08:42:05 PDT 2014 --  “ @TweetLikeAGirI: Every college student right now http://twitter.com/TweetLikeAGirI/status/524573230515113984/photo/1pic.twitter.com/oCcBLwkP9n ” @carisatacke
Mon Oct 20 20:17:01 PDT 2014 --  I am sick of school...so there is that
Wed Oct 15 12:28:46 PDT 2014 --  Every college thinks their squirrels are so much better than other colleges's squirrels and it's the strangest thing ever
Wed Oct 15 10:26:19 PDT 2014 --  Someone come with me to see Annabelle #prettyplease
Tue Oct 14 17:20:51 PDT 2014 --  Ebola's back in Texas #WeAllGonnaDie
Mon Oct 13 20:07:36 PDT 2014 --  2 girls 1 diarrhea @jessjo_525 @DaphneeLange
Sun Oct 12 18:53:52 PDT 2014 --  I wish I had a photographic memory #neverstudyagain
Sat Oct 11 09:37:50 PDT 2014 --  And this is why everyone hates you
Sat Oct 11 09:14:08 PDT 2014 --  Yea the drums they swing low & the trumpets they go
Fri Oct 10 22:35:44 PDT 2014 --  Aaand now I can't sleep
Fri Oct 10 22:32:28 PDT 2014 --  I do not snore! @nairdA_xileF
Fri Oct 10 16:21:16 PDT 2014 --  After raking with Dad for a solid 3 hours, there is not a single leaf on the Tacke's lawn. #fuckya
Fri Oct 10 12:29:44 PDT 2014 --  I fuckin love hot chocolate
Fri Oct 10 05:25:30 PDT 2014 --  Oh, hey...did you know that I'll see you TODAY @nairdA_xileF
Wed Oct 08 18:10:10 PDT 2014 --  $1 burger night with @emilychynoweth @carisatacke @jessjo_525
Wed Oct 08 18:04:46 PDT 2014 --  Hi, I love you @nairdA_xileF
Wed Oct 08 09:10:17 PDT 2014 --  My belongs to the dollar tree #everythings$1
Tue Oct 07 19:08:40 PDT 2014 --  I’m not where I need to be, but thank god I’m not where I used to be.
Tue Oct 07 11:20:47 PDT 2014 --  Your first love will make you realize your first love wasn't really your first love.
Tue Oct 07 08:33:30 PDT 2014 --  Big sweatshirts=comfy sweatshirts
Sun Oct 05 20:30:04 PDT 2014 --  That's funny...this NyQill says its cherry flavored but it tastes like shit. #sicklife
Fri Oct 03 10:18:38 PDT 2014 --  Free tuition for college in Germany? #BrbPacking
Thu Oct 02 19:14:01 PDT 2014 --  Just wish you knew how it felt #SadTweet
Wed Oct 01 15:03:49 PDT 2014 --  What's the point anymore
Tue Sep 30 20:02:10 PDT 2014 --  tough times don't last, but tough people do.
Mon Sep 29 18:30:23 PDT 2014 --  My homework may not be done but I sure am
Mon Sep 29 08:21:02 PDT 2014 --  Already dissected a brain this morning #LetsGo
Fri Sep 26 12:10:45 PDT 2014 --  Shits starting to sound like the purge around here with everybody saying "have a safe night"
Thu Sep 25 16:26:50 PDT 2014 --  Destroying our liver between the bluffs and the river #Oktoberfest2014
Thu Sep 25 10:16:20 PDT 2014 --  ...either I need to buy more underwear or do laundry...
Wed Sep 24 15:46:48 PDT 2014 --  Some kid just smoked weed in my math class....
Tue Sep 23 19:27:04 PDT 2014 --  Wake up.Class.Study.Eat.Repeat.
Mon Sep 22 06:43:09 PDT 2014 --  My anat and phys student teacher has such a nice ass and such a beautiful face how am I supposed to learn about skin
Sun Jul 13 21:20:12 PDT 2014 --  Missing someone and not being able to see them is a terrible thing.
Sun Sep 21 18:18:11 PDT 2014 --  You don't get to choose if you get hurt in this world...but you do have some say in who hurts you. I like my choices.
Fri Sep 19 10:20:08 PDT 2014 --  If you find a girl that is willing to go through hell just to keep the relationship going, you really shouldn't take her love for granted.
Fri Sep 19 20:05:27 PDT 2014 --  Yeah the drums they swing low & the trumpets they go
Wed Sep 17 05:19:23 PDT 2014 --  Why did I ever take an 8am class?
Sun Sep 14 08:26:54 PDT 2014 --  I wish I could wake up with amnesia & forget about the stupid little things. Like the way it felt to fall asleep next to you.
Sat Sep 13 09:46:07 PDT 2014 --  Cause the players gonna play And the haters gonna hate Baby, I'm just gonna shake
Fri Sep 12 05:36:51 PDT 2014 --  Why did I ever take an 8:00am class #killmethreetimes
Tue Sep 09 08:25:39 PDT 2014 --  The scariest thing about distance is that you don't know if they'll miss you or forget you. -Nicholas Sparks
Mon Sep 08 15:30:06 PDT 2014 --  No one is impressed that you can ride your bike without hands...no one
Mon Sep 08 06:57:17 PDT 2014 --  I haven't wore jeans since like 2006, haha. #notjoking
Sun Sep 07 17:08:02 PDT 2014 --  I regret ever wanting to get out of high school #takemeback #hatecollege
Thu Sep 04 19:49:43 PDT 2014 --  My yoga pants actually went to yoga today
Wed Sep 03 13:58:23 PDT 2014 --  Everyone has cute forearm tattoos #wantone
Wed Sep 03 10:09:08 PDT 2014 --  If I see one more back to school selfie...
Mon Sep 01 09:22:43 PDT 2014 --  I'm a sucker for sappy love movies
Fri Aug 29 16:16:44 PDT 2014 --  ...wtf is the electric zoo
Thu Aug 28 21:01:50 PDT 2014 --  #tweetin @nairdA_xileF
Tue Aug 26 11:46:59 PDT 2014 --  I told myself I would dress up the 1st week of college day 2 wearing leggings
Tue Aug 26 10:23:23 PDT 2014 --  Ooh na na, why you gotta act so naughty
Sat Aug 23 22:43:12 PDT 2014 --  Annnd I'm still not tired #whatduh
Sat Aug 23 16:43:26 PDT 2014 --  Just shattered my iphone #whygodwhy
Fri Aug 22 20:03:42 PDT 2014 --  Just watched someone get arrested outside my apartment window #GottaLoveLaxAddres
Fri Aug 22 12:56:25 PDT 2014 --  Why can't college be like $10?
Tue Aug 19 16:45:08 PDT 2014 --  "Goodbye" is a terrible word
Sun Aug 17 21:34:08 PDT 2014 --  Nights like tonight>>> any other night @carisatacke
Sat Aug 16 15:44:00 PDT 2014 --  Listening to old voice mails
Sat Aug 16 09:19:06 PDT 2014 --  I don't wanna be a Freshman again #FreshmanSuck
Sat Aug 16 08:21:57 PDT 2014 --  allergies #whygodwhy
Tue Aug 12 22:33:13 PDT 2014 --  i push people away like a pro
Thu Aug 14 08:27:08 PDT 2014 --  Is it even possible to be stress free?
Tue Aug 12 06:51:03 PDT 2014 --  but if destiny decided I should look the other way, then the world would never know the greatest story ever told.
Mon Aug 11 16:01:37 PDT 2014 --  My opinion on teen pregnancy: if you haven't went through it, keep your mouth shut.
Mon Aug 11 06:56:22 PDT 2014 --  It hurts because it mattered.
Sun Aug 10 19:36:44 PDT 2014 --  Old dance costumes = college Halloween costumes
Thu Aug 07 20:15:56 PDT 2014 --  Your a psycho..
Thu Aug 07 08:00:08 PDT 2014 --  Well the truth is that I never ever wanna hurt you baby, but it’d be nice to know that I could
Sat Aug 02 19:59:08 PDT 2014 --  After a crazy day of moving I can officially say Lacrosse is now my home!
Thu Jul 31 09:16:32 PDT 2014 --  I leave for college tomorrow
Wed Jul 30 19:18:28 PDT 2014 --  All that I'm after is a life full of laughter
Wed Jul 30 17:04:51 PDT 2014 --  Why can't someone make a bag of only the red starbursts #goodones
Tue Jul 29 12:20:01 PDT 2014 --  I hate curling my hair, but I like looking fancy #thestruggleisreal
Mon Jul 28 15:46:10 PDT 2014 --  Mowing the lawn and all of a sudden an apple whacks me in the head #thanksdad #goodaim
Sun Jul 27 13:07:29 PDT 2014 --  Acting stupid isn't cute...you just look stupid
Fri Jul 25 12:22:37 PDT 2014 --  I friggen love the fair
Thu Jul 24 14:27:51 PDT 2014 --  What are the purpose of love handles, besides making me look like a whale
Wed Jul 23 18:55:38 PDT 2014 --  You can't fix yourself by breaking someone else.
Wed Jul 23 18:35:07 PDT 2014 --  Just found a frog under the table #whatduh
Mon Jul 21 12:48:44 PDT 2014 --  Maybe it's time to change And leave it all behind..
Sat Jul 19 15:26:44 PDT 2014 --  Your 14 years old, stop acting like your 25 sweetie #dissapointed #slowdown
Fri Jul 18 20:37:40 PDT 2014 --  If the farmers next door could stop farming their shit at 10:37PM, that'd be fab
Fri Jul 18 19:36:31 PDT 2014 --  Last night at the big ole Happy Joes #4years #bittersweet
Wed Jul 16 18:31:09 PDT 2014 --  If God brings you to it, he will bring you through it
Wed Jul 16 13:12:38 PDT 2014 --  Fuck mowing around trees
Sat Jul 12 20:35:18 PDT 2014 --  If the neighbors could lay off on the fireworks that'd be fab #PleaseSTFU #4thOfJulysDone
Sat Jul 12 13:26:50 PDT 2014 --  Sat down with a jar of pickles...Suddenly they are all gone #bellyhurts
Sat Jul 12 13:23:29 PDT 2014 --  This love is difficult, but it's real
Thu Jul 10 17:38:27 PDT 2014 --  Just bought a tub of orange sherbet ice cream & yes, I plan on eating it all tonight
Thu Jul 10 14:05:59 PDT 2014 --  Wish I could dance like Ellen #seriouslythough #shegood
Thu Jul 10 10:17:06 PDT 2014 --  I lay outside everyday and I'm still pasty white #wtf #needsomesun
Wed Jul 09 19:28:55 PDT 2014 --  I just wanna feel better
Wed Jul 09 10:24:16 PDT 2014 --  As if my week could get any worse..
Tue Jul 08 16:41:46 PDT 2014 --  If someone wants to bring me popsicles, that'd be cool #prettyplease #strepthroat
Tue Jul 08 13:57:06 PDT 2014 --  I've ate an entire box of popsicles in 1 day #24pack #sorethroat #proud
Tue Jul 08 08:31:20 PDT 2014 --  If one more person shoves that dam wooden stick down my throat I'll scream #Doctors4Days #SickofbeingSick
Sun Jul 06 09:43:05 PDT 2014 --  Putting in my 2 weeks at the hoe joes today #finally #happyjoesblows
Sat Jul 05 20:16:28 PDT 2014 --  Armageddon is the best movie of all time #nodoubt #bawling
Sat Jul 05 11:58:01 PDT 2014 --  I said baby I do this, I thought that you knew this
Fri Jul 04 12:02:08 PDT 2014 --  So much for having a good night.
Thu Jul 03 19:20:56 PDT 2014 --  I hate having to be nice to people that are ass holes #waitressproblems #fuckyou
Wed Jul 02 21:01:33 PDT 2014 --  In one of these moods #dontevenknow
Wed Jul 02 10:36:29 PDT 2014 --  You know your doing something wrong when you spank your child & they don't cry #swimminglessonparents #yournutz #badmom
Wed Jul 02 08:32:26 PDT 2014 --  What happened to summer? #freezing #nosun
Mon Jun 30 09:05:51 PDT 2014 --  I fucking love ramen
Mon Jun 30 08:54:38 PDT 2014 --  If I hear "Fancy" one more time, I might go insane. #overplayed #fancy
Sun Jun 29 20:18:53 PDT 2014 --  Just attempted to go worm hunting #unsuccessful @nairdA_xileF
Fri Jun 27 15:10:52 PDT 2014 --  Cuz I may be bad, but I'm perfectly good at it
Fri Jun 27 14:25:24 PDT 2014 --  There is nothing better then a dress with pockets #GirlTalk #TruthTweet
Wed Jun 25 20:25:20 PDT 2014 --  A little old man came to happy joes tonight &we talked for a while. After we were done he said "I wish I had a daughter like you" #toocute
Mon Jun 23 06:44:47 PDT 2014 --  I don't hate Mondays now that there's no school #summer #TruthTweet
