Fri Aug 28 20:29:25 PDT 2015 --  I have some feedback on whether or not I should post the entire manuscript. The vast majority say no and that I should only post excerpts.
Sun Aug 23 20:19:50 PDT 2015 --  Is anybody else waiting for the Windows 10 upgrade from Windows 7? I still have not been offered it yet.
Thu Aug 20 10:40:23 PDT 2015 --  I have a question. Should I post my entire screenplay? Some have asked. I am afraid that somebody might be able to steal some ideas.
Wed Aug 19 10:21:57 PDT 2015 --  My audio is still running slow when I watch Youtube videos after the Windowss 10 upgrade. Does anybody have any suggestions?
Mon Aug 17 06:46:55 PDT 2015 --  I hope everybody will have a good week.
Sat Aug 15 10:05:45 PDT 2015 --  Thank you everyone! My Youtube video now has 5000 views from 93 countries.
Thu Aug 13 09:09:17 PDT 2015 --  I got another newsletter from the Rhode Island film festival. The semifinalists will be revealed in October. Please wish #Outrageous luck.
Tue Aug 11 13:30:20 PDT 2015 --  I changed my profile. #Outrageous is a screenplay I hope to make into a movie. The Youtube clip is just a sample of my type of humor.
Mon Aug 10 09:43:40 PDT 2015 --  Has anybody tried the Cortana feature on Windows 10?
Sat Aug 08 06:00:14 PDT 2015 --  Does anybody have any feedback on the Windows 10 upgrade?
Thu Aug 06 19:30:00 PDT 2015 --  Bellagio got a new cat costume. I will be posting some photos soon.
Wed Aug 05 15:15:34 PDT 2015 --  Warwick, Rhode Island had a microburst. Never heard of it before. Lost power for a day and a half. Thousands are still out of power.
Mon Aug 03 12:56:11 PDT 2015 --  Having trouble updating AMD Catalyst 15.7.1 for Windows 10. Does this program work for the audio?
Sat Aug 01 07:55:55 PDT 2015 --  I got Windows 10 upgrade for my Windows 8 computer. I still have not got the upgrade for my Windows 7 computer. They say it could be weeks.
Thu Jul 30 14:36:05 PDT 2015 --  I still have about 20 leads out. Maybe one of them will say yes. I will keep everybody posted if I hear anything. #Outrageous
Thu Jul 30 14:33:49 PDT 2015 --  I heard from another producer I contacted six months ago. He said no. I guess it takes months to make a decision.
Wed Jul 29 10:20:22 PDT 2015 --  Just heard from a producer. They passed but it took six months. I guess it takes a while for them to make a decision. I still have hope.
Sun Jul 26 15:52:19 PDT 2015 --  Does anybody have any ideas on how I can get Hollywood to read my film #Outrageous?
Fri Jul 24 18:12:31 PDT 2015 --  Thank you everybody for the retweets on trying to get #Outrageous an agent to represent the film.
Thu Jul 23 17:13:55 PDT 2015 --  Does anybody know any agents that are looking to represent screenwriters?
Wed Jul 22 05:53:28 PDT 2015 --  Thank you everybody for always answering my questions and giving me helpful advice.
Tue Jul 21 20:07:07 PDT 2015 --  I have a question. Should every screenplay use the three act method?
Mon Jul 20 06:35:09 PDT 2015 --  The Youtube clip is just a sample of my comedy. It is not part of my comedy #Outrageous.
Sun Jul 19 07:32:21 PDT 2015 --  I found a solution to the flash problem. It only acts up when I view photos. If I disable the flash there is no more delays.
Sat Jul 18 09:25:10 PDT 2015 --  My shockwave flash plugin isn't responding on the WWE website. Does anybody know why?
Fri Jul 17 13:48:49 PDT 2015 --  Thank you everybody! I now have 50 likes on my Youtube video.
Wed Jul 15 13:14:45 PDT 2015 --  I just got my first newsletter from the Rhode Island International Film Festival. I will post any interesting news.
Mon Jul 13 19:29:20 PDT 2015 --  An update on windows 10. I heard it is coming out on July 29th. I will keep everybody posted and tell them what I think.
Sun Jul 12 06:43:27 PDT 2015 --  The contest that I entered was the Rhode Island International Film Festival. I should hear the results sometime in October.
Fri Jul 10 19:17:15 PDT 2015 --  Something strange has happened. Since that whit windows has popped up, I can no longer check for windows updates.
Thu Jul 09 17:06:12 PDT 2015 --  Something strange happened. There is a white windows logo that just showed up saying "get windows 10". I wonder if I have a choice.
Tue Jul 07 19:26:06 PDT 2015 --  No news on the progress of #Outrageous. I will keep everybody posted if anything changes. Thank you for all your support!
Mon Jul 06 19:54:01 PDT 2015 --  Still hearing opinions about windows 8 compared to windows 10. Surprisingly it is still about even.
Sun Jul 05 17:35:22 PDT 2015 --  Thank you everybody for your input on whether keeping windows 8 or upgrading to windows 10. Right now the opinions are split.
Sat Jul 04 19:37:20 PDT 2015 --  I have a question. Should I take a free upgrade to windows 10 that lasts a year or should I stay with windows 8?
Fri Jul 03 13:19:35 PDT 2015 --  I hope everybody has a happy 4th of July!
Thu Jul 02 09:22:33 PDT 2015 --  Thank you everybody for favoriting and retweeting my tweets. I really appreciate it.
Wed Jul 01 06:35:55 PDT 2015 --  I am going to enter a screenwriting contest in Rhode Island. I am curious to see how the new screenplay does.
Tue Jun 30 06:20:54 PDT 2015 --  Here is a picture of Black Kitty with his Summer haircut to keep him cool. Check out his pom pom tail. pic.twitter.com/cpfO8YG2N1
Mon Jun 29 07:17:55 PDT 2015 --  Black Kitty got his summer haircut. I will be posting some photos soon.
Sun Jun 28 06:38:41 PDT 2015 --  I just finished tweaking the second version of #Outrageous.It is 124 pages. This one will be used for competitions because other is too long
Sat Jun 27 06:12:44 PDT 2015 --  I finished tweaking #Outrageous. It is 142 pages. Hopefully, everybody will get to see it in the movies and you will see the craziest movie
Fri Jun 26 06:58:04 PDT 2015 --  An actor wants to take a look at #Outrageous. I hope he likes it.
Thu Jun 25 06:37:51 PDT 2015 --  An adorable photo of Bellagio. pic.twitter.com/ueK0NnRAaR
Wed Jun 24 06:45:59 PDT 2015 --  Happy the Cat being silly again. pic.twitter.com/MAHOUrghcJ
Tue Jun 23 07:22:14 PDT 2015 --  Happy the Cat is all dressed up. pic.twitter.com/x4avaV7Gis
Mon Jun 22 07:50:51 PDT 2015 --  Black Kitty before his Summer haircut. pic.twitter.com/oIa7vay5V4
Sun Jun 21 07:20:47 PDT 2015 --  Belllagio says he looks cuter than Happy the Cat in the rabbit costume. pic.twitter.com/M0T5JqEBPR
Sat Jun 20 11:54:51 PDT 2015 --  Here is a cute photo of Happy the Cat. pic.twitter.com/Vj9v1rYst9
Tue Jun 16 07:04:04 PDT 2015 --  All of the revised character descriptions for #Outrageous are now all up. You can find them in my favorite section. I hope you enjoy them!!!
Mon Jun 15 07:38:31 PDT 2015 --  GRANDMA YACKLESTEIN, Enid's grandmother, retired singer, and still has the entertainment bug.
Sun Jun 14 06:25:34 PDT 2015 --  DETECTIVE BRESLOW, local detective with chip on his shoulder but sticks up for the little guy.
Sat Jun 13 06:24:19 PDT 2015 --  BIRD, a big man with an even a bigger nose, a fellow telemarketer, and sour and inpatient.
Fri Jun 12 06:22:10 PDT 2015 --  MILLY, Enid's mother, soft spoken, and cooks creative meals that are ghastly.
Thu Jun 11 06:50:05 PDT 2015 --  MARV, Enid's father, short in stature, and has personality plus but gives horrible advice.
Wed Jun 10 06:37:53 PDT 2015 --  ERIK, the office owner is handsome, successful, and kind.
Tue Jun 09 05:36:35 PDT 2015 --  JAIME, dumpy man who is office manager, finally part of the inner circle, and finally gets to be the bully.
Mon Jun 08 06:08:21 PDT 2015 --  STACEY, loan officer, pretty blonde but knows she is second fiddle, and is always willing to please Nikki.
Sun Jun 07 06:34:58 PDT 2015 --  NIKKI, a gorgeous blonde loan officer that stills enjoys taunting those she feels inferior to herself.
Sat Jun 06 08:03:52 PDT 2015 --  ENID, a rotund little woman, who oozes confidence, and a walking disaster just waiting to happen.
Sat Jun 06 08:02:26 PDT 2015 --  I am going to post revised character descriptions from #Outrageous. For my new followers, you can get an idea of what my movie is about.
Wed May 27 12:47:28 PDT 2015 --  Does anybody know any entertainment lawyers in Los Angeles?
Fri May 22 07:54:03 PDT 2015 --  I am posting the link for people that have not seen it already. http://youtu.be/OvJd6suScSI 
Fri May 22 07:53:20 PDT 2015 --  Thank you everyone. On google video search for Julia Roberts laugh, my video is number 3.
Sat May 16 15:01:40 PDT 2015 --  Thank you everybody for your input. So far I have heard that you do not have to end every scene with a transition.
Thu May 14 10:32:20 PDT 2015 --  I have a question. Should every scene end with a transition such as cut out or should I only use a transition only for added effect?
Tue May 05 09:35:17 PDT 2015 --  I got good news. One of the leads from Inktip wants to read the whole script of #Outrageous.
Mon May 04 08:54:56 PDT 2015 --  Thank you everybody about the input on agents charging retainers. I have universally heard they do not. Just wanted to spread the word.
Wed Apr 29 16:25:25 PDT 2015 --  Somebody asked about the retainer. The retainer is money they want to represent us. They want money if they can sell the script or not.
Wed Apr 29 13:33:10 PDT 2015 --  I have a question. Is it common for an agent representing screenplays to get a retainer and also a fee?
Sat Apr 25 09:53:35 PDT 2015 --  Heads up I found out many screenwriting contests limit you to 130 pages maximum I made a second version of #Outrageous that is 119 pages
Wed Apr 15 17:20:26 PDT 2015 --  Hi everyone. I just finished reformatting #Outrageous. Thank you for all your tips. It was really appreciated.
Sat Apr 11 11:34:40 PDT 2015 --  Thank you everyone for your tips on converting PDF files. I figured out how to make corrections and should have corrections done soon.
Thu Apr 09 06:07:32 PDT 2015 --  I finished formatting my script with Celtx. It went from 88 pages to 137 pages. Does anyone know any programs to switch PDF files to Doc?
Thu Apr 02 14:03:18 PDT 2015 --  I am using the celtx software for screenplays. It is working really well. It also has software to help people writing books.
Wed Apr 01 20:15:33 PDT 2015 --  Thank you everyone for your advice. I just downloaded Celtx to help me format my script.
Wed Apr 01 16:28:37 PDT 2015 --  I found a website on formatting a screenplay. I am going to use it. Does anybody know of any good screen formatting websites?
Fri Mar 27 15:49:19 PDT 2015 --  Final newsletter from Inktip. Sending a letter to a producer. Trying something new and sending a letter to graduate production student.
Mon Mar 23 13:06:47 PDT 2015 --  Thank you, I now have 90,000 followers! I have appreciated all your support and advice. With your support, I think #Outrageous can be made
Fri Mar 20 10:13:37 PDT 2015 --  I sent out two more letters to producers. This time I called "Outrageous" a dramedy. I tweaked the logline and did not include a synopsis.
Fri Mar 13 06:01:35 PDT 2015 --  I sent out two more query letter agents to producers that want to make a comedy. #Outrageous
Mon Mar 09 17:36:55 PDT 2015 --  My subscription with Inktip is going to expire in about one month. I will have to reevaluate on how to get #Outrageous more exposure.
Sat Feb 28 05:53:25 PST 2015 --  Hi everyone. I sent out two more query letters to agents. I will keep everybody informed of any results in the progress of #Outrageous.
Mon Feb 23 07:28:21 PST 2015 --  Thank you everyone for your leads on people that might be interested in producing #Outrageous. I am following everybody you suggested.
Mon Feb 16 06:29:12 PST 2015 --  Hi everyone. I did not place in any of the contests. Does anybody have any suggestions on how to get #Outrageous to people in Hollywood?
Sun Feb 15 07:28:53 PST 2015 --  Hi everyone. I just sent some information to a producer in England. Trying all angles to get #Outrageous made.
Tue Feb 10 09:54:10 PST 2015 --  I just got an e-mail. I will have some results on one of the contests I entered on Sunday. Also I got to put #Outrageous on top of scripts
Fri Feb 06 07:59:06 PST 2015 --  I just wanted to thank everyone for their support and advice. I am going to keep fighting and sent out another letter to a producer.
Tue Feb 03 09:13:21 PST 2015 --  Hi everyone. I did not get the writing job. At least they responded quickly. Back to focusing on strictly getting #Outrageous made.
Sat Jan 31 13:19:28 PST 2015 --  Update on my movie "Outrageous". I cleaned up my synopsis on Inktip. It now looks more professional. I also included positive analysis.
Fri Jan 23 19:03:42 PST 2015 --  There is a production company that wants to hire comedic writers. I am going to apply. Hopefully it can get me connections for #Outrageous
Mon Jan 19 10:18:40 PST 2015 --  I just heard from one of the producers. The answer was no. I now know that I will get the answers through Inktip. I will keep you posted
Fri Jan 16 17:06:23 PST 2015 --  Hi everyone. I sent out two more leads on producers who want to make a comedy. Also I should hear the results of another contest pretty soon
Fri Jan 09 11:53:36 PST 2015 --  I am going to change the logline. I am going to focus it on the relationship between Bird and Enid. Characters can be found in my favorite
Sat Jan 03 08:05:47 PST 2015 --  I will give a break to people who have helped support #Outrageous. If I get the funding, I will post details to those who are interested.
Sat Jan 03 08:02:59 PST 2015 --  Some people have asked if they can work in the movie. First I have to get the funding. I would like some of my followers to be involved.
Wed Dec 31 11:11:48 PST 2014 --  Hi everyone. I sent another inquiry to a producer that wants to make a comedy. I hope everybody has a Happy New Year!
Tue Dec 30 18:22:01 PST 2014 --  I just heard from another contest. I am still in the running. They gave me some analysis. With some tweaking, it will be ready for Hollywood
Thu Dec 25 08:00:33 PST 2014 --  Merry Christmas and Happy Holidays to everyone! I got another lead that a producer wants to do a comedy. #Outrageous
Fri Dec 19 15:20:12 PST 2014 --  The preferred newsletter is really working. I found another producer that wants to do a comedy. I will keep everybody posted.
Sat Dec 13 06:41:36 PST 2014 --  I got two leads from the preferred newsletter. They are looking for comedies. I sent them an e-mail. Hopefully, they will read screenplay
Fri Dec 12 13:04:10 PST 2014 --  Hi everyone. The December issue from Inktip just came in. It had hundreds of loglines in it. I hope somebody will look at #Outrageous!
Fri Dec 05 05:44:43 PST 2014 --  The first newsletter came in. It gives six leads of producers wanting to make a movie. It also tells what kind of movie they want to make
Tue Dec 02 12:09:59 PST 2014 --  Hi everyone. I did not place in the first contest. I am going to be sending two query letters to producers that have shown interest.
Wed Nov 26 09:25:14 PST 2014 --  Thank you everyone! I now have 75,000 followers. I want to thank everybody for all the advice and support. #Outrageous will be made.
Fri Nov 21 13:31:59 PST 2014 --  Hi everyone. Someone from Inktip wants to take a look at the whole screenplay of #Outrageous. One step closer into being made into a film.
Wed Nov 19 20:10:29 PST 2014 --  I just registered for a newsletter. It will give me about 6 new leads each week of producers that want to make a film. #Outrageous
Fri Nov 14 10:28:08 PST 2014 --  I just entered my final contest. The results will be in early April. I should have an idea by then if #Outrageous will be made into movie.
Thu Nov 13 09:53:46 PST 2014 --  Hi everyone. Update from Inktip. A producer just downloaded #Outrageous. I will keep everybody posted. Hopefully, he will like it.
Mon Nov 03 19:39:38 PST 2014 --  I just entered my screenplay #Outrageous in a second contest. It has a category just based on comedy. The results will be in late March.
Mon Oct 27 13:39:34 PDT 2014 --  Hi everyone. I just entered my first contest for #Outrageous. The winner will be announced in late December. Please wish me luck.
Fri Oct 24 16:08:36 PDT 2014 --  Hi everyone. I found a producer that is looking to do a comedy. I sent him the basic information on #Outrageous. More updates to come.
Thu Oct 16 16:20:31 PDT 2014 --  Got a chance to put the basic plot of Outrageous in a magazine. It will be coming out in December and I will keep everybody posted.
Sun Oct 05 16:23:57 PDT 2014 --  Hi everyone. I just registered for Ink tip. It will let producers take a look at my comedy "Outrageous".
Thu Sep 04 12:36:16 PDT 2014 --  Talked with an agent today. He wants to read the whole screenplay of #Outrageous. Does anyone know any producers that like comedy?
Mon Aug 25 18:37:26 PDT 2014 --  Thank you everyone. I now have 60,000 followers. I should have some updates on the progress of my movie "Outrageous" pretty soon.
Mon Aug 25 09:21:41 PDT 2014 --  Thank you everyone. My You tube video has now been seen in over 75 countries. I am posting the link. http://youtu.be/OvJd6suScSI 
Mon Aug 04 09:40:56 PDT 2014 --  11,000 tweet. I just wanted to thank everybody for all the support!
Fri Jul 25 12:17:52 PDT 2014 --  Happy the Cat says you can't see me. pic.twitter.com/AOWBYiFBxs
Fri Jul 25 12:13:55 PDT 2014 --  Happy the Cat with her best friend Pee Wee Herman. pic.twitter.com/q9WDc3ESHE
Fri Jul 25 12:12:13 PDT 2014 --  Bellagio with his best friend Black Kitty. pic.twitter.com/u4YyIKRtQ0
Fri Jul 25 12:08:16 PDT 2014 --  Bellagio in his tricked out bed. pic.twitter.com/tMo2Uv8Ki3
Fri Jul 25 12:07:18 PDT 2014 --  Introducing Bellagio. I hope you enjoy. pic.twitter.com/vPASx7m0dv
Mon Jul 14 12:40:07 PDT 2014 --  Hi everyone. I just completed the synopsis for "Outrageous". An agent wants to see it. Wish me luck!
Mon Jul 07 15:48:14 PDT 2014 --  Hi everyone. I just registered my movie "Outrageous" with the Writers Guild. Stay tuned more updates are coming out soon.
Wed Jun 25 10:07:16 PDT 2014 --  Hi everyone. You can find out more information about my movie "Outrageous" in my favorite section. It gives character descriptions.
Fri Jun 20 19:57:15 PDT 2014 --  Thank you everyone! I now have 50,000 followers. I really appreciate all of your support. Hopefully, together we can get Outrageous made.
Thu Jun 19 20:06:49 PDT 2014 --  Thank you everyone! My You tube video now has 2200 views. I am posting the link if anyone wants to see. http://youtu.be/OvJd6suScSI 
Sun Jun 15 10:04:24 PDT 2014 --  A shout out to @HotelDCarlota.
Sun Jun 15 09:48:48 PDT 2014 --  A shout out to @Sagelfans.
Sun Jun 15 09:48:20 PDT 2014 --  A shout out to @Marc_Lueger.
Sun Jun 15 09:45:45 PDT 2014 --  A shout out to @sywnps.
Sun Jun 15 09:45:18 PDT 2014 --  A shout out to @gachoyah @Sunleil @FollowYayu @Weedwhore_THC @RicardodeSwart @BieyanBie.
Sun Jun 15 09:39:14 PDT 2014 --  A shout out to @KxxkjmSalles.
Sun Jun 15 09:30:29 PDT 2014 --  A shout out to @rafaelmartinezn.
Sun Jun 15 09:29:56 PDT 2014 --  A shout out to @RvRvanbro13.
Sun Jun 15 09:28:31 PDT 2014 --  A shout out to @VMinuz.
Sun Jun 15 09:25:23 PDT 2014 --  A shout out to @billysbaby2014.
Sun Jun 15 08:59:12 PDT 2014 --  A shout out to @Mzhollywoodvill.
Sun Jun 15 08:58:28 PDT 2014 --  A shout out to @FitNetX.
Sun Jun 15 08:53:52 PDT 2014 --  A shout out to @RonThornton.
Sun Jun 15 08:51:51 PDT 2014 --  A shout out to @MimbsPhotograph.
Sun Jun 15 08:47:58 PDT 2014 --  A shout out to @BYE_aireene.
Sun Jun 15 08:28:54 PDT 2014 --  A shout out to @_unPinchePuto.
Sun Jun 15 08:27:02 PDT 2014 --  A shout out to @depecheomd.
Sun Jun 15 08:19:41 PDT 2014 --  A shout out to @Robbylopre.
Sun Jun 15 08:19:01 PDT 2014 --  A shout out to @cemsakan.
Sun Jun 15 08:17:48 PDT 2014 --  A shout out to @findsfromyester.
Sun Jun 15 08:14:14 PDT 2014 --  A shout out to @WORRODRoger.
Sun Jun 15 08:09:54 PDT 2014 --  A shout out to @podjjd.
Sun Jun 15 08:06:49 PDT 2014 --  A shout out to @Ashu_rai_ashu.
Sun Jun 15 08:03:14 PDT 2014 --  A shout out to @chrigi1805.
Sun Jun 15 08:01:43 PDT 2014 --  A shout out to @boulayounabdelk.
Sun Jun 15 08:01:20 PDT 2014 --  A shout out to @GhostKhmer @NymphetamineGi3 @Sunleil @ridagaudiamofa @GhorbaniAlireza @ntl4life.
Sun Jun 15 07:56:33 PDT 2014 --  A shout out to @IbrahmSadiq.
Sun Jun 15 07:56:02 PDT 2014 --  A shout out to @DispurseStar1.
Sat Jun 14 21:25:10 PDT 2014 --  A shout out to @TheReinCoat.
Sat Jun 14 21:19:41 PDT 2014 --  A shout out to @BINGBINGFORTUNE.
Sat Jun 14 21:18:59 PDT 2014 --  A shout out to @PetloverHermine.
