Sat Aug 29 02:36:04 PDT 2015 --  My car went in to have its clutch repaired and now they've found all sorts wrong with it. I've been sold a faulty car.
Fri Aug 28 07:38:37 PDT 2015 --  @vipmatchdays discuss the effectiveness of team building away from the office on @HospitalityNrth - http://bit.ly/1KeID8H 
Fri Aug 28 03:59:22 PDT 2015 --  If anyone thinks @benpringle18 shouldn't get a clap tomorrow, please read this and let it change your mind. http://www.itsmillerstime.co.uk/2015/05/pringle-leaves-lasting-millers-memory.html … #rufc
Fri Aug 28 03:49:11 PDT 2015 --  Want to find out more about the real impact of TIA's (mini-strokes)? Read our report here: http://strk.org.uk/1NLoczy 
Thu Aug 27 10:50:06 PDT 2015 --  Be one of the first 100 on Wednesday and you may get a sweet little treat! #TacoBellBarnsley pic.twitter.com/KkiT7xCNpm
Fri Aug 28 02:43:29 PDT 2015 --  Coach for Charlton away £25 adults, £15 for 15 and under. It's kids for £1 at match. Interested?
Fri Aug 28 00:38:17 PDT 2015 --  Ben Pringle misses the 2013/14 Rotherham team ahead of his return to New York Stadium with Fulham tomorrow. http://www.eurosport.co.uk/football/ben-pringle-misses-good-times-at-rotherham-ahead-of-new-york-return_sto4881252/story.shtml … #rufc
Thu Aug 27 09:37:22 PDT 2015 --  Think Champions League trips to Real Madrid and PSG have made Kari Arnason's decision to leave Rotherham fairly sensible. #rufc
Thu Aug 27 08:57:20 PDT 2015 --  Seats left on coach for Charlton away. Various pick ups throughout Rotherham - £25. Interested? #rufc
Thu Aug 27 07:42:44 PDT 2015 --  #RUFC's wage bill was £4.8m last season. Fulham's was £60.4m. Perspective on Rotherham's achievement to stay in the Championship.
Thu Aug 27 07:43:44 PDT 2015 --  Tomorrow! #BarnsleyBellVIP 🏻 pic.twitter.com/xCVYQipQXH
Wed Aug 26 06:26:14 PDT 2015 --  14 Brilliant Yorkshire Words And Phrases The World Needs To Borrow - http://bzfd.it/1K1Illo 
Tue Aug 25 18:49:02 PDT 2015 --  Get in there! What a place @swedbankstadium. Thanks to Malmö, Dons, millers, in fact everyone that rooted for us. #ChampionsLeague
Wed Aug 26 03:55:13 PDT 2015 --  #NationalDogDay pic.twitter.com/FQu9j9vuBu
Wed Aug 26 01:04:52 PDT 2015 --  Insider football finance: Championship debt hits £1.1bn http://www.insidermedia.com/insider/yorkshire/146211-insider-football-finance-championship-debt-hits-11bn/ … #lufc #rufc #hcfc #swfc #htfc pic.twitter.com/rbVjZRXMbA
Tue Aug 25 22:58:12 PDT 2015 --  Had to pull the slipper socks out!
Tue Aug 25 09:30:16 PDT 2015 --  We're coming for you Barnsley! pic.twitter.com/3P5aqJBXDo
Tue Aug 25 11:32:25 PDT 2015 --  Taking a 7yr old to the football shouldn't be this stressful. Feel I'd be more appropriate on Eggheads or something #questions
Sat Aug 22 05:05:25 PDT 2015 --  ah my fucking god 18 years on this earth and I didnt realise the capsules inside kinder eggs are yellow because they're meant to be the yolk
Sat Aug 22 04:32:21 PDT 2015 --  War in the pub - Millers want Wednesday match on, Londoners want Man U.
Sat Aug 22 03:36:34 PDT 2015 --  It's warm down South!
Sat Aug 22 00:57:19 PDT 2015 --  Had a little accident involving fizzy pop and my lap. Now to travel down to QPR with a very wet crotch.
Fri Aug 21 10:35:06 PDT 2015 --  Not too sure about this waking up at silly o'clock to trek down to London and watch us lose malarkey.
Wed Aug 19 10:15:09 PDT 2015 --  Give a man a ball. pic.twitter.com/2ZivWNW7yX
Tue Aug 18 12:31:55 PDT 2015 --  #CardiffCity fans pay emotional tribute to devoted fan @SevilleTaff_ at Blackburn http://bit.ly/1NrB9P0  pic.twitter.com/0WDSUx1OjJ
Tue Aug 18 08:24:51 PDT 2015 --  Saddest news about one of the nicest people you could ever meet, you will be missed @SevilleTaff_
Tue Aug 18 08:25:34 PDT 2015 --  RIP @SevilleTaff_. @CardiffCityFC & @FAWales really have lost a great lad and a true supporter. Condolences goes to his family and friends.
Tue Aug 18 06:06:00 PDT 2015 --  RT for your chance to #WIN these t-bar courts! > http://bit.ly/1Pjcz19  #TuesdayShoesday pic.twitter.com/Qod2Y903jl
Tue Aug 18 01:00:58 PDT 2015 --  It's #TuesdayShoesday time! Retweet for your chance to #WIN a pair of shoes! http://bit.ly/1IX24yN 
Mon Aug 17 05:39:29 PDT 2015 --  @isaacsimpsonn Can get up to 3k if needed but we won't need all them.
Sun Aug 16 04:00:09 PDT 2015 --  Fancy winning 1 of 20 of our cult products...Fast Stroke Eyeliner in Black? Follow us & re-tweet to enter! X #win pic.twitter.com/f63Ra5yE8K
Sat Aug 15 14:07:58 PDT 2015 --  That advert cheered me up a bit. #FootballLeagueTonight #AmbitiousButBrilliant
Sat Aug 15 11:50:26 PDT 2015 --  You're welcome https://twitter.com/championship24_/status/632616704103817216 …
Sat Aug 15 08:27:07 PDT 2015 --  Big club v little club syndrome from the officials again too. Wish I was more pissed.
Sat Aug 15 10:45:53 PDT 2015 --  What club is that one that Forest beat, are they new in the @football_league? @BBCSport @Clo_RUFC pic.twitter.com/xNgKrYRVIo
Sat Aug 15 09:01:17 PDT 2015 --  Could've/should've got a draw but we didn't - simple.
Sat Aug 15 08:58:58 PDT 2015 --  
Sat Aug 15 07:47:06 PDT 2015 --  How is Antonio on the pitch should have been booked for dissent, pulling the keeper down and diving, yet we have had 3 booked
Sat Aug 15 03:20:25 PDT 2015 --  #NFFC would like to wish a safe journey to all #RUFC fans travelling to today's game at The City Ground. pic.twitter.com/54T8BTjjNY
Sat Aug 15 04:00:09 PDT 2015 --  Fancy winning 1 of 20 of our cult products...Fast Stroke Eyeliner in Black? Follow us & re-tweet to enter! X #win pic.twitter.com/ksxTbzWcir
Fri Aug 14 11:46:35 PDT 2015 --  Ah, long weekend.
Fri Aug 14 10:10:56 PDT 2015 --  Louis Litt is on this episode of NCIS - how did I not notice this before?!?
Thu Aug 13 14:40:06 PDT 2015 --  The Millers have drawn @NorwichCityFC at AESSEAL New York Stadium in the second round of the @CapitalOne_Cup #rufc
Thu Aug 13 13:45:14 PDT 2015 --  When you're stalking someone's Twitter and see a tweet form 3 days ago that you really liked and wanna RT..
Thu Aug 13 10:31:13 PDT 2015 --  https://twitter.com/skynews/status/631877587069992962 …
Thu Aug 13 06:11:46 PDT 2015 --  https://twitter.com/alexandercevans/status/631782714555940864 …
Thu Aug 13 00:37:43 PDT 2015 --  Don't worry if you don't get what you need. Not getting what I wanted was the best thing to ever happen for me. #ALevels
Wed Aug 12 06:42:01 PDT 2015 --  Had a fight with a wasp - I lost.
Tue Aug 11 14:40:11 PDT 2015 --  Hull not beating Accrington Stanley in 90 minutes cost me my acca.
Tue Aug 11 10:54:31 PDT 2015 --  🏻🏻 https://twitter.com/officialrufc/status/631155760685273089 …
Tue Aug 11 06:14:02 PDT 2015 --  News filtering through that #bcfc are paying £6 mill for Gayle. A lot of money at Champ level but doesn't mean he will be a success! #rufc
Mon Jul 27 10:36:33 PDT 2015 --  The struggle is so real. pic.twitter.com/YIQnbutUHo
Mon Aug 10 02:36:21 PDT 2015 --  Just been called Rob, that's definitely a new one...
Sun Aug 09 12:55:47 PDT 2015 --  Dave showing season 5 of Suits. 🏻🏻🏻
Sun Aug 09 10:24:13 PDT 2015 --  Reliving my childhood with High School Musical 2. 🏻🏻🏻
Sun Aug 09 05:04:37 PDT 2015 --  #mkdons boss Karl Robinson asks fans not to chant about managers 'getting sacked in the morning' http://www.onemk.co.uk/sport/football/mk-dons/2015/8/dont-chant-youre-getting-sacked-in-the-morning-asks-mk-dons-manager-karl-robinson-090820150014.html …
Sun Aug 09 05:25:52 PDT 2015 --  Perfect weather.
Sat Aug 08 15:51:30 PDT 2015 --  #rufc pic.twitter.com/ZcDVFNzG61
Sat Aug 08 10:16:47 PDT 2015 --  Gorgeous weather outside & I'm spending my Saturday evening inside watching TV. #exciting
Sat Aug 08 09:15:47 PDT 2015 --  
Fri Aug 07 12:33:09 PDT 2015 --  Good luck to RUFC & TRFC for this season,
Sat Aug 08 05:28:09 PDT 2015 --  Definitely didn't judge the weather properly. I'm roasting!
Sat Aug 08 03:04:01 PDT 2015 --  "New survey shows Sheffield United fans are the most positive* on Twitter." *deluded.
Sat Aug 08 00:29:54 PDT 2015 --  🏻
Fri Aug 07 11:14:00 PDT 2015 --  Eh? #emmerdale
Fri Aug 07 06:30:32 PDT 2015 --  #HappyFriday! Want to #win a Lasting Perfection Foundation, Concealer & Powder set? Re-tweet & follow us to enter! X pic.twitter.com/Aor1ICgmtg
Fri Aug 07 05:40:19 PDT 2015 --  Too much cuteness, can't help but smile... http://dailym.ai/1OUYpmG 
Thu Aug 06 11:29:22 PDT 2015 --  Goodbye Val...goodbye Ross... #SummerFate #Emmerdale pic.twitter.com/sE0wrX8f6Z
Wed Aug 05 12:00:37 PDT 2015 --  #GBBO
Wed Aug 05 09:14:33 PDT 2015 --  #rufc are delighted to unveil the signing of Joe Newell from @theposhofficial subject to FL ratification and medical. pic.twitter.com/MJAgTz6N0j
Wed Aug 05 08:30:16 PDT 2015 --  The @SkyBetChamp season is almost here! Enjoy the excitement, passion & unpredictability with @SkySports #FLKickOff https://amp.twimg.com/v/9cf25158-d029-4e7a-9fc8-234ab9ee8d92 …
Wed Aug 05 07:07:48 PDT 2015 --  20 signs you’re from Yorkshire - http://bit.ly/1SO4vf2 
Wed Aug 05 03:51:27 PDT 2015 --  When it suddenly dawns on you that the day has finally arrived... #GBBO pic.twitter.com/k0J349ZyWZ
Wed Aug 05 02:55:18 PDT 2015 --  We’re passing it on for @BCCare and the 55,000 people diagnosed with breast cancer every year > https://youtu.be/zQlFwaI1Nzo  #PassItOn
Tue Aug 04 11:19:57 PDT 2015 --  3 points suspended for two years. Ridiculous! https://twitter.com/football_league/status/628624419267682304 …
Tue Aug 04 01:49:05 PDT 2015 --  One of the smartest team photos you'll see in the @football_league from @SUFCOfficial @ProstateUK #TeamAvec pic.twitter.com/OirJc8Q88m
Tue Aug 04 00:55:53 PDT 2015 --  The one and only Steve Evans joins us as we visit @OfficialRUFC on our next leg of #92Live! pic.twitter.com/h2CXRnSe7M
Mon Aug 03 07:29:11 PDT 2015 --  The Match is a new #free digital magazine for #rufc fans out every Monday. Fully interactive with vids and galleries! http://ow.ly/QqmfD 
Mon Aug 03 12:15:00 PDT 2015 --  Just had a look back through my year book, honestly say I never saw at least 7 people in there, my whole time at Comp.
Mon Aug 03 05:11:58 PDT 2015 --  Wow. Destroyed by LA Galaxy. pic.twitter.com/D795bg48DU
Mon Aug 03 05:10:24 PDT 2015 --  Le fondre, Dicko and Afobe yeah am not jealous.....
Mon Aug 03 00:52:50 PDT 2015 --  4 months until Christmas, where has the year gone?!
Fri Jul 17 03:54:43 PDT 2015 --  Register now to become a blood donor and save or improve up to three lives. https://cards.twitter.com/cards/51k6yv/qg3q …
Sat Aug 01 09:59:14 PDT 2015 --  Oh isn't the British summer lovely... #05inUK #Mainz05 pic.twitter.com/8avzhVD4So
Sat Aug 01 05:41:12 PDT 2015 --  Not impressed with @jdwtweet serving frozen chips and dirty cutlery!
Sat Aug 01 00:11:05 PDT 2015 --  Rotherham's 95th Minute Goal. Bradford City A.F.C. vs Rotherham United F.C. 16_04_13 Still one of my favourites #rufc http://youtu.be/uhi0sClvnug 
Sat Aug 01 00:09:10 PDT 2015 --  #YorkshireDay is everyday ere. But today jealous, unlucky non-shire folk get t'join in n feel part of greatness!
Sat Aug 01 01:07:24 PDT 2015 --  Happy Yorkshire Day! #Yorkshire #godsowncounty #thebest https://instagram.com/p/51V4CsCDHQ/ 
Fri Jul 31 13:14:45 PDT 2015 --  20/20 - Pretty easy that one Buzzfeed! http://www.buzzfeed.com/#.ujnME1L5q  http://www.buzzfeed.com/?utm_term=.xcG8LLnvlL …
Fri Jul 31 13:09:19 PDT 2015 --  A 7-year-old boy fighting cancer is aiming to raise £670,000 to build a new clinic at Sheffield Children’s Hospital. pic.twitter.com/OdiLOyBIfr
Fri Jul 31 08:01:43 PDT 2015 --  Favourite of the day: http://bzfd.it/1haPqTI 
Fri Jul 31 03:49:09 PDT 2015 --  Perk up your Friday with #Poshcorn! RT & follow to #win a case. We'll pick 5 lucky winners :)
Fri Jul 31 06:44:35 PDT 2015 --  WIN! 1 of 6 £25 @Love2shop_UK vouchers, courtesy of @KingstonUnity! http://goo.gl/uu0n03  pic.twitter.com/IWIwBznlEV
Fri Jul 31 06:31:56 PDT 2015 --  Summer sessions @wearecream style in the office this afternoon in honour of a new discovery... pic.twitter.com/gfv4z6Voi0
Fri Jul 31 04:37:46 PDT 2015 --  Celebratory Friday dinner. It's been a productive week! pic.twitter.com/HwPS3M14cL
Fri Jul 31 00:30:09 PDT 2015 --  Ready-Steady-GO!!! RT & Follow to #WIN this week's #FreeStayFriday at The Belfry 4* http://www.laterooms.com/en/p9149/pvtwitter/hotel-reservations/179_the-belfry-sutton-coldfield.aspx … pic.twitter.com/Jb8snzRgNB
Thu Jul 30 07:14:54 PDT 2015 --  The latest teaser from @canva has got me a little excited!
Thu Jul 30 03:09:24 PDT 2015 --  Rotherham's Steve Evans is the longest serving manager in the Championship. #rufc http://www.theguardian.com/football/blog/2015/jul/30/championship-managers-sackings-promotion-relegation?CMP=share_btn_tw …
Thu Jul 30 02:02:48 PDT 2015 --  Fri Oct 23 - #rufc v Sheff Wed, live on Sky TV. #swfc #starlive
Thu Jul 30 00:45:31 PDT 2015 --  Dear oh dear. 11-year-old manager guides team to draw against Bolton: http://bbc.in/1eC8Jn0  pic.twitter.com/5QHgiyi8vy
Thu Jul 30 00:30:14 PDT 2015 --  My timehop is full of pictures from when I was on @NCS. Aww, I miss those days. :(
Tue Jul 28 22:55:29 PDT 2015 --  I've found myself agreeing with Katie Hopkins again - this has to stop.
Tue Jul 28 02:56:19 PDT 2015 --  Just had a spam email from Air France which apparently contained my boarding docs. I wish!
Mon Jul 27 06:35:54 PDT 2015 --  #GrowingUpYorkshire "If tha ever does owt for nowt, do it for thi'sen"
Mon Jul 27 01:11:03 PDT 2015 --  Police search for missing Barnsley boy, 7 - http://bit.ly/1JJPNeH 
Thu Jul 23 06:23:45 PDT 2015 --  The new season is coming - Five Twitter football facts to remember https://blog.twitter.com/en-gb/2015/get-ready-for-the-new-season-with-twitter-where-football-is-bigger-than-ever … pic.twitter.com/upP2V0gSbK
Sun Jul 26 04:50:51 PDT 2015 --  A moving tribute to Jules Bianchi at today's Hungarian Grand Prix. RIP. pic.twitter.com/mZKOYbAQlB
Sat Jul 25 10:02:52 PDT 2015 --  Robbie Williams' greatest hits playing on the way back from Skegness. I call that a good Saturday. 🏻
Fri Jul 24 06:02:19 PDT 2015 --  You know us so well. Love you @LutheBlue pic.twitter.com/pzvHDoWiRm
Fri Jul 24 03:26:41 PDT 2015 --  Steve Evans never fails to surprise me.
Fri Jul 24 02:58:57 PDT 2015 --  Rotherham United have signed former Sheffield Wednesday forward Chris Maguire subject to a medical. #SWFC #RUFC
Wed Jul 22 09:04:06 PDT 2015 --  One-Pan Cheesy Chicken, Broccoli, and Rice @mstainforth http://www.the-girl-who-ate-everything.com/2014/10/one-pan-cheesy-chicken-broccoli-rice.html …
Wed Jul 22 04:06:57 PDT 2015 --  Yesterday was @NewYorkStadium1's third birthday. Here's the top five games played there! #rufc http://www.itsmillerstime.co.uk/2015/07/three-years-at-new-york-stadium-5-top.html … pic.twitter.com/KisY1BQV0G
Tue Jul 21 01:42:51 PDT 2015 --  #WIN LUSH The Art of Bathing Set - Follow @UKMagicFreebies @ExpertHomeTips & RT! T&C http://bit.ly/1wp8y1d  RETWEET! pic.twitter.com/YOdXoRJMDz
Mon Jul 20 06:34:23 PDT 2015 --  https://vine.co/v/e65zmXInjUl 
Mon Jul 20 04:21:39 PDT 2015 --  Poorly laptop.
Sun Jul 19 14:09:50 PDT 2015 --  Bolton fans are trying to raise £500,000 to sign Adam Le Fondre Current total £575 Read more http://bbc.in/1e9O09Y  pic.twitter.com/Frmn9aq3JP
Fri Jul 17 23:58:43 PDT 2015 --  Not many things make me choke but today’s @TheSun front page just did. ‘Astonishing' barely begins to describe it. pic.twitter.com/vfy8k59M7r
Fri Jul 17 04:14:17 PDT 2015 --  https://twitter.com/wearecream/status/621999324470345728 …
Fri Jul 17 03:29:42 PDT 2015 --  If Football Teams Were "Game Of Thrones" Houses - http://bzfd.it/1J4gz5F 
Thu Jul 16 12:41:15 PDT 2015 --  Reaching out to those who missed this important piece in today's @standardnews....! #journorequest pic.twitter.com/iaY1YIXqYt
Thu Jul 16 14:16:46 PDT 2015 --  The era of cheap mortgages is over, warns Bank of England chief - I'll never own my own house. http://dailym.ai/1V8adHf  via @MailOnline
Thu Jul 16 03:28:31 PDT 2015 --  Great coverage for Cream client @Barnsley_DMC in The Guardian. Can business hubs give entrepreneurs a head start? http://bit.ly/1J1ZUj6 
Sat Jan 03 11:13:28 PST 2015 --  Shit is hard af, Rt if you did it pic.twitter.com/BKYzYmTmV6
Wed Jul 15 13:40:29 PDT 2015 --  Once again Evans' past comes before his achievements, shame really. Glad Ronnie made the cut tho #rufc https://twitter.com/FourFourTwo/status/620978616709459968 …
Wed Jul 15 08:59:32 PDT 2015 --  Cardiff City outcast Adam Le Fondre set to play for reserves at same time first team squad face Shrewsbury: Le… http://dlvr.it/BXLtWP 
Wed Jul 15 09:21:49 PDT 2015 --  https://twitter.com/owlsalive/status/621338787604484097 …
Mon Jul 13 11:43:55 PDT 2015 --  I was not prepared for Corrie.
Mon Jul 13 10:24:03 PDT 2015 --  Poured myself a well deserved glass of wine!
Mon Jul 13 09:27:53 PDT 2015 --  Happy to have signed with @OfficialRUFC on loan, Can't wait for the season to start, looking forward to the challenges ahead #rufc
Fri Jul 10 09:03:24 PDT 2015 --  Only person who can be sat drinking Lemsip's in July...
Thu Jul 09 03:47:55 PDT 2015 --  We've had a visit from the @heartyorkshire Heart Angels. We swapped hugs for mugs!!' pic.twitter.com/XIyw1VjNHu
Wed Jul 08 11:02:00 PDT 2015 --  Use hair straighteners? You need these tips from @ElecSafetyFirst to make sure you're safe from electrical burns: http://bit.ly/1eyivqE 
Wed Jul 08 03:59:07 PDT 2015 --  Rhaid canmol le bod angen. Da iawn Abertawe. | Credit where it's due, brilliant from Swansea. https://twitter.com/swansofficial/status/618729339786514436 …
Wed Jul 08 03:58:47 PDT 2015 --  Print Company Brings History toLife at Football Club http://bit.ly/1IIR61v  @thinkPinders @WeAreCream #wellconnected pic.twitter.com/Y2Q9XNVL4z
Tue Jul 07 11:23:00 PDT 2015 --  Parents warned of devastating injuries caused by straighteners. http://bit.ly/1K0cmzp 
Tue Jul 07 04:33:27 PDT 2015 --  Former Coventry City loanee Grant Ward confirms he is training with #RUFC http://bit.ly/1LPYSrb  #THFC pic.twitter.com/WisKCBCfgV
Sat Jul 04 07:01:10 PDT 2015 --  Do you like our new sign? #Brewtopia pic.twitter.com/oi3BBRYMwo
Mon Jul 06 12:42:03 PDT 2015 --  RT for a chance to win 1 of 50 of our lovely mugs! Ends Wednesday. T&Cs: http://bit.ly/1H5qvWX  pic.twitter.com/wqnJgIIwa0
Tue Jul 07 01:05:32 PDT 2015 --  Laptop issues yesterday, internet today. Tech is really testing my patience...
Mon Jul 06 09:14:03 PDT 2015 --  i'll give 100% every game to help push this team forward. can't tell u how much I've missed kicking a ball around. so excited.
Mon Jul 06 03:47:37 PDT 2015 --  My laptop's trying to test my patience today...
Sun Jul 05 08:16:59 PDT 2015 --  British summertime in one picture... pic.twitter.com/MxfzqJLpA0
Sun Jul 05 01:51:06 PDT 2015 --  Football tournament with my nephew today. Come on superstar!
Sat Jul 04 15:31:32 PDT 2015 --  BRONZE! Our #Lionesses have beaten European champions #GER 1-0 to finish third in the #FIFAWWC! Well done girls! pic.twitter.com/WptugchYEb
Sat Jul 04 15:32:05 PDT 2015 --  #ENG win & finish 3rd at #FIFAWWC. Thank YOU for your wonderful commentary. #FIFAWWCTakeover http://fifa.to/1H5ieWa  pic.twitter.com/C3zCajHT1O
Fri Jul 03 10:40:30 PDT 2015 --  Please RT to make all fans attending the game aware #SUFC #WFC pic.twitter.com/PqWQ13RblO
Sat Jul 04 04:49:58 PDT 2015 --  I've just spent the past hour pinning pictures of dogs on Pinterest.
Fri Jul 03 05:28:03 PDT 2015 --  Nah theses guys smashed it🏾 pic.twitter.com/02n5tDpQUW
Fri Jul 03 11:51:14 PDT 2015 --  Rotherham United have done fantastic business signing Tom Thorpe. I was quite sad when United let him go for nothing.
Fri Jul 03 11:38:06 PDT 2015 --  Former #MUFC starlet signs for Millers http://m.thestar.co.uk/sport/football/rotherham/rotherham-united-millers-land-ex-manchester-united-youngster-tom-thorpe-1-7341825 … #rufc pic.twitter.com/pZFlTaY0zr
Fri Jul 03 11:12:29 PDT 2015 --  Thorpe concluded terms on his deal this afternoon at AESSEAL New York Stadium, signing number 6 of the summer. #rufc pic.twitter.com/twk5EX1Qc6
