Fri Aug 28 13:02:52 PDT 2015 --  Toss out your inhibitions today as you dream about an exciting... More for Cancer http://bit.ly/yk3b9m 
Thu Aug 27 13:02:52 PDT 2015 --  Your highest hopes can be so outrageous now that it's more lik... More for Cancer http://bit.ly/yk3b9m 
Wed Aug 26 18:33:05 PDT 2015 --  Up all night doing homework because I spend 2 hours thinking about how I don't want to do homework
Wed Aug 26 17:22:05 PDT 2015 --  tomorrow is going to be a good day !
Wed Aug 26 17:06:54 PDT 2015 --  I finally have a 4.0 !!
Mon Aug 24 14:14:49 PDT 2015 --  https://vine.co/v/erdF1WeFTti 
Wed Aug 26 16:57:43 PDT 2015 --  the day before game day is always the best !
Wed Aug 26 16:57:09 PDT 2015 --  it's about that time !
Wed Aug 26 16:54:03 PDT 2015 --  I got the best support system hands down !
Wed Aug 26 13:02:55 PDT 2015 --  You are at the top of your social game because nearly everyone... More for Cancer http://bit.ly/yk3b9m 
Sat Jan 24 07:21:05 PST 2015 --  It Just Take One Second. pic.twitter.com/ZSCp1uegdz
Tue Aug 25 13:02:54 PDT 2015 --  People may want to lean on your shoulder because you have a te... More for Cancer http://bit.ly/yk3b9m 
Tue Aug 25 04:07:12 PDT 2015 --  I advise no one to talk to me today . please & thank you .
Tue Aug 25 04:04:34 PDT 2015 --  you can find all the fakes at Woodland High School .
Mon Aug 24 13:02:54 PDT 2015 --  You might fantasize about breaking out of your regular routine... More for Cancer http://bit.ly/yk3b9m 
Mon Aug 24 10:25:24 PDT 2015 --  Over school already
Mon Aug 24 03:47:16 PDT 2015 --  not feeling school or anyone today .
Sun Aug 23 17:07:58 PDT 2015 --  oh boy, it's another scrubs day ! pic.twitter.com/yXR74eZUz5
Sun Aug 23 13:02:52 PDT 2015 --  You might believe that you can fit a lot more into your day if... More for Cancer http://bit.ly/yk3b9m 
Sat Aug 22 13:02:50 PDT 2015 --  Attempting to draw a definitive line between the objective fac... More for Cancer http://bit.ly/yk3b9m 
Fri Aug 21 17:07:05 PDT 2015 --  same https://twitter.com/kamarialewiss/status/634859844915343360 …
Fri Aug 21 17:06:39 PDT 2015 --  Pep Rally tomorrow at Academy Sports from 10-12 . Come support your wildcats !
Fri Aug 21 16:53:41 PDT 2015 --  some people can be so rude
Fri Aug 21 17:02:35 PDT 2015 --  those are some cute cases beside her . https://twitter.com/trxpful_/status/564268388403654656 …
Fri Aug 21 13:02:47 PDT 2015 --  You may believe someone is being too critical of your work sty... More for Cancer http://bit.ly/yk3b9m 
Wed Aug 19 15:36:54 PDT 2015 --  Let that sink in pic.twitter.com/1LezFIrV2N
Thu Aug 20 20:59:31 PDT 2015 --  I'm about done with today
Thu Aug 20 20:54:50 PDT 2015 --  Mgk is an odd type of cute .
Thu Aug 20 18:54:07 PDT 2015 --  maybe this shower will wake me up enough to finish all this !
Thu Aug 20 09:27:59 PDT 2015 --  Put me in my place.. Or imma walk all over you
Thu Aug 20 18:51:12 PDT 2015 --  Tired of being tired and tired of getting hurt
Thu Aug 20 18:51:17 PDT 2015 --  sooooooo tired
Thu Aug 20 18:39:43 PDT 2015 --  when people won't stop testing your patience pic.twitter.com/Px3eVwAOy9
Thu Aug 20 17:19:38 PDT 2015 --  project, research paper, and a million chem. questions . Yay.
Thu Aug 20 13:02:49 PDT 2015 --  Unreasonable demands are stretching your personal resources to... More for Cancer http://bit.ly/yk3b9m 
Wed Aug 19 09:43:18 PDT 2015 --  When someone says you're still a kid to break their high score in Circle Shift #NowImMad pic.twitter.com/WYGzBxuGnl
Wed Aug 19 21:44:53 PDT 2015 --  Having a boyfriend that accepts you no matter what
Thu Aug 20 03:53:35 PDT 2015 --  I don't see how people get ready without listening to music.
Tue Sep 02 19:29:07 PDT 2014 --  If I got a girlfriend I ain't flirting With no hoes I refuse to make My girl look bad she deserves To be treated with respect.
Wed Aug 19 20:04:33 PDT 2015 --  Zendaya Coleman, tf https://twitter.com/carterjagz/status/631947189258842116 …
Wed Aug 19 20:04:26 PDT 2015 --  well .... https://twitter.com/jadeiopez/status/633818682402205697 …
Wed Aug 19 20:02:56 PDT 2015 --  I'm the type of girlfriend to call you at 4:30 in the morning to ask if you're okay .
Wed Aug 19 19:45:46 PDT 2015 --  oh me . https://twitter.com/nunu__jolie/status/634066645665738753 …
Wed Aug 19 19:45:26 PDT 2015 --  the inside of my mouth has so many cuts from my brackets
Wed Aug 19 19:44:53 PDT 2015 --  when your wire gets stuck in both sides of your mouth
Mon Aug 17 19:55:25 PDT 2015 --  I'm sick of this heat.. Only a few more weeks and we can call it fall
Wed Aug 19 19:26:56 PDT 2015 --  they're pretty with and without ! so ? https://twitter.com/nobeeetch/status/634159060133236736 …
Tue Aug 18 19:48:21 PDT 2015 --  *sigh* same https://twitter.com/priscillacook26/status/633827838647341056 …
Wed Aug 19 16:07:43 PDT 2015 --  Life is great
Wed Aug 19 13:53:31 PDT 2015 --  I'm doing a fabulous job in Chem. pic.twitter.com/sdRDowvHBS
Wed Aug 19 13:23:33 PDT 2015 --  @courtaria_ https://twitter.com/laurenthellama/status/633793633565540352 …
Wed Aug 19 13:02:48 PDT 2015 --  In your own quiet way, you are desperately seeking the lightni... More for Cancer http://bit.ly/yk3b9m 
Wed Aug 19 03:37:54 PDT 2015 --  Don't wanna go to school
Tue Aug 18 18:57:18 PDT 2015 --  okay this dress code mess is getting out of hand .
Tue Aug 18 13:02:54 PDT 2015 --  Your peers are pressuring you to actively contribute to their ... More for Cancer http://bit.ly/yk3b9m 
Mon Aug 17 13:02:52 PDT 2015 --  A recent shift of plans might have been somewhat upsetting, ev... More for Cancer http://bit.ly/yk3b9m 
Mon Aug 17 02:27:42 PDT 2015 --  1st of all I'm hungry and want breakfast in bed
Sun Aug 16 18:32:46 PDT 2015 --  I can't, they're so cute. https://twitter.com/EastsideTC/status/633067208017494020 …
Sun Aug 16 19:04:02 PDT 2015 --  this makes me so happy https://twitter.com/dory/status/633093772348391424 …
Mon Aug 17 02:45:48 PDT 2015 --  falling asleep on the phone with Travise is the best ever
Sun Aug 16 18:11:26 PDT 2015 --  a cold room while i sleep is perfect
Sun Aug 16 13:02:50 PDT 2015 --  It's essential to say exactly what you mean today or a miscomm... More for Cancer http://bit.ly/yk3b9m 
Sat Aug 15 22:11:34 PDT 2015 --  That one ex that do shit to try to get you to talk to and or notice them
Tue Aug 11 19:06:29 PDT 2015 --  couldn't stop fucking with me even if you wanted to & none of these bitches had u the way i got you
Sun Aug 09 15:46:30 PDT 2015 --  Who did this #FutureHive pic.twitter.com/LI9321rN3O
Sat Aug 15 13:02:54 PDT 2015 --  It's hard to hide your inner beauty today. Even if you're not ... More for Cancer http://bit.ly/yk3b9m 
Fri Aug 14 20:28:06 PDT 2015 --  Cartersville: 42 Woodland: 0 #SMACKSCOREBOARD
Fri Aug 14 13:02:56 PDT 2015 --  You can prevent a problem before it even happens by taking str... More for Cancer http://bit.ly/yk3b9m 
Fri Aug 14 10:07:47 PDT 2015 --  Isn't it ironic? We ignore the ones who adore us, adore the ones who ignore us, love the ones who hurt us, and hurt the ones who love us.
Thu Aug 13 21:12:31 PDT 2015 --  7th day of school and I'm already saying I'll do my homework during lunch
Thu Aug 13 18:31:54 PDT 2015 --  scrubs or actual clothes ?
Thu Aug 13 18:29:19 PDT 2015 --  I gotta finish my resume
Thu Aug 13 13:02:52 PDT 2015 --  Your current fascination with being different reveals a surpri... More for Cancer http://bit.ly/yk3b9m 
Tue Aug 11 13:20:42 PDT 2015 --  2 moods in a relationship pic.twitter.com/dRRWEXXTLL
Wed Aug 12 17:57:20 PDT 2015 --  IT'S CERTAIN SHIT YOU CANNOT DO WHILE YOUR IN A RELATIONSHIP!!!!!
Wed Aug 12 17:48:09 PDT 2015 --  who wants to do my chemistry homework ?
Wed Aug 12 17:10:42 PDT 2015 --  ... I'm already done with school
Wed Aug 12 17:10:15 PDT 2015 --  All eyes on you pic.twitter.com/NiNP6SJ1Ir
Wed Aug 12 13:03:04 PDT 2015 --  You secretly harbor fantasies of breaking loose and doing some... More for Cancer http://bit.ly/yk3b9m 
Tue Aug 11 13:02:49 PDT 2015 --  You're going to need clever time management skills more than e... More for Cancer http://bit.ly/yk3b9m 
Mon Aug 10 17:30:09 PDT 2015 --  "dear universe" straight outta da stu. enjoy. https://www.youtube.com/watch?v=0RpcXTVF08Y&feature=youtu.be …
Mon Aug 10 17:05:00 PDT 2015 --  Mood: not in the mood
Mon Aug 10 17:09:49 PDT 2015 --  when people talk mad crap about you to ruin your relationship.
Mon Aug 10 13:02:51 PDT 2015 --  It's not easy to be very patient today because you're expectin... More for Cancer http://bit.ly/yk3b9m 
Mon Aug 10 00:00:42 PDT 2015 --  this is beautiful pic.twitter.com/GD5kNJExz1
Sun Aug 09 13:02:45 PDT 2015 --  People see you as emotionally calmer today, but your fantasies... More for Cancer http://bit.ly/yk3b9m 
Fri Aug 07 04:14:17 PDT 2015 --  I still can't get over how school starts at 8:12 like ????????
Sat Aug 08 13:02:41 PDT 2015 --  Although you might chat up a storm today, you're keeping the m... More for Cancer http://bit.ly/yk3b9m 
Sat Aug 08 10:50:42 PDT 2015 --  the fear of falling apart
Sat Aug 08 05:29:10 PDT 2015 --  This is sad .. RIP #ChristianTaylor pic.twitter.com/Z3fBWBYQ8Q
Fri Aug 07 22:41:05 PDT 2015 --  they swear they don't want to lose you, yet act like they don't want to keep you.
Fri Aug 07 13:02:49 PDT 2015 --  You might lose momentum today if you stop to think about every... More for Cancer http://bit.ly/yk3b9m 
Thu Aug 06 17:21:01 PDT 2015 --  This. pic.twitter.com/rWeGFdtJH0
Thu Aug 06 13:03:10 PDT 2015 --  Your associates may not see past your hard-working exterior to... More for Cancer http://bit.ly/yk3b9m 
Wed Aug 05 13:02:52 PDT 2015 --  You may be afraid that your happiness is about to slip through... More for Cancer http://bit.ly/yk3b9m 
Tue Aug 04 13:02:49 PDT 2015 --  You may be rather lazy today, even though your senses are wide... More for Cancer http://bit.ly/yk3b9m 
Tue Aug 04 05:30:25 PDT 2015 --  happy tuesday ya bad ass bitch :+)
Tue Aug 04 03:44:28 PDT 2015 --  I wanna go back to sleep so bad
Mon Aug 03 20:23:17 PDT 2015 --  leggings it is !
Mon Aug 03 20:22:33 PDT 2015 --  Let's just excuse my hair, but I love this girl so much ! pic.twitter.com/VRgWDpq5Xq
Mon Aug 03 18:26:31 PDT 2015 --  I have anger issues, I get irritated fast as fuck, I can catch an attitude in 3 seconds, but I'm a sweetheart tho lbs.
Mon Aug 03 18:22:57 PDT 2015 --  She's a keeper if she's loyal when it's unofficial.
Thu Jul 30 10:03:34 PDT 2015 --  wish this would pop up on my phone from oomf pic.twitter.com/1W7tUIqxfE
Mon Aug 03 09:50:53 PDT 2015 --  Dats fucked up Damn the world we live in . R.I.P. pic.twitter.com/sJ9dJqgeCv
Mon Aug 03 17:35:42 PDT 2015 --  hate riding the bus with every grade
Mon Aug 03 16:48:00 PDT 2015 --  gosh I hate girls
Mon Aug 03 13:02:54 PDT 2015 --  You have high hopes today, but you could easily underestimate ... More for Cancer http://bit.ly/yk3b9m 
Mon Aug 03 03:46:09 PDT 2015 --  so blessed.. so thankful. 🏽
Wed Jul 29 07:52:34 PDT 2015 --  #ImThatGirlfriend 🏼🏼 http://vine.co/v/e6mPdPK5VDE 
Sun Aug 02 16:26:45 PDT 2015 --  My granny really bought me an almost $40 t shirt yesterday .
Sun Aug 02 15:05:57 PDT 2015 --  When you got A lunch but all your friends got C or D !
Sun Sep 28 03:03:37 PDT 2014 --  This hit me hard pic.twitter.com/AYfLBtIG7j
Sat Aug 01 12:50:01 PDT 2015 --  #NationalGirlfriendDay mines and mines only pic.twitter.com/4OO3UroVVj
Sun Aug 02 13:02:43 PDT 2015 --  You can't be faulted now for making a dramatic gesture that le... More for Cancer http://bit.ly/yk3b9m 
Sun Aug 02 07:28:51 PDT 2015 --  Great day to be alive. Count your blessings.
Sun Aug 02 08:36:33 PDT 2015 --  happy sunday ya bad ass bitch
Sat Aug 01 19:20:07 PDT 2015 --  Never ignore a person who loves and cares for you, because one day you may realize that you’ve lost the moon while counting the stars.
Mon Jul 20 15:12:37 PDT 2015 --  those "i miss you" texts
Sat Aug 01 19:12:57 PDT 2015 --  Can't wait for fall/winter
Sat Aug 01 18:20:24 PDT 2015 --  I don't block bitches , that's weak asf . I want you to see ALL my shit and be hurt no point in blocking
Sat Aug 01 13:02:43 PDT 2015 --  A clash over personal values with someone you love is unsettli... More for Cancer http://bit.ly/yk3b9m 
Sat Aug 01 07:14:41 PDT 2015 --  What is this nigga doing pic.twitter.com/4m6xIlfhZp
Wed Jul 29 16:16:05 PDT 2015 --  one of the funniest dubsmashes I've seen pic.twitter.com/lK19jzQ86p
Sat Aug 01 03:18:30 PDT 2015 --  i like clingy. I'd rather have someone who blows up my phone and shows they care than someone who texts back 12 hours later
Sat Jul 25 09:20:02 PDT 2015 --  Send this to your ex. pic.twitter.com/ihfeg7gWKb
Tue Jul 28 08:18:57 PDT 2015 --  NIGGA REDEEMED HIMSELF THO pic.twitter.com/jQK5rFDLuy
Tue Jul 28 10:52:02 PDT 2015 --  why do all parents do this pic.twitter.com/ShaksKBSg9
Wed Jul 29 13:40:58 PDT 2015 --  BRUH HOW’D HE SAY THAT WITH A STRAIGHT FACE pic.twitter.com/N4WUD5VbBK
Fri Jul 31 08:27:05 PDT 2015 --  When your parents say "because I said so" https://vine.co/v/eXQLF67en0Q 
Fri Jul 31 18:53:21 PDT 2015 --  IM DEAD pic.twitter.com/o05pJh0iEs
Fri Jul 31 11:45:34 PDT 2015 --  When you’re turnt as fuck in your room & someone opens the door pic.twitter.com/5HZnsm02fS
Sat Jul 25 10:09:07 PDT 2015 --  Date someone you want to annoy forever
Thu Jul 30 22:16:33 PDT 2015 --  s/o to all the girls that don't really need makeup but choose to wear it anyway just because 🏾
Fri Jul 31 19:44:30 PDT 2015 --  aha same https://twitter.com/margielindz/status/627308444127592448 …
Fri Jul 31 17:31:40 PDT 2015 --  When Bae Annoying you and you cant go no where cause yall live together pic.twitter.com/94kzdW5rD8
Fri Jul 31 19:22:20 PDT 2015 --  number one goal for this school year; make that 3.8 go up to a 4.0
Fri Jul 31 18:51:20 PDT 2015 --  when Travise calls you screaming
Fri Jul 31 13:29:50 PDT 2015 --  11 https://twitter.com/nobrachallenge/status/627207599117737984 …
Fri Jul 31 13:17:49 PDT 2015 --  I'm so ready for Fall !
Fri Jul 31 13:02:44 PDT 2015 --  Negotiations can be tricky business today, especially if you'r... More for Cancer http://bit.ly/yk3b9m 
Fri Jul 31 06:21:06 PDT 2015 --  too early in the morning for the fake friends !!!
Fri Jul 31 06:20:43 PDT 2015 --  sorry not sorry !
Thu Jul 30 19:12:22 PDT 2015 --  I don't know anyone who would have done what Candace did !
Tue Jul 14 18:53:48 PDT 2015 --  THIS DUDE LITERALLY GIVES ZERO FUCKS pic.twitter.com/CCR2M4BxJ8
Thu Jul 30 16:51:46 PDT 2015 --  and all I've done all summer is watch Netflix :( pic.twitter.com/VPpcgetqxO
Thu Jul 23 17:39:45 PDT 2015 --  when babe forget you had the juice before yall was together pic.twitter.com/mEq5pM2Fn7
Mon Jul 27 10:01:01 PDT 2015 --  Nicki & Meek #AllEyesOnYouVideo pic.twitter.com/KbD1GtmJue
Thu Jul 30 13:04:50 PDT 2015 --  It's safer to keep your unexpressed emotional desires to yours... More for Cancer http://bit.ly/yk3b9m 
Thu Jul 30 12:34:27 PDT 2015 --  pic.twitter.com/zPtUH288hq
Mon Jul 27 17:45:28 PDT 2015 --  Lord let me just finish this year peacefully
Mon Jul 27 19:15:01 PDT 2015 --  im a petty ass bitch, yes i admit.
Sat Jul 25 20:03:05 PDT 2015 --  y'all hate to see people happy
Wed Jul 29 22:06:55 PDT 2015 --  rt rt rt https://twitter.com/queenbre_16/status/626045269084209153 …
Wed Jul 29 21:58:09 PDT 2015 --  ya knowww https://twitter.com/courtaria_/status/626616894712377344 …
Wed Jul 29 20:20:56 PDT 2015 --  is trusting someone even a real thing ?
Wed Jul 29 19:42:04 PDT 2015 --  stop waiting for the perfect time, stop trying to plant the scenario in your head. jus go for it. if it works it works, if not move forward.
Wed Jul 29 19:33:12 PDT 2015 --  Every night is the same ..
Wed Jul 29 18:55:20 PDT 2015 --  https://twitter.com/malaynap/status/626571578378207234 …
Wed Jul 29 13:55:15 PDT 2015 --  when you single & still faithful LMAO
Wed Jul 29 18:50:11 PDT 2015 --  Ready for this school year to start
Wed Jul 29 18:50:23 PDT 2015 --  today is National Piss Courtney Off Day !
Wed Jun 10 19:37:39 PDT 2015 --  nobody cares until they lose you & that's a fact.
Wed Jul 29 13:49:42 PDT 2015 --  Not feeling this practice
Wed Jul 29 13:02:47 PDT 2015 --  Someone's attempts to control your feelings could bring an upw... More for Cancer http://bit.ly/yk3b9m 
Wed Jul 29 12:50:34 PDT 2015 --  who makes their own fan page ?
Wed Jul 29 09:52:04 PDT 2015 --  Say it again ! 🏾🏾 https://twitter.com/priscillacook26/status/626272916326498304 …
Tue Jul 07 00:23:37 PDT 2015 --  if u have thick thighs ur winnin in life.
Tue Jul 28 18:24:47 PDT 2015 --  15 retweets and me & @AlbertsonJaclyn will do the #HitTheQuanChallenge in our cicis uniforms
Thu Jul 23 17:26:57 PDT 2015 --  bringing this back pic.twitter.com/r2Pgzoh2uM
Sun Jul 26 17:09:58 PDT 2015 --  If we dated less then 4 months, your not my ex, you don't count🏽, our relationship was just a theory
Sun Jul 26 20:01:38 PDT 2015 --  Whose summer didn’t go nearly as planned? 🏽🏽🏽🏽🏽🏽🏽🏽🏽
Tue Jul 28 21:01:49 PDT 2015 --  Sometimes you gotta ask yourself is it worth losing sleep over
Tue Jul 28 21:01:09 PDT 2015 --  1 word replies are cute
Tue Jul 28 11:04:42 PDT 2015 --  Funerals 60 years from now pic.twitter.com/Aug2sRw7zw
