Fri Aug 28 08:05:26 PDT 2015 --  I don't even tint it, let em see who's in it
Thu Aug 27 18:46:44 PDT 2015 --  dream killer pic.twitter.com/8SFQDABFxy
Wed Aug 26 19:09:42 PDT 2015 --  On my way to USC to see @_beccashirey pic.twitter.com/lTDTvHBndK
Wed Aug 26 09:09:54 PDT 2015 --  even when we're tripping we trip and I pay for yaaa
Wed Aug 26 07:54:22 PDT 2015 --  If anyone would like to clean my car id appreciate it thankzzzzz
Tue Aug 25 19:29:10 PDT 2015 --  Im tryna go to a Weeknd concert
Tue Aug 25 18:48:58 PDT 2015 --  Can't wait for cold weather
Tue Aug 25 14:21:10 PDT 2015 --  I'm about to go for a drive just becauseeeeee
Mon Aug 24 22:26:08 PDT 2015 --  Ima be fine no matter what. Just know that.
Mon Aug 24 22:05:44 PDT 2015 --  Well I get my license reinstated in 7 hours that's good news
Mon Aug 24 21:59:19 PDT 2015 --  It really sucks putting everything you got into something and it not working out in your favor
Mon Aug 24 21:36:39 PDT 2015 --  Fuck it im 21 with a corvette I paid cash for fuck you mean Ima be a millionaire by 25 pic.twitter.com/WMzno1hW6t
Mon Aug 24 20:51:57 PDT 2015 --  This shit hurts yo
Mon Aug 24 20:19:45 PDT 2015 --  i really need to be about myself, I'm always looking out for other people but who's really looking out for me? Smh
Mon Aug 24 20:05:31 PDT 2015 --  I need to start putting myself first.
Mon Aug 24 16:02:28 PDT 2015 --  I don't wanna grow up
Mon Aug 24 08:24:52 PDT 2015 --  You know I got you haha https://twitter.com/hopethepuncher/status/635744267315625984 …
Sun Aug 23 20:03:59 PDT 2015 --  It's crazy how many friends you lose when you can't drive, but it's also crazy how many real friends you gain.
Sun Aug 23 20:03:23 PDT 2015 --  Tomorrow will be the last day of my license revocation. 2 years. Wow.
Sun Aug 23 19:22:59 PDT 2015 --  I miss firefly
Sun Aug 23 18:12:06 PDT 2015 --  Villanova is so nice
Sat Aug 22 19:12:29 PDT 2015 --  I got a lot of enemies, people tryin to drain me of this energy
Fri Aug 21 15:54:09 PDT 2015 --  Tuesday I finally get my license back
Fri Aug 21 08:02:20 PDT 2015 --  Tnice - Old Me https://youtu.be/sutvdXuBiJQ  #NoLosses2
Fri Aug 21 07:59:28 PDT 2015 --  Whoever is trying to hack me right now I suggest you stop.
Thu Aug 20 20:09:14 PDT 2015 --  I want to go to Paris one day
Thu Aug 20 19:06:21 PDT 2015 --  I've had enough of the hot weather I'm ready for cool nights with my windows open
Wed Aug 19 18:48:27 PDT 2015 --  A lifetime of stress just tryin to put my mind at ease
Wed Aug 19 18:45:05 PDT 2015 --  I miss firefly
Tue Aug 18 22:07:45 PDT 2015 --  I hate how much I think into things
Tue Aug 18 18:50:16 PDT 2015 --  Life has been hitting me back to back to back to back lately
Mon Aug 17 21:58:36 PDT 2015 --  Take Care is still the best album ever made
Sun Aug 16 17:07:13 PDT 2015 --  It's all different
Sat Aug 15 19:43:01 PDT 2015 --  I cannot wait to have night drives
Sat Aug 15 19:42:48 PDT 2015 --  I'm literally going to be riding around all night every night once I get my license back
Sat Aug 15 17:00:26 PDT 2015 --  some things I'll never understand
Sat Aug 15 11:23:42 PDT 2015 --  I really wanna see straight outta Compton
Thu Aug 13 19:25:27 PDT 2015 --  first FaceTime date pic.twitter.com/5G8tmheM9D
Thu Aug 13 13:24:27 PDT 2015 --  Lil Dicky is in my top 5 rappers of all time honestly
Tue Aug 11 20:13:06 PDT 2015 --  My girlfriend now lives 10 hours away from me
Tue Aug 11 20:12:27 PDT 2015 --  Sad days https://twitter.com/_beccashirey/status/631298821943918592 …
Tue Aug 11 19:57:45 PDT 2015 --  it's down to the final hours with @_beccashirey
Tue Aug 11 05:48:11 PDT 2015 --  here we go @cway302 pic.twitter.com/Acx4SsqBgr
Sat Aug 08 21:54:11 PDT 2015 --  finding rims with the perfect fitment for a corvette is the HARDEST possible thing I've ever had to do
Sat Aug 08 20:44:27 PDT 2015 --  I never gave a fuck and nothing about me changed.
Sat Aug 08 20:38:34 PDT 2015 --  I have a perfect girlfriend, the best friends ever, and a corvette.... I'd hate me too
Sat Aug 08 08:21:32 PDT 2015 --  Japanese trap music is so hot
Fri Aug 07 22:58:37 PDT 2015 --  There's A LOT of times that I start fights but tonight wasn't one of them lol
Fri Aug 07 22:57:54 PDT 2015 --  I got punched in the forehead because I asked someone to go in the basement lol but I'm the bad guy tonight huh
Fri Aug 07 20:20:50 PDT 2015 --  born of noble cause
Fri Aug 07 14:19:20 PDT 2015 --  wide body fenders = ordered
Fri Aug 07 13:58:05 PDT 2015 --  hopefully tonight is extra lit
Thu Aug 06 19:53:40 PDT 2015 --  This month is going to be full of super ups and super super downs
Thu Aug 06 14:52:06 PDT 2015 --  MY DICK GAME ARMY STRONG
Tue Aug 04 17:39:17 PDT 2015 --  King of really want Applebee's
Mon Aug 03 21:23:45 PDT 2015 --  
Mon Aug 03 19:55:06 PDT 2015 --  Make sure you cop No Losses 2 by @DopeBarzTnice !!!!!
Mon Aug 03 14:00:12 PDT 2015 --  Aren't you a life guard? https://twitter.com/indigoford/status/628303421028831234 …
Mon Aug 03 13:59:04 PDT 2015 --  Tru Life lmfao pic.twitter.com/y9maj2FePJ
Mon Aug 03 10:01:44 PDT 2015 --  love beach days with @cway302
Sun Aug 02 21:05:38 PDT 2015 --  Ima have the hottest corvette on the east coast
Sun Aug 02 20:41:11 PDT 2015 --  Red bull and Vodka
Sun Aug 02 17:53:45 PDT 2015 --  Question: big race wing or little flush spoiler 🏼
Sun Aug 02 17:51:02 PDT 2015 --  BUT U CAN BET THE VETTE GON BE HOT
Sun Aug 02 17:50:44 PDT 2015 --  **crying as I spent another thousand on car parts**
Sun Aug 02 15:29:05 PDT 2015 --  WHY ARE CAR PARTS SO EXPENSIVE OMG
Fri Jul 31 22:55:01 PDT 2015 --  al capone
Fri Jul 31 22:54:48 PDT 2015 --  tax evasion
Fri Jul 31 20:35:07 PDT 2015 --  25 days till I'm driving around in my corvette #IGetMyLicenseBackSoonTYBG
Thu Jul 30 18:39:37 PDT 2015 --  Meek shouldn't drop a diss tbh, drake will just end up bodying him on his real reply
Thu Jul 30 15:04:42 PDT 2015 --  Corvette Cory
Thu Jul 30 14:58:15 PDT 2015 --  xoxoxo
Wed Jul 29 01:33:41 PDT 2015 --  https://soundcloud.com/octobersveryown/drake-back-to-back-freestyle …
Wed Jul 29 05:36:34 PDT 2015 --  I drove here in the wraith playin AR-AB
Tue Jul 28 21:39:50 PDT 2015 --  I have 5 songs that reached soundcloud download limits.... Y'all don't even have anyone that wants to download your shit lmfao
Tue Jul 28 21:38:41 PDT 2015 --  I'm a better rapper then all you "rappers"
Tue Jul 28 20:54:11 PDT 2015 --  The Weeknd - Wicked Games >>>
Mon Jul 27 17:41:41 PDT 2015 --  to buy a wide body kit or not is the question 🏼🏼🏼
Mon Jul 27 17:33:27 PDT 2015 --  my car looks better and better every day pic.twitter.com/WINK7btIUR
Mon Jul 27 15:44:26 PDT 2015 --  A girl wearing Jordan's is so trashy
Mon Jul 27 13:16:22 PDT 2015 --  Drake low key dissed tf out of meek
Sun Jul 26 23:56:00 PDT 2015 --  Tell me how I look , tell me how I look pic.twitter.com/a4oPUtYW4n
Fri Jul 24 17:42:56 PDT 2015 --  slamming my corvette tonight
Fri Jul 24 16:58:20 PDT 2015 --  Sup fam @_beccashirey
Fri Jul 24 16:56:53 PDT 2015 --  I do anything for free
Thu Jul 23 03:44:32 PDT 2015 --  you fake af @MeekMill pic.twitter.com/lprm8Jc4tZ
Thu Jul 23 07:33:40 PDT 2015 --  tonight all of the firefly hippies turn into rednecks for a week
Wed Jul 22 23:18:47 PDT 2015 --  Drake > Meek Mill
Wed Jul 22 21:55:26 PDT 2015 --  my corvettes first upgrade pic.twitter.com/xLsLatIVZp
Wed Jul 22 21:26:58 PDT 2015 --  Picking out rims is so hard to do
Tue Jul 21 23:29:12 PDT 2015 --  22 days until my girlfriend moves 561 miles away
Tue Jul 21 22:33:05 PDT 2015 --  I wrecked this dirt bike so hard today im so sore lmao
Tue Jul 21 22:08:26 PDT 2015 --  Corvette Cory and Driftboy Dimitri pic.twitter.com/Gg634ouIgi
Tue Jul 21 21:13:22 PDT 2015 --  Meeks dumb for coming at drake
Tue Jul 21 17:35:19 PDT 2015 --  
Tue Jul 21 15:58:42 PDT 2015 --  I wanna be in that top 1%. I want to be on that Forbes list. I'm not average, so I won't settle for average. That goes for everything.
Tue Jul 21 15:57:50 PDT 2015 --  My life isn't anywhere near where I wanted it to be at this point in my life. But that's my own fault. I need to get on my grind forreal.
Tue Jul 21 15:42:12 PDT 2015 --  my reaction to literally everything is "oh well"
Tue Jul 21 14:26:55 PDT 2015 --  the wealthiest people I've met in my entire life have never attended a college and don't have a degree
Tue Jul 21 12:45:20 PDT 2015 --  Just trying to figure out what direction to head with my life
Tue Jul 21 06:48:53 PDT 2015 --  Tre was so happy driving my vette yesterday that it made me really happy lol
Tue Jul 21 06:47:51 PDT 2015 --  time to go broke ordering car parts
Mon Jul 20 21:23:14 PDT 2015 --  on the bright side I got a corvette today
Mon Jul 20 08:59:34 PDT 2015 --  too hot out for me
Fri Jul 17 23:18:46 PDT 2015 --  v8
Fri Jul 17 22:40:20 PDT 2015 --  Becca better chill I know a guy that hits girls aka @teamdimitri_a
Fri Jul 17 22:39:38 PDT 2015 --  I'm getting up at 5:30 stfu https://twitter.com/_beccashirey/status/622279054213779457 …
Fri Jul 17 22:33:27 PDT 2015 --  What is sleep?
Fri Jul 17 17:52:52 PDT 2015 --  I'll buy the neighbors house is they complain about the noise
Fri Jul 17 11:55:42 PDT 2015 --  If Becca sees a Nissan Rogue she is like "omg I want one so bad!!". 2 minutes ago we saw an Audi R8 and she said its ugly and looks weird...
Thu Jul 16 22:14:53 PDT 2015 --  wish drake would stop dropping this sucky ass music and go back to take care days
Thu Jul 16 22:13:28 PDT 2015 --  im not looking forward to 26 days from now at all.
Thu Jul 16 22:12:47 PDT 2015 --  im excited for 38 days from now.
Thu Jul 16 15:50:56 PDT 2015 --  I've only been in Delaware 4 days so far this month.
Wed Jul 15 17:48:46 PDT 2015 --  Having your license revoked for 2 years really sucks
Wed Jul 15 17:48:29 PDT 2015 --  I get my license back in roughly 1 month. I've been waiting for that day for 23 months basically
Wed Jul 15 17:01:16 PDT 2015 --  Plymouth Prowler
Wed Jul 15 06:53:33 PDT 2015 --  I don't see how Caitlyn Jenner is courageous one single bit
Tue Jul 14 21:52:19 PDT 2015 --  Need a rari fuck your Subaru
Sun Jul 12 17:48:21 PDT 2015 --  I'm bored
Sat Jul 11 09:08:51 PDT 2015 --  aye bay bay
Fri Jul 10 02:19:43 PDT 2015 --  need sleep. can't sleep.
Thu Jul 09 13:10:04 PDT 2015 --  Got finessed
Thu Jul 09 12:52:36 PDT 2015 --  My forehead is peeling so bad
Thu Jul 09 01:55:34 PDT 2015 --  sleep ain't part of life around here, we skip that
Thu Jul 09 00:38:59 PDT 2015 --  #LastQuote actually might be 80-90k
Thu Jul 09 00:38:31 PDT 2015 --  He got 40-50k right there he snap https://twitter.com/myflirtyways/status/595215086756630528 …
Thu Jul 09 00:00:04 PDT 2015 --  I like getting fucked up with u
Thu Jul 09 00:37:18 PDT 2015 --  The Weeknd is the most creative and talented artist of our generation hands down
Wed Jul 08 21:56:40 PDT 2015 --  ((Basically bc I don't need to lose my license the day i get it back))
Wed Jul 08 21:55:50 PDT 2015 --  Welp tonight I decided I'm going to wait till December to buy a Z06 vette. Just gonna make my truck fresh, buy a mustang, and buy bike
Wed Jul 08 21:53:45 PDT 2015 --  me and babe pulling a all night and we shall watch the sunrise on the beach in Waves North Carolina
Wed Jul 08 21:51:35 PDT 2015 --  t-minus 5 hours until watching the sunrise on da beach with @cway302
Wed Jul 08 19:18:05 PDT 2015 --  This is my girlfriend pic.twitter.com/IAOthA97EP
Tue Jul 07 19:38:31 PDT 2015 --  Amsterdam vodka = no
Sun Jul 05 15:01:20 PDT 2015 --  Electricity is 100% unlimited and really can be made at no cost yet they finesse everyone and make lots of money off it lol
Sun Jul 05 09:52:51 PDT 2015 --  idk what billionaire is gonna drive that thing https://twitter.com/biilionaires/status/617737020127973376 …
Sat Jul 04 14:20:10 PDT 2015 --  not turning up today
Sat Jul 04 07:53:45 PDT 2015 --  Who's needs fireworks? (real fireworks, as in finale type stuff. expensive stuff.)
Thu Jul 02 23:03:41 PDT 2015 --  everyone tapped out and I'm still up trying to do some hood shit
Thu Jul 02 21:39:13 PDT 2015 --  Bout to do hood rat stuff with my best friends and my babe how much better can it get
Thu Jul 02 16:11:18 PDT 2015 --  Cage the elephant sounds like he records with a webcam mic lmfao his engineer is ass
Thu Jul 02 13:09:52 PDT 2015 --  This changing the flag to rainbow is just a joke right lmfao
Wed Jul 01 22:09:08 PDT 2015 --  Apple music is cool
Tue Jun 30 18:33:52 PDT 2015 --  just wanna end up on the Forbes list one day
Tue Jun 30 15:32:05 PDT 2015 --  Need driver to Maryland $60
Tue Jun 30 15:31:46 PDT 2015 --  Want apple wasps or mcglynns or something
Mon Jun 29 21:45:39 PDT 2015 --  Just broke my thumb and wrist lol oh well
Mon Jun 29 18:46:10 PDT 2015 --  TWOSTROKEPAPI is back!!!
Mon Jun 29 15:55:18 PDT 2015 --  Hit em with the steam rollers
Mon Jun 29 15:55:06 PDT 2015 --  I'll steam roll em'
Mon Jun 29 13:16:45 PDT 2015 --  Party on a Sunday..... Do it all again on Monday
Mon Jun 29 08:55:21 PDT 2015 --  Packing for the outerbanks be like pic.twitter.com/Ho5GRph6iQ
Mon Jun 29 08:22:44 PDT 2015 --  all these shark attacks in the outer banks when I'm there in a week.............
Sun Jun 28 20:25:56 PDT 2015 --  Free TuStrokePapi
Sun Jun 28 16:00:51 PDT 2015 --  When does dimitri get back
Sat Jun 27 22:57:57 PDT 2015 --  New Video!! Tnice - Bank Roll https://www.youtube.com/watch?v=TfezcaJxK8E … pic.twitter.com/HTbrK4ye17
Sat Jun 27 16:28:09 PDT 2015 --  pic.twitter.com/Bnu3Iyyt4m
Sat Jun 27 16:13:58 PDT 2015 --  I love the rain
Wed Aug 01 11:25:06 PDT 2012 --  Chic-Fil-A don't support gay marriage?? *bites chicken sandwich, dips waffle fry in bbq sauce and eats it* that's fucked up. *sips lemonade*
Sat Jun 27 10:25:04 PDT 2015 --  when I drink I'm mean to the people closest to me and that's really fucked up I wish I wasn't like that
Fri Jun 26 18:15:46 PDT 2015 --  Don't invite people unless you hmu first
Thu Jun 25 20:44:06 PDT 2015 --  Hungry... Very
Wed Jun 24 08:45:17 PDT 2015 --  So fake lol https://twitter.com/fillwerrell/status/613730121657262080 …
Wed Jun 24 06:59:53 PDT 2015 --  I am so hungry
Wed Jun 24 06:22:18 PDT 2015 --  Can't wait for meech to get back
Tue Jun 23 18:21:59 PDT 2015 --  s/o to @cway302 #youcantbuyinspiration
Tue Jun 23 12:05:27 PDT 2015 --  If you're selling a iPhone 5 or newer let me know, higher gb is a higher price. If it isn't Verizon the price will be lower too
Mon Jun 22 06:39:13 PDT 2015 --  I don't think I could've lasted one more day of firefly
Sun Jun 21 10:01:04 PDT 2015 --  turn up at my camper till Steve aoki come thruuuuu
Sun Jun 21 09:13:32 PDT 2015 --  Bulletproof sprinter I be ridin like the pope
Sun Jun 21 08:08:05 PDT 2015 --  LMFAO https://twitter.com/trecamachoo/status/612401484051947520 …
Sun Jun 21 06:45:08 PDT 2015 --  All I can say is wow. What the fuck happened last night
Sun Jun 21 06:02:29 PDT 2015 --  I'm alive.... Idk how lol
Sat Jun 20 10:57:07 PDT 2015 --  If you have one please hit her up https://twitter.com/ardenhello/status/612315404233502720 …
Sat Jun 20 10:56:29 PDT 2015 --  My girlfriend shits on these firefly thots lol being around 90,000 people really makes me feel fortunate
Sat Jun 20 10:37:25 PDT 2015 --  I was running kinda low on money this morning, I went to the casino and bet it all on black one bet and won. I'm good now.
Sat Jun 20 10:36:31 PDT 2015 --  Premium infield camping. Let me know if you want to come through I got you. I got whatever you need!
Sat Jun 20 10:34:56 PDT 2015 --  I do what I want whenever I want to. That's freedom. Welcome to America.
Sat Jun 20 09:42:45 PDT 2015 --  pic.twitter.com/7yeih0VAhz
Sat Jun 20 09:09:07 PDT 2015 --  I'm making today / tonight one for the muthafuckin books
Sat Jun 20 09:08:08 PDT 2015 --  anyone need a infield camping wristband? $10 and then you can come turn up. Unless we cool hmu I got you with one
Sat Jun 20 09:06:01 PDT 2015 --  Turn up god, that's what they call me
Fri Jun 19 22:15:05 PDT 2015 --  Exhausted is an understatement
Fri Jun 19 07:37:34 PDT 2015 --  FireDie
Thu Jun 18 07:48:56 PDT 2015 --  Much moist at woodlands
Thu Jun 18 06:37:12 PDT 2015 --  wet
Wed Jun 17 12:49:27 PDT 2015 --  I would be doing the same thing hahahah https://twitter.com/fightsonvine/status/559871945584693248 …
Mon Jun 15 10:35:51 PDT 2015 --  Coming Soon!!!! pic.twitter.com/SVp6rjRNYA
Mon Jun 15 06:48:49 PDT 2015 --  If I ever open my own business pic.twitter.com/7ObAKY8XeA
Sun Jun 14 17:03:53 PDT 2015 --  I have a firefly ticket for sale $260
Sat Jun 13 00:03:08 PDT 2015 --  I need a Verizon iPhone 5s or 6 ASAP I'll pay good for it. Or any iPhone 5s bad esn stolen whatever for cheap so I can fix mine. Hmu!!!
Fri Jun 12 18:37:39 PDT 2015 --  Firefly ticket $270 hmu
Fri Jun 12 06:56:37 PDT 2015 --  Beach day with @bshireyy
Thu Jun 11 21:19:04 PDT 2015 --  Some of you are really so thirsty on twitter that it's pathetic
Thu Jun 11 21:12:56 PDT 2015 --  Shots shots shots shots
Thu Jun 11 18:11:32 PDT 2015 --  my pockets knotted up
Thu Jun 11 17:22:42 PDT 2015 --  Would be cool if @G_Eazy was at firefly again this year
Thu Jun 11 10:50:25 PDT 2015 --  I'm literally so excited for firefly
Thu Jun 11 10:45:43 PDT 2015 --  steel beams will melt today
Thu Jun 11 07:29:08 PDT 2015 --  I have an extra firefly Pass for $275 if anyone needs one
Tue Jun 09 23:25:44 PDT 2015 --  Looking forward to Friday
Mon Jun 08 18:41:19 PDT 2015 --  I'm a man on a mission
Mon Jun 08 18:31:26 PDT 2015 --  Tre Camacho
Sat Jun 06 10:26:58 PDT 2015 --  Plz add @_FatNick to the @LiveAtFirefly line up
Fri Jun 05 19:39:02 PDT 2015 --  I'm glad I rode a streetbike to the graduation
Fri Jun 05 12:26:56 PDT 2015 --  Lol @iamandreezy whys your Instagram linked to @TreCamachoo twitter https://twitter.com/milkyourmama/status/606897698453733376 …
Fri Jun 05 00:18:11 PDT 2015 --  Gotta be up in 4 hours
Thu Jun 04 18:32:19 PDT 2015 --  Smh @teamdimitri_a has been gone for like two days and I already miss my bro
Thu Jun 04 17:58:56 PDT 2015 --  If you don't listen to pouya you prolly somethin like Caitlyn Jenner
Thu Jun 04 17:58:24 PDT 2015 --  If you don't listen to fat nick u prolly gay
Thu Jun 04 13:16:29 PDT 2015 --  Who has a firefly ticket for sale
Thu Jun 04 11:07:37 PDT 2015 --  Drake about to drop some new songs and I'm hype
Thu Jun 04 11:01:01 PDT 2015 --  I hate working out it's just boring to me
Thu Jun 04 11:00:49 PDT 2015 --  I wish I could get a nice body without working out
Tue Jun 02 19:26:22 PDT 2015 --  I need to get back on my grind I'm broke
Tue Jun 02 19:04:21 PDT 2015 --  If that ain't the stupidest shit I've heard all week idk what is
Tue Jun 02 19:03:32 PDT 2015 --  How the fuck did Bruce (Caitlyn) Jenner win a courage award? That shit actually pisses me off. wtf is wrong with America
Mon Jun 01 09:07:22 PDT 2015 --  And to top it all off I just got pooped on by a bird
Mon Jun 01 09:06:34 PDT 2015 --  I was throwing up last night
Mon Jun 01 09:06:14 PDT 2015 --  I'm half deaf
Mon Jun 01 09:06:09 PDT 2015 --  Was in the ER yesterday
Mon Jun 01 07:13:03 PDT 2015 --  Jack Daniels tried to kill me last night
Sun May 31 20:51:50 PDT 2015 --  I'm drunk, but I'm happy. So that's all it is
Sun May 31 18:25:34 PDT 2015 --  my invention. literally. https://twitter.com/trecamachoo/status/605180988528988160 …
Sun May 31 13:14:18 PDT 2015 --  so much pain fml
Sat May 30 22:02:40 PDT 2015 --  stoked for firefly
Fri May 29 12:38:19 PDT 2015 --  Missed out on $2600 today since I lost my phone
Fri May 29 12:35:06 PDT 2015 --  If anyone finds my iPhone 6 please let me know I got a reward for you
Wed May 27 19:56:49 PDT 2015 --  Firefly 2k15 is gonna be insane
Wed May 27 19:40:32 PDT 2015 --  If you're a guy and your car either (1- isn't rear wheel drive or 2- doesn't have over 350hp) then you're wack
Wed May 27 19:27:35 PDT 2015 --  I need to figure out how to make serious money... Like millions. I really want to have a lavish life.
Mon May 25 20:58:23 PDT 2015 --  I love that girl
Mon May 25 20:57:55 PDT 2015 --  Hope @bshireyy had a happy birthday
Mon May 25 19:06:51 PDT 2015 --  I'm sunburnt and i don't like it
Mon May 25 17:29:52 PDT 2015 --  I need to buy a few 4 day firefly passes so hmu if you wanna sell yours for the low or know someone
Mon May 25 16:04:40 PDT 2015 --  just got passed by a dirtbike in downtown Dover... Whoever that was is realer then most
Mon May 25 06:24:24 PDT 2015 --  beach day
Sat May 23 17:48:42 PDT 2015 --  I just need a fast car
Sat May 23 14:09:44 PDT 2015 --  Nothing was the same
Fri May 22 19:21:54 PDT 2015 --  Just know... I mean it
Thu May 21 09:48:36 PDT 2015 --  Ima get it till I got it mama....
Tue May 19 21:11:24 PDT 2015 --  Wish I was with @bshireyy right nowwwwwww
Mon May 18 17:02:12 PDT 2015 --  Honestly @_FatNick the hottest rapper out right now
Sun May 17 11:43:07 PDT 2015 --  My niece is only 3 years old and she has 25-30 friends at her birthday party right now.... I'm 21 and couldn't even throw a party that big
Sat May 16 15:41:38 PDT 2015 --  Cant ride with the team no bikelife nigga
Sat May 16 07:03:10 PDT 2015 --  Guy from Craigslist- HIM: where are you located ME: Harrington Delaware HIM: what state is that in? .... Bruh
Fri May 15 23:19:57 PDT 2015 --  i lost my license 2 years ago today
Fri May 15 22:44:15 PDT 2015 --  Had a nice drive
Thu May 14 21:18:05 PDT 2015 --  this shit was HILARIOUS
Thu May 14 21:17:41 PDT 2015 --  This dude drove SEVEN hours to buy this fourwheeler from me then didn't want it because it had a scratch
Thu May 14 20:37:15 PDT 2015 --  If im talkin bout myself then I'm talkin bout the truth
Thu May 14 20:36:11 PDT 2015 --  this shit be bumpin out the bando
Thu May 14 19:46:40 PDT 2015 --  I'm just tryin to have a good summer
Wed May 13 08:34:01 PDT 2015 --  I want a beach house
Mon May 11 17:49:38 PDT 2015 --  If you have a choice to hang out with your significant other but you choose to go to a party instead then you have your priorities fucked up
Sun May 10 21:17:15 PDT 2015 --  why do people make the simplest things so difficult
Sun May 10 18:39:45 PDT 2015 --  there is some things that I will never understand and I just need to accept that for what it is.
Sun May 10 08:28:29 PDT 2015 --  Can someone that looks anything remotely like me (white with dark hair) let me borrow their license to register for this auto cross race
Sun May 10 06:30:14 PDT 2015 --  Lmfaoooooo pic.twitter.com/uVEgyJzre5
Thu May 07 18:35:36 PDT 2015 --  Dimitri made up the surprise face zoom vids on snapchat just letting everyone know before everyone else starts doing it
Thu May 07 11:50:48 PDT 2015 --  I'll hit that bitch with the bus https://twitter.com/stevestfler/status/596381554512891904 …
Thu May 07 11:47:32 PDT 2015 --  fishing is boring to me
Tue May 05 18:51:26 PDT 2015 --  If you fight someone and they hit you so hard that you die well that sucks but you shouldn't have fought them lol
Tue May 05 18:46:45 PDT 2015 --  All I gotta do is put my mind to this shit
Tue May 05 15:01:31 PDT 2015 --  This summers going to be great I can already tell
Mon May 04 08:35:40 PDT 2015 --  I CANT WAIT FOR FIREFLY
Fri May 01 05:17:19 PDT 2015 --  so tired
Thu Apr 30 06:49:07 PDT 2015 --  today's already off to a sucky start lol greaaaaat
Wed Apr 29 22:50:28 PDT 2015 --  My dog is literally the best dog
Wed Apr 29 20:22:08 PDT 2015 --  I cannot wait to be in bed
Wed Apr 29 17:50:43 PDT 2015 --  long shop night to begin Im eta 3 min. feel free to come through lol
Mon Apr 27 19:31:07 PDT 2015 --  I like to make money, get, turnt.
Mon Apr 27 18:49:46 PDT 2015 --  If you aren't from Baltimore shut the fuck up about it... YOU LIVE IN DELAWARE. You know nothing about the situation.
Mon Apr 27 18:19:59 PDT 2015 --  We have no idea what has happened in their communities, obviously there must have been terrible things to cause so much anger.
Mon Apr 27 18:19:30 PDT 2015 --  we live in Delaware. we have no idea what it's like living in Baltimore. Therefore I feel all of our opinions are irrelevant.
Mon Apr 27 17:26:41 PDT 2015 --  It's real out baltimore it seems lol
Sun Apr 26 20:22:57 PDT 2015 --  I like listening to chill music when I take showers... But if I only I could take a shower, listen to music, AND browse tumblr.
Sun Apr 26 18:10:56 PDT 2015 --  I don't wanna be famous, I just wanna be rich
Sun Apr 26 17:53:46 PDT 2015 --  I think @BiIlionaires is the only non-person type account I really like
Sat Apr 25 06:21:38 PDT 2015 --  mix tape drops today #NoLosses
Fri Apr 24 20:45:50 PDT 2015 --  Becca is sound asleep cuddling with a stuffed animal I gave her today and honestly Idk if I've ever seen anything so cute in my entire life
Fri Apr 24 20:04:11 PDT 2015 --  I wanna set off all these fireworks I have lol
Fri Apr 24 16:32:18 PDT 2015 --  I am craving sushi really bad
Thu Apr 23 09:41:43 PDT 2015 --  I better not have the flu
Thu Apr 23 08:50:37 PDT 2015 --  I'm getting sick fml
Wed Apr 22 19:58:56 PDT 2015 --  what really is the craziest of them all is space... Space literally doesn't end. I can't even grasp that idea in my mind.
Wed Apr 22 19:58:23 PDT 2015 --  Tornadoes are crazy too... like that shit interests me.
Wed Apr 22 19:57:57 PDT 2015 --  volcanoes are freaking crazy
Mon Apr 20 20:13:08 PDT 2015 --  http://Www.soundcloud.com/Corycallaway  , go listen to my new EP!
Sun Apr 19 20:36:58 PDT 2015 --  I bang with @cway302 one mil song tho
Sun Apr 19 21:26:52 PDT 2015 --  My man @cway302 dropped 6 tracks on you tonight, I suggest you listen...
Mon Apr 20 07:15:54 PDT 2015 --  both my bros just dropped EP's on the same day randomly 🏾 @IndigoFord_ x @cway302 ... GO LISTEN ASAP #NOLOSSES pic.twitter.com/HewubmpDIT
Mon Apr 20 07:37:33 PDT 2015 --  listened to @cway302 full EP it was
Sun Apr 19 21:05:48 PDT 2015 --  I dropped 6 songs tonight. 6 LEFTOVER songs. Songs I thought aren't worthy of my mixtape. http://Www.soundcloud.com/Corycallaway  , the boy did it again
Sat Apr 18 20:39:12 PDT 2015 --  I don't wanna be famous, I just wanna be rich
Fri Apr 17 22:03:05 PDT 2015 --  
Fri Apr 17 14:39:28 PDT 2015 --  Last summer was so much fun
Fri Apr 17 13:18:57 PDT 2015 --  You really gotta enjoy the simple things
Tue Apr 14 21:35:12 PDT 2015 --  the day I get my license unrevoked will be a very great day.
Tue Apr 14 17:41:25 PDT 2015 --  I'm very thankful for my friends and my girlfriend, I don't know where id be without them
Mon Apr 13 20:42:47 PDT 2015 --  Drake - Days In my The East // probably my fav song by him
Sun Apr 12 22:14:38 PDT 2015 --  I'm really excited for the future yet terrified of the future at the same time
Sun Apr 12 22:06:59 PDT 2015 --  puts a lot of things in perspective Forreal. Think about it. If you were to die tonight, would you think you lived a great fulfilled life?
Sun Apr 12 22:05:02 PDT 2015 --  Just shows life can be taken from you at any moment
Sun Apr 12 18:23:55 PDT 2015 --  streetbikes are dangerous forreealll
Sun Apr 12 18:21:06 PDT 2015 --  damn RIP my homie
Sun Apr 12 17:29:26 PDT 2015 --  some Rudy's in my life would be nice right now
Sun Apr 12 16:39:26 PDT 2015 --  I'm dead https://vine.co/v/eumZKa2r7ZL 
Sat Apr 11 19:08:01 PDT 2015 --  S/o my bros @DopeBarzTnice & twitterless shane, that's my real day 1s
Sat Apr 11 18:19:19 PDT 2015 --  I got ripped off really bad today
Sat Apr 11 08:29:25 PDT 2015 --  The sound of VTEC. https://vine.co/v/euW1twVp2Ka 
Fri Apr 10 17:40:10 PDT 2015 --  I love thunderstorms so much
