Fri Aug 28 16:09:38 PDT 2015 --  "my door bell is the OU fight song" -gretel
Tue Aug 25 11:00:27 PDT 2015 --  Last night @Deborah_silva33 wanted to talk to me but it didn't happen because she falls asleep before I finish dinner
Sun Aug 23 20:08:35 PDT 2015 --  @littleksavage girl I got you beat pic.twitter.com/TbXtzVEy3G
Sun Aug 23 14:07:21 PDT 2015 --  @Deborah_silva33 your avi
Sun Aug 23 13:46:29 PDT 2015 --  sos Lindsey! luv my big sis bunches pic.twitter.com/ddczW7vMcN
Fri Aug 21 22:58:55 PDT 2015 --  Exploring downtown (3 awk pics = 1 cute one) Right?? pic.twitter.com/iYag3MmT8u
Fri Aug 21 22:12:24 PDT 2015 --  gotta love steel city pops + soccer competitions + Dallas with some of my favorite people pic.twitter.com/dkW4ndeyeE
Fri Aug 21 16:56:53 PDT 2015 --  Just got asked to formal @joshuacarignan pic.twitter.com/9BIQkOhLcU
Thu Aug 20 20:01:42 PDT 2015 --  so it's only been a week of school and its literally felt so long, how am I supposed to survive
Thu Aug 20 16:15:02 PDT 2015 --  Wow we're meant to be!! (And I get to see her tomorrow!!!!!!!!) pic.twitter.com/5ZFfK6XVFP
Wed Aug 19 19:16:35 PDT 2015 --  I should probably like start homework
Tue Aug 18 23:03:53 PDT 2015 --  OK DONE BEING SAD BC THAT'S LAME & I'M TOO PRETTY FOR THAT
Sun Aug 16 21:52:09 PDT 2015 --  30+ FAVS AND I'LL WEAR MY OLD COVENANT UNIFORM MY FIRST DAY OF SCHOOL
Sat Aug 15 22:20:07 PDT 2015 --  @Benta_Bryant my eyes still hurt. :)
Sat Aug 15 20:02:41 PDT 2015 --  What you do today? Me: "well I spent about 7 hours watching people flex ..."
Sat Aug 15 17:26:27 PDT 2015 --  @Deborah_silva33 @ColeJorge @reborn621 @Benta_Bryant @beccarsilva https://twitter.com/ihop/status/631555759810179076 …
Sat Aug 15 09:10:27 PDT 2015 --  Currently ðŸ½ @lindseyaddison @ColeJorge @Deborah_silva33 @beccarsilva @Bailey_Stiles pic.twitter.com/BqJg4wqR9I
Thu Aug 13 17:59:33 PDT 2015 --  pic.twitter.com/HTkt6UNqch
Thu Aug 13 15:08:05 PDT 2015 --  First Day of School Selfies:))) pic.twitter.com/GjZMw7BIS8
Wed Aug 12 09:35:03 PDT 2015 --  last day w/ a group of kids I've walked by and laughed w/ all summer it makes me sad for school to start pic.twitter.com/bSWCjiydg8
Tue Aug 11 19:02:15 PDT 2015 --  @Deborah_silva33 has been sitting here and watched this 5 times but she's embarrassed to rt it https://twitter.com/bestcomedyvine/status/631203184925650944 …
Tue Aug 11 18:50:56 PDT 2015 --  Got a new phone.... Text me your name if I should have your number
Wed Jun 17 06:33:59 PDT 2015 --  Her mom is pissed pic.twitter.com/gXemFx1dbM
Mon Aug 10 17:07:12 PDT 2015 --  ðŸ¼ pic.twitter.com/iuXvx9sAo8
Fri Aug 07 09:08:12 PDT 2015 --  my safe haven pic.twitter.com/oI1Zi5Tpiq
Sun Aug 09 07:18:55 PDT 2015 --  what a beautiful friend I have :,) #blessed pic.twitter.com/X2nKOY493d
Thu Aug 06 15:56:29 PDT 2015 --  he's watching the video I made for him and he can't stop smiling pic.twitter.com/kdYMkewcfB
Thu Aug 06 08:02:03 PDT 2015 --  hard to believe that in a week exactly I'll be getting up early to go to school
Wed Aug 05 05:11:10 PDT 2015 --  @beccarsilva puked. pic.twitter.com/LytbMgROHF
Tue Aug 04 06:41:05 PDT 2015 --  Kobe Bryant be like pic.twitter.com/zlIs8lF8aM
Mon Aug 03 10:41:26 PDT 2015 --  thought I'd open up my jar today #blessed pic.twitter.com/4NSTe30IIy
Sun Aug 02 20:34:30 PDT 2015 --  pic.twitter.com/3sghQnDMXu
Sat Aug 01 20:33:07 PDT 2015 --  pic.twitter.com/DRyno2Ik2r
Fri Jul 31 20:51:13 PDT 2015 --  Lily: I'd love to go back and be that person again. But, you can't move backwards. You can only go forward.
Fri Jul 31 15:57:41 PDT 2015 --  yay for schedules being up on renweb
Fri Jul 31 00:07:41 PDT 2015 --  the twenty minute process of trying to get a good picture... pic.twitter.com/KWaeYfrDMk
Thu Jul 30 21:58:16 PDT 2015 --  Happy bday @Deborah_silva33 pic.twitter.com/0P3G4dieit
Thu Jul 30 21:23:54 PDT 2015 --  thx to everyone that came & for all the birthday wishes! love yall! @joshuacarignan pic.twitter.com/UtJXncft6Z
Thu Jul 30 12:51:13 PDT 2015 --  s/o to @Benta_Bryant for the gift pic.twitter.com/kr2xKlUasZ
Thu Jul 30 12:28:20 PDT 2015 --  Happy birthday @Deborah_silva33 I can't wait to see youðŸ» pic.twitter.com/7cOVxjWE9e
Thu Jul 30 11:49:48 PDT 2015 --  I like reading the cards from gifts that I get more than I like getting the gifts
Thu Jul 30 11:16:02 PDT 2015 --  HBD DEBBY thanks for being weird w me :-) love ya pic.twitter.com/e7nhrHr2p8
Tue Jul 28 10:30:49 PDT 2015 --  this week was a blast, you'll be missed nyc pic.twitter.com/sxEmAYJ6hC
Mon Jul 27 12:58:44 PDT 2015 --  this café was super cute pic.twitter.com/76PaPGfrCr
Mon Jul 27 11:02:02 PDT 2015 --  when @roden_luke & @Carson_Evans0 are older than you.... btw hbd @roden_luke !!
Mon Jul 27 07:06:34 PDT 2015 --  HBD Shelby!! I hope your day is great!! can't wait till basketball season with you!! pic.twitter.com/4EGKrldGZo
Sun Jul 26 12:11:33 PDT 2015 --  ðŸ½ðŸ½ðŸ½ pic.twitter.com/9ecPm1rErV
Sat Jul 25 21:20:40 PDT 2015 --  it's more of just missing my friends though like I just wanna bring all of them when I leave town like this
Sat Jul 25 21:19:04 PDT 2015 --  How am I gonna survive next year @Deborah_silva33 pic.twitter.com/mUYGBdbmZa
Sat Jul 25 21:19:45 PDT 2015 --  I'm getting a little homesick and it's only been like four days... this is an issue
Sat Jul 25 16:33:18 PDT 2015 --  Coney Island was lots of fun today pic.twitter.com/iNxV0mKcnd
Sat Jul 25 11:15:41 PDT 2015 --  S/o to all the frinends I've made at CCA this year promise y'all will stay in touch!! Ily all and I'll miss you pic.twitter.com/DU79xv1Wrf
Fri Jul 24 17:12:18 PDT 2015 --  barf
Fri Jul 24 16:30:19 PDT 2015 --  *gaby gets off the phone with her boyfriend* Gaby- "and that's how you deal with your animals"
Fri Jul 24 11:46:06 PDT 2015 --  what is the point of starting school on a thursday...
Thu Jul 23 11:22:57 PDT 2015 --  day two pic.twitter.com/AGjMC7gQE6
Wed Jul 22 14:31:33 PDT 2015 --  gotta love the spontaneous trips to New York pic.twitter.com/9NuJFAGAz4
Wed Jul 22 02:31:55 PDT 2015 --  @Deborah_silva33 you can always count on me
Wed Jul 22 02:31:29 PDT 2015 --  luv being able to know I can snapchat alondra at 4:30 in the morning @Alondra_Padron
Sun Jul 19 19:03:18 PDT 2015 --  this is actually me https://vine.co/v/e6A5iMlr7P1 
Sun Jul 19 18:45:41 PDT 2015 --  actually me at this point in summer https://vine.co/v/e6bBdTr6r26 
Sun Jul 19 18:31:08 PDT 2015 --  stepped outside for a minute to check on my fruit plants... got bit by three Mosquitos.. this is why I stay in bed.
Sun Jul 19 17:29:01 PDT 2015 --  "If only crappy foods like French Fries made you skinny and vegetables made you fat I would be so skinny" - @Deborah_silva33 SAMEEEEE
Sun Jul 19 16:17:44 PDT 2015 --  The greatest play from the playbook pic.twitter.com/jtENQXJiSh
Sun Jul 19 13:23:40 PDT 2015 --  love Bahamas bucks and Nikki lots pic.twitter.com/QMxoa2O1du
Sat Jul 18 20:04:00 PDT 2015 --  pic.twitter.com/HKMNUgV2JT
Sat Jul 18 20:02:42 PDT 2015 --  Beth and I spent 11 hours at sixflags.... @bethanyc02
Sat Jul 18 09:49:50 PDT 2015 --  Sixflags with @Deborah_silva33 today!!
Fri Jul 17 19:56:26 PDT 2015 --  @Deborah_silva33 and I are about to be famous
Fri Jul 17 19:37:59 PDT 2015 --  *drops out of school to become a youtuber* @bethanyc02
Wed Jun 03 20:12:09 PDT 2015 --  Sam Hunt can take my time anytime pic.twitter.com/NZ9VnudJjn
Thu Jul 16 15:47:50 PDT 2015 --  @Deborah_silva33 I LEAVE ON SUNDAY I WILL SEE YOU SOON
Thu Jul 16 15:44:41 PDT 2015 --  @Deborah_silva33 your avi is
Thu Jul 16 14:17:37 PDT 2015 --  I really need some mango flavored Rita's Italian ice right about now
Thu Jul 16 11:55:56 PDT 2015 --  @Deborah_silva33 from all the Chickfila?
Thu Jul 16 08:49:18 PDT 2015 --  " you eat so much that soon you'll me rolling around instead of walking " thx mom
Tue Jul 14 16:39:46 PDT 2015 --  HEY YO WHATS UP HELLO pic.twitter.com/inABpQNYAJ
Tue Jul 14 10:29:56 PDT 2015 --  I will forever be somewhat disappointed with the ending of How I Met Your Mother
Wed Jul 08 20:22:56 PDT 2015 --  I seriously can't stop laughing pic.twitter.com/KC3WxPc8Nz
Fri Jul 10 20:32:24 PDT 2015 --  We tried to be cute. We really did. pic.twitter.com/CkXNVjP7IA
Thu Jul 09 14:59:21 PDT 2015 --  Congratulations to the office for ruining my social life for the third summer in a row. pic.twitter.com/3L0l6s2BxC
Thu Jul 09 15:30:23 PDT 2015 --  Definitely the best way to ask a girl to prom. #OneTreeHill pic.twitter.com/esFU81VK0g
Tue Jul 07 21:58:36 PDT 2015 --  When Ling Ling's lemonade stand is killing the game http://twitter.com/Vindlr/status/618524942338928640/video/1 …
Wed Jul 08 09:20:00 PDT 2015 --  @JansenDrew she deserves the world
Wed Jul 08 09:34:59 PDT 2015 --  it's weird to think Deborah's still only 14
Wed Jul 08 09:40:50 PDT 2015 --  the worst possible thing that happens is when your childhood friend turns hot af
Tue Jul 07 21:09:47 PDT 2015 --  It's hard not to like Barney. #HIMYM pic.twitter.com/a7q2j5aDr0
Tue Jul 07 19:53:19 PDT 2015 --  when you have to set an alarm earlier than your school one you know it's badI'm not ready for this run pic.twitter.com/NgC94btO6H
Sun Jul 05 21:12:03 PDT 2015 --  Jk I actually love Deb and idk what I'm going to do w/o her at school next year @Deborah_silva33
Sun Jul 05 21:03:15 PDT 2015 --  I've spent four straight days with this scrub but I feel like it's fine cause she's pretty cool I guess pic.twitter.com/E0pU0TL8d7
Sun Jul 05 15:19:13 PDT 2015 --  "You should paint your face red white and blue.... Well actually you don't have to paint the white. Just the red and blue"- @Deborah_silva33
Sun Jul 05 14:59:45 PDT 2015 --  *goes to Beth's* *turns off light* *plays soft music* *sleeps for two hours* @bethanyc02
Sun Jul 05 11:26:29 PDT 2015 --  "why do you have polkadots on your face"-every kid when they see Beth @bethanyc02
Fri Jul 03 06:40:42 PDT 2015 --  hbd Audrey! I hope you have a really great day! pic.twitter.com/dDvAIx2Bma
Thu Jul 02 16:57:36 PDT 2015 --  "I'm excited to see you cry!" ~ Deb on the way to see Inside Out @Deborah_silva33
Thu Jul 02 16:54:05 PDT 2015 --  " B you're gonna be fat when you're 43" -Beth's mom @bethanyc02
Thu Jul 02 14:14:36 PDT 2015 --  I'm facing an extreme disorder called "Nikki separation anxiety" idk if I can wait 4 days to see her pic.twitter.com/qnnrrocJCf
Wed Jun 24 12:49:32 PDT 2015 --  #HIMYM pic.twitter.com/cWNhZYy6yO
Tue Jun 30 11:15:58 PDT 2015 --  when @Robjo26 makes you retweet and favorite his tweet pic.twitter.com/kJKO2hS28n
Mon Jun 29 18:18:50 PDT 2015 --  When you ask coach Harris if someone else can run the 400 pic.twitter.com/tZvSDZgk3W
Tue Jun 30 09:51:37 PDT 2015 --  guess we got a handsome little haircut?! pic.twitter.com/iDsPptT3UL
Mon Jun 29 20:47:17 PDT 2015 --  Pretty awesome night! pic.twitter.com/TxJmBX3NbW
Mon Jun 29 20:15:59 PDT 2015 --  glow in the dark basketball was a success pic.twitter.com/a2V4AH6yx6
Mon Jun 29 11:12:24 PDT 2015 --  " I don't want to workout I just want to eat pizza and get fat" - @Deborah_silva33
Sun Jun 28 21:51:55 PDT 2015 --  @Deborah_silva33 I'll give yah an original BBD cut. ðŸ½ðŸ»ðŸ» (Big Booty Dev)
Sun Jun 28 21:45:29 PDT 2015 --  @Deborah_silva33 @Benta_Bryant she can't.. It's not a full moon
Sun Jun 28 21:39:42 PDT 2015 --  in the "I'm gonna chop all my hair off" mood.
Sat Jun 27 14:39:56 PDT 2015 --  had to make a few edits to this years directory.... @bethanyc02 pic.twitter.com/P22frQR60i
Sat Jun 27 12:44:49 PDT 2015 --  "are yall not sick of each other"- @bethanyc02 's sister when she sees I'm over again
Thu Jun 25 13:58:07 PDT 2015 --  you know it's bad when the people at james Avery know your name
Tue Jun 23 17:56:25 PDT 2015 --  s/o to @Chandog_20 for helping me with my shoes at Tyler's today!
Tue Jun 23 10:50:18 PDT 2015 --  Barney pic.twitter.com/LULnN8iWYa
Mon Jun 22 21:04:46 PDT 2015 --  the special appearance of @DominiqueDuvall at basketball practice today made me very happy
Mon Jun 22 16:18:47 PDT 2015 --  He went from: Medium social life to I'm going to just stay inside all summer. #sorry pic.twitter.com/rtPowXYv5B
Sun Jun 21 17:12:14 PDT 2015 --  Happy to be a part of such an awesome team. Another great team camp for the books! ðŸ¼ pic.twitter.com/AkJhh9yiPv
Sun Jun 21 17:05:52 PDT 2015 --  forgot how good it feels to sleep in a real bed!
Sat Jun 20 09:56:38 PDT 2015 --  Lol I love u @Deborah_silva33 @shelbysouthers pic.twitter.com/CowsCgLSRY
Fri Jun 19 15:03:14 PDT 2015 --  schlitterbahn was lots of fun pic.twitter.com/y1PwkZgvay
Wed Jun 17 20:25:35 PDT 2015 --  update: Alondra is returning to covenant fall of 2015
Wed Jun 17 10:30:03 PDT 2015 --  pic.twitter.com/vE7cJwaybh
Tue Jun 16 20:49:31 PDT 2015 --  lol when you're smile is crooked from a busted lip cause ball is lyfe
Tue Jun 16 06:30:46 PDT 2015 --  happy happy birthday to the bestest person I know I hope you have an amazing day Nikki!! pic.twitter.com/5olWlO7Yzc
Mon Jun 15 13:44:27 PDT 2015 --  s/o to @Benta_Bryant to giving me a new tat. Looks exactly like becca pic.twitter.com/txGQnAU9De
Sun Jun 14 10:36:15 PDT 2015 --  Barney and Robin pic.twitter.com/uHCg8Ak86p
Fri Jun 12 14:55:11 PDT 2015 --  @Deborah_silva33 just came over and we slept for about 4-5 hours
Thu Jun 11 21:00:52 PDT 2015 --  @Robjo26 i hate you
Thu Jun 11 20:49:26 PDT 2015 --  When you find yourself laughing in a movie and look over to see deb crying... #jurassicworld @Deborah_silva33 @bethanyc02 @Robjo26
Thu Jun 11 20:19:21 PDT 2015 --  @Deborah_silva33 and I were almost crying in Jurassic World it was SO goodand then there's Robby and Cameron laughing and making fun of us
Thu Jun 11 15:51:15 PDT 2015 --  I got third place!!
Thu Jun 11 15:30:08 PDT 2015 --  When you can't handle being mean for more than a minute @Deborah_silva33 pic.twitter.com/vst7tuSMTM
Thu Jun 11 14:10:54 PDT 2015 --  when you gotta force bae to love you pic.twitter.com/pbPbBftKpR
Wed Jun 10 20:11:11 PDT 2015 --  So a surprise party was thrown for my 16th birthday no big deal or anything... pic.twitter.com/lw0GuRyqU0
Mon Jun 08 15:47:26 PDT 2015 --  I actually feel bad for anyone around me when I'm this tired
Mon Jun 08 15:38:50 PDT 2015 --  the most irritating thing is when I'm tired and people just keep asking me what's wrong like I've obviously only had like 2 hours of sleep..
Mon Jun 08 11:19:59 PDT 2015 --  I thank God everyday that He has blessed me with these AMAZING FRIENDS! #NationalBestFriendsDay pic.twitter.com/pIm56YIBI6
Mon Jun 08 05:16:04 PDT 2015 --  I think @Deborah_silva33 is possessed
Sat Jun 06 16:09:53 PDT 2015 --  @Deborah_silva33 love you bestfriend!!!!!
Sat Jun 06 16:00:42 PDT 2015 --  thx for being such a cool friend pic.twitter.com/WqVLjhtdyL
Thu Jun 04 08:38:02 PDT 2015 --  okay.. if you don't think this is cute then idk what is pic.twitter.com/ryfAIUTyfq
Wed Jun 03 19:44:34 PDT 2015 --  I can always count on @Deborah_silva33 & @nicole_berg2 to make me laugh
Mon Jun 01 18:44:54 PDT 2015 --  @Deborah_silva33 DEB I MISS YOU I'll be home soon
Mon Jun 01 18:43:16 PDT 2015 --  I kinda miss this scrub a lot so she needs to hurry up and come home pic.twitter.com/JhxiCCqxgI
Mon Jun 01 16:52:48 PDT 2015 --  Lucas is so cute he makes the bunny next to him look ugly.... pic.twitter.com/xmuWMyGpWe
Mon Jun 01 16:33:50 PDT 2015 --  #coachray https://twitter.com/snapchatprobbz/status/605479191526690816 …
Mon Jun 01 10:56:50 PDT 2015 --  @Deborah_silva33 love life makes mine look somewhat normal
Sat May 30 20:08:06 PDT 2015 --  @Deborah_silva33 can't wait to see my best friend
Sat May 30 20:07:08 PDT 2015 --  NIKKI IS HOME ,I REPEAT, NIKKI IS FINALLY HOME @nicole_berg2
Thu May 28 22:22:36 PDT 2015 --  everyone tweeting about the good weather today jinxed it for all of us
Thu May 28 19:37:47 PDT 2015 --  I'm having Nikki withdraws pic.twitter.com/hRAc6GJtN6
Thu May 28 18:36:15 PDT 2015 --  sad cause Lucas was sick so we couldn't hang out today pic.twitter.com/ou634BX0eo
Thu May 28 12:19:42 PDT 2015 --  congrats to cris graduating kindergarten pic.twitter.com/NC6g6OCS2x
Wed May 27 19:39:40 PDT 2015 --  How to have a good summer by Kyle Bowman pic.twitter.com/LvOfwjy0el
Wed May 27 19:26:51 PDT 2015 --  so we like tried to take cute pictures but it didn't really work out... pic.twitter.com/lzV75cG09G
Tue Apr 28 17:33:16 PDT 2015 --  Deb apreciation tweet pic.twitter.com/fbbXCtyt17
Mon May 25 13:25:20 PDT 2015 --  really pic.twitter.com/thuJWYt3mC
Sat May 23 22:17:46 PDT 2015 --  pandora is on point rn pic.twitter.com/SRyw8wAmlt
Sat May 23 06:58:28 PDT 2015 --  One of the most beautiful post I've ever seen pic.twitter.com/SFKPr16x6w
Fri May 22 20:29:55 PDT 2015 --  The fact that I don't get to see @Deborah_silva33 for a week makes me really sad
Fri May 22 16:05:22 PDT 2015 --  me: Lucas you're a nugget cris: no Deborah you're the nugget me: *cries cause I've taught him so well*
Thu May 21 18:09:08 PDT 2015 --  #tweeetabestfriendmoment pic.twitter.com/L7vgtoJmIt
Sun May 10 18:48:01 PDT 2015 --  Here come's the sun https://vine.co/v/emdEuE6VJ3Z 
Tue May 19 18:04:47 PDT 2015 --  Battle of the exes just went down
Tue May 19 17:17:03 PDT 2015 --  Summer time and we're ready lol pic.twitter.com/09ox4IHjpN
Tue May 19 16:45:59 PDT 2015 --  @Deborah_silva33 I LOVEEEE YOU
Tue May 19 16:43:29 PDT 2015 --  how to avoid saying the L word conquered by Bethany ladies and gentlemen pic.twitter.com/eBQz0vIQyK
Mon May 18 14:58:11 PDT 2015 --  being out of school means McDonald runs with lucas pic.twitter.com/UYMYorEy5k
Mon May 18 14:22:53 PDT 2015 --  it's finally starting to feel like summer
Sun May 17 23:53:22 PDT 2015 --  Bass Hall pic.twitter.com/9SWI3t1p2g
Sun May 17 20:37:16 PDT 2015 --  Texas summer goals pic.twitter.com/NDmqBdUsUr
Sun May 17 19:53:21 PDT 2015 --  my friends are actually talented pic.twitter.com/zopkjrGxpu
Sun May 17 15:23:22 PDT 2015 --  @Deborah_silva33 you're a babe BOTH seasons
Sun May 17 15:32:33 PDT 2015 --  Remembered Deb's neighborhood code for the first time and got in without asking her. Finally #goals
Sun May 17 14:27:26 PDT 2015 --  the difference in my skin color between winter and spring sports.. pic.twitter.com/qM8trXjGzD
Sun May 17 14:02:18 PDT 2015 --  about to punch someone in the face
Fri May 15 13:58:14 PDT 2015 --  when Christmas comes early pic.twitter.com/6BP3qdVm4c
Thu May 14 15:21:13 PDT 2015 --  summer appreciate selfie pic.twitter.com/989jgam8PB
Thu May 14 04:50:57 PDT 2015 --  I guess I can survive one more day
Wed May 13 11:40:20 PDT 2015 --  I was napping on the couch and I violently got cut by the pillow's zipper and now I'm upset
Wed May 13 09:25:13 PDT 2015 --  this time tomorrow we will be on summer break
Wed May 13 08:37:06 PDT 2015 --  It hasn't hit me that tomorrow's the last day of school
Tue May 12 08:58:52 PDT 2015 --  Me: *gets 'you'll be in my heart' stuck in @Deborah_silva33's head We: go to deb's and look up the scene pic.twitter.com/4FK5B29iOX
Mon May 11 19:53:21 PDT 2015 --  she's currently cutting it
Mon May 11 19:53:12 PDT 2015 --  my mom said my hair was ugly
Sat May 09 11:17:58 PDT 2015 --  VG 4x200 M Relay State Champions pic.twitter.com/g3m2ncrCUF
Fri May 08 15:37:55 PDT 2015 --  gonna miss throwing trash at you every day. pic.twitter.com/FEmaGYVv7D
Sun May 03 18:53:12 PDT 2015 --  @Deborah_silva33 @Benta_Bryant "welcome to the deb & Benta cooking show"
Sun May 03 18:20:26 PDT 2015 --  throwback to when me and b almost dies from salsa pic.twitter.com/b27lmXq7S9
Sun May 03 17:56:57 PDT 2015 --  #Prom2015 pic.twitter.com/2NNJe90FPw
Sat May 02 12:39:02 PDT 2015 --  hbd lucas 2 never looked so cute pic.twitter.com/zmzKJ1pLqw
Thu Apr 30 18:29:53 PDT 2015 --  my bebes are school record holders pic.twitter.com/uLhWMqgVUY
Thu Apr 30 05:10:47 PDT 2015 --  2 weekends left until it won't be called weekends but summer
Wed Apr 29 19:10:00 PDT 2015 --  that's right.. this 4x4 team runs great and looks great at the same time, attempt to beat that. pic.twitter.com/NghWGrrTvq
Tue Apr 28 19:47:59 PDT 2015 --  12 actual school days left
Tue Apr 28 14:35:26 PDT 2015 --  Appreciation to these girls who deal with me everyday :) pic.twitter.com/m7BoYOscDw
Sun Apr 26 18:51:50 PDT 2015 --  When you're just trying to make a nice singing video... pic.twitter.com/oS35YyFPHR
Sun Apr 26 13:32:17 PDT 2015 --  if you dont take a pic in front the steel city pops sign every time you go then did you really go?
Sun Apr 26 10:28:19 PDT 2015 --  Happy birthday Benita pic.twitter.com/KiEZF8emPY
Sun Apr 26 10:20:49 PDT 2015 --  Thanks to everyone who came last night!! pic.twitter.com/fPzaZvq0BW
Sat Apr 25 20:18:29 PDT 2015 --  hbd beth pic.twitter.com/0h5vbz3r2s
Tue Apr 21 19:21:51 PDT 2015 --  @bethanyc02 @Deborah_silva33 she's a multitude of lady bugs pic.twitter.com/STBmHzC37T
Tue Apr 21 18:47:32 PDT 2015 --  @Deborah_silva33 I will! I'm off to join my people pic.twitter.com/KWN9aPyi0Z
Tue Apr 21 18:24:39 PDT 2015 --  @Deborah_silva33 @bethanyc02 you've already got the spots
Tue Apr 21 17:49:20 PDT 2015 --  quality time with my mom: sitting on the couch and eating mangoes
Tue Apr 21 16:09:25 PDT 2015 --  @Deborah_silva33 I'm beyond proud to be friends with Deb! Idk what I'd do without her
Tue Apr 21 16:02:58 PDT 2015 --  I'm actually beyond proud to have such amazing friends, idk what id do without any of them pic.twitter.com/Yoy623SThY
Mon Apr 20 20:28:16 PDT 2015 --  cause ice baths are my fav
Mon Apr 20 20:27:35 PDT 2015 --  ðŸ½ðŸ½ðŸ½ðŸ½ðŸ½ https://twitter.com/ashogsss/status/589934127299878912Â â€¦
Tue Jan 14 16:17:58 PST 2014 --  "Shelby sourhers is hot"
Tue Jan 14 16:41:40 PST 2014 --  "Daisy is hot"
Wed Jan 15 15:18:45 PST 2014 --  "Deborah has hair like silk worms with golden locks of burning sensation- Hannah little"
Sun Apr 19 20:30:00 PDT 2015 --  Zeborah pic.twitter.com/a4691gcYhO
Fri Apr 17 19:54:59 PDT 2015 --  these girls are such a blessing pic.twitter.com/m3xT6XGpSs
Fri Apr 17 19:29:22 PDT 2015 --  When bae doesn't text back pic.twitter.com/uDFYxgh9DS
Thu Apr 16 20:31:27 PDT 2015 --  This is the cutest thing ever pic.twitter.com/tMiBCj1FEj
Thu Apr 16 20:18:40 PDT 2015 --  still haven't started homework...
Thu Apr 16 14:57:41 PDT 2015 --  @Deborah_silva33 ILL MISS YOU DEBBY
Thu Apr 16 14:51:52 PDT 2015 --  I actually really don't want this years seniors to graduate. Everything's gonna be so quiet and boring
Sat Apr 11 17:38:51 PDT 2015 --  got in the bus when the sun was rising and now we are going back home and it's setting :-) track is lyfe
Fri Apr 10 19:53:42 PDT 2015 --  The longest ride
Fri Apr 10 17:30:34 PDT 2015 --  last day to live cause 4x4 tomorrow..
Fri Apr 10 14:13:03 PDT 2015 --  When he's salty pic.twitter.com/0uZUi9iyHE
Thu Apr 09 17:14:25 PDT 2015 --  lol @ my life rn
Wed Apr 08 14:25:48 PDT 2015 --  @Deborah_silva33 oh wow thanks debby I love you so so much!! (:
Wed Apr 08 14:24:19 PDT 2015 --  HBD sarabeth you're such a joy to be around and I hope you have a wonderful day pic.twitter.com/AdIke2pcH3
Sun Apr 05 21:06:23 PDT 2015 --  worst feeling ever is going through your whole sleep playlist & still not being tired
Sun Apr 05 11:27:20 PDT 2015 --  happy easter pic.twitter.com/NQzcSPAQeK
Sat Apr 04 22:19:50 PDT 2015 --  The candids are my favs pic.twitter.com/iiuzM3tn31
Sat Apr 04 21:17:35 PDT 2015 --  tn was lots of fun pic.twitter.com/WrlUyER1Zc
Sat Apr 04 18:02:58 PDT 2015 --  When your friends are 5... pic.twitter.com/UsbArt3FWP
Sat Apr 04 10:36:07 PDT 2015 --  when you and bae match pic.twitter.com/BDlNO0UyZJ
Fri Apr 03 05:44:56 PDT 2015 --  swipe up to see a cat fly pic.twitter.com/f8dqN4qSQs
Thu Apr 02 21:13:51 PDT 2015 --  this stud turns 2 in a month pic.twitter.com/NUAr94pvAB
Thu Apr 02 20:53:02 PDT 2015 --  I can't wait for summer like: pic.twitter.com/GlZ6c8j4Fm
Wed Apr 01 17:45:58 PDT 2015 --  @Deborah_silva33
Wed Apr 01 17:45:00 PDT 2015 --  lol goals pic.twitter.com/k9aGlciIBR
Tue Mar 31 17:07:02 PDT 2015 --  What is life? pic.twitter.com/iH2VD2jkad
Mon Mar 30 20:06:25 PDT 2015 --  Formal with bae Thanks @Deborah_silva33 for helping him out. pic.twitter.com/BQl7YwoTXt
Sun Mar 29 21:28:00 PDT 2015 --  Tasha. @Deborah_silva33 @shelbysouthers https://twitter.com/funnyviness/status/582354119991640064 …
Sun Mar 29 20:15:56 PDT 2015 --  lol pic.twitter.com/OvF0mUNZM5
Sun Mar 29 13:14:15 PDT 2015 --  Just happy that baseball season is finally among us
Sun Mar 29 11:29:34 PDT 2015 --  How many miles am I gonna run today? pic.twitter.com/wBpNKUFEX1
Sun Mar 29 10:01:25 PDT 2015 --  if I'm ever in a bad mood I just watch vines and that resolves everything for a good thirty minutes
Sat Mar 28 21:51:00 PDT 2015 --  definitely okay
Sat Mar 28 17:20:12 PDT 2015 --  when your goals pic.twitter.com/WqghZdhbIq
Sat Mar 28 12:21:35 PDT 2015 --  s/o to Texas for being hotter than hawaii (-: pic.twitter.com/7k8j0nWWwC
Fri Mar 27 20:27:46 PDT 2015 --  this would be great right about now pic.twitter.com/1hbqK5N6Iv
Thu Mar 26 20:22:18 PDT 2015 --  when the Jesus vibes hit you hard pic.twitter.com/GjQtG4dHqv
Wed Mar 25 20:25:24 PDT 2015 --  props to @Benta_Bryant for eating the whole habanero pepper
Wed Mar 25 20:10:28 PDT 2015 --  Lesson learned: no no to habanero peppers pic.twitter.com/2vypt1xKgI
Wed Mar 25 11:57:14 PDT 2015 --  I'm having basketball withdraws... pic.twitter.com/7Uir9yDjcb
Tue Mar 24 20:34:48 PDT 2015 --  I wish I could see the dress as white and gold but it'll always be blue and gold
Tue Mar 24 18:44:44 PDT 2015 --  Track: the true meaning of milliseconds #TrackNation pic.twitter.com/fhOuwiokJD
Mon Mar 23 18:53:38 PDT 2015 --  @Benta_Bryant @Deborah_silva33 dang it I hate y'all
Mon Mar 23 18:45:28 PDT 2015 --  @Benta_Bryant @Deborah_silva33 I cannot handle you two
Mon Mar 23 18:50:25 PDT 2015 --  @shelbysouthers if u were a cake .. This would be you. @Deborah_silva33 pic.twitter.com/86V5FVwiAq
Mon Mar 23 18:13:43 PDT 2015 --  The cake on the left is nice.... But I am the right cake. @shelbysouthers @Deborah_silva33 pic.twitter.com/xd8pwABU5c
Mon Mar 23 17:39:41 PDT 2015 --  I kinda sorta love this kid a lot pic.twitter.com/KHgDt93Eod
Mon Mar 23 05:03:14 PDT 2015 --  honestly late night talks with @Benta_Bryant always make me laugh harder than I'm supposed to
Mon Mar 23 04:49:18 PDT 2015 --  @Deborah_silva33 @Alondra_Padron love you both
Sun Mar 22 20:28:39 PDT 2015 --  alondra& nikki appreciation pic.twitter.com/vCDoXN06TS
Sun Mar 22 09:57:24 PDT 2015 --  What staying up till 5 AM does to me pic.twitter.com/f5eo6CkRdO
Sat Mar 21 18:32:01 PDT 2015 --  if you want to show that you love me just buy me chips& queso
Mon Mar 16 18:40:58 PDT 2015 --  High school girl with a sick dunk http://vine.co/v/hYpElEv2Fjm 
Mon Mar 16 15:49:49 PDT 2015 --  Awh it's finally hot in Texas, how cute(-:
Sun Mar 15 15:38:12 PDT 2015 --  *prays to Jesus for another snow day*
Sun Mar 15 05:20:48 PDT 2015 --  might as well just pull an all nighter
Sun Mar 15 00:33:37 PDT 2015 --  lol flight delayed
Fri Mar 13 23:29:13 PDT 2015 --  a good way to end a great trip pic.twitter.com/LS7ih3bdaM
Fri Mar 13 00:14:29 PDT 2015 --  luau was fun tonight pic.twitter.com/kBH1vzbIOU
Thu Mar 12 22:35:50 PDT 2015 --  my sleeping schedule is gonna be jacked when I leave here
Thu Mar 12 21:28:14 PDT 2015 --  I crack myself up lol
Wed Mar 11 21:49:57 PDT 2015 --  as much as I shower and try to take the sand off literally it's still there
Wed Mar 11 20:31:54 PDT 2015 --  exploring diamond head was fun today pic.twitter.com/0QiJ7S6QoM
Tue Mar 10 23:10:34 PDT 2015 --  pic.twitter.com/JDocQBJ3lA
Mon Mar 09 21:45:59 PDT 2015 --  "why didn't you volunteer to dance dad?" "I don't have a butt" "soml"
Mon Mar 09 17:48:04 PDT 2015 --  lol pic.twitter.com/C31TmExPkk
Mon Mar 09 13:58:18 PDT 2015 --  lol my phone is completely shattered
Sat Mar 07 21:02:11 PST 2015 --  The only thing on my mind is after-burn gel.
Mon Mar 09 09:50:54 PDT 2015 --  pic.twitter.com/wYLcRGDupd
Mon Mar 09 09:49:12 PDT 2015 --  
Sun Mar 08 11:37:52 PDT 2015 --  pic.twitter.com/vna630GFiE
Sun Mar 08 00:19:49 PST 2015 --  we got picked up in a limo at the Airport but still I just wanna sleep
Sun Mar 08 00:15:17 PST 2015 --  5 hour difference lol
Sun Mar 08 00:14:53 PST 2015 --  and it's only 10:14 here
Sat Mar 07 16:38:51 PST 2015 --  THIS PLANE HAS A CHARGER
Fri Mar 06 16:53:38 PST 2015 --  "Ya'll are my day 1's" -dupreezy
Fri Mar 06 08:33:35 PST 2015 --  I can't believe tomorrow ill be on a plane to Hawaii
Tue Mar 03 17:24:50 PST 2015 --  pic.twitter.com/7FN3Ee1HHp
Mon Mar 02 21:15:23 PST 2015 --  I actually haven't worn anything but basketball shorts in like 5 months lol what does Nike shorts even feel like?
Sun Mar 01 13:57:28 PST 2015 --  I really don't enjoy packing
Sun Mar 01 09:26:44 PST 2015 --  waking up happy is v cool :-)
Sat Feb 28 21:52:29 PST 2015 --  much needed
Wed Feb 25 20:34:02 PST 2015 --  Shout out to @Deborah_silva33 editing skills
Tue Feb 24 11:57:04 PST 2015 --  Brad ruise @Deborah_silva33 pic.twitter.com/hP7GkhtuYo
Sun Feb 22 16:56:11 PST 2015 --  Jennifer Lopez always looks perfect what even
Sat Feb 21 20:40:12 PST 2015 --  Thank you, Shelby. For my custom made cat guitar You are the best pic.twitter.com/gKsY00cprG
Sat Feb 21 15:18:16 PST 2015 --  I just want someone to play cute piano duets with me
Thu Feb 19 18:33:39 PST 2015 --  you guys are my favorite people in the whole world. pic.twitter.com/FVksU3hWcK
Wed Feb 18 15:43:08 PST 2015 --  #wcw I'm really gonna miss her and her crazy sock days pic.twitter.com/TE3V83iUUF
Mon Feb 16 17:55:10 PST 2015 --  same yall pic.twitter.com/RvsfMuWUu2
Mon Feb 16 14:57:10 PST 2015 --  I really love this weather pic.twitter.com/3rvfroRYRq
Mon Feb 16 12:54:16 PST 2015 --  Prepping for a game like: https://vine.co/v/Oxmq1OQiQ0a 
Mon Feb 16 11:59:18 PST 2015 --  love me some nikki pic.twitter.com/bqehPi03KX
Sun Feb 15 10:34:27 PST 2015 --  HBD to bestest Dom out there love you and wish you the bestest day out there pic.twitter.com/tZnLdhOlI9
Sat Feb 14 16:00:54 PST 2015 --  londra got me addicted to this whole sunset thing.. @Alondra_Padron pic.twitter.com/97rTXYajKA
Sat Feb 14 08:35:55 PST 2015 --  miracle do happen
Thu Feb 12 18:19:06 PST 2015 --  Jacob pic.twitter.com/CXWGinxs2S
Thu Feb 12 15:58:08 PST 2015 --  so uncomfortable
Wed Feb 04 20:06:22 PST 2015 --  sos
Sun Feb 01 18:34:52 PST 2015 --  "Had to have a long talk with myself" @Deborah_silva33 pic.twitter.com/tGPKv9rcdF
Sun Feb 01 16:18:27 PST 2015 --  honestly afternoons with Lucas are the bestest pic.twitter.com/lXcBHUI3gn
Sun Feb 01 14:31:13 PST 2015 --  goals?¿ pic.twitter.com/speMXJXUQT
Sat Jan 31 20:05:40 PST 2015 --  pic.twitter.com/91PmJBasPU
Sat Jan 31 19:30:42 PST 2015 --  Love these cool kids pic.twitter.com/lQWgNwJnHI
Sat Jan 31 19:28:56 PST 2015 --  Night of worship was AMAZING I love to praise our AWESOME God w/my amazing friends pic.twitter.com/tZTCYLG7CJ
Sat Jan 31 19:28:49 PST 2015 --  I LOVE YOU SO MUCH pic.twitter.com/n7RpgrFyXr
Sat Jan 31 19:28:00 PST 2015 --  man, my friends know how to worship pic.twitter.com/R59sPgKI4v
Fri Jan 30 21:24:53 PST 2015 --  so if you didn't hear.. #ccovdominatedvsfwc
Fri Jan 30 20:25:07 PST 2015 --  Remember when JV girls beat Fwc?? #neverforget
Fri Jan 30 19:31:06 PST 2015 --  "That's the biggest student section at an away game we've ever had" -Coach Turner #CCOVS
Fri Jan 30 19:08:14 PST 2015 --  when your student section isn't creative so you just wear your uniform to the game #54-49 pic.twitter.com/4MCu9vAvi0
Fri Jan 30 19:03:39 PST 2015 --  Cougars win! Cougars win! Cougars win! VBbkb comeback to defeat FWC.
Fri Jan 30 19:02:39 PST 2015 --  64-63 54-49 Enough said #cougarnation
Fri Jan 30 05:16:17 PST 2015 --  speechless at God's marvelous works pic.twitter.com/HdqMSe2d7w
Wed Jan 28 19:04:31 PST 2015 --  THIS ONES FOR REAL FAM pic.twitter.com/iEPNUHFh4F
Wed Jan 28 18:05:23 PST 2015 --  slave pic.twitter.com/TxnLYxAlZX
Mon Jan 26 17:37:15 PST 2015 --  *accidently switches to front camera* @Deborah_silva33 pic.twitter.com/WbViFOhFuR
Fri Jan 23 22:50:55 PST 2015 --  Just had an encounter with the girl from the ring. https://vine.co/v/OIVu76FBWea 
Sun Jan 25 12:01:44 PST 2015 --  Jesus Christ You are my one desire Lord hear my only cry To know you all my life.
Sat Jan 24 21:02:24 PST 2015 --  Creepen on #anthony like.. @Deborah_silva33 pic.twitter.com/cRmkk4iZiO
Mon Jan 19 19:34:54 PST 2015 --  daily reminders from benta pic.twitter.com/3zCi7ifTDX
Mon Jan 19 16:28:44 PST 2015 --  finally being able to be happy on your own is probably the greatest feeling/thing ever
Sun Jan 18 15:52:50 PST 2015 --  ready for my closeup pic.twitter.com/7SjNdRk5hj
Sun Jan 18 07:06:13 PST 2015 --  hbd you're a scrub pic.twitter.com/cix33jKEFR
Sat Jan 17 18:56:22 PST 2015 --  dinner date w bae pic.twitter.com/GIVZtZH1S2
Sun Jan 11 12:52:53 PST 2015 --  pic.twitter.com/EUvPU54h70
Sun Jan 11 07:05:16 PST 2015 --  "Do whatever that makes you happy."
Fri Jan 09 20:02:53 PST 2015 --  cca>fwc
Fri Jan 09 20:00:03 PST 2015 --  man it's a good day to be a covenant cougar
Fri Jan 09 19:46:20 PST 2015 --  such a great day to be alive.
Thu Jan 08 16:54:08 PST 2015 --  homecoming days are the best pic.twitter.com/dUYyo2x9ev
Wed Jan 07 14:14:21 PST 2015 --  These past homecoming days have been the best :) pic.twitter.com/kqfozSXYUT
Tue Jan 06 17:40:16 PST 2015 --  VGbkb take 1st District win over Pantego 50-44 in TAPPS 1-4A opener.
Mon Jan 05 16:08:04 PST 2015 --  yass gg pic.twitter.com/ImQZ534TXq
Mon Jan 05 15:49:31 PST 2015 --  look at the sky
Mon Jan 05 15:48:52 PST 2015 --  pic.twitter.com/bG2i2HG6Eq
Mon Jan 05 11:52:47 PST 2015 --  I'd probably be more excited for school if they were my classmates pic.twitter.com/OriDZBd7rc
Sun Jan 04 17:41:33 PST 2015 --  the morning after your bf/gf breaks up w you pic.twitter.com/MSJwWd3DGw
Sun Jan 04 17:21:28 PST 2015 --  what an adorable human being pic.twitter.com/8Ym73H1kfU
Sun Jan 04 17:17:48 PST 2015 --  when bae says he's religious pic.twitter.com/ydFdiTnnLI
Sun Jan 04 17:03:34 PST 2015 --  2 turnt pic.twitter.com/ZlXEVnOp6M
Sat Jan 03 06:00:29 PST 2015 --  "There is nothing worse in the world than thinking you have a chance when you really don't." #OneTreeHill pic.twitter.com/EnEPx32W55
Fri Jan 02 14:33:27 PST 2015 --  Awesome basketball tournament weekend in................... pic.twitter.com/y3vfvO5AyI
Fri Jan 02 06:00:40 PST 2015 --  "Don't let your happiness depend on something that you may lose." #OneTreeHill
Wed Dec 31 09:10:26 PST 2014 --  You know you're passionate about something when it consumes your mind every single day. #TrackNation pic.twitter.com/WDABvgKWBx
Mon Dec 29 21:11:06 PST 2014 --  @Deborah_silva33 just saw this and ily
Mon Dec 29 15:48:11 PST 2014 --  selfie Monday bc I can #nofilter #tagsforlikes #lovedmyeyes pic.twitter.com/HbzURnMi3F
