Sat Aug 29 12:39:17 PDT 2015 --  Saw this in the street. Very cool. Humbled and grateful. #WhatDoYouMean thanks pic.twitter.com/x9WPMv5V3A
Sat Aug 29 12:37:17 PDT 2015 --  Hammer ich hab jetzt 411 tweets ;)
Sat Aug 29 12:34:33 PDT 2015 --  Ich verschicke nie süße Gute Nacht sms. Aber jetzt wo ich mein Handy nicht habe, würde ich es gerne tun :D
Fri Aug 28 13:59:34 PDT 2015 --  Thank u, Mansfield! Sorry we didn't get to take proper photos, but it was incredible seeing all of u xo hv pic.twitter.com/dGpg0yVH4x
Sat Aug 29 12:00:39 PDT 2015 --  can't wait hershey park, tonight is gonna be epic! pic.twitter.com/Z3T6EvXiJh
Sat Aug 29 09:59:21 PDT 2015 --  guitars! pic.twitter.com/dDLIcUb6DE
Sat Aug 29 01:36:36 PDT 2015 --  Good morning #Twitter
Sat Aug 29 01:33:59 PDT 2015 --  Hi!
Fri Aug 28 22:10:40 PDT 2015 --  Boston was amazing tonight. first time I've ever seen an orange arena, sooooo badass. off to Hershey park
Fri Aug 28 14:06:40 PDT 2015 --  thanks to everyone who came to the acoustic hangout and made it awesome!! it was one of the biggest ones this tour! pic.twitter.com/f26Ub0Euho
Fri Aug 28 12:40:32 PDT 2015 --  Good night #Twitter
Fri Aug 28 12:37:07 PDT 2015 --  Thinking about my little friend Chloe tonight who is poorly ;( @ChloeBalloqui #SaveChloe #WeCanBeatThis pic.twitter.com/jJpbeINnXf
Fri Aug 28 03:25:26 PDT 2015 --  Schule aus
Thu Aug 27 23:16:56 PDT 2015 --  I am peeing pic.twitter.com/iYd6S2VTBP
Thu Aug 27 22:03:29 PDT 2015 --  I hope you guys love the new stuff, I'm so happy with everything such a step forward musically & lyrically
Wed Aug 26 18:19:59 PDT 2015 --  You ready for this? NEW ALBUM OCTOBER 2015 #Confident pic.twitter.com/QbC1EgmbHU
Thu Aug 27 21:59:26 PDT 2015 --  Jetzt geht es ab zu Schule #Schule
Thu Aug 27 21:56:43 PDT 2015 --  "I have a full time job, a "smoking hot wife," and three kids and still make time to insult 20 year old girls online."
Thu Aug 27 21:54:48 PDT 2015 --  Looking forward to sharing the next album with everyone. Hope you like it as much as we do. All the love
Thu Aug 27 21:46:24 PDT 2015 --  Hoods up pic.twitter.com/RsCLd6vWHy
Thu Aug 27 21:46:25 PDT 2015 --  Good morning Twitter #Twitter
Thu Aug 27 19:10:12 PDT 2015 --  TOMORROW at 6 pm EST, #VMA host @MileyCyrus is doing an #AnswerTime on the MTV @Tumblr: http://mtv.tumblr.com/ask  pic.twitter.com/StP4XCpgtW
Thu Aug 27 16:46:14 PDT 2015 --  We chilled with @HeyViolet talking fashion faves, new EP, and prank wars with @5SOS! WATCH! https://www.youtube.com/watch?v=72eIQLwuNw4 … pic.twitter.com/uFscv84GiJ
Thu Aug 27 20:31:42 PDT 2015 --  We got bigger plans you know lol
Thu Aug 27 14:30:57 PDT 2015 --  Wie geil ist denn bitte "Spirit Halloween"? Ich will alle Kostüme kaufen! :O
Thu Aug 27 13:00:52 PDT 2015 --  Im neuen Video seht ihr über was Melina und ich uns totgelacht haben, unser Ukulelen Konzert am Meer und... http://youtu.be/11OaO2Bzo4A?a 
Thu Aug 27 14:51:22 PDT 2015 --  Cleeeeeeeeeeeeveland.
Thu Aug 27 12:47:27 PDT 2015 --  Just posted a photo https://instagram.com/p/65iqNRjCQU/ 
Thu Aug 27 12:28:20 PDT 2015 --  you can get one of my favorite songs from the album at midnight tonight! http://5sosf.am/wy2bns  pic.twitter.com/5FpXcjJSPM
Thu Aug 27 10:43:18 PDT 2015 --  Ich vermisse dieses Gefühl zu Schulzeiten, als ich erfahren habe, dass die letzte Stunde ausfällt
Thu Aug 27 11:46:10 PDT 2015 --  Ich werd das alles hier so vermissen pic.twitter.com/JrXFO4plgX
Thu Aug 27 10:22:03 PDT 2015 --  Thank you guys for pre-ordering Sounds Good Feels Good, I hope you love jet black heart aswell, love that song! http://5sosf.am/wy2bns 
Wed Aug 26 21:56:35 PDT 2015 --  Gute morgen ein Glück das noch heute und morgen und dan ist endlich Wochenende
Wed Aug 26 16:16:09 PDT 2015 --  Mittagessen Danach geht's wieder zurück nach L.A. pic.twitter.com/ke2pDeHrHT
Wed Aug 26 21:16:32 PDT 2015 --  https://instagram.com/p/634Hynjo82/ 
Wed Aug 26 20:45:53 PDT 2015 --  Also this airport Starbucks is the best Starbucks I've ever seen it has literally everything
Wed Aug 26 20:16:16 PDT 2015 --  Walmart makes me so happy
Wed Aug 26 17:43:24 PDT 2015 --  thank you saratoga you guys were so much fun!! pic.twitter.com/k648NOwabQ
Wed Aug 26 11:31:17 PDT 2015 --  Hello
Wed Aug 26 11:23:37 PDT 2015 --  Die Jahre sind einfach zu kurz
Wed Aug 26 01:06:15 PDT 2015 --  GETTIN LIT IN THAILAND @krispykreme pic.twitter.com/OkIVuU54Y9
Wed Aug 26 07:33:56 PDT 2015 --  Jakarta babes, thank u so much!! You sang every word as louuud as you could. Y'all touched my heart tonight !!! Terima kasih! Aku Cinta Kamu
Wed Aug 26 10:36:48 PDT 2015 --  So does X Factor start tonight/today ?
Wed Aug 26 10:31:57 PDT 2015 --  Bangkok, thanks for making the first show of our Gravity World Tour so special! We love you! : @joebradyphoto pic.twitter.com/C1YSbOaze5
Tue Aug 25 22:23:13 PDT 2015 --  so long canada, back in the U.S. soon! pic.twitter.com/ndNRRCp0wJ
Tue Aug 25 20:59:15 PDT 2015 --  Not a bad thing to dream about as we drift off to sleep! #5SOS pic.twitter.com/1b5i0nkVXw
Tue Aug 25 21:06:02 PDT 2015 --  That was amazing tommo such a fun show thanks Milwaukee I loved it
Tue Aug 25 19:25:21 PDT 2015 --  Are there doughnuts in Asia pic.twitter.com/olLybhGDZn
Tue Aug 25 20:30:20 PDT 2015 --  OOOMG Wenn ihr wüsstet was ich gerade gemacht habe SHIT, ich bin verrückt
Tue Aug 25 13:52:05 PDT 2015 --  thank you for an awesome acoustic hangout today! pic.twitter.com/tqV2pb2aFh
Tue Aug 25 11:56:13 PDT 2015 --  pic.twitter.com/M07cP4TVaK
Tue Aug 25 10:12:01 PDT 2015 --  Könnt ihr euch vorstellen das es keine Morde gibt ??? #morde
Tue Aug 25 09:38:52 PDT 2015 --  Thailand, we have arrived! First show of the Gravity World Tour is TOMORROW!! : @joebradyphoto pic.twitter.com/yOZnbcqMLM
Tue Aug 25 07:05:24 PDT 2015 --  
Mon Aug 24 11:15:03 PDT 2015 --  We LOVE @Meghan_Trainor's #LikeImGonnaLoseYou! She performed it last time she came by! http://hits1.co/1EjHtAC  pic.twitter.com/yw9Uq2k9t5
Tue Aug 25 06:00:07 PDT 2015 --  What do you stand for? Share your style for a chance to win a pair of Docs. Enter here: http://bit.ly/1kk5KC2  pic.twitter.com/1C4swfB4bV
Mon Aug 24 21:48:32 PDT 2015 --  
Mon Aug 24 21:37:56 PDT 2015 --  Good morning
Mon Aug 24 20:26:07 PDT 2015 --  Would like to thank my pal @Skrillex for replacing me in the band! Haha this is awesome though! Thanks Bee pic.twitter.com/STYT4sGRm7
Mon Aug 24 20:09:22 PDT 2015 --  ACTUALLY ME THO AGREE NOT INTO THAT WHOLE SHEBANG https://twitter.com/lrenerss/status/636011883477139456 …
Mon Aug 24 10:20:48 PDT 2015 --  Thank you to everyone at the show in Chicago last night. You were very nice. Thanks for having us. All the love
Mon Aug 24 10:19:30 PDT 2015 --  "Stan... Nearly every election since the beginning of time has been between some douche and some turd." #SouthPark pic.twitter.com/Yq6XgVRn91
Mon Aug 24 10:16:05 PDT 2015 --  The girls of @littlemix took over all of our socials last week! Check out all the fun! http://hits1.co/1LofAfQ  pic.twitter.com/W3J1DrlnEC
Mon Aug 24 10:09:40 PDT 2015 --  Ich hasse Montag und das wird sich nie ändern.
Mon Aug 24 09:35:39 PDT 2015 --  Freue mich gerade sehr darüber, dass das Video SO VERDAMMT gut bei euch ankommt ..riecht nach Teil 2 https://youtu.be/aM3NeehVrlQ 
Mon Aug 24 07:04:44 PDT 2015 --  Endlich geht es wieder mein WLAN :)
Sun Aug 23 21:47:41 PDT 2015 --  Good morning ich werde heute nicht mehr heute Posten wall mein wlan nicht mehr geht seid den Unwetter ich melde mich wieder wenn alles geht.
Sun Aug 23 16:49:11 PDT 2015 --  Das ist wirklich ein scheiß Wetter in Deutschland
Sun Aug 23 13:01:56 PDT 2015 --  Also dann sag ich mal bis morgen ðŸ¼
Sun Aug 23 12:37:47 PDT 2015 --  leaving is hard, actually.. pic.twitter.com/qU5i6qg24a
Sun Aug 23 12:13:56 PDT 2015 --  Mein komplettes Frühstück wurde in Pappe serviert haha pic.twitter.com/9db9OPOOLv
Sun Aug 23 08:00:10 PDT 2015 --  #Spotify hat die einflussreichsten Künstler unter 25 Jahren ermittelt. Hier gibt’s die Top 10: http://nrj.de/spotifytop25 
Sun Aug 23 06:50:06 PDT 2015 --  Bang Bang #bang @ WonderWaffel Essen https://instagram.com/p/6umlH9DlLW/ 
Sun Aug 23 04:28:06 PDT 2015 --  Schöner Sonntag #Sonntag
Sun Aug 23 04:03:30 PDT 2015 --  Schade, aber schön, dass ihr euch trotzdem so gut versteht ... https://twitter.com/TheRealLiont/status/635406129586118656 …
Sun Aug 23 00:40:17 PDT 2015 --  Morgen hab ihr alle gut geschlafen
Sat Aug 22 10:38:17 PDT 2015 --  ï¼ˆï¼¾ï¼¿ï¼ï¼‰â‰¡â˜…
Sat Aug 22 10:01:41 PDT 2015 --  It's a distressed denim and Overwashed Slip-On kind of Saturday. http://bit.ly/1MEj7db  pic.twitter.com/67zGHCxJB8
Sat Aug 22 09:59:43 PDT 2015 --  Usually when people say my age I still say 18.... like I forget I'm 19. How am I going to remember I'm not a teenager anymore after tomorrow
Sat Aug 22 05:37:12 PDT 2015 --  Hahahahahaha #lustig pic.twitter.com/ZtzpVEq06s
Sat Aug 22 05:24:12 PDT 2015 --  In less than 24 hours I will be 20 years old and getting on a plane to Asia. Oh boy
Sat Aug 22 01:49:53 PDT 2015 --  Ich kann nicht mehr schlafen und ich hab nur 2 Stunden geschlafen was ist das für ein scheiß
Fri Aug 21 23:13:04 PDT 2015 --  Guten Nacht
Fri Aug 21 12:48:25 PDT 2015 --  Heute war so ein schöner Tag ich hoffe das es morgen auch so schön wird
Fri Aug 21 10:21:56 PDT 2015 --  Wow jetzt schon 300 tweets
Fri Aug 21 10:19:32 PDT 2015 --  Alles ist nicht immer alles. #alles pic.twitter.com/iYVgn2f3II
Fri Aug 21 07:58:09 PDT 2015 --  ~~LOL*
Fri Aug 21 05:53:10 PDT 2015 --  Dieser einer Freund , der auch wenn du nicht mehr stehen kannst , zu dir steht pic.twitter.com/D1CwWGUUQ2
Fri Aug 21 05:03:15 PDT 2015 --  BITTE RT! Mein neues VIDEO "COUPLE Places TO DATE!" ist online -> http://youtu.be/jPo_3W4bGmc  Viel Spaß beim Zuschauen! pic.twitter.com/b4BJ2JhiGi
Fri Aug 21 00:56:03 PDT 2015 --  Guten morgen ihr allen
Thu Aug 20 13:10:43 PDT 2015 --  （-＾〇＾-）
Thu Aug 20 12:22:00 PDT 2015 --  Should I again my hair so do ??? pic.twitter.com/OXIxtNHlr5
Thu Aug 20 12:03:02 PDT 2015 --  Ich wünscht euch noch ein schöner Abend
Thu Aug 20 08:46:33 PDT 2015 --  I need your love
