Wed Aug 26 18:58:56 PDT 2015 --  @DileCti pic.twitter.com/is2UR1HgUT
Tue Aug 25 13:17:45 PDT 2015 --  I also think that's why kids are so happy. Haha they have no wisdom. No knowledge of this world at all. And maybe that's a good thing.
Mon Aug 24 20:48:58 PDT 2015 --  I honestly don't care how much money you make. The real question is, are you happy? #happiness>money
Wed Aug 19 17:45:47 PDT 2015 --  Just take a minute and think about it. pic.twitter.com/6U3M2i5nyY
Wed Aug 19 12:55:16 PDT 2015 --  When I wear new shoes but no one notices @CHold @trailblazers pic.twitter.com/vf3NOAwxjo
Fri Aug 14 10:11:25 PDT 2015 --  Dropping at 3:30PM EST. Produced By @kyle_justice . If this tweet gets 100 RETWEETS, Ill drop this ASAP! RT RT RT RT pic.twitter.com/VBsTNj38EU
Mon Aug 10 00:19:28 PDT 2015 --  Ok, the mozzarella sticks at McDonald's aren't that bad for what they are...
Sat Aug 08 13:44:54 PDT 2015 --  WHO MADE THIS!? pic.twitter.com/WacAbKy6qN
Thu Aug 06 18:37:05 PDT 2015 --  #tbt when my boy @micahvonmusic and I worked on a song for 7 hours straight! #goodluck… https://instagram.com/p/6EF-dWgYKe/ 
Wed Aug 05 22:16:01 PDT 2015 --  Shit happens when you trust the wrong people.
Wed Aug 05 11:53:03 PDT 2015 --  Only if we watch Dragon Ball Z... @Naebelline
Tue Aug 04 09:01:13 PDT 2015 --  HERE IT IS JERIS - Hz, MY SECOND OFFICIAL SINGLE RETWEET AND ENJOY https://m.youtube.com/watch?v=i5NqNCEBPCk …
Wed Jul 29 13:48:19 PDT 2015 --  i'm going to keep making music forever.
Mon Aug 03 22:47:27 PDT 2015 --  Song of the night. https://www.youtube.com/watch?v=a2Xj41MWUfs …
Mon Aug 03 19:52:09 PDT 2015 --  I need something to do
Mon Aug 03 15:59:23 PDT 2015 --  I don't care about the money, It's about being happy man
Mon Aug 03 14:22:31 PDT 2015 --  Angel Di Maria to join PSG on a 4-year deal. Man United has agreed to sell him for a fee that is "in the region" of $69 million. (via @AP)
Mon Aug 03 00:15:16 PDT 2015 --  Coffee tomorrow? :) @H_a_n_n_a_h_7
Sun Aug 02 22:44:39 PDT 2015 --  you ain't gotta get drunk to have fun
Sun Aug 02 22:16:01 PDT 2015 --  Fake people don’t surprise me anymore, loyal people do.
Sun Aug 02 21:49:02 PDT 2015 --  Anyone up for coffee tomorrow morning? :)
Sun Aug 02 17:44:22 PDT 2015 --  I love it when people don't text back :)
Sat Aug 01 19:47:52 PDT 2015 --  The perfect wedding dates. #BaileyandKeith2015 https://instagram.com/p/53WGcBAYOj/ 
Sat Aug 01 00:21:49 PDT 2015 --  Happy birthday! :) @kaylynleroy
Fri Jul 31 22:35:57 PDT 2015 --  And thanks for all the great musicians who inspire me everyday. Thank you. I love music
Fri Jul 31 07:33:44 PDT 2015 --  Coffee in the morning is actually one of the best things ever.
Fri Jul 31 00:30:59 PDT 2015 --  Who wants to go to Vero tomorrow around 12? :)
Thu Jul 30 21:27:14 PDT 2015 --  Destiny anyone? :)
Thu Jul 30 18:36:31 PDT 2015 --  #tbt to when I drove to Seattle with my boy @micahvonmusic just to see @jonbellion. I will never… https://instagram.com/p/5yEVblgYNm/ 
Wed Jul 29 14:39:34 PDT 2015 --  So no off the waffle anyone?
Wed Jul 29 13:17:18 PDT 2015 --  Who want to go get off the waffle soon?! :)
Wed Jul 29 05:07:18 PDT 2015 --  Of course I'm still awake...
Tue Jul 28 23:56:16 PDT 2015 --  anyone up for Destiny?
Tue Jul 28 14:40:41 PDT 2015 --  Why can't we get it together, and just love one another?
Mon Jul 27 00:13:03 PDT 2015 --  It annoys me that people bash on things when they don't even understand the topic...
Sun Jul 26 17:49:54 PDT 2015 --  Although i do wish someone would come over and enjoy this with me...
Sun Jul 26 17:48:26 PDT 2015 --  For the past 3 hours, i've been sitting in a chair in the middle of my room with music blasting, and right now, nothing can beat this. :)
Sun Jul 26 17:05:08 PDT 2015 --  JERIS - Hz NEW SINGLE AUGUST 4TH BE READY, RT RT RT pic.twitter.com/s5iUMyMehs
Sun Jul 26 14:29:48 PDT 2015 --  I always forget how great off the waffle's coffee is.
Sat Jul 25 11:43:58 PDT 2015 --  Current mood pic.twitter.com/420hV3aoXj
Thu Jul 23 23:26:35 PDT 2015 --  I miss @conwayjules01.
Thu Jul 23 15:16:00 PDT 2015 --  Don’t be afraid of death, be afraid of an unlived life.
Thu Jul 23 13:44:29 PDT 2015 --  Coffee and music. #vero #nothingbetter #gonnamissthisguy https://instagram.com/p/5fhXOTgYPP/ 
Thu Jul 23 11:45:59 PDT 2015 --  Single ply toilet paper sucks. It seriously feels like I'm just using copy paper to wipe my butt...
Wed Jul 22 01:34:15 PDT 2015 --  Actual Love Doesn't Exist Without Some Level Of Extreme Selflessness. Some Sacrificial Level Of Serving The Thing You Care About Wildly.
Tue Jul 21 16:09:44 PDT 2015 --  Help me, I'm bored.
Mon Jul 20 23:31:41 PDT 2015 --  HMU people! :) just slide into those dms!
Sun Jul 19 13:04:20 PDT 2015 --  All time low is the anthem of my life right now. @jonbellion
Sun Jul 19 12:48:03 PDT 2015 --  I feel like this is anyone who drives with me. pic.twitter.com/pCp870yAhX
Sun Jul 19 03:52:11 PDT 2015 --  Kanye said it best pic.twitter.com/JjmZKpkBNF
Sat Jul 18 20:42:25 PDT 2015 --  I can't get you off my mind.
Sat Jul 18 17:54:07 PDT 2015 --  Listened back to what I've finished in the last 4 months. It's almost time and I've never been so excited to release new music.
Sat Jul 18 15:13:21 PDT 2015 --  If anyone wants to join, I'm gonna be at the turf fields kicking the soccer ball around! :)
Fri Jul 17 19:03:05 PDT 2015 --  Music is my addiction. No matter what happens in my life, it's good to know that i can always go to it and it makes me feel good.
Fri Jul 17 12:34:24 PDT 2015 --  I just need to get away right now...
Thu Jul 16 13:09:01 PDT 2015 --  On that Destiny grind!
Fri Jul 10 18:47:21 PDT 2015 --  Life is good.
Tue Jul 07 12:50:21 PDT 2015 --  Faith Is More Valuable Then The Actual Success That Comes From Having It.
Sun Jul 05 02:17:50 PDT 2015 --  you have complete control over what makes you happy or upset.
Fri Jul 03 19:17:08 PDT 2015 --  Listen to Zedd - I Want You To Know ( @MegaphonixMusic Remix) on @hypem http://awe.sm/fNkzW  #ZEDD https://www.hive.co/l/px7 
Wed Jun 24 23:44:36 PDT 2015 --  So Bored...
Wed Jun 24 21:09:04 PDT 2015 --  Hmm to walk home, or to not walk home...?
Wed Jun 24 21:07:22 PDT 2015 --  I'm sorry, I honestly don't like the office...no matter how many episodes I watch I can't get myself to like it. It just isn't that funny...
Sat Jun 20 03:37:20 PDT 2015 --  Seriously though, my sleep schedule is so messed up...
Tue Jun 16 19:12:02 PDT 2015 --  My second home. #musicismylife #beautifulmind https://instagram.com/p/4A1b-KgYFb/ 
Tue Jun 16 10:40:48 PDT 2015 --  Yes!!! It's finally happening! KINGDOM HEARTS 3!!! #E32015
Mon Jun 15 22:42:37 PDT 2015 --  What's going on tonight!?
Mon Jun 15 19:03:13 PDT 2015 --  The only thing I'm waiting for, is news about Kingdom Hearts 3. #E32015
Sun Jun 14 18:04:36 PDT 2015 --  GG Cosmo.
Sun Jun 14 17:56:22 PDT 2015 --  The ruse!
Sun Jun 14 17:54:16 PDT 2015 --  This #superMariomaker is insane!
Sun Jun 14 13:10:30 PDT 2015 --  "We live in an age, where everything is staged." - @jonbellion #wokethef*ckup
Thu Jun 11 18:15:38 PDT 2015 --  I seriously don't know why the Goodyear blimp is such a big deal...
Tue Jun 09 22:55:29 PDT 2015 --  I hate how slow my wifi is...
Fri Jun 05 14:10:21 PDT 2015 --  I want chipotle
Thu Jun 04 01:18:55 PDT 2015 --  "If I die tonight, take these two things with you. 1. Put God first. And 2. Love as many people as… https://instagram.com/p/3gBFrnAYIS/ 
Thu Jun 04 01:16:13 PDT 2015 --  Day 1 of 2 complete. On to Seattle tomorrow!!! @jonbellion @BlaqueKeyz #definitiontour #beautifulmind
Wed Jun 03 23:02:12 PDT 2015 --  Put God First. Love as many people as you can - Jon Bellion Thanks for a great first concert… https://instagram.com/p/3fs4Carpzz/ 
Wed Jun 03 14:37:18 PDT 2015 --  PDX TONIGHT. SOLD OUT. BRING IT JABRONIS.
Wed Jun 03 14:17:49 PDT 2015 --  Portland Tn. Sold Out!!!
Wed Jun 03 15:57:28 PDT 2015 --  Heading to Portland to see @jonbellion and @BlaqueKeyz!!!! The hype is real! #beautifulmind
Mon Jun 01 10:01:03 PDT 2015 --  http://espn.go.com/video/clip?id=12981760 … this is the dumbest thing I've seen today............ @JBullockSpeaks @NateSalinas @d_gilley @petejn83
Tue May 26 13:11:46 PDT 2015 --  #FannyPack Unplugged http://youtu.be/Of0P1ajrH3M 
Mon May 25 20:16:29 PDT 2015 --  I wish Eugene had radio stations that played good music
Fri May 22 18:39:03 PDT 2015 --  I would throw my controller so hard if this happens to me https://vine.co/v/eKEiKLhviAO 
Mon May 18 20:22:51 PDT 2015 --  pic.twitter.com/omSF9Zy9bB
Mon May 18 09:16:34 PDT 2015 --  Woke The F*ck Up https://soundcloud.com/jonbellion/jon-bellion-woke-the-fck-up …
Mon May 18 00:51:25 PDT 2015 --  "Last night I woke the fuck up. I realized that I need you here, as desperate as that sounds." - @jonbellion
Sun May 17 19:00:05 PDT 2015 --  New Music 2Moro.
Thu May 14 16:10:35 PDT 2015 --  Damn, these @jonbellion tweets got me feeling motivated!
Thu May 14 15:51:15 PDT 2015 --  The Media/World Slowly Entraps And Entices Us Into Putting Our Happiness Into Things That Are Fleeting And Inconstant. (beauty/money/power)
Thu May 14 15:53:06 PDT 2015 --  Let's All Be Careful Where We Place Our Worth! So We're Not Slaves To All The Hamster Wheel Bullshit!
Tue May 12 22:24:40 PDT 2015 --  New @jonbellion music in a few days.
Tue May 12 16:07:18 PDT 2015 --  NEW MUSIC IN A FEW DAYS. pic.twitter.com/8pauA5G4Gq
Tue May 12 15:05:21 PDT 2015 --  That awkward moment when you get invited somewhere then they leave without you...lol
Tue May 12 14:42:26 PDT 2015 --  This song is so sick! Check it out! Keep up the good work @jonbellion and @Zedd! https://youtu.be/HpbL7wteZr8 
Tue May 12 11:37:06 PDT 2015 --  CHECK my next single “Beautiful Now" ft. @jonbellion !!! Pre-order HERE: http://smarturl.it/ZeddTrueColors  https://amp.twimg.com/v/c42037fa-0668-471e-a075-d80cf600c431 …
Mon May 11 11:55:36 PDT 2015 --  Enter our Colada Fruit Refreshers Instagram Photo Contest and you could win one month of free smoothies! Details> http://bit.ly/Refesher 
Sat May 09 12:03:47 PDT 2015 --  3. More. Hours.
Sat May 09 11:53:14 PDT 2015 --  I Love My Parents. Like Can't Comprehend How Much They've Done And Still Do For Me.
Fri May 08 12:39:18 PDT 2015 --  RT if you're missing someone badly right now.
Fri May 08 10:45:07 PDT 2015 --  From way downtown! pic.twitter.com/jWxiVG8BqX
Thu May 07 09:52:58 PDT 2015 --  Listening to #FANNYPACK because it's been stuck in my head since it was released ðŸ¼
Wed May 06 20:00:00 PDT 2015 --  40 rts and ill make an acoustic version of fanny pack and post it lol http://m.youtube.com/watch?v=Tssxn590Bn8 …
Wed May 06 10:57:47 PDT 2015 --  So Excited for Today!!!!!!!! 5PM People!!!! #BeautifulSurprise
Wed May 06 10:33:23 PDT 2015 --  That was totally a compliment by the way. Everyone loves LMFAO -Amanda https://twitter.com/daniigracee/status/595978744654757888 …
Wed May 06 10:40:51 PDT 2015 --  BEAUTIFUL MIND Is Releasing Something Today. Cc: @BlaqueKeyz @TravisBTP @LonCanvas
Tue May 05 09:00:09 PDT 2015 --  HERE IT IS 'FANNY PACK' WATCH IT RETWEET IT ENJOY http://m.youtube.com/watch?v=Tssxn590Bn8 …
Tue May 05 09:01:29 PDT 2015 --  #FANNYPACK IS OUT NOW!! http://youtu.be/Tssxn590Bn8 
Wed Apr 29 13:47:48 PDT 2015 --  I get instantly depressed whenever I hear the song "fix you" by coldplay. #mrwprobs
Sat Apr 25 18:12:18 PDT 2015 --  Visit me at jamba!!! I close tonight.
Mon Apr 20 18:37:33 PDT 2015 --  Demons seem so small, the same one's that I've fought in all my nightmares. As I watch them fall I begin to realize my only enemy is me.
Mon Apr 20 09:50:55 PDT 2015 --  @ESPNNFL Eagles Trade trade 2 of there 3 QB's for Mariota who leads them to the Super Bowl #OverreactionMonday
Sun Apr 19 21:04:46 PDT 2015 --  Tonight's just one of those nights....
Sun Apr 19 20:08:09 PDT 2015 --  How was there not a single post about today's sunset? By far one of the best I've seen!
Sun Apr 19 19:54:35 PDT 2015 --  This sun is insane!
Sun Apr 19 16:05:53 PDT 2015 --  Tim Tebow is expected to sign a one-year deal with the Eagles on Monday morning. http://es.pn/1D3EPNd  pic.twitter.com/jXGfEpsGTF
Sat Apr 18 23:59:05 PDT 2015 --  I hate feeling negative about people.
Sat Apr 18 17:11:40 PDT 2015 --  I love it when people make plans in front of me and don't invite me!
Thu Apr 16 16:34:45 PDT 2015 --  Visit me at Jamba! I work the closing shift!
Thu Apr 16 15:16:00 PDT 2015 --  Sometimes it feels like I'm waiting for something that's never going to happen.
Wed Apr 15 10:12:31 PDT 2015 --  Here at work and all I can think about is making music and wanting to record more with @micahvonmusic.
Tue Apr 14 16:40:37 PDT 2015 --  Tickets At http://www.TheDefinitionTour.com 
Tue Apr 14 09:07:09 PDT 2015 --  All Time Low https://soundcloud.com/jonbellion/jon-bellion-all-time-low …
Sun Apr 12 17:59:03 PDT 2015 --  Releasing "All Time Low" In 2 Days!
Sun Apr 12 16:41:23 PDT 2015 --  A lot Of Times What I (WANT) Isn't Truly What I (NEED). That's Why I Think I Need To Have More Faith! Trust The Flow Gods Got For Me.
Fri Apr 10 09:05:39 PDT 2015 --  Got my tickets to see @jonbellion in Seattle!! Can't wait for June! #jonbellion #beautifulmind
Thu Apr 09 11:16:01 PDT 2015 --  I'm loyal to who is loyal to me.
Tue Apr 07 13:17:03 PDT 2015 --  So stoked to see @jonbellion! #beautifulmind #definitiontour pic.twitter.com/mxSeMVYP6c
Sun Apr 05 20:52:50 PDT 2015 --  Really wish I had someone to talk to.
Sat Apr 04 21:02:23 PDT 2015 --  Life is too short not to be happy
Sat Apr 04 10:55:09 PDT 2015 --  "We must always embrace the pain that comes with love" - @mrajswoboda
Fri Apr 03 13:38:39 PDT 2015 --  Can't wait to listen to @mrajswoboda speak tonight!!!
Thu Apr 02 19:16:03 PDT 2015 --  Simple rules in life. pic.twitter.com/07ZuVtMyFZ
Tue Mar 31 09:22:12 PDT 2015 --  Woodstock https://soundcloud.com/jonbellion/jon-bellion-woodstock …
Mon Mar 30 19:37:33 PDT 2015 --  Goals. Work out more, spend less money
Mon Mar 23 16:50:02 PDT 2015 --  Slow night at work! Come visit me at Jamba juice!! :)
Sat Mar 21 15:35:48 PDT 2015 --  Visit me at Jamba today!!! I work till 9! :)
Fri Mar 20 19:02:55 PDT 2015 --  Dream dangerously.
Fri Mar 20 17:09:28 PDT 2015 --  BEAUTIFUL MIND BEAUTIFUL MIND BEAUTIFUL MIND
Wed Mar 18 13:42:14 PDT 2015 --  When you say something funny in the group chat and then you start getting roasted pic.twitter.com/hP8CZwXjOh
Wed Mar 18 13:42:58 PDT 2015 --  Rick pic.twitter.com/wT6TRaZNGT
Tue Mar 17 13:06:09 PDT 2015 --  Give more, expect less.
Mon Mar 16 22:37:34 PDT 2015 --  Well now i know not to trust you ever again...
Mon Mar 16 19:16:03 PDT 2015 --  Deep pic.twitter.com/7inVfbd5eC
Mon Mar 16 15:47:13 PDT 2015 --  Very happy of the contestants this year! Before pageant started I told them to own the room, and I think we can all say they did. I'm proud!
Sat Mar 14 09:38:35 PDT 2015 --  They gonna find you pic.twitter.com/aQ6EbXGr8Z
Wed Mar 11 23:04:17 PDT 2015 --  You guys don't realize how awesome it feels for us formers to see you guys come together as a family. #Wolverinepageant
Wed Mar 11 23:02:26 PDT 2015 --  I've never been so stressed in my life.
Tue Mar 10 13:16:10 PDT 2015 --  Whatever you decide to do, make sure it makes you happy.
Mon Mar 09 13:14:50 PDT 2015 --  It's pageant week!
Sun Mar 08 10:30:44 PDT 2015 --  DUNK OF THE YEAR https://vine.co/v/OE7wXEMUdHO 
Sun Mar 08 00:31:05 PST 2015 --  Crazy how I still feel alone.
Thu Mar 05 20:22:15 PST 2015 --  goals pic.twitter.com/ojcDpoPkL3
Thu Mar 05 00:12:55 PST 2015 --  "Loneliness comes in waves." - @jonbellion
Wed Mar 04 17:31:37 PST 2015 --  This traffic is horrendous...
Wed Mar 04 09:15:40 PST 2015 --  Got denied from Harvard :( pic.twitter.com/VigHYU6plN
Wed Mar 04 00:05:02 PST 2015 --  Why you choose the window seat when you fly. pic.twitter.com/v1jATwMr2B
Tue Mar 03 11:53:04 PST 2015 --  GET YOUR TICKETS STARTING MARCH 3RD $10 FOR GENERAL & $15 FOR RESERVED MARCH 14th #SavingBabies pic.twitter.com/P9nFte3K1c
Tue Mar 03 16:58:01 PST 2015 --  Girls who say "suck my dick" aren't clever or funny. that shit is strange. you don't hear guys saying "eat my pussy" as a comeback
Tue Mar 03 17:02:33 PST 2015 --  #MUS227 Follow 4 follow!
Tue Mar 03 17:00:17 PST 2015 --  #MUS227 3
Tue Mar 03 16:59:20 PST 2015 --  #MUS227 2
Tue Mar 03 09:04:14 PST 2015 --  Interview time. Wish me luck!
Mon Mar 02 23:11:29 PST 2015 --  #KeysToVictory >
Mon Mar 02 10:24:22 PST 2015 --  Someone gave me their beagle sandwich this morning for free. It's going to be a good day! :)
Sun Mar 01 17:56:37 PST 2015 --  NICKELBACK: GREATEST BAND EVER. #OffendEveryoneIn4Words
Sun Mar 01 10:48:38 PST 2015 --  Find your passion, then be your passion
Sat Feb 28 01:15:08 PST 2015 --  @DCarcam0 I hate it even more when those same people claim "music is my life." If music is your life, you'd like it all.
Sat Feb 28 01:05:24 PST 2015 --  I wish people appreciated music more...
Fri Feb 27 16:44:31 PST 2015 --  I'm glad I can finally say that I am truly happy with my life. :)
Fri Feb 27 10:16:03 PST 2015 --  anybody else have this? pic.twitter.com/WBCkl8vuKs
Wed Feb 25 14:53:13 PST 2015 --  #wcw @selenagomez pic.twitter.com/1z4n4C3VsC
Wed Feb 25 10:57:22 PST 2015 --  Join us TOMORROW as our Contestants try and defeat the WHS staff #savingbabies pic.twitter.com/YtiizdeH8p
Tue Feb 24 18:26:20 PST 2015 --  Never let your past dictate your future. It's never too late to become better.
Tue Feb 24 11:54:00 PST 2015 --  It's so beautiful outside!!! #canitbespringalready
Tue Feb 24 10:28:56 PST 2015 --  When someone's down..Be the one to pick them up..Because in life it's not always about U! It's about being a better person #DoTheRightThing
Mon Feb 23 14:43:25 PST 2015 --  why is "thot" and "turnt" well understood but y'all still don't know the difference between their, there, and they're?
Mon Feb 23 13:38:46 PST 2015 --  College makes me wonder how the hell I sat through 7 hours of class per day in high school.
Mon Feb 23 11:16:03 PST 2015 --  Too many people are afraid to speak their mind.
Wed Feb 18 19:18:14 PST 2015 --  Blood make you related, loyalty make you family!!
Wed Feb 18 15:21:08 PST 2015 --  Pretty much pic.twitter.com/TIsp6tYYAR
Tue Feb 17 10:57:06 PST 2015 --  "Death and destruction will never be satisfied, and neither will the eye of man."
Sun Feb 15 21:44:44 PST 2015 --  Me trying to put my life back together. pic.twitter.com/H6BSEbUgKr
Sun Feb 15 21:04:14 PST 2015 --  Soo just so everyone knows, I was hacked...
Sun Feb 15 17:27:59 PST 2015 --  There goes my perfect streak of perfect driving...
Sun Feb 15 17:27:32 PST 2015 --  Old people should not drive.
Fri Feb 13 19:51:05 PST 2015 --  YOOOO IM CRYING LMAOOOOO pic.twitter.com/bsTOptLDhW
Fri Feb 13 10:48:40 PST 2015 --  If an unfollow upsets you reevaluate your life
Fri Feb 13 08:07:04 PST 2015 --  Tomorrow is gonna be huge
Thu Feb 12 21:35:30 PST 2015 --  "I THOUGHT MIXTAPES WERE FREE?" DRAKE: pic.twitter.com/xZsFAMbJcU
Wed Feb 11 23:44:53 PST 2015 --  Never to late for a #wcw @brianaevigan_2 pic.twitter.com/ZIFB5ekVEc
Wed Feb 11 22:53:06 PST 2015 --  Dreaming... pic.twitter.com/lu89N5MArZ
Wed Feb 11 22:03:38 PST 2015 --  When someone plays Country music in the car pic.twitter.com/nyBSyWBe0F
Wed Feb 11 18:58:53 PST 2015 --  Have a good night everyone! https://www.youtube.com/watch?v=tgQBkHslZtY …
Wed Feb 11 15:41:49 PST 2015 --  hair and makeup 00:00:00:21:20:07:84 http://www.yeezy.supply 
Wed Feb 11 15:30:22 PST 2015 --  Sooo now that Andrew Garfield isn't playing Spider-man anymore, does that mean @donaldglover is Spider-man now?
Wed Feb 11 11:49:23 PST 2015 --  "Ugh my right ovarie hurts..." - @hannahcurrie6
Tue Feb 10 21:58:04 PST 2015 --  take actions, get results
Sun Feb 08 17:28:46 PST 2015 --  Won A Grammy Tonight.
Sun Feb 08 17:19:21 PST 2015 --  Young to Benjamin AGAIN! #GoDucks #FLYWITHUS http://snpy.tv/1zyY1p1 
Sun Feb 08 06:00:07 PST 2015 --  We keep our promises – #TheWalkingDead is back TONIGHT at 9|8c. pic.twitter.com/GnvZol4Mn2
Sun Feb 08 15:17:09 PST 2015 --  00:00:03:21:45:33:05 http://yeezy.supply 
Sat Feb 07 06:00:13 PST 2015 --  Tomorrow: Twitter takeover at 8|7c. #AskTWD TV takeover at 9|8c. #TheWalkingDead pic.twitter.com/AvUFKL1d0K
Wed Jan 28 20:21:38 PST 2015 --  i wanted it to be you. god damn, i really did
Fri Feb 06 10:18:24 PST 2015 --  printing invites 00:00:00:05:23:14 http://yeezy.supply 
Thu Feb 05 20:38:39 PST 2015 --  When you wake up tomorrow and realize it's still not the weekend pic.twitter.com/D1NQ31XTTD
Thu Feb 05 22:25:10 PST 2015 --  I don't even know what i'm wearing tomorrow, how am i supposed to tell you about my future?
Thu Feb 05 22:16:05 PST 2015 --  Do not give up: the beginning is always the hardest.
Thu Feb 05 21:50:43 PST 2015 --  My car, my aux #rulesarerules
Thu Feb 05 20:17:18 PST 2015 --  You really shouldn't take the mean things that I say seriously. Cause I don't mean a single word.
Thu Feb 05 20:04:08 PST 2015 --  Eyyyyy!!! Well it's Thursday and the @DBEug Chambers and 11th stand is super slow!!! Haven't seen a face in an hour! #ThirstyThursday
Thu Feb 05 15:13:00 PST 2015 --  9 DAYS. #FindYourLoveActI #TheMasterKeyPrinciples #BeautifulMind pic.twitter.com/IxYuOjcK3U
Wed Feb 04 21:30:41 PST 2015 --  I promise I'm a great guy!
Wed Feb 04 21:30:05 PST 2015 --  Looking for a Bae to spend valentine's day with...
Wed Feb 04 12:12:52 PST 2015 --  So soon pic.twitter.com/TA9plsHBEn
Tue Feb 03 23:16:04 PST 2015 --  I didn't change, I grew up. There's a difference.
Tue Feb 03 18:16:05 PST 2015 --  An open mind is a beautiful mind.
Mon Feb 02 19:04:24 PST 2015 --  To the person who stole $40 from me, i hope you use that for good use.
Mon Feb 02 19:01:54 PST 2015 --  gonna head to skinners butte at 7:30 if anyone wants to join!
Mon Feb 02 12:52:38 PST 2015 --  "As I take off on an airplane I realize the dream I'm chasing is true. Yes I'm afraid of heights but I'm not afraid to fly." #BeautifulMind
Mon Feb 02 11:47:08 PST 2015 --  Buy a bracelet any contestant! $2 AND you get entered in a drawing to win 2 tickets to the pageant on March 14th pic.twitter.com/9gmzcjo8tJ
Mon Feb 02 09:13:43 PST 2015 --  Squad goals pic.twitter.com/hHbMEncQAx
Sun Feb 01 19:01:11 PST 2015 --  BREAKING: Marshawn Lynch has announced he is officially a free agent #SuperBowl
Sun Feb 01 19:25:20 PST 2015 --  I wanna see this fight everyone is talking about!!!!
Sun Feb 01 17:26:28 PST 2015 --  Missy Elliott just won the super bowl.
Sun Feb 01 17:12:29 PST 2015 --  Katy Perry be the mother of my child
Sun Feb 01 17:20:14 PST 2015 --  I fucking love me some Missy Elliot! #HalftimeShow
Sun Feb 01 17:19:37 PST 2015 --  MISSSSYYYY!!!!!!
Sun Feb 01 16:14:18 PST 2015 --  This coca cola commercial makes my heart happy
Sun Feb 01 12:39:54 PST 2015 --  Return love with love.
Sun Feb 01 11:24:27 PST 2015 --  To the person reading this: You're beautiful! :) have a good day! #BeautifulMind
Sat Jan 31 14:50:09 PST 2015 --  Beautiful Mind is not a clique. It's a FAMILY.
Sat Jan 31 02:03:17 PST 2015 --  I LOVE not being invited to things...
Fri Jan 30 17:16:08 PST 2015 --  Why complicate life? pic.twitter.com/7JUpyenGfR
Fri Jan 30 22:04:17 PST 2015 --  It's funny how I'm that person people come to when they need to talk, but they won't do it back when I need them the most.
Fri Jan 30 21:52:50 PST 2015 --  I'm heading to skinners if anyone wants to join!
Fri Jan 30 21:23:48 PST 2015 --  It's crazy that I still feel like an outcast...
Fri Jan 30 20:35:07 PST 2015 --  Portland, Oregon pic.twitter.com/Oy2X4FjnSK
Fri Jan 30 14:15:52 PST 2015 --  You can add me I guess! pic.twitter.com/EbSuj44HA3
Wed Jan 28 18:02:08 PST 2015 --  Treat yourself to a Blizzard from DQ this Friday! $1 from each Blizzard sold goes to CMN! pic.twitter.com/6QJOu2v58N
Wed Jan 28 12:03:16 PST 2015 --  It's scary how rude i can get towards you if you make me upset.
Wed Jan 28 11:55:36 PST 2015 --  Wow...really?
Tue Jan 27 23:16:01 PST 2015 --  relationships aren't everything pic.twitter.com/UpP6U5L5e4
Tue Jan 27 22:44:44 PST 2015 --  " @IntThings: Go confidently in the direction of your dreams. Live the life you have imagined"
Tue Jan 27 22:14:29 PST 2015 --  Go confidently in the direction of your dreams. Live the life you have imagined
Tue Jan 27 19:52:56 PST 2015 --  "Imagine the things you could do with a longer tounge..." - @hannahcurrie6
Mon Jan 26 14:32:20 PST 2015 --  THE FIRST SINGLE FROM MY DEBUT PROJECT WILL BE DROPPING ON 2/14/15!!!! RT RT RT RT RT #BeautifulMind
Sun Jan 25 19:01:26 PST 2015 --  Have a good night everyone! :) http://youtu.be/jx96Twg-Aew 
Sun Jan 25 16:21:44 PST 2015 --  JJ Watt sees Odell Beckham Jr.'s one-handed catches and raises him a throw from the stands. Pro Bowl on ESPN, 8 ET. https://vine.co/v/OTMthnPqjWI 
Sun Jan 25 10:48:28 PST 2015 --  RT @PaulSwangard: Prefontaine would have been 64 today. "Don’t be afraid to give up the good to go for the great." pic.twitter.com/SnFrkBmMgU
Fri Jan 23 14:23:33 PST 2015 --  Retweet and Follow for a chance to win one of these. pic.twitter.com/RvHw2Ha3ZB
Fri Jan 23 22:16:01 PST 2015 --  seriously... pic.twitter.com/khNC1ZdwMA
Fri Jan 23 21:52:41 PST 2015 --  People should take advantage whenever I say "we should talk" or "let's go talk".
Thu Jan 22 23:16:01 PST 2015 --  Stay loyal. Stay faithful. Stay true.
Thu Jan 22 20:48:44 PST 2015 --  Home. #hellobeautifuloregon
Thu Jan 22 09:54:11 PST 2015 --  I wish I had a British accent...
Thu Jan 22 08:53:43 PST 2015 --  Hello, I'm David and I have a shoe problem... #alwayswantshoes
Thu Jan 22 06:16:00 PST 2015 --  I'm in love with pretty night skies pic.twitter.com/41NsoBpNOg
Thu Jan 22 04:36:58 PST 2015 --  Good morning tweeple! :) pic.twitter.com/rWebQey3zy
Wed Jan 21 23:16:01 PST 2015 --  "Fuck it" - My final thought before making most decisions.
Wed Jan 21 21:22:46 PST 2015 --  24 hours from now, @keegsmoyer will have his roommate back! #bromance
Wed Jan 21 15:16:00 PST 2015 --  wish it was this easy... pic.twitter.com/B2H8QMzJCt
Wed Jan 21 13:44:35 PST 2015 --  " @ScumbagPisToL: This generation will be known as the generation that grew up too fast."
Wed Jan 21 07:19:47 PST 2015 --  When your mates make plans without you pic.twitter.com/BEGuYlBeaB
Tue Jan 20 06:50:22 PST 2015 --  #islandofadventure pic.twitter.com/78RY6fEgq6
Tue Jan 20 04:06:12 PST 2015 --  I wanna chase the morning sun when I'm with you.
Mon Jan 19 21:28:15 PST 2015 --  Finally watching the Lord of the Ring trilogy. Day 1 of many.
Mon Jan 19 17:38:14 PST 2015 --  I just want a girl that I can tell everything to. Is that too much to ask for?
Mon Jan 19 17:25:09 PST 2015 --  Miami pic.twitter.com/LMbmHyPLzC
Sun Jan 18 23:30:23 PST 2015 --  Surround yourself with others who strive for greatness.
Sun Jan 18 23:16:02 PST 2015 --  At the end of the day you have to do the right thing no matter what.
Sun Jan 18 22:30:08 PST 2015 --  If it was easy, everyone would do it. pic.twitter.com/Dr7tVcrCNL
Sun Jan 18 18:27:18 PST 2015 --  This Patriots team looks crazy good. Totally just dominating the Colts.
Sun Jan 18 18:25:23 PST 2015 --  "Work like there is someone working 24 hours a day to take it away from you." - @mcuban
Sun Jan 18 16:14:01 PST 2015 --  Everywhere i go, im always ignored...
Sun Jan 18 15:59:02 PST 2015 --  It's crazy that when Russell Wilson praises God, everyone adores him. But when Tebow did it... well you know...
Sun Jan 18 15:56:07 PST 2015 --  Oh no Russell Wilson is praising God on tv! Careful NFL doesn't like that!
Sun Jan 18 15:21:35 PST 2015 --  Honestly, I want the packers to win. Aaron Rodgers deserves to win the super bowl with how great of a season he's had.
Sat Jan 17 23:28:55 PST 2015 --  Can't sleep. Someone talk to me! :)
Sat Jan 17 19:39:29 PST 2015 --  Drunk people are not fun to be around.
Sat Jan 17 17:27:54 PST 2015 --  Why the hell is that song from mocking jay playing on the radio?
Sat Jan 17 15:16:01 PST 2015 --  Never regret anything pic.twitter.com/gcoeFILl0L
Sat Jan 17 14:32:24 PST 2015 --  Of course everything fun happens when I'm gone...
Fri Jan 16 17:07:30 PST 2015 --  I @_oliviabrous appreciate even though I haven't seen her in forever! Miss you! :)
Thu Jan 15 13:33:28 PST 2015 --  Goals: get a date with that Dutch Bros girl.
