Thu Aug 27 07:49:08 PDT 2015 --  Please gut be wrong.
Wed Aug 26 21:28:48 PDT 2015 --  Behind me is infinite power, before me is endless possibility, around me is boundless opportunity. - Author Unknown
Wed Aug 26 21:31:14 PDT 2015 --  Everyone has a reason to #LoveTheWorld. What's yours? Find out here: http://bbc.in/1IzQ0oY  pic.twitter.com/e8KTyY9bKM
Wed Aug 26 21:42:14 PDT 2015 --  Our greatest glory is not in never failing, but in rising up every time we fail.
Wed Aug 26 21:45:23 PDT 2015 --  The most precious possession that ever comes to a man in this world is a woman's heart? – Josiah G. Holland
Wed Aug 26 21:54:27 PDT 2015 --  Never let the things you want make you forget the things you have. #gratitude
Wed Aug 26 21:56:56 PDT 2015 --  If you want it, work for it! SIMPLE!
Wed Aug 26 22:01:37 PDT 2015 --  Don't be pushed around by your problems. Be led by your dreams.
Wed Aug 26 22:07:44 PDT 2015 --  If you want to know what a man's like, take a good look at how he treats his inferiors, not his equals.
Wed Aug 26 22:09:02 PDT 2015 --  Stop letting people who do so little for you, control so much of your mind, feelings, and emotions.
Wed Aug 26 22:12:09 PDT 2015 --  Don't find fault. Find a remedy.
Wed Aug 26 22:35:09 PDT 2015 --  "The key to the ability to change is a changeless sense of who you are, what you are about and what you value." - Stephen R. Covey
Wed Aug 26 22:50:00 PDT 2015 --  Be Sure To Do What Is Right For You. No One Else Is Walking In Your Shoes http://buff.ly/1JnKYHF 
Wed Aug 26 22:50:26 PDT 2015 --  Do something today that your future self will thank you for.
Mon Jul 27 19:41:03 PDT 2015 --  This is how a baby gorilla & baby human react to a cold stethoscope. pic.twitter.com/aCdpBfKSdR
Wed Jul 22 13:09:55 PDT 2015 --  This is what a river in Japan filled with cherry blossom petals looks like. pic.twitter.com/0pazYwhkbL
Wed Aug 26 09:35:29 PDT 2015 --  Great indeed is our need to love - Julia Hartwig
Wed Aug 26 09:40:52 PDT 2015 --  pic.twitter.com/0eoXLNOSio
Wed Aug 26 09:46:52 PDT 2015 --  Why not go out on a limb? That's where the fruit is.
Tue Aug 25 21:15:33 PDT 2015 --  Training and managing your own mind is the most important skill you could ever own, in terms of both happiness and success. – T. Harv Eker
Wed Aug 26 06:02:02 PDT 2015 --  Act with no expectation of reward or recognition.
Wed Aug 26 06:10:58 PDT 2015 --  Do all the good you can, to as many people as you can, as often as you can.
Wed Aug 26 06:20:02 PDT 2015 --  We Are All A Little Broken. But Last Time I Checked, Broken Crayons Still Color The Same http://buff.ly/1TZW8O6 
Wed Aug 26 06:31:04 PDT 2015 --  Learn to appreciate what you have, before time makes you appreciate what you had.
Wed Aug 26 06:35:49 PDT 2015 --  You will be constantly disappointed if you expect of others what you would do.
Mon Aug 24 22:49:39 PDT 2015 --  In the end, we only regret the chances we didn't take.
Tue Aug 25 20:15:37 PDT 2015 --  For it was not into my ear you whispered, but into my heart. It was not my lips you kissed, but my soul. – Judy Garland
Tue Aug 25 20:35:25 PDT 2015 --  Let love win.
Tue Aug 25 20:35:30 PDT 2015 --  "It is not how much we have, but how much we enjoy that makes happiness." - Charles Sprugeon
Tue Aug 25 20:38:12 PDT 2015 --  I learned that the only way you are going to get anywhere in life is to work hard at it. -Bruce Jenner
Tue Aug 25 20:42:39 PDT 2015 --  There are no shortcuts to any place worth going.
Tue Aug 25 20:45:33 PDT 2015 --  Where hope grows, miracles blossom. – Elna Rae
Tue Aug 25 20:48:34 PDT 2015 --  If you're not part of the solution, you're part of the problem. - African Proverb
Tue Aug 25 20:49:32 PDT 2015 --  Opportunity follows struggle. It follows effort. It follows hard work. It doesn't come before.
Tue Aug 25 20:55:39 PDT 2015 --  Hope anchors the soul.
Mon Aug 24 22:43:37 PDT 2015 --  If you're always racing to the next moment, what happens to the one you're in?
Mon Aug 24 22:45:49 PDT 2015 --  Never get so busy making a living that you forget to make a life..
Mon Aug 24 22:48:04 PDT 2015 --  Some people's weakness is that they care too much, it's also their strength.
Mon Aug 24 22:50:30 PDT 2015 --  "Anger is an acid that can do more harm to the vessel in which it is stored them to anything on which it is poured" - Mark Twain
Sat Aug 22 21:45:13 PDT 2015 --  Heartbreak and heartache the worst feelings ever!!!
Sat Aug 22 21:43:36 PDT 2015 --  Devastation and heartbreak = when you realize that you were wrong about the one you love.
Sat Aug 22 19:05:17 PDT 2015 --  Sometimes what you're most afraid of doing is the very thing that will set you free.
Sat Aug 22 19:15:23 PDT 2015 --  Women need real moments of solitude and self-reflection to balance out how much of ourselves we give away. – Barbara De Angelis
Sat Aug 22 19:49:44 PDT 2015 --  No matter how far you have gone on the wrong road, you can still turn around.
Sat Aug 22 19:59:47 PDT 2015 --  What good is a bitter heart? This is not love.
Sat Aug 22 19:57:32 PDT 2015 --  Never grieve for an imagined person or future. Keep it real. Difficult.
Sat Aug 22 19:55:53 PDT 2015 --  True colors shine through under pressure. Crushed.
Fri Aug 21 11:47:01 PDT 2015 --  Liechtenstein, the world’s sixth smallest country, is the largest exporter of false teeth.
Fri Aug 21 08:33:51 PDT 2015 --  Imagine that: pic.twitter.com/e365UHCqoy
Fri Aug 21 08:52:38 PDT 2015 --  The meaning of life is to give life a meaning.
Fri Aug 21 09:49:49 PDT 2015 --  Never let the things you want make you forget the things you have. #gratitude
Fri Aug 21 10:15:16 PDT 2015 --  Women are more attracted to someone with the ability to make them laugh. Laughter strengthens relationships.
Thu Aug 20 08:41:10 PDT 2015 --  The most hyped emerging technology of 2015 http://for.tn/1EEFQO4 
Thu Aug 20 09:11:21 PDT 2015 --  Be the type of person you want to meet.
Thu Aug 20 09:20:38 PDT 2015 --  Do what you can, with what you have, where you are. -Theodore Roosevelt
Thu Aug 20 12:23:03 PDT 2015 --  Indonesia offers offers beauty, intimacy and great deals for travelers http://nyti.ms/1UVm2zo  pic.twitter.com/O0OWU8lTDS
Thu Aug 20 12:28:36 PDT 2015 --  Life is 10% what happens to you and 90% how you handle it.
Thu Aug 20 12:29:32 PDT 2015 --  Do what is right, not what is easy.
Thu Aug 20 12:45:38 PDT 2015 --  The-other-white-meat is making a comeback! 4 delicious pork dishes that are actually healthy: http://bit.ly/1MGLQhp  pic.twitter.com/5Uj7CNvtln
Thu Aug 20 09:08:46 PDT 2015 --  Every run counts. Every bit of junk food hurts. Do a few pushups. Run another minute. No mercy, it's not a game, it's your life.
Thu Aug 20 09:04:11 PDT 2015 --  Where Peruvian pink salt comes from http://bloom.bg/1NGGwaO  pic.twitter.com/VL00dyHjZ0
Wed Aug 19 00:33:45 PDT 2015 --  Turn your wounds into wisdom.
Wed Aug 19 00:48:02 PDT 2015 --  Stay positive. The things you are waiting and hoping for, tend to arrive at the most unexpected moments.
Wed Aug 19 01:07:26 PDT 2015 --  A 31 year-old man raised in Soweto will take over from Jon Stewart as host of “The Daily Show" http://econ.st/1EAymfd  pic.twitter.com/dgtZFMBsbK
Wed Aug 19 01:11:55 PDT 2015 --  VIDEO: 'Female Viagra' pill approved in US http://bbc.in/1MCrZQz 
Wed Aug 19 01:43:41 PDT 2015 --  Create a life that feels good on the inside, not one that just looks good on the outside.
Wed Aug 19 01:47:01 PDT 2015 --  In Japanese, there are at least 20 different ways to say "sorry."
Wed Aug 19 02:04:42 PDT 2015 --  Love is what makes you smile when you're tired.
Wed Aug 19 02:05:53 PDT 2015 --  Size matters: we're mouthing off on sharing menu #restaurants with teeny-tiny tables http://goo.gl/DSpRga  #foodie pic.twitter.com/mwmZfjpccU
Tue Aug 18 21:23:28 PDT 2015 --  Make the rest of your life the best of your life.
Tue Aug 18 22:30:27 PDT 2015 --  #PT seems out of my reach
Tue Aug 18 18:33:41 PDT 2015 --  Love, family, stability, happy times, simple life.
Tue Aug 18 10:28:25 PDT 2015 --  Time to start somewhere new?
Mon Aug 17 10:18:39 PDT 2015 --  Very very very sad. It could have been so different.
Mon Aug 17 10:17:54 PDT 2015 --  I have nothing more to say and better like this as nothing I say or do is appreciated. And now I'm to blame for everything.
Sun Aug 16 20:46:35 PDT 2015 --  Courage isn't having the strength to go on - it is going on when you don't have strength. - Napoleon Bonaparte
Sun Aug 16 20:55:57 PDT 2015 --  Faith in God includes faith in His timing.
Sun Aug 16 05:14:59 PDT 2015 --  Love you and miss you so much. Happy birthday. pic.twitter.com/nmL2zBPO8o
Fri Aug 14 22:32:05 PDT 2015 --  In the wild, pandas can mate as many as 48 times in an hour.
Thu Aug 13 15:40:05 PDT 2015 --  Basics. pic.twitter.com/EsHHyWEnOn
Fri Aug 14 21:40:00 PDT 2015 --  Ask yourself what you want if you're not afraid. Then go for it.
Wed Aug 12 20:14:14 PDT 2015 --  "Be the heroine of your life, not the victim." -Nora Ephron
Thu Aug 13 11:18:05 PDT 2015 --  pic.twitter.com/E82imfRiAZ
Fri Aug 14 10:36:06 PDT 2015 --  This pic.twitter.com/LwGk5cwQHS
Thu Aug 13 18:14:01 PDT 2015 --  People will forget what you said, people will forget what you did, but people will never forget how you made them feel.
Thu Aug 13 20:46:34 PDT 2015 --  Surround yourself with those who bring out the best in you, not the stress in you.
Fri Aug 14 00:10:51 PDT 2015 --  People who are meant to be together will always find their way back.
Fri Aug 14 06:59:02 PDT 2015 --  When things aren't adding up in your life, start subtracting.
Fri Aug 14 13:46:34 PDT 2015 --  Surround yourself only with people who are going to lift you higher.
Fri Aug 14 14:37:41 PDT 2015 --  Life is change. Growth is optional. Choose wisely. -Unknown
Sat Jul 25 06:32:11 PDT 2015 --  The purpose of life is a life of purpose. ~ Robert Byrne #RT #uplifting #quotes
Sun Jul 26 06:32:04 PDT 2015 --  The happiness of your life depends upon the quality of your thoughts; therefore guard accordingly. ~ Marcus Aurelius #RT #uplifting #quotes
Sun Aug 09 06:32:13 PDT 2015 --  Victory is always possible for the person who refuses to stop fighting. - Napoleon Hill
Fri Aug 14 04:32:01 PDT 2015 --  Always be honest in your dealings, the universe gives to those who are true to their word. Those who are not end up with nothing.
Fri Aug 14 11:56:34 PDT 2015 --  To accomplish great things, we must dream as well as act. - Anatole France
Fri Aug 14 20:41:53 PDT 2015 --  The true hypocrite is the one who ceases to perceive his deception, the one who lies with sincerity. - Andre Gide
Fri Aug 14 21:45:22 PDT 2015 --  The world has the habit of making room for the man whose actions show that he knows where he is going. – Napoleon Hill
Thu Aug 06 23:05:03 PDT 2015 --  Dear girls pic.twitter.com/LXZ3JYFkuB
Thu Aug 06 16:02:39 PDT 2015 --  Seems this is the best quality people Bahrain has to offer? If so I'm out of here ASAP.
Thu Aug 06 16:01:38 PDT 2015 --  I'm truly hurt and disappointed beyond repair this time. What a low life individual. I didn't think he was so inconsiderate and selfish.
Thu Aug 06 16:00:25 PDT 2015 --  I know that I truly deserve wayyyy more respect, love, consideration, kindness.....the list goes on......Have some self respect Em!
Wed Aug 05 20:17:01 PDT 2015 --  In 2013, a dad in China hired gamers to kill his son in video games so the son would start looking for a job and get a life.
Wed Aug 05 20:25:39 PDT 2015 --  I don't know what my future holds, but I do know who holds my future. -Tim Tebow
Wed Aug 05 20:30:46 PDT 2015 --  Don't sit back and let things happen to you. Go out and happen to things.
Wed Aug 05 20:36:38 PDT 2015 --  When a goal matters enough to a person, that person will find a way to accomplish what at first seemed impossible. - Nido Qubein
Wed Aug 05 20:22:06 PDT 2015 --  Daily inspiration for you: pic.twitter.com/Q1o0WWDihO
Wed Aug 05 20:55:09 PDT 2015 --  Need to be making each day count. There's more to life in Bahrain than sleeping early every night and it's time for me to find out.
Wed Aug 05 19:33:43 PDT 2015 --  Caution required. Dishonesty and lack of self awareness surrounds me. Do better.
Tue Aug 04 16:25:09 PDT 2015 --  Know your worth and when you deserve much more!
Tue Aug 04 10:11:46 PDT 2015 --  You can only put up with so much shit without love or anything in return.
Mon Aug 03 23:57:26 PDT 2015 --  I wish I could remember and abide by every word and rule written in this book. @EckhartTolle this is a masterpiece! pic.twitter.com/7T3g2HF86p
Mon Aug 03 01:39:52 PDT 2015 --  Unhappy
Sat Aug 01 12:31:37 PDT 2015 --  Suffering in sadness continues....
Fri Jul 31 16:23:45 PDT 2015 --  Am I scary?
Fri Jul 31 15:20:07 PDT 2015 --  Hope
Thu Jul 30 13:58:37 PDT 2015 --  Confused. Wanted or not?
Wed Jul 29 07:43:17 PDT 2015 --  Won't think outside of the box. The End.
Tue Jul 28 21:56:46 PDT 2015 --  Do your best and forget the rest. 🏻
Tue Jul 28 12:55:37 PDT 2015 --  Determined.
Tue Jul 28 09:13:52 PDT 2015 --  This is not love.
Tue Jul 28 08:58:04 PDT 2015 --  I don't want it if this is what it's going to be like forever. Changed so much.
Tue Jul 28 08:34:05 PDT 2015 --  Nothing but endless frustration. What happened to fun and laughter? Seems we killed it.
Tue Jul 28 03:52:02 PDT 2015 --  Tension, complication, sadness......is that all that's left?
Tue Jul 28 00:52:30 PDT 2015 --  When you say yes to others, make sure you are not saying no to yourself.
Mon Jul 27 16:06:17 PDT 2015 --  Please no more lies. Be real and true. Please.
Mon Jul 27 10:37:34 PDT 2015 --  Solution proposed. Let's see!
Mon Jul 27 03:20:17 PDT 2015 --  Honesty and Trust: the two most important keys to a successful, happy and loving relationship
Sun Jul 26 10:42:41 PDT 2015 --  Associate yourself with people of good quality, for it is better to be alone than in bad company.
Sun Jul 26 10:45:06 PDT 2015 --  Sheraton hotel, Huzhou, China pic.twitter.com/f0XspKcJNe
Sun Jul 26 11:18:29 PDT 2015 --  Positivity is a choice.
Sun Jul 26 11:29:26 PDT 2015 --  Why You're Tired All The Time + How To Feel Better by @juliedaniluk http://mbg.to/kkaPQtt  pic.twitter.com/C3TC72XC9r
Sun Jul 26 02:50:37 PDT 2015 --  Go for what you want 150%!
Sun Jul 26 00:38:13 PDT 2015 --  I believe in LOVE
Sat Jul 25 11:38:29 PDT 2015 --  Keeping my options open when I'd rather not! Frustrating and yes a BIG deal!
Fri Jul 24 15:55:06 PDT 2015 --  Don't promise me things. I don't trust words, I trust actions.
Sat Jul 25 05:20:12 PDT 2015 --  Two things define you: Your patience when you have nothing, and your attitude when you have everything.
Thu Jul 23 23:00:58 PDT 2015 --  #Love is the ultimate reality. pic.twitter.com/dOdW8jMQkM
Sat Jul 25 05:16:36 PDT 2015 --  I miss the fun and being two....as much as I love me time.
Thu Jul 23 23:07:03 PDT 2015 --  The time when you follow your head is when if you don't your heart won't survive.
Thu Jul 23 21:01:08 PDT 2015 --  Never more clearly have I understood the phrase 'Timing is Everything'!
Wed Jul 22 07:09:44 PDT 2015 --  I really want to make a family
Tue Jul 21 00:04:22 PDT 2015 --  Thank God for the blessing of travel to change perspective and to strengthen clarity of mind.
Mon Jul 20 05:31:43 PDT 2015 --  "This above all: to thine own self be true, And it must follow, as the night the day, Thou canst not then be false to any man" Hamlet Act 1
Mon Jul 20 05:13:14 PDT 2015 --  Is it possible that nothing he says is the pure truth? I just can't comprehend such a thing!
Sun Jul 19 17:11:44 PDT 2015 --  I'm not crazy. He lies. Over and over and over and isn't aware of it!!!!
Thu Jul 16 02:19:31 PDT 2015 --  Feels like game over with all that attitude! Sick of it. What happened to basics like honesty and respect?
Wed Jul 15 23:43:58 PDT 2015 --  He expects everything to be normal after so much damage and misery for such a long time. Unrealistic.
Wed Jul 15 23:42:20 PDT 2015 --  Seems to think I expect too much. But actually these are the basics to live a happy life.
Wed Jul 15 10:44:05 PDT 2015 --  Torn. Very.
Mon Jul 13 09:07:02 PDT 2015 --  Obviously was never real love. #PT
Mon Jul 13 09:06:26 PDT 2015 --  He hates and now wants to break me. Not normal.
Sun Jul 12 10:20:21 PDT 2015 --  I'm hated and hugely heartbroken by the one that I love all for what reason????
Sat Jul 11 06:22:38 PDT 2015 --  We both give up. Just too hard to fix and make right.
Fri Jul 10 15:07:22 PDT 2015 --  I am the fool to accept this over and over and over. I deserve much better!!
Fri Jul 10 15:06:40 PDT 2015 --  Still lying. Far from being what I need. Scared to move forward with what I want. Enough already!!
Thu Jul 09 12:21:10 PDT 2015 --  Crippled by the sadness in my heart!!!
Tue Jul 07 10:58:45 PDT 2015 --  If there's barely anything positive remaining then let it go. Why it has to be so hard to let go I do not know!
Tue Jul 07 02:21:06 PDT 2015 --  Screen addiction is taking a toll on children http://nyti.ms/1JKRvlx  pic.twitter.com/fUlUsq2A0x
Fri Jul 03 14:39:30 PDT 2015 --  I HAVE to let go now.
Thu Jul 02 13:10:10 PDT 2015 --  What do you do with a withdrawn person?
Thu Jul 02 05:26:36 PDT 2015 --  Every day the same selfishness. Talk is cheap.
Wed Jul 01 00:15:12 PDT 2015 --  So much heartache it's unbearable.
Tue Jun 30 11:48:50 PDT 2015 --  So much space between us now. Difficult to come back from now.
Tue Jun 30 08:56:13 PDT 2015 --  I've become so old and sad looking!
Mon Jun 29 10:40:16 PDT 2015 --  Toxicity
Sun Jun 28 11:59:03 PDT 2015 --  Nothing happening. Need a new plan.
Sat Jun 27 10:41:37 PDT 2015 --  Sometimes God doesn't change your situation because He's trying to change your heart.
Fri Jun 26 13:27:00 PDT 2015 --  pic.twitter.com/KNIhJWtCUB
Fri Jun 26 13:11:27 PDT 2015 --  When will the world unite against them? When????
Fri Jun 26 13:10:35 PDT 2015 --  Little trust. Not good.
Thu Jun 25 14:29:34 PDT 2015 --  Feeling very strange tonight
Thu Jun 25 14:29:04 PDT 2015 --  If I know there's more then what am I doing?
Wed Jun 24 22:44:50 PDT 2015 --  On the other side of all breakdowns is a breakthrough! (o:
Tue Jun 23 22:43:51 PDT 2015 --  Free your mind and the rest will follow.
Tue Jun 23 02:41:43 PDT 2015 --  'Boredom is a sign of a weak mind' - Kamari aka Lyrikal
Mon Jun 22 23:40:17 PDT 2015 --  Incredible how much your perception changes by being more mindful!!
Mon Jun 22 01:46:50 PDT 2015 --  There's much more to life.
Wed Jun 17 02:10:32 PDT 2015 --  If your life is too busy to try #mindfulness, then you really ought to try #mindfulness.
Wed Jun 17 05:10:49 PDT 2015 --  When we can tolerate our thoughts better, negative events tend to have less of an impact on our mood. #mindfulness
Wed Jun 17 07:25:39 PDT 2015 --  "If you look for problems, you will find them." ~ Richard Bandler #mindfulness
Wed Jun 17 15:10:50 PDT 2015 --  There's no need to try and change your mind. If you give it some space, it might just change itself. #mindfulness
Wed Jun 17 21:25:11 PDT 2015 --  “Life is an endless process of self-discovery.” ~ James Gardner #mindfulness
Wed Jun 17 19:15:36 PDT 2015 --  Life can be tough. There will be plenty of opportunities to practise acceptance. #mindfulness
Thu Jun 18 01:15:36 PDT 2015 --  Life is more peaceful when you accept things the way that they turn out. #mindfulness
Thu Jun 18 06:16:12 PDT 2015 --  Unhappiness generally comes from the future or the past. #mindfulness
Thu Jun 18 09:25:39 PDT 2015 --  "Your life is what your thoughts make it." ~ Marcus Aurelius #mindfulness
Thu Jun 18 15:15:50 PDT 2015 --  It's best not to think about how bad it's going to be. It might not. #mindfulness
Thu Jun 18 18:15:36 PDT 2015 --  The ability to remain more in the present moment can change your life. #mindfulness
Thu Jun 18 21:25:13 PDT 2015 --  “I don’t want to be at the mercy of my emotions. I want to use them, to enjoy them, and to dominate them.” ~ Oscar Wilde #mindfulness
Thu Jun 04 19:35:39 PDT 2015 --  To make real changes in yr life, you've got to start w/what's real. Practice this right now. What are u feeling? Sad, excited, angry, numb?
Fri Jun 19 02:12:51 PDT 2015 --  I think I may have! Too much intensity. https://twitter.com/visityourself/status/611689968939962368 …
Thu Jun 18 12:33:54 PDT 2015 --  Feeling uncomfortable with the status quo. But specifics unclear hmmmmmmm
Tue Jun 16 15:23:54 PDT 2015 --  I'm a pressure?!! That's awful.
Tue Jun 16 05:17:45 PDT 2015 --  Wasted loyalty
Mon Jun 15 19:34:06 PDT 2015 --  Here's How People In 40 Different Parts Of The World Eat Hot Dogs https://cards.twitter.com/cards/18ce53xhlxh/lj40 …
Mon Jun 15 19:50:22 PDT 2015 --  Overcrowded and flatulent, Britain's House of Lords desperately needs a cull http://econ.st/1IXpjLC  pic.twitter.com/p3z5XRb4GU
Mon Jun 15 20:12:18 PDT 2015 --  Challenges are what make life interesting. Overcoming them is what makes life meaningful.
Thu Jun 11 18:46:10 PDT 2015 --  Child playing the violin at his teacher's funeral, who helped him escape poverty and violence through music. pic.twitter.com/5cxC3IkNfi
Mon Jun 15 13:00:46 PDT 2015 --  Meltdown......again
Mon Jun 15 07:06:23 PDT 2015 --  There is no use in fearing that which you cannot change. http://www.thedailyzen.org/2015/03/29/the-heart-of-a-mouse/ …
Sun Jun 14 23:46:10 PDT 2015 --  Feeling fat and flat without my usual zest and passion for living
Sun Jun 14 07:07:47 PDT 2015 --  Bored! Need some life in my life!
Fri Jun 12 11:22:19 PDT 2015 --  A nug a day keeps the bullshit away pic.twitter.com/3SPcyLx3KF
Thu Jun 04 09:35:57 PDT 2015 --  The legacies given to us by great men and women of history began with #BetterQuestions. What will your question be? https://amp.twimg.com/v/a097f130-45c7-44ae-a02a-345ca36d49ee …
Thu Jun 11 19:51:57 PDT 2015 --  "Wherever you go, there you are."
Thu Jun 11 20:00:12 PDT 2015 --  “When you live completely in each moment, without expecting anything, you have no idea of time.” — Shunryu Suzuki
Thu Jun 11 20:00:46 PDT 2015 --  From beaches to nightlife: how to get the best out of #Boracay http://bit.ly/1p8ZJFp  #lp #travel #Philippines pic.twitter.com/IfOywo9mVg
Thu Jun 11 07:31:06 PDT 2015 --  A new planet, the same size as Jupiter, has been discovered by 15-year-old intern: http://cnn.it/1KsMEUH  pic.twitter.com/3qAy9ThG0e
Thu Jun 11 15:04:07 PDT 2015 --  Pizza Hut's "hot dog bites pizza" is just the latest in a string of ungodly fast food combos: http://cnnmon.ie/1GwxbRU  pic.twitter.com/X7oDdYEppv
Thu Jun 11 20:37:27 PDT 2015 --  What is all this fuss about graphene? The Economist explains http://econ.st/1JML7Zc  pic.twitter.com/TV9OpWoyxa
Thu Jun 11 20:30:06 PDT 2015 --  Twitter CEO Dick Costolo stepping down: http://abcn.ws/1IKZAWO  pic.twitter.com/zSQqrYOVlu
Thu Jun 11 20:39:30 PDT 2015 --  A positive attitude gives you power over your circumstances instead of your circumstances having power over you
Thu Jun 11 21:00:31 PDT 2015 --  Stunning shot! MT @WilliamPatino_: #CathedralRocks #Kiama #Australia #lp #travel pic.twitter.com/gjcCYZtVo5
Tue Jun 09 09:24:24 PDT 2015 --  Lost my happy self. Too much sadness sucked me dry of happiness.
Mon Jun 08 08:44:32 PDT 2015 --  Over again and again and again and again and again
Mon Jun 08 07:03:39 PDT 2015 --  Bored of the crap. Way too much BS.
Sun Jun 07 14:40:09 PDT 2015 --  A tweet especially for Ten Walls pic.twitter.com/8qYuvPo96Y
Mon Jun 08 04:40:33 PDT 2015 --  You get what you give!
Mon Jun 08 00:34:04 PDT 2015 --  I feel a change is required!
Mon Jun 08 00:33:23 PDT 2015 --  I'm sure it shouldn't be so difficult. Starting to think I'm old and stuck in my ways!
Sat Jun 06 07:32:25 PDT 2015 --  A women needs a man with real intentions. Not a boy who can't pay attention.
Sun Jun 07 00:41:26 PDT 2015 --  Don't let someone dim your light simply because it's shining in their eyes.
Fri Jun 05 15:24:18 PDT 2015 --  Don't know.
Thu Jun 04 13:59:33 PDT 2015 --  Caution required
Thu Jun 04 13:53:47 PDT 2015 --  Manners maketh man
Thu Jun 04 02:49:00 PDT 2015 --  Frustrated!!!!!!!!!!!!!!!!!!!
Thu Jun 04 02:47:40 PDT 2015 --  Impossible person! Don't understand your thought process anymore. Crazy!!
Thu Jun 04 02:41:09 PDT 2015 --  Impossible to communicate.
Wed Jun 03 00:09:43 PDT 2015 --  It shouldn't make your stomach churn or your heart ache. This is for sure.
Tue Jun 02 13:01:42 PDT 2015 --  Allow your heart to lead and your head to make it happen.
Tue Jun 02 09:26:34 PDT 2015 --  I'm really not sure anymore.
Tue Jun 02 04:45:53 PDT 2015 --  Right for you doesn't mean it's automatically right for me. To use the head or heart to decide seems like just another difficult decision!
Mon Jun 01 06:19:08 PDT 2015 --  Looking within really is the only way to really know what is right.
Fri May 29 15:22:59 PDT 2015 --  Blah blah doesn't change anything. Feels worse actually.
Tue May 26 09:23:48 PDT 2015 --  The End.
Tue May 26 03:27:15 PDT 2015 --  No matter what your circumstances, remain a good person and treat others, especially your parents, with upmost respect.
Mon May 25 09:30:42 PDT 2015 --  Just too much for too long. I simply haven't got it in me anymore. Love isn't enough.
Sun May 24 19:48:50 PDT 2015 --  Value yourself as your Mum would.
Sun May 24 19:48:12 PDT 2015 --  Sometimes no matter what you say or do, it's never enough. Know when to stop.
Wed May 20 02:49:47 PDT 2015 --  Why destroy every valuable thing around you? I don't understand.
Tue May 19 10:36:28 PDT 2015 --  A very sad ending. I am shocked and saddened beyond my belief.
Tue May 19 04:44:51 PDT 2015 --  Do I have no self respect to allow this kind of treatment I wonder?
Tue May 19 04:12:19 PDT 2015 --  You can't see how good you have things compared to millions living in poverty! You wallow, show no appreciation or affection. Disgusting.
Sun May 17 15:46:30 PDT 2015 --  The #NewPyramid is here, with a fresh look and targeted health messages about healthy eating http://ow.ly/3xSJIS  pic.twitter.com/FVGfVlur3N
Tue May 19 01:28:51 PDT 2015 --  Detachment is healthy. Boundaries!
Mon May 18 10:34:36 PDT 2015 --  I don't feel I am very important to anyone.
Mon May 18 10:33:44 PDT 2015 --  Since Mum died I don't feel I have anyone caring for me in the same 'family is blood' kind of way. Something I sadly and sorely miss.
Mon May 18 03:14:32 PDT 2015 --  Very angry with God for allowing the immense suffering of someone very close to me!! Don't understand this?!!!!
Sun May 17 04:07:22 PDT 2015 --  I pity those who are narrow-minded.
Wed May 13 10:25:26 PDT 2015 --  Anger and bitterness have no place in my life!
Wed May 13 00:31:04 PDT 2015 --  Vienna brings in gay-themed crossing lights: http://cnn.it/1Pi6Kp7  pic.twitter.com/hJ8cfpoXtg
Wed May 13 00:34:03 PDT 2015 --  A university installed giant slides instead of stairs https://cards.twitter.com/cards/18ce53xhlxh/burj …
Wed May 13 00:17:27 PDT 2015 --  Enough moping and darkness. You get out of life what you put in. So positivity and fun from now on! 🏻
Tue May 12 11:08:16 PDT 2015 --  Looking for a money making and fun project!
Mon May 11 12:09:26 PDT 2015 --  Acceptance of reality is sometimes heartbreaking
Mon May 11 06:05:03 PDT 2015 --  That morning coffee? It's not going to do you any harm. May even be good for you. http://nyti.ms/1JBLdkn  pic.twitter.com/4SUCVlqivc
Mon May 11 06:13:00 PDT 2015 --  Follow the calmness, the absence of pride. -Buddha
Mon May 11 06:17:01 PDT 2015 --  The last picture taken of John Lennon while he was alive had his killer in the frame.
Mon May 11 06:38:37 PDT 2015 --  Time for a change of scenery I'm beginning to wonder.......
Sun May 10 10:32:04 PDT 2015 --  Before he became a success, Walt Disney was so poor that he had to eat dog food to survive.
Sun May 10 10:45:08 PDT 2015 --  Studies show that cuddling before bed helps the brain to relax.
Sun May 10 11:05:52 PDT 2015 --  Bored of living alone.....
Sun May 10 10:49:12 PDT 2015 --  Time passing by so fast.
Thu May 07 17:49:49 PDT 2015 --  Lies. Disrespect. Spoilt. Unacceptable. Enough.
Sun Apr 19 18:47:10 PDT 2015 --  Matthew Bellamy, frontman of the band Muse, holds the world record for most guitars smashed on a tour.
Sun Apr 19 19:08:18 PDT 2015 --  The Ultimate Bliss Salad With Ginger Miso Dressing by @abbywhite http://mbg.to/gMMy8xq  pic.twitter.com/HszwxCqfFW
Sun Apr 19 19:17:03 PDT 2015 --  In India, there is an organization called "The Love Commandos" that protects young couples who fall in love across different castes.
Fri Feb 27 10:53:06 PST 2015 --  Too much heaviness = not enough lighthearted fun
Fri Feb 27 10:50:29 PST 2015 --  Stability, fun and laughter, togetherness.....seems unattainable
Thu Feb 19 06:37:43 PST 2015 --  Love the feeling when emotional clouds clear and you can see what you've been learning!
Thu Feb 19 06:36:25 PST 2015 --  Molotovs, tyres alight, helicopter, traffic jam......this is Bahrain now! pic.twitter.com/vMclKhiLPd
Thu Feb 12 17:23:19 PST 2015 --  God only knows what is going to happen! I pray for good things please.
Sun Feb 08 04:24:25 PST 2015 --  I'd like a break from myself
Wed Feb 04 21:34:14 PST 2015 --  You will be forever in my heart. Miss you so much and wish you were here to be a part of my next chapter. Xxx pic.twitter.com/mQhP4rRuKM
Wed Feb 04 21:33:03 PST 2015 --  How interesting life is!! Complicated, simple, up, down, exciting, boring, intense learnings!!! I am grateful!
Wed Jan 28 11:06:29 PST 2015 --  Blinded by fear. Drowning in doubt. Struggling to be free. Need a way out.
Sun Jan 25 23:58:41 PST 2015 --  Again! Already! Am I asking too much or am I simply not getting what I need?
Thu Jan 22 20:02:07 PST 2015 --  The Chinese were the first to use marijuana.
Thu Jan 22 20:04:10 PST 2015 --  How marriage makes people healthier http://econ.st/1u9YHv9  pic.twitter.com/gDkCB60mOp
Thu Jan 22 20:39:25 PST 2015 --  More proof that synthetic hormones should not be prescribed! Evil! http://www.askmen.com/news/sports/hormonal-contraceptives-brain-tumors-in-women.html …
Thu Jan 22 20:37:04 PST 2015 --  Times change in the blink of an eye it seems these days..... http://m.bbc.com/news/world-middle-east-30945324?ocid=socialflow_twitter …
Sun Jan 18 19:01:45 PST 2015 --  My head is a mess and my heart aches in pain. Can't think straight. Life not good.
Sun Jan 18 09:38:06 PST 2015 --  How does God decide which prayers to answer and which not? It would be wonderful if he answered mine. Pretty please.
Sun Jan 18 09:29:25 PST 2015 --  life for a while has been and is pretty unpleasant. Wondering when it might improve? Does God truly hear our prayers?
Fri Nov 26 06:51:36 PST 2010 --  "Don't make decisions when you're angry. Don't make promises when you're happy."
Sun Oct 12 18:30:29 PDT 2014 --  Hidden Underground Beach of Puerto Vallarta, Mexico pic.twitter.com/ZLsE1fuUkq
Sun Oct 19 18:02:15 PDT 2014 --  Intelligent men tend to be more faithful.
Sun Oct 19 18:27:38 PDT 2014 --  U.S. won’t surrender marine charged with murder in Philippines. Will this bog down talks on bilateral defense pact? http://on.wsj.com/1FltWLI 
Mon Sep 01 17:00:26 PDT 2014 --  If you don’t come home and immediately either take off your pants or change into pajamas then I’m sorry but you’re living life wrong.
Tue Sep 02 12:30:11 PDT 2014 --  A relationship without trust is like a car without gas. You can stay in it all you want, but it won’t go anywhere
Sat Aug 30 18:17:01 PDT 2014 --  A person who hides their pain behind a smile is called an “eccedentesiast.”
Sat Aug 30 19:34:36 PDT 2014 --  Sooner we learn the valuable life lessons we are being taught the better our lives will be.
Mon Aug 25 04:00:10 PDT 2014 --  Lord, bless our week. May we do something that makes time an ally, not an enemy.
Wed Aug 20 13:38:11 PDT 2014 --  Energy out > Energy in. Caution required. pic.twitter.com/KKQq9RogWG
Mon Aug 18 05:47:04 PDT 2014 --  Kangaroos hop because they can’t move their legs independently.
Sun Aug 17 05:54:22 PDT 2014 --  Change in the air? Everywhere it seems!
Sat Aug 16 00:00:10 PDT 2014 --  I love you and miss you so much. I wish you were here to see my next chapter unfold and to hold your next grandchild. pic.twitter.com/QKkr8pzAbY
Fri Aug 08 02:57:36 PDT 2014 --  Bahrain can give one so much but it can also be too intense. How to know when is enough? pic.twitter.com/c4vGsvdNrB
Sat Jun 28 22:02:05 PDT 2014 --  Learning from your mistakes is wise, learning from the mistakes of others is quicker and easier.
Mon Jun 16 04:01:25 PDT 2014 --  I heard you’re a player. Nice to meet you, I’m the coach.
Mon Jun 16 04:01:27 PDT 2014 --  A man got the HEART of a suicide victim, MARRIED his widow, then KILLED himself on the same day as the donor! http://omgf.ac/ts/XqU 
Sun Jun 15 03:47:05 PDT 2014 --  Sony researchers have developed a refrigerator that only opens when you smile.
Mon Jun 09 01:54:01 PDT 2014 --  I'm officially on cloud nine today in the Land of Love ! What a feeling!!!
Tue Jun 03 12:35:20 PDT 2014 --  #PT life is truly wonderful if we simply make the time to stop and smell the roses along the way.
Tue Jun 03 12:33:11 PDT 2014 --  A very long day fueled by the excitement of a dear friends fast approaching wedding.
Sat May 10 13:00:09 PDT 2014 --  pic.twitter.com/ObtAwI8f67
Sat May 10 12:45:57 PDT 2014 --  Saudade
Sat May 10 08:35:05 PDT 2014 --  She's awesome 365 days a year, but forget to tell her that tomorrow and you'll be in big trouble. #MothersDay
Sat May 10 08:30:36 PDT 2014 --  Do you have a strategic plan for your dreams?
Thu May 08 16:32:09 PDT 2014 --  If you properly shuffle a deck of cards, the resulting deck will have most likely never been seen before in the history of the universe.
Wed May 07 15:37:51 PDT 2014 --  Thank you universe for the crazy ass ride this year so far. Wham, bam, thank you mam with the necessary signs!! Eeeesh!! May love prevail
Wed Apr 30 17:31:47 PDT 2014 --  They should be born with dictionaries instead of an after birth.
Wed Apr 30 17:30:46 PDT 2014 --  I don't understand you
Wed Apr 30 01:30:14 PDT 2014 --  Necessity is the mother of invention! pic.twitter.com/9OFb1TgVuo
Wed Apr 30 01:26:12 PDT 2014 --  Good question! What IS happening?
Tue Apr 29 05:04:36 PDT 2014 --  On Impact today @LucyHockingsBBC talks to the man who snapped the world's only girl hunting with a golden eagle pic.twitter.com/ov1iSAHRfN
Tue Apr 29 05:06:31 PDT 2014 --  London Tube strike "irresponsible, unnecessary & impacts on the economy", George Osborne says http://bbc.in/1mTXAjR 
Tue Apr 29 05:17:16 PDT 2014 --  Time is running out!
Thu Apr 24 23:16:37 PDT 2014 --  I don't think I can any more.
Tue Apr 01 05:00:12 PDT 2014 --  Google intends to scan all existing 130 million books in the world to digital by the end of the decade.
Wed Mar 26 08:00:25 PDT 2014 --  If you ever think you've made a big mistake, just remember that in 1788 the Austrian army attacked itself and lost 10,000 men.
Tue Mar 25 11:45:06 PDT 2014 --  @TaleOfUs Looking forward to having you at Clapham Common this year!
Wed Mar 26 09:00:24 PDT 2014 --  Insecurity mentally destroys you.
Wed Feb 05 00:47:06 PST 2014 --  There is a children's book titled "Go The Fuck to Sleep."
Sat Feb 01 13:35:11 PST 2014 --  8 things my kids taught me about love http://huff.to/1fxhR8S 
Thu Jan 30 05:45:09 PST 2014 --  Truly a hero: Boy who died after saving 6 relatives honored with firefighter's funeral http://huff.to/1fg1c9K 
Thu Jan 30 04:51:29 PST 2014 --  Amateur photographer captures spectacular image of Lightning striking Tower Bridge (PICTURE) http://huff.to/1cys98R  pic.twitter.com/T3Z8fwJ5lJ
Thu Jan 23 01:56:30 PST 2014 --  Gordon Ramsay managed to reserve an impressive 1300 covers at London House in just 5 hours when lines opened yesterday.
Sun Jan 19 20:17:00 PST 2014 --  The Netherlands sends 20,000 tulips to Canada annually as thanks for all the aid they provided during WWII.
Sun Jan 19 20:30:05 PST 2014 --  Social engagement & intellectual stimulation like puzzles & board games make life more satisfying & preserve mental function.
Sun Jan 19 20:32:02 PST 2014 --  The Killer Whale isn't actually a whale -- It's a type of dolphin.
Sun Jan 19 21:02:03 PST 2014 --  A Nepali farmer named Mohammed Salmodin was bitten by a cobra, so he bit the cobra back. The cobra died but he didn't.
Sun Jan 19 21:31:06 PST 2014 --  “You can’t build a reputation on what you are going to do.” —Henry Ford
Wed Jan 15 22:46:58 PST 2014 --  I am done with being a good person who keeps getting f****d over that's for sure!
Wed Jan 15 22:46:23 PST 2014 --  Too much! Why is it that the good people always get taken advantage of and the shitty people so often come out on top?
Sun Mar 13 21:36:39 PDT 2011 --  is the Saudi causeway open from Bahrain today March 14th?
