Thu Aug 27 21:35:38 PDT 2015 --  So much music came out within the span of 6 hours I don't know what to do
Thu Aug 27 20:15:42 PDT 2015 --  BADLANDS
Wed Aug 26 11:06:17 PDT 2015 --  I just want to move in already good god
Wed Aug 26 09:01:58 PDT 2015 --  Happy birthday to this beautiful human being #HappyBirthdayDylanOBrien pic.twitter.com/1wTq2BHAyw
Tue Aug 25 08:48:29 PDT 2015 --  We had to get new plates for my car so this one had to come off RIP canadamobile you will be missed pic.twitter.com/1eA7Tj4j4D
Mon Aug 24 08:02:40 PDT 2015 --  *texts friends who have already moved in to college to ask how to pack*
Sun Aug 23 13:11:54 PDT 2015 --  I dropped a dresser on my foot so I guess you could say today's going well
Sun Aug 23 11:35:58 PDT 2015 --  pic.twitter.com/KW3o1VzEgp
Fri Aug 21 05:41:26 PDT 2015 --  I'm so looking forward to guarding by myself for 6 hours today
Wed Aug 19 15:40:30 PDT 2015 --  Day 2 of my new job and I already had a parent yell at me
Tue Aug 18 16:05:28 PDT 2015 --  I'm done with school April 29th
Mon Aug 17 22:28:05 PDT 2015 --  Oh all of a sudden you a bad bitch?
Mon Aug 17 19:06:43 PDT 2015 --  I need Siri or Rosetta Stone to interpret what the Dread Doctors are saying right now tbqh #TeenWolf
Sun Aug 16 16:12:31 PDT 2015 --  I start my new job tomorrow and I miss all my Palmer friends already
Sat Aug 15 19:09:23 PDT 2015 --  Musikfest is cool but WaterFire is cooler pic.twitter.com/N6QmBiivm0
Sat Aug 15 19:06:03 PDT 2015 --  WaterFire @ Providence, Rhode Island https://instagram.com/p/6bUcjWw7dx/ 
Thu Aug 13 17:02:02 PDT 2015 --  All my classes are either science classes or history classes and I am so okay with that
Wed Aug 12 10:45:50 PDT 2015 --  Almost everyone moves in next week and I still have 3 and a half weeks until I move in
Wed Aug 12 08:56:27 PDT 2015 --  All I want is to get this blood work over with so I can eat something jfc
Tue Aug 11 00:14:05 PDT 2015 --  GOOD GOD WHY IS KATIE PLAYING IRISH COUNTRY VIOLIN SCOTTISH WHATEVER KIND OF MUSIC AT 3 AM I JUST WANT TO SLEEP
Mon Aug 10 21:19:01 PDT 2015 --  Swim season ended 148 days ago and im still having the same arguments with the guys smh
Mon Aug 10 20:32:31 PDT 2015 --  Im such a loser
Mon Aug 10 20:03:02 PDT 2015 --  THAT WAS TOO MUCH FOR ME I CANT HANDLE THIS SHOW ANYMORE
Sat Aug 08 08:24:44 PDT 2015 --  30 days until move in
Fri Aug 07 15:28:55 PDT 2015 --  Happy birthday brother @brewdlair pic.twitter.com/AR2e6LhK28
Thu Aug 06 17:32:48 PDT 2015 --  #tbt with my best friend who im missing tons right now https://instagram.com/p/6D-nvAw7RN/ 
Thu Aug 06 15:33:23 PDT 2015 --  When meaghan decides to rip your heart out at 6:29pm :-) pic.twitter.com/EgHhE6RxWm
Thu Aug 06 15:18:30 PDT 2015 --  you can drive all night looking for the answers in the pouring rain
Wed Aug 05 13:38:12 PDT 2015 --  I miss all my friends :-(
Tue Aug 04 12:41:14 PDT 2015 --  its hailing and im p sure my windows are going to break goodbye world
Tue Aug 04 12:03:37 PDT 2015 --  Every time I talk to Conner he tries to get my captaincy revoked :-(
Tue Aug 04 11:41:57 PDT 2015 --  lol too late https://twitter.com/swimmerproblems/status/628636738378932224 …
Tue Aug 04 08:13:09 PDT 2015 --  The closest chick fil a is 45 minutes away
Mon Aug 03 20:34:15 PDT 2015 --  Halseys reaction to the puppy is the cutest thing ever
Mon Aug 03 20:05:40 PDT 2015 --  HALSEY ON WOLF WATCH MY QUEEN I LOVE HER
Mon Aug 03 11:25:53 PDT 2015 --  In case you needed another reason to be excited, @halsey will be a guest on #WolfWatch tonight pic.twitter.com/hKLCqgA23Y
Sun Aug 02 15:20:32 PDT 2015 --  I have never hated a main character of a book more than I hate America Singer
Fri Jul 31 16:24:18 PDT 2015 --  The yearbook says Im going to toronto university lol okay no
Fri Jul 31 12:31:45 PDT 2015 --  Just emailed my future roommate
Fri Jul 31 09:12:13 PDT 2015 --  SO MANY CONCERTS IN TORONTO I CAN GO TO
Thu Jul 30 23:22:57 PDT 2015 --  YO DRAG ME DOWN IS SO TIGHT
Thu Jul 30 14:48:45 PDT 2015 --  Pretty salty I have to take french
Wed Jul 29 10:03:37 PDT 2015 --  Happy birthday @dorylol_ love and miss you pic.twitter.com/WIvVLbVIEV
Tue Jul 28 18:45:11 PDT 2015 --  babe you look so cool
Mon Jul 27 19:09:31 PDT 2015 --  Why wasn't liam invited to book club wth
Sun Jul 26 04:08:05 PDT 2015 --  Lol I have no friends in massachusetts so the next month is gonna suck
Sat Jul 25 13:17:19 PDT 2015 --  My schedule for next year sucks so bad holy heck
Fri Jul 24 20:32:37 PDT 2015 --  Planning my schedule is seriously making me doubt my decisions
Fri Jul 24 16:24:01 PDT 2015 --  We combined my love for pizza and tater tots pic.twitter.com/gqLvp0GSKD
Fri Jul 24 06:55:56 PDT 2015 --  We saw an autopsy of this dead sea turtle this morning pic.twitter.com/SGdBpmOALC
Thu Jul 23 22:25:15 PDT 2015 --  We spent 2 hours planning my fall semester and the canadian school system is so confusing to me
Thu Jul 23 19:47:37 PDT 2015 --  I seriously miss vanessa so much
Wed Jul 22 05:16:00 PDT 2015 --  You're no longer welcome in Toronto, @MeekMill.
Thu Jul 23 15:39:27 PDT 2015 --  I just want to know who my roommate is
Wed Jul 22 19:51:14 PDT 2015 --  Today is not my day
Wed Jul 22 19:29:26 PDT 2015 --  Hide and seek in the dark is literally the scariest game ive ever played
Wed Jul 22 16:33:37 PDT 2015 --  Alexandra and adrian benched me so hard in the sand
Wed Jul 22 14:46:49 PDT 2015 --  I bought 4 new books on monday and i already finished them all
Wed Jul 22 12:54:28 PDT 2015 --  Duck Donuts is life
Wed Jul 22 12:44:58 PDT 2015 --  Love jellyfish, do not love jellyfish stings
Wed Jul 22 11:06:28 PDT 2015 --  THE CHOCOLATE EPISODE OF SPONGEBOB IS ON
Mon Jul 20 19:41:35 PDT 2015 --  This just made me very emotional I need a moment #StilesStillLikesHer pic.twitter.com/QK7npHaThm
Mon Jul 20 19:43:05 PDT 2015 --  Lowkey still love danny phantom
Mon Jul 20 16:05:19 PDT 2015 --  MOONDAY
Mon Jul 20 08:16:20 PDT 2015 --  I walked by some guy wearing an american flag shirt and a confederate flag hat wtf are u doing sir
Sun Jul 19 18:46:48 PDT 2015 --  Shark sighting on our beach
Sun Jul 19 15:01:35 PDT 2015 --  My bio represents me 100%
Sun Jul 19 14:30:15 PDT 2015 --  #GrowingUpWithMyName never been misspelled, never been mispronounced
Sun Jul 19 10:53:21 PDT 2015 --  We're alright though
Fri Jul 17 20:01:31 PDT 2015 --  we're all catching feelings watching criminal minds
Fri Jul 17 14:30:28 PDT 2015 --  maybe you were the ocean when i was just a stone @ Duck, NC https://instagram.com/p/5QJ2sGw7cH/ 
Fri Jul 17 13:20:21 PDT 2015 --  #GrowingUpWithStrictParents tryna decide if you wanna ask to go out on Friday or Saturday night cause you know they won't say yes to both
Thu Jul 16 06:46:21 PDT 2015 --  Instead of playing marco polo, my little cousins play whaddup yolo
Wed Jul 15 18:11:25 PDT 2015 --  The progression of adrian throwing jellyfish at me pic.twitter.com/3FeF8miTEx
Wed Jul 15 18:03:22 PDT 2015 --  US men killed the 200 back
Wed Jul 15 09:43:52 PDT 2015 --  Are my legs comfortable enough for you small child? pic.twitter.com/fEZn3PhWRq
Tue Jul 14 15:28:12 PDT 2015 --  All 6 of us were sleeping and then a swarm of small children came in screaming to wake us up for dinner. My heart is still recovering
Mon Jul 13 18:22:11 PDT 2015 --  Watching mens soccer is so fun bc I just laugh at their dramatic reactions to minor injuries
Mon Jul 13 18:17:36 PDT 2015 --  I love the pan am games holy heck
Mon Jul 13 15:28:38 PDT 2015 --  Home is where the heart is ♡ pic.twitter.com/dyprtGBMVe
Mon Jul 13 10:40:11 PDT 2015 --  Watching storms roll in from the hammock is prob one of my fav summer activities
Mon Jul 13 10:12:35 PDT 2015 --  Happy birthdaaaay @HummelLauren pic.twitter.com/hHU8WsGvPK
Mon Jul 13 10:02:57 PDT 2015 --  not today satan pic.twitter.com/hZ7EMpj224
Sun Jul 12 15:03:08 PDT 2015 --  Watching the end of shark week right before going to the beach probably isnt the smartest idea ive ever had
Sun Jul 12 08:49:38 PDT 2015 --  backseat serenade dizzy hurricane
Sun Jul 12 06:26:05 PDT 2015 --  *lifeguard secret meeting* "What's the password?" "WALK PLEASE" "Welcome. Take a seat anywhere."
Sat Jul 11 17:43:09 PDT 2015 --  STOOOP https://twitter.com/maddy_m_blair/status/619987342229680128 …
Sat Jul 11 17:13:06 PDT 2015 --  what's today's date? pic.twitter.com/6eiDPSbL3u
Sat Jul 11 06:34:35 PDT 2015 --  If I have to hear see you again and/or cheerleader every hour im going to rip out my radio and drive in silence
Sat Jul 11 03:41:29 PDT 2015 --  18 years of living here and im leaving forever in 10 hours....
Fri Jul 10 17:36:23 PDT 2015 --  Perfect last practice and last day of work
Fri Jul 10 14:08:31 PDT 2015 --  #TeenWolfSDCC pic.twitter.com/QSu5aonffl
Fri Jul 10 04:26:37 PDT 2015 --  We are the new americana
Thu Jul 09 16:31:37 PDT 2015 --  very last meet after 10 years on (fake) wilson ♡ https://instagram.com/p/47xW9Uw7Zl/ 
Thu Jul 09 13:51:26 PDT 2015 --  Fun Fact: Sharks are the most common swim club mascot! #SharkWeek pic.twitter.com/atHFdLdJSz
Wed Jul 08 05:02:35 PDT 2015 --  3 days
Tue Jul 07 16:19:28 PDT 2015 --  adventure @ Spruce Run State Recreation Area https://instagram.com/p/42mYSFw7dL/ 
Tue Jul 07 16:14:28 PDT 2015 --  True life tho the drive back from jersey was probably the most stressful experience of my life
Tue Jul 07 16:07:06 PDT 2015 --  "Jersey can suck my ass"
Mon Jul 06 13:09:13 PDT 2015 --  Snapchat needs to stop adding all of these new irrelevant features and bring back bestfriends so we can all see who's banging who again
Mon Jul 06 05:01:54 PDT 2015 --  @ college board please let me login to my account I just want to know how badly I did on the bio exam
Mon Jul 06 04:45:19 PDT 2015 --  I cant even remember my college board login info to check my ap scores
Sun Jul 05 17:18:44 PDT 2015 --  Andrew was so salty during work today
Sun Jul 05 14:52:43 PDT 2015 --  If you cant handle your boyfriend having friends that are girls then you probably shouldnt be dating
Sun Jul 05 08:47:25 PDT 2015 --  I had to be at work to guard at a party that never showed up
Sun Jul 05 06:23:53 PDT 2015 --  6 more days
Sat Jul 04 13:29:40 PDT 2015 --  We made a dq run during work
Sat Jul 04 10:23:05 PDT 2015 --  Currently pic.twitter.com/sJ7D5pjGts
Sat Jul 04 09:34:29 PDT 2015 --  Why is the pool even open today wth why are people here rn
Fri Jul 03 21:22:03 PDT 2015 --  pic.twitter.com/DskakpietI
Fri Jul 03 14:03:50 PDT 2015 --  Wish I could visit my best friend on july 4th but I'm working all weekend
Fri Jul 03 13:09:54 PDT 2015 --  One of my main goals in life is to have one tan line instead of 3 different ones
Thu Jul 02 18:00:06 PDT 2015 --  According to the people who work at the front desk, im dating 3 of the other lifeguards
Thu Jul 02 13:31:36 PDT 2015 --  Practice suit to work suit to meet suit
Thu Jul 02 04:17:21 PDT 2015 --  9 more days :-(
Wed Jul 01 04:21:30 PDT 2015 --  Happy canada day
Tue Jun 30 17:14:56 PDT 2015 --  Time of your life huh kid?
Tue Jun 30 11:33:31 PDT 2015 --  When there's a tornado warning and they still don't cancel the meet pic.twitter.com/0yUeboVA3N
Mon Jun 29 19:59:37 PDT 2015 --  AA IM DONE
Mon Jun 29 19:38:54 PDT 2015 --  IF STILES AND LYDIA DONT END UP TOGETHER THIS SEASON IM GONNA BE SO UPSET
Mon Jun 29 19:13:10 PDT 2015 --  I LOVE LIAM
Mon Jun 29 18:50:03 PDT 2015 --  10 minutes!!!! #TeenWolfSeason5 pic.twitter.com/dRXP1JpiUf
Mon Jun 29 15:52:32 PDT 2015 --  Words are very unnecessary
Mon Jun 29 08:23:35 PDT 2015 --  Teen wolf tonight
Sun Jun 28 11:02:26 PDT 2015 --  Theres only 3 people at the pool and 9 staff members here wtf
Sun Jun 28 05:29:51 PDT 2015 --  Work today though
Sun Jun 28 05:26:23 PDT 2015 --  I cant believe my best friend left for penn state this morning
Sat Jun 27 21:29:17 PDT 2015 --  
Sat Jun 27 03:32:03 PDT 2015 --  I only have 2 weeks left holy crap
Fri Jun 26 07:20:24 PDT 2015 --  #LoveWins. pic.twitter.com/s5aiwIsFz8
Thu Jun 25 13:44:25 PDT 2015 --  tbt pic.twitter.com/ic9Lu3QZL7
Thu Jun 25 12:40:25 PDT 2015 --  @emily_miller_ pic.twitter.com/vIuccImD0I
Thu Jun 25 05:30:11 PDT 2015 --  17 days until I leave :-(
Wed Jun 24 14:17:32 PDT 2015 --  Made my first save
Wed Jun 24 10:30:36 PDT 2015 --  https://twitter.com/meaggg15/status/613757458956333056 …
Wed Jun 24 06:42:34 PDT 2015 --  I left the house late bc I was talking to jennifer and I was already gonna be late to dryland so I got myself a smoothie so I was extra late
Wed Jun 24 00:05:30 PDT 2015 --  Such tired, many nap
Mon Jun 22 17:54:40 PDT 2015 --  Level up your smores game by using resee's cups instead of plain chocolate
Mon Jun 22 12:21:00 PDT 2015 --  I got stung by a bee when I was on stand
Sun Jun 21 14:49:06 PDT 2015 --  much adventure https://instagram.com/p/4NPUjJQ7ao/ 
Sun Jun 21 06:09:23 PDT 2015 --  HAPPY BIRTHDAY VANESSA Here's some of our greatest hits from the past year Im so happy… https://instagram.com/p/4MT18yQ7Q1/ 
Sat Jun 20 10:46:08 PDT 2015 --  I cant stop watching heroes
Sat Jun 20 08:54:21 PDT 2015 --  Same pic.twitter.com/MQCk8jfboR
Sat Jun 20 08:37:23 PDT 2015 --  all I need is to be struck by your electric love
Fri Jun 19 16:19:26 PDT 2015 --  Successfully cooked dinner @maddy_m_blair pic.twitter.com/pFVZ0nLxCa
Wed Jun 17 10:14:28 PDT 2015 --  "I was gonna go to dryland but I decided to make a sandwich instead"
Wed Jun 17 05:20:10 PDT 2015 --  2 years ago I was on a plane to france right now :(
Tue Jun 16 12:26:43 PDT 2015 --  I love working cause we literally dont do anything but we get paid
Tue Jun 16 06:33:21 PDT 2015 --  I drove to practice and then got the email that practice was cancelled im so annoyed
Sun Jun 14 18:36:31 PDT 2015 --  I didn't realize how sunburnt I was until I looked in the mirror and my skin was glowing red
Sun Jun 14 15:54:02 PDT 2015 --  The 12 year olds were back today...
Sat Jun 13 19:25:27 PDT 2015 --  real talk, I love discovery channel
Fri Jun 12 20:35:40 PDT 2015 --  With @emily_miller_ cause we're 12 nah 8 pic.twitter.com/r0jVsGBMHM
Fri Jun 12 14:34:18 PDT 2015 --  Helen tweeted 14 minutes ago but didnt text me back okay helen I see you
Fri Jun 12 10:02:39 PDT 2015 --  "None of your friends wanted to help us move?" "I dont even want to help us move"
Thu Jun 11 19:27:52 PDT 2015 --  OITNB EARLY RELEASE I CANT
Thu Jun 11 14:56:53 PDT 2015 --  My neighbor got me and katie bottle openers as going away presents
Thu Jun 11 14:08:25 PDT 2015 --  I should be packing but instead im playing kingdom hearts on my gameboy that I found under my bed
Thu Jun 11 10:16:13 PDT 2015 --  20 retweets and I'll skip the mile tonight
Tue Jun 09 14:37:42 PDT 2015 --  The highlight of today was cj arguing with mark to play sharks and minnows and mark losing all his chill
Tue Jun 09 10:56:58 PDT 2015 --  I have so much to pack that idek what to do or where to start
Mon Jun 08 16:06:52 PDT 2015 --  Im counting on you posey https://twitter.com/halseymusic/status/608041814226956289 …
Sun Jun 07 15:25:12 PDT 2015 --  a message to all middle school aged boys: you are not as cool as you think you are, calm down
Sun Jun 07 14:51:20 PDT 2015 --  Some little 12 year old boys were hitting on me at work and threatening to drown so I'd have to save them I'M SO UNCOMFORTABLE
Sun Jun 07 08:16:10 PDT 2015 --  I just signed up for housing holy crap im going to university
Sat Jun 06 07:36:06 PDT 2015 --  pic.twitter.com/TUqisba5lm
Fri Jun 05 22:27:54 PDT 2015 --  Graduation has me nostalgic about swimming @NazSwim @emily_miller_ #sethnation #emilyisabusinghercaptaincy pic.twitter.com/3Et1pXLkU3
Fri Jun 05 22:04:01 PDT 2015 --  pic.twitter.com/15h7ZuN63r
Fri Jun 05 21:58:58 PDT 2015 --  Much better
Fri Jun 05 21:57:17 PDT 2015 --  Well... time to unfollow people now
Fri Jun 05 19:17:19 PDT 2015 --  This traffic is 0/10
Fri Jun 05 13:33:18 PDT 2015 --  So happy my swim friends are coming tonight
Fri Jun 05 09:59:59 PDT 2015 --  HOW pic.twitter.com/HneF8V0knD
Fri Jun 05 07:32:27 PDT 2015 --  "What are you doing after graduation?" "Unfollowing everyone on twitter"
Fri Jun 05 06:09:30 PDT 2015 --  Happy birthday to my serendipitous best friend love you forever and ever @meaggg15 pic.twitter.com/BUKq0rWwbQ
Thu Jun 04 19:04:32 PDT 2015 --  Okay but freedom played we're all in this together at graduation so we better step up our game for tomorrow
Thu Jun 04 16:24:03 PDT 2015 --  HELEN GAVE US A SHOUTOUT IN HER SPEECH HOLLA @ US @maddy_m_blair
Thu Jun 04 15:17:49 PDT 2015 --  So excited to hear helens speech
Thu Jun 04 10:58:43 PDT 2015 --  Lowkey in love with tyler posey
Thu Jun 04 08:30:17 PDT 2015 --  If you haven't yet, listen to the fuck out of @halseymusic new song "hold me down" 🏻
Wed Jun 03 11:56:38 PDT 2015 --  Well... now I know how to change a tire
Tue Jun 02 19:25:46 PDT 2015 --  Birthday throwback of me in my prime https://instagram.com/p/3cz4Osw7YS/ 
Tue Jun 02 17:34:11 PDT 2015 --  *watches saved by the bell to make myself feel better*
Tue Jun 02 17:29:40 PDT 2015 --  
Tue Jun 02 15:59:09 PDT 2015 --  No one wants to hang out with me so im just gonna take a nap
Tue Jun 02 13:58:27 PDT 2015 --  Grad cap pic.twitter.com/uX9qnRNFKw
Mon Jun 01 21:43:37 PDT 2015 --  Leave it to jean to find the ugliest pictures of me in existence
Mon Jun 01 21:06:52 PDT 2015 --  I love halsey bye
Mon Jun 01 21:04:52 PDT 2015 --  When ur really fucking exited about Halsey's album & Hold Me Down studio version pic.twitter.com/qgOI1mIsiA
Mon Jun 01 21:01:36 PDT 2015 --  No longer the dancing queen young and sweet only 17
Mon Jun 01 20:49:32 PDT 2015 --  studio version of hold me down aka an amazing birthday present thx @halseymusic
Mon Jun 01 20:27:36 PDT 2015 --  ASHLEY FRANGIPANE IS CAUSING ME SO MUCH STRESS
Mon Jun 01 20:09:02 PDT 2015 --  I would like to formally apologize for all my halsey related tweets. Im very sorry
Mon Jun 01 15:34:02 PDT 2015 --  Victoria beckham is all of the goals
Sun May 31 16:50:16 PDT 2015 --  FLINGING MYSELF OFF A CLIFF BC THE 1975
Sun May 31 11:06:11 PDT 2015 --  Its sunny again
Sun May 31 08:07:22 PDT 2015 --  
Fri May 29 18:20:23 PDT 2015 --  Someone go on an adventure with me tomorrow
Fri May 29 15:50:50 PDT 2015 --  YES https://twitter.com/halseymusic/status/604419315580813312 …
Thu May 28 22:30:10 PDT 2015 --  I found gold in the wreckage
Thu May 28 14:33:33 PDT 2015 --  My breaststroke is
Wed May 27 11:54:33 PDT 2015 --  fav https://youtu.be/uZuHb0-wsX8 
Tue May 26 15:18:00 PDT 2015 --  First practice in 70 days was
Tue May 26 11:05:16 PDT 2015 --  My birthday is in a week
Tue May 26 10:12:59 PDT 2015 --  The highlight of my day was the 9 snapchats from erica after she got her wisdom teeth out
Mon May 25 15:32:16 PDT 2015 --  Ive heard see you again 8 times today wtf b104 stop it
Sun May 24 13:01:21 PDT 2015 --  @emily_miller_ screw naz, I'm moving to Canada
Sat May 23 12:01:28 PDT 2015 --  We're basically getting paid to tan and play frisbee
Fri May 22 19:17:51 PDT 2015 --  The new poltergeist isnt nearly as scary as it should be
Fri May 22 11:38:52 PDT 2015 --  I spent 7 hours in mrs sawyers room finishing my final sewing project and now I cant see straight
Thu May 21 15:01:19 PDT 2015 --  I love my friends pic.twitter.com/k1yD1uv8Ij
Thu May 21 12:02:57 PDT 2015 --  thanks for being the best friends I could've asked for @ last day of high school https://instagram.com/p/29HnWhw7aT/ 
Thu May 21 11:30:58 PDT 2015 --  WE'RE DONE
Thu May 21 07:55:48 PDT 2015 --  Went home during study hall and changed into pants because its cold
Thu May 21 03:52:37 PDT 2015 --  THIS IS THE BEST DAY OF MY LIFE
Thu May 21 03:56:56 PDT 2015 --  How is it our last day of high school
Thu May 21 03:56:42 PDT 2015 --  This is insane
Wed May 20 16:29:39 PDT 2015 --  wcw because look at her. /not even just these pictures she such a wonderful person + musician 10/10 would recommend/ pic.twitter.com/0p40mUBYP3
Wed May 20 16:14:39 PDT 2015 --  Ngl some of you are catching the unfollow after graduation bc I only follow you for gossip
Wed May 20 06:29:11 PDT 2015 --  Jk my grade rounded up to a 90
Tue May 19 17:38:22 PDT 2015 --  https://instagram.com/p/24kcigw7TE/ 
Tue May 19 09:15:26 PDT 2015 --  so close pic.twitter.com/GegSaAF9QB
Tue May 19 03:59:17 PDT 2015 --  Students, if you can't make the Fashion Show today at 1:30 pm you can come see it tonight at 6:00 pm in the LGI. Evening show open to all!
Mon May 18 12:48:58 PDT 2015 --  Wow you're so cool posting pics with your red cups so everyone knows you're drinking
Mon May 18 05:39:21 PDT 2015 --  *car full of seniors listens to disney cd*
Sun May 17 18:15:40 PDT 2015 --  great day with great friends https://instagram.com/p/2zezrjw7fN/ 
Sun May 17 18:06:59 PDT 2015 --  Cough cough feeling kinda sick cant go to school tomorrow looks like I gotta stay home
Sun May 17 13:53:03 PDT 2015 --  All the roller coasters are breaking down
Sun May 17 10:26:50 PDT 2015 --  Trying to balance my love for roller coasters and the fact that I have whip lash is proving to be v difficult
Sat May 16 10:21:46 PDT 2015 --  we aren't good at taking serious pictures @ prom 2015 https://instagram.com/p/2wEG5Pw7V2/ 
Fri May 15 20:02:39 PDT 2015 --  states team takes prom https://instagram.com/p/2uhyqXQ7T7/ 
Fri May 15 13:43:16 PDT 2015 --  @NazHSPrincipal Prom 2015! pic.twitter.com/8dKV2YH3L0
Fri May 15 19:52:27 PDT 2015 --  Prom is essentially watching people grind to fresh prince and telling people they look beautiful
Fri May 15 12:30:29 PDT 2015 --  ITS ACTUALLY SUNNY
Fri May 15 11:48:48 PDT 2015 --  PROM
Fri May 15 06:18:09 PDT 2015 --  HAPPY BIRTHDAY TO MY CO CAPTAIN @OffsetNolder pic.twitter.com/Vw7wZAzl1H
Thu May 14 17:51:24 PDT 2015 --  I wish we didn't have school on prom day it would make my life a lot easier
Thu May 14 11:52:35 PDT 2015 --  HEY, NAZARETH. SQUAD UP. BE A DECENT PERSON AND SIGN THIS. LET'S GO. https://www.change.org/p/nazareth-area-high-school-drop-all-charges-over-a-senior-prank …
Thu May 14 11:48:46 PDT 2015 --  #freenelson https://www.change.org/p/nazareth-area-high-school-drop-all-charges-over-a-senior-prank?recruiter=84077848&utm_source=share_petition&utm_medium=twitter&utm_campaign=share_twitter_responsive …
Thu May 14 03:03:23 PDT 2015 --  Lol of course I would get sick the day before prom
Tue May 12 18:59:58 PDT 2015 --  Taking the stat exam tomorrow like pic.twitter.com/nBzLUhjDI3
Tue May 12 15:19:36 PDT 2015 --  Just took a long, hard look in the mirror and realized that I may well be #1DAF after all.
Mon May 11 17:31:59 PDT 2015 --  Lol lifeguard training the day after prom :-)
Mon May 11 04:05:17 PDT 2015 --  Quick someone teach me a years worth of bio before this exam
Sun May 10 20:57:09 PDT 2015 --  https://vine.co/v/emIgIPOQaMK 
