Fri Aug 28 15:27:25 PDT 2015 --  Made it to Las Vegas! 110 days and 5,000 miles traveled completely without money. ^◡^ pic.twitter.com/R86wp2OTCl
Wed Aug 26 14:17:48 PDT 2015 --  Ugh man buns pic.twitter.com/lox2FA0aiY
Thu Aug 27 09:20:32 PDT 2015 --  here's some stuff @natalierfong and I shot yesterday pic.twitter.com/NOwuWHycNd
Tue Aug 25 20:49:40 PDT 2015 --  Just 4 dads doing dad stuff being dads pic.twitter.com/YSVQh6CWEZ
Wed Aug 26 14:30:39 PDT 2015 --  just to let everyone know I was NOT on any illegal substances at school 2day
Tue Aug 25 08:11:07 PDT 2015 --  FRIENDS. HOUSE CHURCH. TONIGHT. 3690 HEDGECLIFF CT @ 7 SEE YAH THURR
Tue Aug 25 10:56:04 PDT 2015 --  To do list, by Johnny Cash. pic.twitter.com/nTQBX2m7vD
Mon Aug 24 14:30:37 PDT 2015 --  happy birthday!!!! hope u guys have a great rest of your day! @BriyaPhilip @briyannaphil
Mon Aug 24 13:46:00 PDT 2015 --  "netflix & chill" pic.twitter.com/PbTvPAiavQ
Sun Aug 23 15:28:13 PDT 2015 --  If you spend your time tweeting about someone's physical appearance you're obviously insecure about your own
Sun Aug 23 12:31:55 PDT 2015 --  I've never understood the purpose of spreading rumors that aren't true....
Tue Jun 16 15:10:23 PDT 2015 --  you?????? unfortunately https://twitter.com/anti_poon/status/609623257545728001 …
Sat Aug 22 21:10:24 PDT 2015 --  happy birthday @kaleb_bang !!! this is the only pic I could find... but I hope ur day is great!! pic.twitter.com/i3N8wDYMM4
Tue Nov 06 20:26:52 PST 2012 --  @realDonaldTrump shut up
Fri Aug 21 12:36:13 PDT 2015 --  Drake's guardian angel. https://twitter.com/cZECHyerself/status/634810586035916801 …
Sat Aug 22 07:07:35 PDT 2015 --  hbd @aligracecobb hope u have an awesome day!!!
Fri Mar 06 03:14:38 PST 2015 --  i have good and bad news Wife: Ok, the bad news? i didn't clean out the garage Wife:*sigh* the good news? [holds up cat dressed as Thor]
Fri Aug 21 19:55:32 PDT 2015 --  I'm so clumsy fml
Fri Aug 21 15:22:42 PDT 2015 --  happy friday!!!!!! pic.twitter.com/nmigtDYlh4
Fri Aug 21 11:49:20 PDT 2015 --  everything always gets blown out of proportion
Fri Aug 21 10:36:37 PDT 2015 --  Walk The Wire // Boy & Bear
Tue Aug 11 12:45:03 PDT 2015 --  saying girls are "asking for it" based on what they decide to wear on their OWN bodies and what makes THEM feel good is such bs pls stop
Wed Aug 19 02:02:29 PDT 2015 --  This is actually so so nice. #girlpositivity at its finest. pic.twitter.com/uwhAYc5DcX
Mon Aug 17 19:58:20 PDT 2015 --  Quality duet with Hannah pic.twitter.com/OSDuZeY5UJ
Thu Aug 20 15:35:17 PDT 2015 --  happy birthday @aharvill820 hope your day is great!!!!
Thu Aug 20 14:42:28 PDT 2015 --  IM PEEING HABAHAH @jillianhuels pic.twitter.com/uUrIe0uViB
Thu Aug 20 14:16:48 PDT 2015 --  I hate it when people point out my breakouts as if I didn't already know
Sun Aug 16 11:53:44 PDT 2015 --  Vintage Tree House in Atlanta, Georgia pic.twitter.com/G7O4pUeCC1
Wed Aug 19 17:40:20 PDT 2015 --  @emmaasully is he a Democrat or a rePUBElican
Wed Aug 19 17:30:14 PDT 2015 --  hahahahha pic.twitter.com/orwGYdzFAB
Wed Aug 19 16:26:58 PDT 2015 --  can't wait to not get asked to homecoming
Wed Aug 19 13:29:52 PDT 2015 --  "Serve humbly, lead strongly, saturate totally, love radically, and support fully"
Tue Aug 18 19:11:28 PDT 2015 --  My soul is so happy right now..I love seeing God working through so many amazing people
Tue Aug 18 18:34:06 PDT 2015 --  Man, I love Jesus
Mon Aug 17 19:38:53 PDT 2015 --  Good good father is succhhh a good song
Mon Aug 17 18:48:17 PDT 2015 --  pic.twitter.com/46yx0ZZL1Z
Mon Aug 17 15:35:18 PDT 2015 --  people who give short loose hugs are a disappointment
Sun Aug 16 20:02:33 PDT 2015 --  honestly earth is amazing and so is the universe like think about it were literally small nothings on a bigger planet that is also nothing
Sun Aug 16 17:58:35 PDT 2015 --  We're so white hahahahaa forgive us #HitTheQuan @emmaasully pic.twitter.com/pna2tNjKXr
Mon Aug 17 04:41:00 PDT 2015 --  In this world you will have trouble. John 16:33 but, JESUS IS BIGGER
Mon Aug 17 13:58:33 PDT 2015 --  me https://twitter.com/aauchmuty/status/633346808727609344 …
Sun Aug 16 19:06:57 PDT 2015 --  WE SHOULD @emmaasully https://twitter.com/spoiledxoxo/status/633097390040481792 …
Sun Aug 16 18:32:25 PDT 2015 --  slick just became drake
Sun Aug 16 18:12:56 PDT 2015 --  @kaleb_bang dibs on being drake
Sun Aug 16 18:04:31 PDT 2015 --  I love Sundays w these ppl pic.twitter.com/Gv37iZxjmi
Sun Aug 16 16:37:56 PDT 2015 --  Lucy: "everyone says they hate phoebe for her body I'm like "ha I can give like 20 other reasons to hate phoebe" pic.twitter.com/dYfMGnx8Hh
Sun Aug 16 17:53:36 PDT 2015 --  enjoy pic.twitter.com/MtW2mOMVlR
Sun Aug 16 17:47:15 PDT 2015 --  today phoebe and Lucy got in a fist fight at froyo so there's that
Sun Aug 16 11:44:08 PDT 2015 --  "I think I got this shirt from trader joes.... wait I mean goodwill" - @lucygucy_
Sat Aug 15 21:44:56 PDT 2015 --  Salvation Mountain, Niland CA @carlita_nicolle pic.twitter.com/JhXZf2AsUu
Sat Aug 15 21:17:47 PDT 2015 --  God is so good
Fri Aug 14 17:35:26 PDT 2015 --  The red line is the size of @SeaWorld's parking lot. The green line is where Orcas spend their entire lives pic.twitter.com/AjJP9uzCSv
Sat Aug 15 08:49:39 PDT 2015 --  pic.twitter.com/3AK3xf1uAc
Sat Aug 15 07:58:51 PDT 2015 --  @ half of the girls in our grade https://vine.co/v/ewVdFtevUAK 
Sat Aug 15 07:29:36 PDT 2015 --  only at centennial pic.twitter.com/OO5PrnAJ6d
Fri Aug 14 21:42:45 PDT 2015 --  If someone is enjoying life and having fun, let them be.. Don't know why we judge people for every little thing they do
Fri Aug 14 15:32:52 PDT 2015 --  look how pretty this dog is pic.twitter.com/uOozY266rR
Fri Aug 14 11:06:38 PDT 2015 --  @calebsadd20 you should've stopped the hate crime in process. The police have been terrible to zucchinis lately and so have civilians
Fri Aug 14 09:16:21 PDT 2015 --  There was a circle of people at lunch and we thought people were fighting but they were just kicking a zucchini around and flipping out.
Thu Aug 13 20:05:40 PDT 2015 --  really happy people say I look like her pic.twitter.com/vva9V03oqf
Wed Aug 12 17:31:15 PDT 2015 --  You're lying if you say you don't sometimes change directions in the halls so you can walk by people you're attracted to
Thu Aug 13 02:32:13 PDT 2015 --  Good Good Father // Housefires (Vine by @iamsethbaker) https://vine.co/v/ed6Kt1DJaHU 
Tue Aug 11 10:32:34 PDT 2015 --  Second day of centennialðŸ¼ pic.twitter.com/bREbNzAQ0h
Tue Aug 11 18:21:24 PDT 2015 --  I just want a chocolate milkshake :(
Sun Jul 26 17:20:48 PDT 2015 --  if someone makes you excited about life keep them around for as long as you can !!!
Thu Aug 06 15:15:09 PDT 2015 --  ((94 things i'd rather be asked than "what's up")) pic.twitter.com/SWMmh1KsIy
Sun Aug 09 19:35:54 PDT 2015 --  Something my mommy sent me....just wanted to share with my girl friends:) pic.twitter.com/UoHF3QpIjR
Mon Aug 10 10:06:55 PDT 2015 --  THIS IS EVEN FUNNIER THAN THE FIRST ONE https://vine.co/v/erdE7lh7mDH 
Mon Aug 10 18:33:15 PDT 2015 --  pic.twitter.com/JSizXCNZmG
Sun Aug 09 14:15:26 PDT 2015 --  i hope school gets snowed out tomorrow
Mon Aug 10 15:30:47 PDT 2015 --  https://vine.co/v/edajwxUBgpX 
Sun Aug 09 09:04:02 PDT 2015 --  I'm excited for fall & football & the fair & haunted houses & leaves & sweaters & yeah ya feel me
Mon Aug 10 17:13:51 PDT 2015 --  never been so tired
Mon Aug 10 15:38:29 PDT 2015 --  welcome home radical face is too good
Mon Aug 10 15:19:18 PDT 2015 --  @emmaasully fresh meat straight from the cow come n get it
Mon Aug 10 14:59:26 PDT 2015 --  #freshmeat #school #upperclassmen #scary
Mon Aug 10 14:00:35 PDT 2015 --  ok who's wearing nike shorts and a big t shirt w me tomorrow
Sun Aug 09 09:01:41 PDT 2015 --  Life is only as good as your mindset
Sun Aug 09 16:30:07 PDT 2015 --  why spend like $300 dollars on a pair of shoes do u know how many chicken nuggets u can buy with that money
Sun Aug 09 18:32:26 PDT 2015 --  I still don't understand how ppl think me & phoebe look alike...........
Sun Aug 09 18:00:20 PDT 2015 --  can't wait to see how many different combinations of Nike shorts and t shirts I can make this year
Fri Apr 03 20:43:17 PDT 2015 --  This dog needs glasses pic.twitter.com/PgPdgSRZqv
Fri Aug 07 18:55:51 PDT 2015 --  pic.twitter.com/6K9cTB3HJl
Fri Aug 07 20:30:06 PDT 2015 --  I'm definitely the duff my friends are so hot
Sun Aug 09 15:44:43 PDT 2015 --  @emmaasully YOU https://twitter.com/rldiculousness/status/630488106114756608 …
Sun Aug 09 09:59:04 PDT 2015 --  how am I supposed to wake up at like 6 tomorrow when that's the time I've been falling asleep
Thu Jul 30 08:41:13 PDT 2015 --  Oh your a vape god? Tell me what the real god is like when you overdose on Vape.
Sat Aug 08 10:17:12 PDT 2015 --  Just remember when your in the hospital getting your leg amputated because of Vape abuse who warned you.
Sat Aug 08 20:14:57 PDT 2015 --  why is snapchat not working
Fri Aug 07 07:36:37 PDT 2015 --  My schedule is worse than meek mills diss track
Mon Aug 03 10:38:26 PDT 2015 --  Teens, once you start smoking Vape your are headed for a life of crime. Do you really wanna ruin your future for a few vapenados.
Sat Aug 01 08:48:15 PDT 2015 --  We all know an idiot named Andrew
Sat Aug 08 10:27:56 PDT 2015 --  (Vine by @thenickcolletti) https://vine.co/v/eHH2UgeWZqr 
Sat Aug 08 10:09:43 PDT 2015 --  happy birthday @bigfrankk_
Fri Aug 07 11:20:22 PDT 2015 --  HELLO LAND DOG! I AM SEA DOG, NICE TO MEET YOU! pic.twitter.com/Cf1wJf4Rmp
Tue Aug 04 20:50:11 PDT 2015 --  Philadelphia reacting to the news that @Drake will be dropping 3 peat. pic.twitter.com/UGrSqKkM9s
Fri Aug 07 00:01:25 PDT 2015 --  but she's dancin with another man (Vine by @iamsethbaker) https://vine.co/v/ewK30lXMvqz 
Thu Aug 06 22:37:34 PDT 2015 --  post rain workouts pic.twitter.com/lAy4MY9PHN
Mon Aug 03 01:26:08 PDT 2015 --  my sleep schedule is so messed up
Wed Aug 05 17:01:31 PDT 2015 --  I JUST WOKE UP I SLEPT FOR 19 HOURS IS THAT HEALTHY
Tue Aug 04 17:04:57 PDT 2015 --  I like dogs because people are too judgmental and dogs love you unconditionally
Tue Aug 04 14:13:41 PDT 2015 --  this is the guys at our school https://vine.co/v/Ot0OZ5OPBFd 
Tue Aug 04 12:37:58 PDT 2015 --  boys who drive jeeps>>>
Sun Jul 05 15:59:35 PDT 2015 --  "In a crowd full of people and you're still my favorite face to look at" pic.twitter.com/mJWTVA8QES
Mon Aug 03 18:49:22 PDT 2015 --  honestly considering a big tshirt and chacos for the first day of school
Mon Aug 03 15:35:21 PDT 2015 --  Man arrested on drug charges claims marijuana is salad http://2wsb.tv/1Hn44fx  pic.twitter.com/CaVFmGKAmQ
Mon Aug 03 08:26:43 PDT 2015 --  happy birthday @daseycavis_ hope ur day is gr888
Sat Aug 01 22:08:38 PDT 2015 --  https://twitter.com/emmaasully/status/627706731796279296 …
Sat Aug 01 22:05:21 PDT 2015 --  
Sat Jul 25 09:44:34 PDT 2015 --  girls are so nice for supporting guys through their haircuts
Thu Mar 26 19:29:18 PDT 2015 --  GIRLS: if ur at a party and a guy hands you his phone to put ur number into, text REDCROSS to 90999 and he'll donate $10 to hurricane relief
