Thu May 28 06:20:28 PDT 2015 --  Alaska looks amazing pic.twitter.com/V0IXZlG7na
Wed Aug 26 20:57:36 PDT 2015 --  Good morning #360fans. Today's front page spoils go to @WayneRooney & #MUFC. ICYMI last night: http://goo.gl/wiI1M1  pic.twitter.com/F7cjByXKhB
Thu Aug 27 05:58:00 PDT 2015 --  Another gold medal for @UsainBolt! We caught up with him recently for Celebrity Reds - coming soon to #MUTV... https://amp.twimg.com/v/d32f43ce-a1da-48b2-b16a-43f2c08371fa …
Thu Aug 27 07:17:43 PDT 2015 --  VIDEO: @UsainBolt captures 200M Men's Gold at #IAAFWorldChampionships Full Race here: http://bit.ly/1fI3Edo  pic.twitter.com/CJdO9ePFTg
Thu Aug 27 06:42:13 PDT 2015 --  Bolt is gold pic.twitter.com/hGCiw4VsSH
Wed Aug 26 03:02:47 PDT 2015 --  Come on mu pic.twitter.com/EvBqXqmCmh
Wed Aug 26 01:25:10 PDT 2015 --  Jokes pic.twitter.com/NIUq7YvDzU
Tue Aug 25 07:32:04 PDT 2015 --  Gear up India as the meanest, leanest fitness gear is officially here! Welcome @fitbitin #FindYourFit pic.twitter.com/fGAqU0jLkM
Tue Aug 25 07:08:02 PDT 2015 --  Schneiderlin: "I hope to become like him (Roy Keane) because he was a legend... I hope to have the same impact as him on the team." #MUFC
Tue Aug 25 07:14:54 PDT 2015 --  pic.twitter.com/3K6gOjdGL8
Tue Aug 25 07:15:51 PDT 2015 --  A hooded witness testifies in court on narcotic traffic in Washington State. April 30, 1952. pic.twitter.com/sBI8KUa4Ja
Sun Aug 23 14:17:41 PDT 2015 --  Fergies philosophy was a little different to van Gaals. #MUFC https://vine.co/v/OxPHlenM1pM 
Mon Aug 24 08:23:02 PDT 2015 --  Can he reach the water?! pic.twitter.com/O71yk2UcKl
Tue May 05 02:44:47 PDT 2015 --  The 3Pyramid of 3Capitalism, 1911. pic.twitter.com/gVssZbA08t
Mon Aug 24 08:23:38 PDT 2015 --  https://goo.gl/7kifqw  RT espn: From TheDailyShow to a heel turn? The JohnCena-WWERollins Summer Slam match was … http://es.pn/1JLtzPz 
Thu Aug 20 02:44:27 PDT 2015 --  Clint Eastwood in the company of a Spanish policeman during the shooting of â€œThe Good, The Bad, and The Ugly.â€ pic.twitter.com/JOD4ajI0KU
Sun Aug 23 00:16:09 PDT 2015 --  That moment when you wake up and it’s race day! #WeLoveWhatWeDo #BelgianGP #F1 pic.twitter.com/CFZMPFfh3G
Wed Aug 19 01:37:50 PDT 2015 --  Yesterday is not ours to recover, but tomorrow is ours to win or lose.
Thu Aug 20 15:40:06 PDT 2015 --  '20' WILD Photos You Can't Look Away From - #15 Is The Best http://bit.ly/1J8eQuD  pic.twitter.com/FvQvbIcZom
Wed Aug 19 05:59:05 PDT 2015 --  Lawbreaking chemical companies & industry shutdown — What happened next in #Tianjin http://bit.ly/1LkGOa6  pic.twitter.com/aOk0SFop7e
Wed Aug 19 12:13:39 PDT 2015 --  Up next it's Newcastle at OT - remember this cracking Rooney strike in a 2-1 win for #mufc in 2005? https://vine.co/v/eDaEEHd1Fli 
Thu Aug 20 00:50:07 PDT 2015 --  10 Superb psychological advantages of learning another language http://j.mp/1JGSgXg  pic.twitter.com/J5dLlhSEIU
Thu Aug 20 00:51:40 PDT 2015 --  Always https://vine.co/v/OAJvrhitZLA 
Wed Aug 19 01:37:51 PDT 2015 --  Cc @yualreadyknw " @FootballMumble: Memphis with a couple of crackers last night. He looks the real deal https://vine.co/v/epYvwj7ullJ "
Wed Aug 19 01:39:11 PDT 2015 --  LvG: "When you score two goals and the assist also, normally in the world you are the hero. Memphis is never satisfied. I like that."
Tue Aug 18 22:29:08 PDT 2015 --  Its true? pic.twitter.com/HiYDbgPQ57
Tue Aug 18 13:38:44 PDT 2015 --  Full-time: @ManUtd 3-1 @ClubBrugge. #UCL pic.twitter.com/IXIwvzBwJ6
Tue Aug 18 08:21:38 PDT 2015 --  pic.twitter.com/v40FOxOS28
Tue Aug 18 07:30:14 PDT 2015 --  PANEL: See how our writers want United to line up against Brugge. There's one shout for 442! http://www.manchestereveningnews.co.uk/sport/football/football-news/manchester-united-v-club-brugge-9871110 … pic.twitter.com/KA39BwV0kU
Tue Aug 18 07:26:58 PDT 2015 --  Go mufc pic.twitter.com/HIKa50opwB
Tue Aug 18 07:26:11 PDT 2015 --  Legends pic.twitter.com/DWRxuUO9pa
Tue Aug 18 06:20:36 PDT 2015 --  Less than 6 hours to go! Who will get on the scoresheet against Club Brugge tonight? #MUFC A Rooney B Memphis C Mata pic.twitter.com/vq14wbEQ7d
Mon Aug 17 21:40:48 PDT 2015 --  Show me your soul#
Mon Aug 17 20:24:55 PDT 2015 --  Great mind, great soul#
Mon Aug 17 06:50:33 PDT 2015 --  Lucasfilm Announces Cast and Crew Behind First ‘Star Wars’ Anthology Film, ‘Rogue One’ http://bit.ly/1TOs8EJ  pic.twitter.com/SuLuZ69rUJ
Thu Jul 16 02:57:37 PDT 2015 --  Happiness is having crazy friends.
Mon Aug 17 06:51:42 PDT 2015 --  Drugs kill your dream#
Sat Aug 15 14:32:02 PDT 2015 --  this looks so satisfying pic.twitter.com/v2wt1xrYlc
Thu Aug 13 21:34:41 PDT 2015 --  "If only you could delete feelings the same way you delete text messages."
Sat Aug 15 07:30:48 PDT 2015 --  Small acts of kindness have the most meaning.
Fri Aug 14 19:08:07 PDT 2015 --  Nothing like some good strudel to start the Saturday morning. #food #Saturday pic.twitter.com/Vi8h10bbWl
Wed Aug 12 09:11:03 PDT 2015 --  It is the work you put in that makes you a champion. I train #NoMatterWhat pic.twitter.com/PndTg3R7Cu
Fri Aug 14 15:07:11 PDT 2015 --  Otra victoria importante antes de centrarnos en la @ChampionsLeague! Buen gol @adnanjanuzaj @ManUtd_Es pic.twitter.com/xpQYarqJtf
Fri Aug 14 18:28:55 PDT 2015 --  I have no complaints pic.twitter.com/D6xxALmxC7
Fri Aug 14 18:28:10 PDT 2015 --  pic.twitter.com/kVj4H1l7DS
Thu Aug 13 22:54:00 PDT 2015 --  LVG says Ashley Young is his star player. Agree? We're LIVE! Join in & have YOUR say http://buff.ly/1L7XJd9  #MUFC pic.twitter.com/q2QIcW6wH6
Wed Aug 12 14:05:05 PDT 2015 --  Throwback to Scholes' stunner against Villa at Villa Park. pic.twitter.com/7smS43QpHa
Fri Aug 14 00:14:04 PDT 2015 --  Apparently De Gea didn't want to play for Manchester United and all fan boys were blaming LVG for past few days
Fri Aug 14 00:22:53 PDT 2015 --  4ever MU pic.twitter.com/kAYEJLUuzr
Wed Aug 12 04:30:07 PDT 2015 --  The key to confidence is walking into a room and assuming everyone likes you.
Thu Jul 23 19:12:34 PDT 2015 --  This is what the Elephant Orphanage in Nairobi looks like. pic.twitter.com/OA3ABbnFre
Thu Aug 13 19:45:06 PDT 2015 --  A man in Toronto was keeping 150 adult crocodiles and alligators in his house — via @IBTimes http://read.bi/1hAfDeD 
Thu Aug 13 19:48:34 PDT 2015 --  Lion cub napoleon shows off his mighty roar pic.twitter.com/RqAsZtISYm
Thu Aug 13 05:42:12 PDT 2015 --  Life is like a camera....focus only on what is important and you will capture it perfectly.
Thu Aug 13 08:30:20 PDT 2015 --  Paul Scholes! #mufc https://vine.co/v/edtPWizVt16 
Thu Aug 13 08:22:37 PDT 2015 --  A quick first look at the new @Samsung Galaxy Edge 6+ and Note 5 via @LanceUlanoff http://vine.co/v/edtTTbmJJ3Y  #unpacked
Thu Aug 13 08:35:27 PDT 2015 --  Why Food, Sleep and Exercise Are Critical to Success by @firaskittaneh http://entm.ag/1grY9jF 
Wed Aug 12 07:51:31 PDT 2015 --  #ManUtd #MUFC Schweinsteiger closing on full fitness #RedDevils #MUFCFamily http://dld.bz/dQmkX 
Tue Aug 11 20:27:08 PDT 2015 --  Life is better when you're laughing.
Tue Aug 11 20:29:03 PDT 2015 --  Mad respect for this bird for saving this fish from drowning pic.twitter.com/JxGgXi7XBV
Tue Aug 11 09:01:37 PDT 2015 --  This is what the inside of your brain should look like. Full of knowledge… pic.twitter.com/CeYqRDdA62
Sun Jul 05 23:17:20 PDT 2015 --  No iPhone, no iPad, and look at their faces pic.twitter.com/6vXj60Phkg
Sat Jul 04 10:39:31 PDT 2015 --  When youre mad at bae pic.twitter.com/Uguprr7Ut7
Thu Jul 23 07:34:13 PDT 2015 --  Girls on instagram pic.twitter.com/me2BK5FyCr
Tue Jul 28 21:49:02 PDT 2015 --  RT if you did this pic.twitter.com/ma3flt6L6i
Fri Aug 07 03:10:02 PDT 2015 --  When you see it pic.twitter.com/AfmZ4gGlUD
Thu Aug 06 11:00:12 PDT 2015 --  Top Shot: You may say I'm a dreamer. http://on.natgeo.com/1EbtCMD  #YourShot #TopShot pic.twitter.com/aJNU3IhBcc
Sun Aug 09 02:33:02 PDT 2015 --  Laughback pic.twitter.com/AcM8E9ob9v
Fri Aug 07 10:27:45 PDT 2015 --  One thing I can tell you is you got to be free pic.twitter.com/qfa0juP80Q
Sun Aug 09 19:15:14 PDT 2015 --  pic.twitter.com/9vowc6CK64
Sun Jan 04 14:13:22 PST 2015 --  Don't be friends with people who make you feel bad for accomplishing things. Real friends build each other up.
Sun Aug 09 09:40:37 PDT 2015 --  pic.twitter.com/22nnCPALrP
Sun Aug 09 08:22:01 PDT 2015 --  WHO MADE THIS!? pic.twitter.com/PtaLMUcarn
Sun Aug 09 09:21:00 PDT 2015 --  One lie is enough to question all the truths.
Sun Aug 09 09:21:50 PDT 2015 --  Can we get a moment of silence for those Arsenal fans who were saying they were going to win the BPL.
Mon May 18 10:56:17 PDT 2015 --  Ha! This is cool Fav if you would wear Get yours on http://Shop.Cuituremind.comÂ  ðŸ½ pic.twitter.com/gD5Q6jNaYB
Sun Aug 02 11:22:22 PDT 2015 --  #bestofparkour #sports #freerunning #amazing http://vine.co/v/OOxb77vDJzz 
Mon Aug 03 05:40:03 PDT 2015 --  "The past: when everything was better."
Sun Aug 02 18:42:22 PDT 2015 --  1st Dumbledore was the best Dumbledore - pic.twitter.com/4EOxpXlkoE
Fri Jul 10 19:45:37 PDT 2015 --  WWE Attitude Era The Rock, Stone Cold Steve Austin and the Undertaker pic.twitter.com/kheoNh0YYL
Fri Jun 26 09:40:50 PDT 2015 --  Marcheline Bertrand (Angelina Jolie's mother) pic.twitter.com/59gHREep35
Sun Aug 02 03:14:08 PDT 2015 --  When scientists found a way to possibly end mosquitoe.. - pic.twitter.com/K8TDi6Iw3U
Sun Aug 02 03:22:44 PDT 2015 --  . pic.twitter.com/sNW7C9riHF
Mon Jul 27 03:15:30 PDT 2015 --  Super clever desk illusion. pic.twitter.com/3QAr2wEXGz
Sat Aug 01 14:51:32 PDT 2015 --  Shooting a Lion? This is how it must be. - pic.twitter.com/CQg9GIME4d
Thu Jul 30 20:00:12 PDT 2015 --  I'm happier when I'm lost pic.twitter.com/PrR2ndT5Gf
Fri Jul 31 21:32:26 PDT 2015 --  Photoshop pugs into Jurassic Park - pic.twitter.com/4B42gK14Fe
Fri Jul 31 21:37:04 PDT 2015 --  pic.twitter.com/FPg5HrWS7P
Thu Jul 30 18:33:47 PDT 2015 --  pic.twitter.com/8yOux9wIWE
Thu Jul 30 18:33:19 PDT 2015 --  . pic.twitter.com/PTAI2ZzGg6
Wed Jul 29 07:30:20 PDT 2015 --  This friendship >> pic.twitter.com/xNrhJadnJz
Sun Jul 19 18:30:53 PDT 2015 --  HEEYY https://vine.co/v/O1YqZhXlZrT 
Tue Jul 28 19:29:02 PDT 2015 --  when you trynna see if someone replied to your text and they start typing pic.twitter.com/LByla6r6yJ
Tue Jul 28 18:56:17 PDT 2015 --  pic.twitter.com/srgrsRzxEk
Fri Jun 19 03:25:50 PDT 2015 --  Tips on falling in love: Don't
Mon Jul 13 14:53:38 PDT 2015 --  When you beat your high score on Runbots http://vine.co/v/Mg0HTUFK0zp 
Fri Jul 24 10:30:16 PDT 2015 --  Tag someone who can't read pic.twitter.com/EgxGHtIjuh
Tue Jul 28 08:07:31 PDT 2015 --  When people make fun of my insecurities pic.twitter.com/rJ2nuTqUnz
Mon Jul 27 20:33:40 PDT 2015 --  pic.twitter.com/o4bFcVDsu2
Mon Jul 27 09:54:22 PDT 2015 --  pic.twitter.com/9DEQS6VnWy
Sun Jul 26 19:26:37 PDT 2015 --  Sit like a tortoise#
Sat Jul 25 18:24:42 PDT 2015 --  The axe forgets what The tree remembers#
Sat Jul 25 18:21:37 PDT 2015 --  pic.twitter.com/BA9TUy8fdp
Sat Feb 08 07:32:50 PST 2014 --  Don’t believe everything you hear. There are always three sides to a story: yours, theirs and the truth.
Fri Jul 24 19:58:18 PDT 2015 --  Art#the end....... pic.twitter.com/rrVo7S0TLV
Fri Jul 24 19:57:10 PDT 2015 --  Art#2 pic.twitter.com/YxPqLwXZBq
Fri Jul 24 19:56:07 PDT 2015 --  Art#1 pic.twitter.com/0EmlJlIDkv
Tue Sep 16 12:16:47 PDT 2014 --  pic.twitter.com/EO95trTVVW
Sun May 24 13:25:35 PDT 2015 --  Side-text pic.twitter.com/o2vcIiJyqT
Sat Jul 11 12:55:43 PDT 2015 --  This is what a snail drinking from a bubble looks like. pic.twitter.com/XTIyhE3FFN
Thu Jul 23 00:05:46 PDT 2015 --  Good person pic.twitter.com/Cvu22RFx7s
Thu Jul 23 23:17:01 PDT 2015 --  When you think of a joke in class and you're trying not to laugh pic.twitter.com/eV7QzExYHy
Thu Jul 23 19:33:15 PDT 2015 --  Why https://twitter.com/FactSoup/status/624390292909748224 …
Thu Jul 23 11:15:30 PDT 2015 --  Chocolate is associated with the release of serotonin, the hormone that makes you feel relaxed and happy.
Thu Jul 23 19:11:20 PDT 2015 --  pic.twitter.com/RrEtJIdZLN
Thu Jul 23 18:56:25 PDT 2015 --  pic.twitter.com/cwf6OlNbo0
Thu May 28 06:20:28 PDT 2015 --  Alaska looks amazing pic.twitter.com/V0IXZlG7na
Wed Aug 26 20:57:36 PDT 2015 --  Good morning #360fans. Today's front page spoils go to @WayneRooney & #MUFC. ICYMI last night: http://goo.gl/wiI1M1  pic.twitter.com/F7cjByXKhB
Thu Aug 27 05:58:00 PDT 2015 --  Another gold medal for @UsainBolt! We caught up with him recently for Celebrity Reds - coming soon to #MUTV... https://amp.twimg.com/v/d32f43ce-a1da-48b2-b16a-43f2c08371fa …
Thu Aug 27 07:17:43 PDT 2015 --  VIDEO: @UsainBolt captures 200M Men's Gold at #IAAFWorldChampionships Full Race here: http://bit.ly/1fI3Edo  pic.twitter.com/CJdO9ePFTg
Thu Aug 27 06:42:13 PDT 2015 --  Bolt is gold pic.twitter.com/hGCiw4VsSH
Wed Aug 26 03:02:47 PDT 2015 --  Come on mu pic.twitter.com/EvBqXqmCmh
Wed Aug 26 01:25:10 PDT 2015 --  Jokes pic.twitter.com/NIUq7YvDzU
Tue Aug 25 07:32:04 PDT 2015 --  Gear up India as the meanest, leanest fitness gear is officially here! Welcome @fitbitin #FindYourFit pic.twitter.com/fGAqU0jLkM
Tue Aug 25 07:08:02 PDT 2015 --  Schneiderlin: "I hope to become like him (Roy Keane) because he was a legend... I hope to have the same impact as him on the team." #MUFC
Tue Aug 25 07:14:54 PDT 2015 --  pic.twitter.com/3K6gOjdGL8
Tue Aug 25 07:15:51 PDT 2015 --  A hooded witness testifies in court on narcotic traffic in Washington State. April 30, 1952. pic.twitter.com/sBI8KUa4Ja
Sun Aug 23 14:17:41 PDT 2015 --  Fergies philosophy was a little different to van Gaals. #MUFC https://vine.co/v/OxPHlenM1pM 
Mon Aug 24 08:23:02 PDT 2015 --  Can he reach the water?! pic.twitter.com/O71yk2UcKl
Tue May 05 02:44:47 PDT 2015 --  The 3Pyramid of 3Capitalism, 1911. pic.twitter.com/gVssZbA08t
Mon Aug 24 08:23:38 PDT 2015 --  https://goo.gl/7kifqw  RT espn: From TheDailyShow to a heel turn? The JohnCena-WWERollins Summer Slam match was … http://es.pn/1JLtzPz 
Thu Aug 20 02:44:27 PDT 2015 --  Clint Eastwood in the company of a Spanish policeman during the shooting of â€œThe Good, The Bad, and The Ugly.â€ pic.twitter.com/JOD4ajI0KU
Sun Aug 23 00:16:09 PDT 2015 --  That moment when you wake up and it’s race day! #WeLoveWhatWeDo #BelgianGP #F1 pic.twitter.com/CFZMPFfh3G
Wed Aug 19 01:37:50 PDT 2015 --  Yesterday is not ours to recover, but tomorrow is ours to win or lose.
Thu Aug 20 15:40:06 PDT 2015 --  '20' WILD Photos You Can't Look Away From - #15 Is The Best http://bit.ly/1J8eQuD  pic.twitter.com/FvQvbIcZom
Wed Aug 19 05:59:05 PDT 2015 --  Lawbreaking chemical companies & industry shutdown — What happened next in #Tianjin http://bit.ly/1LkGOa6  pic.twitter.com/aOk0SFop7e
Wed Aug 19 12:13:39 PDT 2015 --  Up next it's Newcastle at OT - remember this cracking Rooney strike in a 2-1 win for #mufc in 2005? https://vine.co/v/eDaEEHd1Fli 
Thu Aug 20 00:50:07 PDT 2015 --  10 Superb psychological advantages of learning another language http://j.mp/1JGSgXg  pic.twitter.com/J5dLlhSEIU
Thu Aug 20 00:51:40 PDT 2015 --  Always https://vine.co/v/OAJvrhitZLA 
Wed Aug 19 01:37:51 PDT 2015 --  Cc @yualreadyknw " @FootballMumble: Memphis with a couple of crackers last night. He looks the real deal https://vine.co/v/epYvwj7ullJ "
Wed Aug 19 01:39:11 PDT 2015 --  LvG: "When you score two goals and the assist also, normally in the world you are the hero. Memphis is never satisfied. I like that."
Tue Aug 18 22:29:08 PDT 2015 --  Its true? pic.twitter.com/HiYDbgPQ57
Tue Aug 18 13:38:44 PDT 2015 --  Full-time: @ManUtd 3-1 @ClubBrugge. #UCL pic.twitter.com/IXIwvzBwJ6
Tue Aug 18 08:21:38 PDT 2015 --  pic.twitter.com/v40FOxOS28
Tue Aug 18 07:30:14 PDT 2015 --  PANEL: See how our writers want United to line up against Brugge. There's one shout for 442! http://www.manchestereveningnews.co.uk/sport/football/football-news/manchester-united-v-club-brugge-9871110 … pic.twitter.com/KA39BwV0kU
Tue Aug 18 07:26:58 PDT 2015 --  Go mufc pic.twitter.com/HIKa50opwB
Tue Aug 18 07:26:11 PDT 2015 --  Legends pic.twitter.com/DWRxuUO9pa
Tue Aug 18 06:20:36 PDT 2015 --  Less than 6 hours to go! Who will get on the scoresheet against Club Brugge tonight? #MUFC A Rooney B Memphis C Mata pic.twitter.com/vq14wbEQ7d
Mon Aug 17 21:40:48 PDT 2015 --  Show me your soul#
Mon Aug 17 20:24:55 PDT 2015 --  Great mind, great soul#
Mon Aug 17 06:50:33 PDT 2015 --  Lucasfilm Announces Cast and Crew Behind First ‘Star Wars’ Anthology Film, ‘Rogue One’ http://bit.ly/1TOs8EJ  pic.twitter.com/SuLuZ69rUJ
Thu Jul 16 02:57:37 PDT 2015 --  Happiness is having crazy friends.
Mon Aug 17 06:51:42 PDT 2015 --  Drugs kill your dream#
Sat Aug 15 14:32:02 PDT 2015 --  this looks so satisfying pic.twitter.com/v2wt1xrYlc
Thu Aug 13 21:34:41 PDT 2015 --  "If only you could delete feelings the same way you delete text messages."
Sat Aug 15 07:30:48 PDT 2015 --  Small acts of kindness have the most meaning.
Fri Aug 14 19:08:07 PDT 2015 --  Nothing like some good strudel to start the Saturday morning. #food #Saturday pic.twitter.com/Vi8h10bbWl
Wed Aug 12 09:11:03 PDT 2015 --  It is the work you put in that makes you a champion. I train #NoMatterWhat pic.twitter.com/PndTg3R7Cu
Fri Aug 14 15:07:11 PDT 2015 --  Otra victoria importante antes de centrarnos en la @ChampionsLeague! Buen gol @adnanjanuzaj @ManUtd_Es pic.twitter.com/xpQYarqJtf
Fri Aug 14 18:28:55 PDT 2015 --  I have no complaints pic.twitter.com/D6xxALmxC7
Fri Aug 14 18:28:10 PDT 2015 --  pic.twitter.com/kVj4H1l7DS
Thu Aug 13 22:54:00 PDT 2015 --  LVG says Ashley Young is his star player. Agree? We're LIVE! Join in & have YOUR say http://buff.ly/1L7XJd9  #MUFC pic.twitter.com/q2QIcW6wH6
Wed Aug 12 14:05:05 PDT 2015 --  Throwback to Scholes' stunner against Villa at Villa Park. pic.twitter.com/7smS43QpHa
Fri Aug 14 00:14:04 PDT 2015 --  Apparently De Gea didn't want to play for Manchester United and all fan boys were blaming LVG for past few days
Fri Aug 14 00:22:53 PDT 2015 --  4ever MU pic.twitter.com/kAYEJLUuzr
Wed Aug 12 04:30:07 PDT 2015 --  The key to confidence is walking into a room and assuming everyone likes you.
Thu Jul 23 19:12:34 PDT 2015 --  This is what the Elephant Orphanage in Nairobi looks like. pic.twitter.com/OA3ABbnFre
Thu Aug 13 19:45:06 PDT 2015 --  A man in Toronto was keeping 150 adult crocodiles and alligators in his house — via @IBTimes http://read.bi/1hAfDeD 
Thu Aug 13 19:48:34 PDT 2015 --  Lion cub napoleon shows off his mighty roar pic.twitter.com/RqAsZtISYm
Thu Aug 13 05:42:12 PDT 2015 --  Life is like a camera....focus only on what is important and you will capture it perfectly.
Thu Aug 13 08:30:20 PDT 2015 --  Paul Scholes! #mufc https://vine.co/v/edtPWizVt16 
Thu Aug 13 08:22:37 PDT 2015 --  A quick first look at the new @Samsung Galaxy Edge 6+ and Note 5 via @LanceUlanoff http://vine.co/v/edtTTbmJJ3Y  #unpacked
Thu Aug 13 08:35:27 PDT 2015 --  Why Food, Sleep and Exercise Are Critical to Success by @firaskittaneh http://entm.ag/1grY9jF 
Wed Aug 12 07:51:31 PDT 2015 --  #ManUtd #MUFC Schweinsteiger closing on full fitness #RedDevils #MUFCFamily http://dld.bz/dQmkX 
Tue Aug 11 20:27:08 PDT 2015 --  Life is better when you're laughing.
Tue Aug 11 20:29:03 PDT 2015 --  Mad respect for this bird for saving this fish from drowning pic.twitter.com/JxGgXi7XBV
Tue Aug 11 09:01:37 PDT 2015 --  This is what the inside of your brain should look like. Full of knowledge… pic.twitter.com/CeYqRDdA62
Sun Jul 05 23:17:20 PDT 2015 --  No iPhone, no iPad, and look at their faces pic.twitter.com/6vXj60Phkg
Sat Jul 04 10:39:31 PDT 2015 --  When youre mad at bae pic.twitter.com/Uguprr7Ut7
Thu Jul 23 07:34:13 PDT 2015 --  Girls on instagram pic.twitter.com/me2BK5FyCr
Tue Jul 28 21:49:02 PDT 2015 --  RT if you did this pic.twitter.com/ma3flt6L6i
Fri Aug 07 03:10:02 PDT 2015 --  When you see it pic.twitter.com/AfmZ4gGlUD
Thu Aug 06 11:00:12 PDT 2015 --  Top Shot: You may say I'm a dreamer. http://on.natgeo.com/1EbtCMD  #YourShot #TopShot pic.twitter.com/aJNU3IhBcc
Sun Aug 09 02:33:02 PDT 2015 --  Laughback pic.twitter.com/AcM8E9ob9v
Fri Aug 07 10:27:45 PDT 2015 --  One thing I can tell you is you got to be free pic.twitter.com/qfa0juP80Q
Sun Aug 09 19:15:14 PDT 2015 --  pic.twitter.com/9vowc6CK64
Sun Jan 04 14:13:22 PST 2015 --  Don't be friends with people who make you feel bad for accomplishing things. Real friends build each other up.
Sun Aug 09 09:40:37 PDT 2015 --  pic.twitter.com/22nnCPALrP
Sun Aug 09 08:22:01 PDT 2015 --  WHO MADE THIS!? pic.twitter.com/PtaLMUcarn
Sun Aug 09 09:21:00 PDT 2015 --  One lie is enough to question all the truths.
Sun Aug 09 09:21:50 PDT 2015 --  Can we get a moment of silence for those Arsenal fans who were saying they were going to win the BPL.
Mon May 18 10:56:17 PDT 2015 --  Ha! This is cool Fav if you would wear Get yours on http://Shop.Cuituremind.comÂ  ðŸ½ pic.twitter.com/gD5Q6jNaYB
Sun Aug 02 11:22:22 PDT 2015 --  #bestofparkour #sports #freerunning #amazing http://vine.co/v/OOxb77vDJzz 
Mon Aug 03 05:40:03 PDT 2015 --  "The past: when everything was better."
Sun Aug 02 18:42:22 PDT 2015 --  1st Dumbledore was the best Dumbledore - pic.twitter.com/4EOxpXlkoE
Fri Jul 10 19:45:37 PDT 2015 --  WWE Attitude Era The Rock, Stone Cold Steve Austin and the Undertaker pic.twitter.com/kheoNh0YYL
Fri Jun 26 09:40:50 PDT 2015 --  Marcheline Bertrand (Angelina Jolie's mother) pic.twitter.com/59gHREep35
Sun Aug 02 03:14:08 PDT 2015 --  When scientists found a way to possibly end mosquitoe.. - pic.twitter.com/K8TDi6Iw3U
Sun Aug 02 03:22:44 PDT 2015 --  . pic.twitter.com/sNW7C9riHF
Mon Jul 27 03:15:30 PDT 2015 --  Super clever desk illusion. pic.twitter.com/3QAr2wEXGz
Sat Aug 01 14:51:32 PDT 2015 --  Shooting a Lion? This is how it must be. - pic.twitter.com/CQg9GIME4d
Thu Jul 30 20:00:12 PDT 2015 --  I'm happier when I'm lost pic.twitter.com/PrR2ndT5Gf
Fri Jul 31 21:32:26 PDT 2015 --  Photoshop pugs into Jurassic Park - pic.twitter.com/4B42gK14Fe
Fri Jul 31 21:37:04 PDT 2015 --  pic.twitter.com/FPg5HrWS7P
Thu Jul 30 18:33:47 PDT 2015 --  pic.twitter.com/8yOux9wIWE
Thu Jul 30 18:33:19 PDT 2015 --  . pic.twitter.com/PTAI2ZzGg6
Wed Jul 29 07:30:20 PDT 2015 --  This friendship >> pic.twitter.com/xNrhJadnJz
Sun Jul 19 18:30:53 PDT 2015 --  HEEYY https://vine.co/v/O1YqZhXlZrT 
Tue Jul 28 19:29:02 PDT 2015 --  when you trynna see if someone replied to your text and they start typing pic.twitter.com/LByla6r6yJ
Tue Jul 28 18:56:17 PDT 2015 --  pic.twitter.com/srgrsRzxEk
Fri Jun 19 03:25:50 PDT 2015 --  Tips on falling in love: Don't
Mon Jul 13 14:53:38 PDT 2015 --  When you beat your high score on Runbots http://vine.co/v/Mg0HTUFK0zp 
Fri Jul 24 10:30:16 PDT 2015 --  Tag someone who can't read pic.twitter.com/EgxGHtIjuh
Tue Jul 28 08:07:31 PDT 2015 --  When people make fun of my insecurities pic.twitter.com/rJ2nuTqUnz
Mon Jul 27 20:33:40 PDT 2015 --  pic.twitter.com/o4bFcVDsu2
Mon Jul 27 09:54:22 PDT 2015 --  pic.twitter.com/9DEQS6VnWy
Sun Jul 26 19:26:37 PDT 2015 --  Sit like a tortoise#
Sat Jul 25 18:24:42 PDT 2015 --  The axe forgets what The tree remembers#
Sat Jul 25 18:21:37 PDT 2015 --  pic.twitter.com/BA9TUy8fdp
Sat Feb 08 07:32:50 PST 2014 --  Don’t believe everything you hear. There are always three sides to a story: yours, theirs and the truth.
Fri Jul 24 19:58:18 PDT 2015 --  Art#the end....... pic.twitter.com/rrVo7S0TLV
Fri Jul 24 19:57:10 PDT 2015 --  Art#2 pic.twitter.com/YxPqLwXZBq
Fri Jul 24 19:56:07 PDT 2015 --  Art#1 pic.twitter.com/0EmlJlIDkv
Tue Sep 16 12:16:47 PDT 2014 --  pic.twitter.com/EO95trTVVW
Sun May 24 13:25:35 PDT 2015 --  Side-text pic.twitter.com/o2vcIiJyqT
Sat Jul 11 12:55:43 PDT 2015 --  This is what a snail drinking from a bubble looks like. pic.twitter.com/XTIyhE3FFN
Thu Jul 23 00:05:46 PDT 2015 --  Good person pic.twitter.com/Cvu22RFx7s
Thu Jul 23 23:17:01 PDT 2015 --  When you think of a joke in class and you're trying not to laugh pic.twitter.com/eV7QzExYHy
Thu Jul 23 19:33:15 PDT 2015 --  Why https://twitter.com/FactSoup/status/624390292909748224 …
Thu Jul 23 11:15:30 PDT 2015 --  Chocolate is associated with the release of serotonin, the hormone that makes you feel relaxed and happy.
Thu Jul 23 19:11:20 PDT 2015 --  pic.twitter.com/RrEtJIdZLN
Thu Jul 23 18:56:25 PDT 2015 --  pic.twitter.com/cwf6OlNbo0
