Sat Aug 29 08:40:46 PDT 2015 --  Bayerns formation
Fri Aug 28 11:56:22 PDT 2015 --  "Cristiano Ronaldo is a guy who always gets front row tickets to see Messi win his awards". Zlatan Ibrahimovic pic.twitter.com/evESF5veRD
Fri Aug 28 02:55:24 PDT 2015 --  (@ Starbucks Julaiaa) https://www.swarmapp.com/c/57pVDk9rRoY 
Fri Aug 28 02:15:49 PDT 2015 --  Off to J'245
Thu Aug 27 18:45:22 PDT 2015 --  
Thu Aug 27 15:19:10 PDT 2015 --  I hate it when you accidentally favorite tweets
Thu Aug 27 14:07:08 PDT 2015 --  Ø­Ø¯Ø±Ù‡ (@ Ø·Ø±ÙŠÙ‚ Ø§Ù„Ù…Ù„Ùƒ ÙÙ‡Ø¯ Ø¨ØªØ¬Ø§Ù‡ Ø§Ù„Ø´Ø§Ù„ÙŠÙ‡) https://www.swarmapp.com/c/2gJ118lquiwÂ 
Thu Aug 27 10:55:40 PDT 2015 --  SIIIIIIIIIIIIIIlllllllllllllllll
Thu Aug 27 10:42:15 PDT 2015 --  I'm at SeaShell Julai'a Hotel & Resort in Kuwait, Al Ahmadi https://www.swarmapp.com/c/hEoJzltWdJe 
Thu Aug 27 03:43:11 PDT 2015 --  J'245
Wed Aug 26 14:38:30 PDT 2015 --  Gnnn!!!!!!!!
Wed Aug 26 14:18:27 PDT 2015 --  تحياتي لمن دمر حياتي ..
Wed Aug 26 14:08:10 PDT 2015 --  Done
Wed Aug 26 11:55:00 PDT 2015 --  لعب
Wed Aug 26 01:06:20 PDT 2015 --  Missing L.A
Tue Aug 25 23:24:34 PDT 2015 --  Gm
Tue Aug 25 10:19:30 PDT 2015 --  Kuwait!
Mon Aug 24 03:02:09 PDT 2015 --  Gn
Sun Aug 23 17:19:49 PDT 2015 --  
Sun Aug 23 14:05:42 PDT 2015 --  Till next time
Sun Aug 23 10:43:45 PDT 2015 --  Luisitooo
Sun Aug 23 03:19:38 PDT 2015 --  Believe me neymar will not leave barça for a shit team like man u
Sat Aug 22 19:14:05 PDT 2015 --  Football. pic.twitter.com/Hu2GvNW7lT
Fri Aug 21 16:15:48 PDT 2015 --  4 things that everyone hates.. pic.twitter.com/o40HydxwQm
Fri Aug 21 15:18:06 PDT 2015 --  
Thu Aug 20 23:47:01 PDT 2015 --  You could call anyone you want I'ma kill 'em all
Thu Aug 20 15:16:20 PDT 2015 --  (at @OakTreeGunClub in Newhall, CA) https://www.swarmapp.com/c/jyilSkfJvDE 
Thu Aug 20 03:19:24 PDT 2015 --  This is art. pic.twitter.com/03brPv3QMv
Wed Aug 19 03:30:30 PDT 2015 --  Goodnight L.A
Tue Aug 18 21:32:00 PDT 2015 --  Man United fans like: Nani : Next Ronaldo Valencia : Next Ronaldo Januzaj : Next Ronaldo DiMaria : Next Ronaldo Now Depay : Next Ronaldo
Tue Aug 18 15:25:02 PDT 2015 --  CR7 ladies and gentlemen https://vine.co/v/ep9ivM2YU3B 
Tue Aug 18 01:28:19 PDT 2015 --  
Mon Aug 17 14:57:28 PDT 2015 --  Barcelona's celebrations this year: Liga Copa UCL European super cup Real Madrid: Messi Copa America loss Atheltc super cup win.
Mon Aug 17 14:33:12 PDT 2015 --  Aduriz shsawa
Mon Aug 17 14:32:44 PDT 2015 --  
Mon Aug 17 13:52:42 PDT 2015 --  We can do this !
Mon Aug 17 02:49:27 PDT 2015 --  وش كنت ابا قول نستني عيونك..
Sun Aug 16 23:30:27 PDT 2015 --  I think Man City will top this year's Premier League @TalkTalk_UK #halfpriceskysports http://bit.ly/1MSArrz 
Sun Aug 16 02:31:44 PDT 2015 --  Follow your heart but take your brain with you
Sun Aug 16 02:25:42 PDT 2015 --  Ø¹Ù† Ø§Ù„Ø¹Ø§Ù„Ù… ÙˆØ¬ÙˆØ¯Ùƒ Ø¨Ø³ ÙŠÙƒÙÙŠÙ†ÙŠ Ø§Ø­Ø¨Ùƒ ÙƒØ«Ø± Ù…Ø§ Ø§Ø·Ø±ÙŠÙƒ Ùˆ Ø§Ù†Ø³Ø§Ù‡Ù… ..
Sun Aug 16 01:43:28 PDT 2015 --  Gooooodnight.
Sat Aug 15 20:32:01 PDT 2015 --  We all know that feel. pic.twitter.com/azDtvjwcjK
Fri Aug 14 14:23:41 PDT 2015 --  This team is shit
Fri Aug 14 14:17:54 PDT 2015 --  Shalzag
Fri Aug 14 03:31:47 PDT 2015 --  Gn
Thu Aug 13 17:04:10 PDT 2015 --  School starts in 2 weeks?!
Thu Aug 13 15:00:43 PDT 2015 --  Gm (@ JW Marriott Santa Monica @LeMerigotHotel in Santa Monica, CA) https://www.swarmapp.com/c/glYFdNdizZY 
Thu Aug 13 02:02:17 PDT 2015 --  When Someone asks you how your results went. http://vine.co/v/OOtFjjJ9VLA 
Wed Aug 12 18:32:10 PDT 2015 --  Pedro leaves Barcelona pic.twitter.com/H74XXhm4Yo
Wed Aug 12 17:13:43 PDT 2015 --  ?
Wed Aug 12 16:23:16 PDT 2015 --  (@ Venice Beach in Venice, CA) https://www.swarmapp.com/c/gJdIbL34wrD 
Wed Aug 12 15:38:01 PDT 2015 --  "I would have loved to play with Zidane to prove once and for all that Busquets is better than him." - Neymar pic.twitter.com/n2GLsD2rtG
Tue Aug 11 18:49:12 PDT 2015 --  European titles in the last 10 years pic.twitter.com/lbViQwwY4i
Sun Aug 09 22:24:30 PDT 2015 --  Be a voice not an echo.
Sun Aug 09 01:44:29 PDT 2015 --  Nothing harder than sleeping...
Fri Aug 07 19:31:10 PDT 2015 --  #صورة | إنشرها وأكسب أجرها . pic.twitter.com/UbA97dZIIa
Fri Aug 07 03:11:10 PDT 2015 --  Goodnighttt
Fri Aug 07 02:16:00 PDT 2015 --  Flicka da wrist ğŸ¼
Thu Aug 06 14:53:32 PDT 2015 --  Messi v Madrid pic.twitter.com/752OkEy2Sh
Wed Aug 05 01:47:25 PDT 2015 --  Gn
Wed Aug 05 01:47:18 PDT 2015 --  So tiredddd but worth it !
Tue Aug 04 00:31:55 PDT 2015 --  Gn
Mon Aug 03 17:52:31 PDT 2015 --  (@ Nobu in Malibu, CA) https://www.swarmapp.com/c/6urJ7xhILuP 
Mon Aug 03 17:28:29 PDT 2015 --  Malibu
Mon Aug 03 01:23:17 PDT 2015 --  Goodnight
Sun Aug 02 21:08:11 PDT 2015 --  Gay ppl in america
Sat Aug 01 13:20:21 PDT 2015 --  Lord 1 - 1 Robben
Sat Aug 01 13:12:58 PDT 2015 --  Gm
Thu Jul 30 15:54:58 PDT 2015 --  ÙƒØ§Ù† ÙÙŠ Ù‚Ù„Ø¨ÙŠ Ù…ÙƒØ§Ù† ..
Wed Jul 29 16:29:07 PDT 2015 --  Shoppingggg
Wed Jul 29 12:23:11 PDT 2015 --  Finally (@ SLS Hotel at Beverly Hills in Los Angeles, CA) https://www.swarmapp.com/c/cQwyb6UsO25 
Wed Jul 29 09:47:23 PDT 2015 --  Touchdown (@ Los Angeles International Airport (LAX) - @flylaxairport in Los Angeles, CA) https://www.swarmapp.com/c/9Gd5I9M2Wb8 
Mon Jul 13 14:21:14 PDT 2015 --  Victor Valdes often gets criticized, but he is the unsung hero of Barcelona. He doesn't get the credit he deserves. https://vine.co/v/MXuWOdlleZx 
Wed Jul 29 02:13:01 PDT 2015 --  Off to L.A
Tue Jul 28 22:05:03 PDT 2015 --  منو قاعد ؟
Tue Jul 28 21:32:01 PDT 2015 --  Dejan Stanković - the only player to punish Manuel Neuer. pic.twitter.com/Cg5Z9bW5L9
Tue Jul 28 18:36:17 PDT 2015 --  9:36 gn
Tue Jul 28 00:42:10 PDT 2015 --  Gn
Mon Jul 27 19:11:02 PDT 2015 --  B O R E D !
Sun Jul 26 22:14:46 PDT 2015 --  Gn
Sun Jul 26 17:49:21 PDT 2015 --  pic.twitter.com/TJpWtwapj8
Sun Jul 26 17:46:08 PDT 2015 --  If you want something you've never had, then you've got to do something you've never did.
Sat Jul 25 22:40:05 PDT 2015 --  Goooodnightttt
Sat Jul 25 18:01:36 PDT 2015 --  Ø¹Ù„ÙŠÙƒ Ø¥Ù†ØªÙ‡ Ø¹ÙŠÙˆÙ† ØªØ´Ø§ÙÙŠ Ø¥Ù„Ù…Ø¨ØªÙ„ÙŠ
Sat Jul 25 13:31:31 PDT 2015 --  Fat ppl everywhere
Sat Jul 25 13:29:04 PDT 2015 --  Man u fans t7amsaw !
Wed Jul 22 18:51:44 PDT 2015 --  GnğŸ¼
Wed Jul 22 18:51:25 PDT 2015 --  L.A in few days
Wed Jul 22 09:22:04 PDT 2015 --  Eljaww
Wed Jul 22 09:18:26 PDT 2015 --  ğŸ¼ğŸ¼ğŸ¼ pic.twitter.com/mzCzNZdVAH
Wed Jul 22 09:18:36 PDT 2015 --  Gm
Tue Jul 21 08:14:35 PDT 2015 --  How to make a Liverpool fan cry with one photo. pic.twitter.com/CacXDrO2Gf
Tue Jul 21 05:32:28 PDT 2015 --  Gm
Mon Jul 20 15:17:06 PDT 2015 --  (at @Mortons Steakhouse in Cleveland, OH) https://www.swarmapp.com/c/emznfj7nmPL 
Mon Jul 20 14:27:37 PDT 2015 --  I'm worth it !
Mon Jul 20 05:25:19 PDT 2015 --  Morning
Sun Jul 19 18:19:42 PDT 2015 --  Goodnight
Sun Jul 19 17:03:55 PDT 2015 --  (at @BluePointGrille in Cleveland, OH) https://www.swarmapp.com/c/7wAc3NAWc3T 
Sun Jul 19 15:39:45 PDT 2015 --  Your best teacher is your last mistake.
Sun Jul 19 15:37:16 PDT 2015 --  Some people come in your life as blessings, others come in your life as lessons.
Sun Jul 19 15:33:24 PDT 2015 --  Never let go of your dreams
Sun Jul 19 13:49:57 PDT 2015 --  Touchdown cleveland
Sat Jul 18 13:10:50 PDT 2015 --  
Sat Jul 18 12:55:32 PDT 2015 --  استودعكم الله (@ Kuwait International Airport (KWI) in Al-Farawaniyah, Al Farwaniyah Governorate) https://www.swarmapp.com/c/5hrGcJ6bLPC 
Sat Jul 18 11:41:53 PDT 2015 --  When Andrea Pirlo hasn't got anyone to pass to. pic.twitter.com/g3er0UrpMb
Fri Jul 17 12:06:42 PDT 2015 --  Lost the WC, came back stronger! Lost the CA, will come back even stronger! RT if you'll always be with Leo! Vamos pic.twitter.com/liIumvZhth
Fri Jul 17 02:11:02 PDT 2015 --  
Thu Jul 16 20:30:04 PDT 2015 --  حياكم (@ ديوان النائب جمال العمر in الكويت, Al Asimah) https://www.swarmapp.com/c/l9ZjBXlYjwP 
Thu Jul 16 16:16:26 PDT 2015 --  النائب جمال العمر عيدكم مبارك وتقبل الله طاعتكم وعساكم من عواده ... pic.twitter.com/ePE6sFTKwm @Jamalalomar
Thu Jul 16 04:48:01 PDT 2015 --  Gm
Mon Jul 13 00:32:12 PDT 2015 --  Xavi: 24 years Schweinsteiger: 17 years Iker Casillas: 25 years Steven Gerrard: 28 years End of an era... pic.twitter.com/dWr9ALGtMv
Sat Jul 11 10:47:10 PDT 2015 --  
Sat Jul 11 03:49:21 PDT 2015 --  Dani Alves knows pic.twitter.com/NrpW5f0Z61
Fri Jul 10 00:08:32 PDT 2015 --  Ø§Ù„Ù†Ø§Ø¦Ø¨ | Ø¬Ù…Ø§Ù„ Ø§Ù„Ø¹Ù…Ø± ÙÙ‚Ø¯Øª Ø§Ù„Ø£Ù…ØªÙŠÙ† Ø§Ù„Ø¹Ø±Ø¨ÙŠØ© ÙˆØ§Ù„Ø§Ø³Ù„Ø§Ù…ÙŠØ© Ø³Ø¹ÙˆØ¯ Ø§Ù„ÙÙŠØµÙ„ â€Ø¹Ù„Ù…Ø§Ù‹ Ù…Ù† Ø§Ø¹Ù„Ø§Ù… Ø§Ù„Ø¯Ø¨Ù„ÙˆÙ…Ø§Ø³ÙŠØ© ÙÙŠ Ø§Ù„Ø¹Ø§Ù„Ù…â€œ pic.twitter.com/ODB6tUgLNG
Thu Jul 09 13:30:18 PDT 2015 --  An 8-year-old PSV fan leads a chant at the Philips Stadion. This is epic. pic.twitter.com/SIPWLYN9bx
Thu Jul 09 13:08:43 PDT 2015 --  Shit
Wed Jul 08 06:11:14 PDT 2015 --  Gn
Tue Jul 07 18:47:59 PDT 2015 --  Gm
Tue Jul 07 09:31:38 PDT 2015 --  Well this is embarrassing. @Snapchat used the wrong flag #TelAviv pic.twitter.com/JT1zVhTqgL
Tue Jul 07 02:50:23 PDT 2015 --  Messi on Man if the match in Copa America final pic.twitter.com/OYwRlCziwd
Tue Jul 07 01:28:43 PDT 2015 --  Gm
Mon Jul 06 14:04:41 PDT 2015 --  Arda turan to Barcelona
Mon Jul 06 03:49:30 PDT 2015 --  My respect. pic.twitter.com/QVU0DpXmeM
Mon Jul 06 03:01:53 PDT 2015 --  Sick
Mon Jul 06 01:05:07 PDT 2015 --  رتويت جزاكم الله خير pic.twitter.com/Afus35tjDE
Sat Jul 04 15:48:30 PDT 2015 --  Messi should've just joined Spain in the first place...
Sat Jul 04 15:48:03 PDT 2015 --  Deserved win
Sat Jul 04 15:47:01 PDT 2015 --  Messi doesn't deserve to play a shit team like argentine !
Sat Jul 04 15:44:37 PDT 2015 --  3an omk
Sat Jul 04 15:43:14 PDT 2015 --  Messiiiii
Sat Jul 04 13:08:01 PDT 2015 --  VAMOS ARGENTINE!
Sat Jul 04 08:40:10 PDT 2015 --  Who said that Cristiano Ronaldo doesn't make it to FIFA covers? [ @Barcelona_HD] pic.twitter.com/b1XRWnjCna
Fri Jul 03 23:32:02 PDT 2015 --  When you open a pack of gum in class... pic.twitter.com/5zQvj1cJhT
