Thu Aug 27 11:22:09 PDT 2015 --  . @taylorswift13 out-Taylor Swift’d herself by performing #SmellyCat on stage with Lisa Kudrow http://bzfd.it/1Lygg2v  http://vine.co/v/ej2zn07l7zL 
Thu Aug 27 05:37:03 PDT 2015 --  Baton Rouge, Louisiana pic.twitter.com/G2gr7Z2MEQ
Sun Aug 16 11:35:04 PDT 2015 --  Fun fact. pic.twitter.com/EWXCFtvczM
Thu Aug 27 10:24:39 PDT 2015 --  @nanners_33 everyday is anna day!
Thu Aug 27 10:13:05 PDT 2015 --  Considering staying down here. LSUs campus is beautiful
Thu Aug 27 07:30:29 PDT 2015 --  This day is going by so slow already. I can not sit at this desk for another 6 hours
Thu Aug 27 06:10:02 PDT 2015 --  HBD To my beautiful mini me, and the most amazing person inside and out. I miss you, you cute little thing pic.twitter.com/0PH2wIUwWZ
Wed Aug 26 20:09:30 PDT 2015 --  Happy birthday Dylan O'Brien pic.twitter.com/QJDWrZpG2t
Mon May 11 05:52:21 PDT 2015 --  EVERYONE KNOWS THAT IF YOU SEND THE LAST TEXT AT NIGHT, THE OTHER PERSON IS SUPPOSE TO START THE CONVO THE NEXT DAY. THATS HOW IT WORKS.GAWD
Wed Aug 26 17:06:04 PDT 2015 --  Andy Grammer radio really knows how to pick a girl up
Wed Aug 26 15:51:09 PDT 2015 --  WHY AM I EATING EVERYTHING IN SIGHT
Wed Aug 26 15:30:18 PDT 2015 --  Sophia Bush is everything goals. pic.twitter.com/N4L11QzABp
Wed Aug 26 14:55:26 PDT 2015 --  Thanks for being an ass
Wed Aug 26 11:16:18 PDT 2015 --  I just want a frozen lemonade
Wed Aug 26 11:12:01 PDT 2015 --  People straight up wear crocs on campus
Sun Aug 23 08:34:37 PDT 2015 --  THIS IS LIT pic.twitter.com/9ZXkXQHQ0i
Tue Aug 25 11:38:58 PDT 2015 --  I use it like 10 times a day
Tue Aug 25 11:38:45 PDT 2015 --  The hand sanitizer smells so freaking good in our office.
Tue Aug 25 11:04:53 PDT 2015 --  I should of never left EKU
Tue Aug 25 09:33:19 PDT 2015 --  "Cheer is easy anyone can do it" pic.twitter.com/FBLxDn4rcq
Tue Aug 25 07:19:09 PDT 2015 --  Everyone in my office is eating pancakes and it smells like syrup
Mon Aug 24 16:24:51 PDT 2015 --  Why is picking what you want to do with your life so hard ?!
Mon Aug 24 16:20:13 PDT 2015 --  talent: being the ugly friend
Mon Aug 24 15:49:47 PDT 2015 --  I just need a tutor
Mon Aug 24 12:14:29 PDT 2015 --  s/o to all the stress starting next week pic.twitter.com/6KcNXRnIOq
Mon Aug 24 13:00:17 PDT 2015 --  How does one cram 66 pages into 10 questions .......
Sun Aug 23 09:22:50 PDT 2015 --  SHE DID NOT MASH UP THE WEEKND AND BEY HOLY pic.twitter.com/rTooQT7CVo
Sun Aug 23 19:25:25 PDT 2015 --  I want you to breathe me..
Sun Aug 16 21:30:12 PDT 2015 --  What's the hype ? pic.twitter.com/nGlTZxHcLi
Sun Aug 23 17:09:25 PDT 2015 --  Please do this to jasmine @heyitsbre_d https://twitter.com/bestvinesever/status/635557171007242240 …
Sun Aug 23 17:08:45 PDT 2015 --  They may be because Louisiana is just so freaking hot. But you know
Sun Aug 23 17:08:28 PDT 2015 --  LSU 's campus is so big I broke a sweat walking it today.
Sun Aug 23 14:34:30 PDT 2015 --  Why is school even a thing?
Sun Aug 23 11:37:18 PDT 2015 --  Just told Matt I'd be his wing man
Sun Aug 23 07:13:01 PDT 2015 --  Why you should eat fruit pic.twitter.com/E44XYleiS2
Sat Aug 22 20:39:05 PDT 2015 --  I just wanna be perfect tooooooo
Sat Aug 22 17:28:21 PDT 2015 --  So I recorded myself sing that song for you .... And realized it wasn't even on video @heyitsbre_d @Sara_Valentour I'll try again
Sat Aug 22 12:29:58 PDT 2015 --  Probably my favorite video of Cameron Dallas pic.twitter.com/tIl7KNaLJZ
Sat Aug 22 14:10:32 PDT 2015 --  Pete from fall out boy.
Sat Aug 22 14:10:15 PDT 2015 --  & when Pete totally hits on Peyton. Ugh not fair
Sat Aug 22 14:09:32 PDT 2015 --  I want a Nathan Scott
Sat Aug 22 12:00:04 PDT 2015 --  Gorgeous fall outfit pic.twitter.com/leNBppg8NN
Sat Aug 22 12:04:02 PDT 2015 --  First time I've put on a bra all day and it's just to go get my package from the front office.
Sat Aug 22 07:42:20 PDT 2015 --  My ass and legs are so effing sore from the amount of squats I did yesterday.
Wed Jul 29 03:52:17 PDT 2015 --  if a guy ever looked at me like this my heart would probably melt pic.twitter.com/Bw0pzL0Aw5
Fri Aug 21 20:47:09 PDT 2015 --  Do you wish you could of met certain people at a different time and wonder what things would be like now?
Fri Aug 21 11:24:32 PDT 2015 --  Saw this last night & died a little https://twitter.com/femalestruggies/status/634772032807276544 …
Fri Aug 21 09:32:34 PDT 2015 --  This is so important https://vine.co/v/Ot1TttqlvLH 
Thu Aug 20 21:27:26 PDT 2015 --  in the mood to text u a novel about how much i adore u idk it happens sometimes
Thu Aug 20 18:42:27 PDT 2015 --  I hate the term bae. Fucking stop.
Thu Aug 20 10:06:34 PDT 2015 --  terrible person. pic.twitter.com/JeGwe4V9a2
Thu Aug 20 10:01:07 PDT 2015 --  I'm sitting on my fruit roll ups because they were in the fridge and now they are cold.
Thu Aug 20 09:37:06 PDT 2015 --  I want to stab my eyes out.
Thu Aug 20 09:35:08 PDT 2015 --  boy: do you have any fantasies? me: so i’m surrounded by puppies, and i get to pet them all. just me. petting all these puppies
Thu Aug 20 07:10:14 PDT 2015 --  One good thing about moving home (maybe) is that I can color my hair any color I want ...
Thu Aug 20 06:30:21 PDT 2015 --  I see more armadillo on the side of the road down here..... Than I have ever seen armadillo before.
Thu Aug 20 05:46:48 PDT 2015 --  Omg https://twitter.com/sixsecondcover/status/634228276676980736 …
Wed Aug 19 18:51:46 PDT 2015 --  lol ur girlfriend probably has a crush on me
Wed Aug 19 18:12:48 PDT 2015 --  I think I need to turn that read thing off on my phone
Wed Aug 19 16:51:43 PDT 2015 --  who is this girl I want to be friends with her https://twitter.com/kardashianreact/status/634111802855563264 …
Tue Aug 18 19:57:01 PDT 2015 --  Damn this girl straight killed the end pic.twitter.com/aeRfWk5Bvh
Wed Aug 19 13:03:20 PDT 2015 --  I hate when Haley sneaks emails to Chris Keller .... Worst part of the show
Wed Aug 19 08:44:59 PDT 2015 --  stressed to the max
Tue Aug 18 17:26:55 PDT 2015 --  #Cancer: You have a good heart and often find yourself forgiving the same person over and over until you finally decide to say fuck it.
Tue Aug 18 16:55:31 PDT 2015 --  Chris Keller is so hott before he screws Nathan and Haley up.
Tue Aug 18 11:21:14 PDT 2015 --  Why do I follow things that make me want to die. pic.twitter.com/KPEbyrL7tf
Tue Aug 18 10:37:34 PDT 2015 --  No matter how much you try to eat healthy. If there's pizza on the table it's game over
Tue Aug 18 10:25:04 PDT 2015 --  pic.twitter.com/QyC4yd52Wm
Tue Aug 18 09:07:56 PDT 2015 --  I'm honestly just trying to shrink my boobs so I can wear cute clothes and not look huge.
Tue Aug 18 04:45:10 PDT 2015 --  pic.twitter.com/fKu6SlMONk
Mon Aug 17 20:17:11 PDT 2015 --  Never stop yourself from texting someone. If you love them at 4am, tell them. If you still love them at 9:30am, tell them again.
Sat Dec 27 18:28:11 PST 2014 --  pic.twitter.com/Q6RPgvKQlu
Mon Aug 17 16:24:55 PDT 2015 --  OH
Mon Aug 17 15:29:17 PDT 2015 --  God has a reason behind your pain. Don't give up.
Mon Aug 17 14:52:18 PDT 2015 --  Good god. https://twitter.com/whiteboysdamn/status/633390305283342338 …
Mon Aug 17 12:57:08 PDT 2015 --  I wish I could major in crafting cause I like that
Mon Aug 17 12:32:39 PDT 2015 --  I need to surround myself with people who ant the same goals as me.
Mon Aug 17 12:01:31 PDT 2015 --  Bc I have no idea what to do with my life
Mon Aug 17 11:57:31 PDT 2015 --  Can I just be famous so I don't have to go to school
Mon Aug 17 11:37:00 PDT 2015 --  You have got to be kidding me. I'm so pathetic.
Mon Aug 17 10:21:40 PDT 2015 --  Happy bday to my fave LA girl so happy we became friends and got to annoy our bosses at AE . You're my fave pic.twitter.com/1uosOnbNyL
Sun Aug 16 21:17:01 PDT 2015 --  Wake up I want to talk to you
Sun Aug 16 21:13:33 PDT 2015 --  ITS ME BIRTHDAY BITCHES
Sun Aug 16 20:21:43 PDT 2015 --  Can this happen to me pic.twitter.com/SUh8w5Rbk5
Sun Aug 16 19:33:30 PDT 2015 --  Just because I don't want to miss a deadline
Sun Aug 16 19:33:16 PDT 2015 --  I'm going to have my whole semester of classes finished tomorrow.....
Sun Aug 16 17:52:47 PDT 2015 --  I would love to date Dylan O'Brien
Sun Aug 16 10:27:59 PDT 2015 --  When a bitch wants to start https://vine.co/v/M0QTDwMJhhz 
Sun Aug 16 10:05:58 PDT 2015 --  It's so funny when someone finds out I have boobs because I hide them so well
Sun Aug 16 09:41:18 PDT 2015 --  I forgot how expensive textbooks are. Omg
Sun Aug 16 01:20:06 PDT 2015 --  when autocorrect hits you with “holy shot” pic.twitter.com/hMjeDtwxTs
Sat Aug 15 18:59:54 PDT 2015 --  goodbYe pic.twitter.com/S7QNxMoNbi
Fri Aug 14 17:09:27 PDT 2015 --  I wish.. pic.twitter.com/0VAs7YLzaH
Fri Aug 14 20:00:48 PDT 2015 --  Literally so perfect https://twitter.com/reiatabie/status/632344453785653248 …
Fri Aug 14 13:27:55 PDT 2015 --  Y do I have a boyfriend if he never responds to me ? pic.twitter.com/VgXjisd2s4
Fri Aug 14 13:25:01 PDT 2015 --  My diet would go great if I didn't work right next to the cookie store
Thu Aug 13 20:16:15 PDT 2015 --  So it's official @MG_HAMMERR we're having a "party" Monday night
Thu Aug 13 17:45:09 PDT 2015 --  make these priorities pic.twitter.com/i0nq9oZFgK
Thu Aug 13 14:25:13 PDT 2015 --  Wait why is it possible for someone to be this hott ? @justinbieber pic.twitter.com/GtRLfNOsF4
Thu Aug 13 13:11:55 PDT 2015 --  And that causes me to tweet excessively
Thu Aug 13 13:09:14 PDT 2015 --  am I the only person that texts people like 4 messages at a time that could easily be put into one
Thu Aug 13 13:11:18 PDT 2015 --  I'm so effing bored. The hospital has turned into the worst job ever.
Thu Aug 13 12:14:56 PDT 2015 --  Us on our 21st. https://twitter.com/sexualgif/status/631874371045486593 …
Thu Aug 13 10:56:58 PDT 2015 --  Usher - I Don't Mind (my good friend J Kash wrote this song and I've been singing it... (Vine by @charlieputh) https://vine.co/v/OvrKj5tmKXP 
Thu Aug 13 10:14:24 PDT 2015 --  I'm like damn you're fine ...... https://twitter.com/sixsecondcover/status/631654649364410368 …
Wed Aug 12 20:35:29 PDT 2015 --  Stay a little longer https://vine.co/v/ed5d2FH9LHL 
Wed Aug 12 21:30:32 PDT 2015 --  Let her go https://vine.co/v/edOV52MMdAF 
Thu Aug 13 09:21:38 PDT 2015 --  I'm not the only one https://vine.co/v/eaQVAnOzAHw 
Thu Aug 13 09:46:28 PDT 2015 --  I would have Charlie Puth sing to me all day if I could.
Thu Aug 13 08:55:09 PDT 2015 --  I wish I was famous so I could just Mack out with all the celebs in random music videos. #NotFair
Thu Aug 13 06:35:36 PDT 2015 --  Scientists have called this the perfect road trip. Just start in your state and follow the map. So, who's in? pic.twitter.com/QRXoIt8K9D
Thu Aug 13 06:55:36 PDT 2015 --  Perfect human. Oh my god https://twitter.com/sexualgif/status/631708950027718656 …
Wed Aug 12 23:15:44 PDT 2015 --  pic.twitter.com/lhCinCl0Ro
Wed Aug 12 20:02:00 PDT 2015 --  I want a Kia Soul
Wed Aug 12 19:07:06 PDT 2015 --  I want it https://twitter.com/babyanimalpics/status/627843836790865920 …
Thu Jul 16 08:43:11 PDT 2015 --  all i want is a tan that lasts forever and a bigger ass
Wed Aug 12 12:58:48 PDT 2015 --  I got the point I need to leave you alone, but we both know I'm not that strong.
Wed Aug 12 10:26:44 PDT 2015 --  Seriously more bad things have happened to me in This short year than in my whole god damn life.
Wed Aug 12 08:53:50 PDT 2015 --  When you can't really tell if someone is into you or not...and you're not sure what to do pic.twitter.com/RwKN5dR2KN
Wed Aug 12 09:35:52 PDT 2015 --  I just want to start a blog 🏻️
Wed Aug 12 07:37:45 PDT 2015 --  I really hate when you do that ........
Tue Aug 11 19:02:42 PDT 2015 --  On August 27, 2015 at 12:30am Mars will be visible. The next time this will happen will be in 2287. I can't wait! pic.twitter.com/hAOWW0UOnc
Tue Aug 11 18:06:38 PDT 2015 --  How am I supposed to wait for winter after that???????
Tue Aug 11 17:52:07 PDT 2015 --  I knew Sara Harvey was a sketch ball
Tue Aug 11 17:40:22 PDT 2015 --  Seriously the people that live above me need to learn how to not walk like a cow.
Tue Aug 11 17:26:26 PDT 2015 --  Bruh I bet u Sara Harvey is the other red coat
Tue Aug 11 17:21:13 PDT 2015 --  Bethany young was a little betch
Tue Aug 11 16:59:44 PDT 2015 --  OMGOMGOMG PLL PLL PLL !!!
Tue Aug 11 15:15:34 PDT 2015 --  All of my friends are at a concert and I'm just so freaking excited for PLL to come on
Tue Aug 11 14:16:03 PDT 2015 --  Andie Case - We're Gonna Be Ok feat. Travis Graham (Original) http://youtu.be/janybUAP8QU 
Tue Aug 11 12:25:23 PDT 2015 --  pic.twitter.com/RB3fTWSH6o
Tue Aug 11 09:24:40 PDT 2015 --  Honestly can't wait to have homework. You have no idea.
Tue Aug 11 08:43:13 PDT 2015 --  What Do You Mean? @edsheeran #17Days pic.twitter.com/kAuozJ94S9
Mon Aug 10 22:29:22 PDT 2015 --  THIS IS SO GOOD pic.twitter.com/p0NGnLGBEC
Tue Aug 11 05:24:00 PDT 2015 --  love you pumpkin head @fatglad_25 pic.twitter.com/0XuabDFraU
Sun Aug 09 19:26:10 PDT 2015 --  One of the best scenes of One Tree Hill pic.twitter.com/p0fQlogQrJ
Mon Aug 10 17:35:59 PDT 2015 --  I just want chipotle.
Mon Aug 10 08:51:28 PDT 2015 --  I would totally not mind being a stay at home mom .... But then I get all independent and I know I wouldn't survive
Mon Aug 10 07:36:21 PDT 2015 --  When boys hold your face like this pic.twitter.com/R4GZZUWDFe
Mon Aug 10 07:38:16 PDT 2015 --  Hi, yes, I major in overthinking with a minor in overreacting.
Sun Aug 09 18:49:19 PDT 2015 --  I hate spoiled little brats that complain about just walking around a grocery store with their dad. You have no idea really.Quit complaining
Sun Aug 09 18:09:08 PDT 2015 --  anyone feel me pic.twitter.com/P0D0CsS62B
Fri Aug 07 19:05:39 PDT 2015 --  Hey sing me to sleep please https://twitter.com/sixsecondcover/status/629821909211967489 …
Fri Aug 07 18:16:34 PDT 2015 --  I make so many friends when I'm drunk .
Thu Aug 06 15:46:03 PDT 2015 --  THIS IS AWESOME pic.twitter.com/7Fsq97Gsud
Thu Aug 06 13:14:27 PDT 2015 --  How m I supposed to diet when this is everywhere I go ?! https://twitter.com/itsfoodporn/status/628616928228175872 …
Thu Aug 06 12:45:18 PDT 2015 --  If not for sits, why is made of warm? pic.twitter.com/YOgHKoaGap
Mon Jul 06 21:21:04 PDT 2015 --  #ImThatGirlfriend pic.twitter.com/rRmXH7ksPf
Thu Aug 06 12:06:27 PDT 2015 --  Can I be Kendall Jenner ?
Thu Aug 06 11:55:27 PDT 2015 --  Happy birthday, baby @hicksey33 I love you !
Wed Aug 05 18:58:00 PDT 2015 --  @NiykeeHeaton vs. me swimming #DoItLikeNiykee pic.twitter.com/ndVGdopIr5
Wed Aug 05 19:50:14 PDT 2015 --  Me pic.twitter.com/zNYcRTvvqM
Wed Aug 05 10:46:17 PDT 2015 --  Stripping in my car bc Louisiana is so god damn fucking hot
Wed Jul 15 19:32:01 PDT 2015 --  This makes me happy. #OneTreeHill https://vine.co/v/O0gBXIWBEnx 
Tue Aug 04 15:25:10 PDT 2015 --  me pic.twitter.com/wBWDZaApf3
Tue Aug 04 14:48:59 PDT 2015 --  Hey wisdom teeth can you take a chill pill and not piss me off today.
Tue Aug 04 12:36:57 PDT 2015 --  So effing hawt. Let me be you , you perfect human pic.twitter.com/ppEeKg7xT6
Mon Aug 03 17:45:03 PDT 2015 --  Mood enhancer workout! pic.twitter.com/QLKEH1BnOe
Mon Aug 03 17:24:08 PDT 2015 --  Friends is over ... Life is over
Sun Jul 19 10:20:05 PDT 2015 --  When you're Beyoncé af 🏼 pic.twitter.com/CvWimzRNlk
Mon Aug 03 14:33:44 PDT 2015 --  power trip is still one of my favs by j.cole
Mon Aug 03 13:11:54 PDT 2015 --  The start of Nathan and Haley
Mon Aug 03 10:31:40 PDT 2015 --  Remember Nathan Scott's nipple ring ? Hahahaha
Mon Aug 03 10:03:09 PDT 2015 --  I forgot how much I love one tree hill
Sun Aug 02 18:37:01 PDT 2015 --  New Orleans, Louisiana pic.twitter.com/blbt21w2Fs
Mon Aug 03 07:39:59 PDT 2015 --  NEW VIDEO! https://youtu.be/CiFibePuJAQ 
Sat Jul 11 13:53:00 PDT 2015 --  this really needed to be acknowledged pic.twitter.com/n88o6hFlVC
Sun Aug 02 21:11:08 PDT 2015 --  All of my lovely nails are gone because I like to bite them all off when they get nice and pretty. Yay
Sun Aug 02 17:06:37 PDT 2015 --  Just put together my first drone video. Click on the link to check it out!! https://vimeo.com/134898166  pic.twitter.com/5qZN4QjV8V
Sun Aug 02 14:51:07 PDT 2015 --  rompers & jumpsuits are cool until you're in a bathroom stall going pee & you're naked
Sun Aug 02 12:18:34 PDT 2015 --  As soon as I get alcohol in my body my toes and my legs tingle . I love it
Sun Aug 02 10:43:47 PDT 2015 --  Happy national sisters day best sister in the world pic.twitter.com/OIQzhGQ1pg
Sun Aug 02 07:02:33 PDT 2015 --  I’ve always got your back, sis. Happy Sister’s Day! #SistersDay pic.twitter.com/vynFJvfVct
Sun Aug 02 10:37:48 PDT 2015 --  Don't make a rude comment at me and tell me I'm being sensitive after I get upset. I wouldn't be sensitive if you'd keep your mouth shut 🏻
Sat Aug 01 17:29:51 PDT 2015 --  So hungry . Send scraps , crumbs , left overs. Anything helps
Sat Aug 01 14:06:02 PDT 2015 --  One day things will go as planned for me
Sat Aug 01 12:12:41 PDT 2015 --  Can my life please be like the movie The Best Of Me ..... Like come on
Sat Aug 01 08:24:23 PDT 2015 --  pic.twitter.com/WTGieZgoCb
Fri Jul 31 15:25:05 PDT 2015 --  I just have to accept the fact that I am not a pretty little tiny girl and kill myself
Thu Jul 30 12:44:21 PDT 2015 --  Be cool korbin, be cool
Thu Jul 30 12:41:46 PDT 2015 --  He laughed ....
Thu Jul 30 12:41:38 PDT 2015 --  He congratulated me on being most humble and I totally accidentally flirted with him
Thu Jul 30 12:39:34 PDT 2015 --  Hawt co worker talking to me
Thu Jul 30 08:33:22 PDT 2015 --  I'm a Norse again 🏻
Wed Jun 24 19:06:26 PDT 2015 --  Do 15 push-ups instead of 10. Run 3 miles instead of 2. Eat the whole cake instead of a slice. Burn your ex's house down. I believe in you.
Tue Jul 28 17:19:34 PDT 2015 --  I want to move to Cali just so I can constantly have beach hair, live in bathing suits, and never wear shoes 🏻
Tue Jul 28 16:57:28 PDT 2015 --  Hawt AF https://twitter.com/malllibuu/status/626171405579595777 …
Tue Jul 28 08:33:44 PDT 2015 --  #GrowingUpWithSisters not liking her Instagram post but commenting "that's my shirt"
Tue Jul 28 15:57:27 PDT 2015 --  I missed the last 5 episodes of PLL so I can't freaking watch the rest . And idk where to find them at ... HELP
Mon Jul 27 19:25:47 PDT 2015 --  I could drink a daiquiri everyday
Sun Jul 26 07:55:43 PDT 2015 --  Goodbyes will never be easy.
Sat Jul 25 22:48:07 PDT 2015 --  Good bye KY hopefully I'll see you in December
Sat Jul 25 21:57:49 PDT 2015 --  Skinny boys with tattoos long hair and skinny jeans like ugh
Fri Jul 24 22:45:16 PDT 2015 --  pic.twitter.com/lGVcblnLjz
Fri Jul 24 19:09:15 PDT 2015 --  Leaving Sunday may actually break my heart into a million pieces, again
Fri Jul 24 06:22:20 PDT 2015 --  My effing gauges glow in the effing dark
Thu Jul 23 14:06:04 PDT 2015 --  I just want more.
Thu Jul 23 10:20:20 PDT 2015 --  Cabrewin tomorrow! Sext me for the deets
Tue Jul 21 11:17:05 PDT 2015 --  When your bra & underwear match & you stand in front of the mirror like omggggggggg who da frick is youuuuu
Wed Jul 22 21:07:03 PDT 2015 --  deep conversations with someone who understands you is everything
Wed Jul 22 22:28:52 PDT 2015 --  I don't want to go back ..
Wed Jul 22 14:49:55 PDT 2015 --  if a guy ever looked at me like this my heart would probably melt pic.twitter.com/mpGZoNS4r8
Wed Jul 22 15:43:08 PDT 2015 --  I just want everyone to be happy and I can't do that without someone being upset with me
Sun Jul 05 19:40:07 PDT 2015 --  ..the only time I'd ever call you mine.
Sun Jul 05 19:31:11 PDT 2015 --  I only call you when it's half past 5..
Thu Jul 09 15:39:11 PDT 2015 --  Texas forever. pic.twitter.com/gfujVWG0s9
Tue Jul 21 15:19:49 PDT 2015 --  I love happy mistakes.
Tue Jul 14 22:59:19 PDT 2015 --  🏼🏼🏼 https://twitter.com/hornyfacts/status/621193223680184320 …
Mon Jul 20 23:09:05 PDT 2015 --  I just want everything I can't have
Mon Jul 20 22:29:35 PDT 2015 --  I can't wait for this weekend but I also don't want my time here to end yet
Mon Jul 20 12:34:14 PDT 2015 --  Finally going to a Reds game !!
Sun Jul 19 20:01:33 PDT 2015 --  Planes.. https://youtu.be/1K8KZDRrn-A  #SoMoSunday
Sun Jul 19 14:59:39 PDT 2015 --  Ft wright bdubs at 645 if anyone wants to come
Sun Jul 19 09:21:08 PDT 2015 --  I'm home and no one wants to hang out with me.
Sat Jul 18 21:31:40 PDT 2015 --  Only one of the best relationships ever. #OneTreeHill pic.twitter.com/23ivRqyKJ0
Sat Jul 18 16:30:00 PDT 2015 --  Good god that jaw line https://twitter.com/whiteboysdamn/status/622522514137157632 …
Sat Jul 18 07:49:30 PDT 2015 --  Lol https://vine.co/v/erFmEnWD5L5 
Sat Jul 18 07:00:15 PDT 2015 --  HAPPY 21st FREAKING BDAY TO MY ZOCA, ROOMIE AND SWEETEST/ CRAZIEST GIRL EVER!! Love and miss you so much! pic.twitter.com/R5jagmmQmf
Fri Jul 17 16:14:54 PDT 2015 --  I wanna stay in NKY forever
Fri Jul 17 13:37:08 PDT 2015 --  I'm back bitches! #nky
Thu Jul 16 21:06:02 PDT 2015 --  This pic.twitter.com/eZSyFwBQVi
Thu Jul 16 20:55:16 PDT 2015 --  Meggie just said she would lick Wiz Khalifas butthole ................. Wtf
Thu Jul 16 20:51:03 PDT 2015 --  Hi let me love you https://twitter.com/mancanddypics/status/621734837532160001 …
Wed Jul 15 19:35:21 PDT 2015 --  Respect yourself enough to walk away from anything that no longer serves you, grows you, or makes you happy.
Thu Jul 16 20:24:45 PDT 2015 --  Someone talk to me on this long trip Meg is being boring
Tue Jul 14 22:28:33 PDT 2015 --  When will shit ever improve
Tue Jul 14 22:36:18 PDT 2015 --  I'm just helpless at this point
Tue Jul 14 18:20:34 PDT 2015 --  You'll regret it
Tue Jul 14 20:27:36 PDT 2015 --  Forever serenading Piaf. pic.twitter.com/DGk8RGraVS
Tue Jul 14 20:36:03 PDT 2015 --  "Low key" I see you spotify pic.twitter.com/q2cw8LnYOh
Tue Jul 14 15:58:22 PDT 2015 --  My legs and arms are so cut up from Sage and they look awful
Tue Jul 14 12:00:45 PDT 2015 --  And swim ! I hope all you kiddies can make it ! I'd love to see everyone !
Tue Jul 14 12:00:01 PDT 2015 --  Hi friends! We are coming home this Friday the 17th! I'm having a pool party on the 18th. We are gonna grill and stuff
Tue Jul 14 07:53:52 PDT 2015 --  I just want someone to understand
Tue Jul 14 07:38:25 PDT 2015 --  Perfect end to a perfect day in Cincinnati. #NoProblems pic.twitter.com/NGr5n5VPFJ
Tue Jul 14 05:58:00 PDT 2015 --  The only down side of working in a hospital is that they will yell at you for going to a tanning bed.
Mon Jul 13 20:19:15 PDT 2015 --  
Mon Jul 13 08:37:26 PDT 2015 --  If Matt & I ever broke up I couldn't date anyone else bc I'm way to comfortable around him. People would think I'm freaking ass weird.
Sun Jul 12 20:00:27 PDT 2015 --  Gonna wanna tonight.. http://youtu.be/jCsluHEZ3h4  #SoMoSunday
Sun Jul 12 19:56:30 PDT 2015 --  & let your red lips, leave their mark all over mine..
Sun Jul 12 15:55:01 PDT 2015 --  You peasant https://twitter.com/_meggielee/status/620262664321826817 …
Sun Jul 12 06:19:26 PDT 2015 --  Hahahahahaha US https://twitter.com/malllibuu/status/620121918209810432 …
Fri Jul 10 16:06:51 PDT 2015 --  I hate when guys call me adorable. I feel like Ariana Grande when you should be making me feel like Beyoncé
Fri Jul 10 16:16:27 PDT 2015 --  Happy birthday to the most kind hearted beautiful person I have ever known @FreakingDudley I love you so so much cannot wait to see you!
Fri Jul 10 08:48:32 PDT 2015 --  Happy birthday to the best big sisters anyone could ask for. I love you ( @logan_stewart3) pic.twitter.com/S2yH4ap0PQ
Fri Jul 10 08:29:38 PDT 2015 --  Happy birthday pretty lady!! Miss you, come visit soon @FreakingDudley
Fri Jul 10 08:22:35 PDT 2015 --  huge happy bday to this beautiful little lady. I love you so much Korb and can not wait to see you soon. miss you pic.twitter.com/OnxcCzgHOQ
Thu Jul 09 23:17:34 PDT 2015 --  Yes I have normal friends @VoelkerHannah pic.twitter.com/B4IVfRALem
Thu Jul 09 22:44:02 PDT 2015 --  Happy bday @FreakingDudley you had better make it a good one or else haha! Love ya korb! Get on back here soon so we can all celebrate
Thu Jul 09 21:49:47 PDT 2015 --  Everything is better at night
Tue Jun 16 15:25:36 PDT 2015 --  c r a v i n g y o u
Thu Jul 09 21:46:12 PDT 2015 --  Mother fucker, to do things over again
Thu Jul 09 20:36:57 PDT 2015 --  ME https://twitter.com/_meggielee/status/619348682161434624 …
Thu Jul 09 19:03:23 PDT 2015 --  When @FreakingDudley & @_MeggieLee are together delete them from snapchat....
Thu Jul 09 16:11:01 PDT 2015 --  "We just don't like his girlfriend " "So should I fuck him? " - @_MeggieLee Hahahahahahahahaha ha
Thu Jul 09 10:23:11 PDT 2015 --  Yes, I am considering buying midnight premiere tickets to the minion movie.
Thu Jul 09 05:19:24 PDT 2015 --  Chris brown your voice is lovely.
Thu Jul 09 04:51:31 PDT 2015 --  My Bday is tomorrow. But nothing is fun about 20
Wed Jul 08 12:14:41 PDT 2015 --  24 hours until I land in New Orleans
Wed Jul 08 21:06:02 PDT 2015 --  Ab workout pic.twitter.com/xdmGIub3GS
Tue Jul 07 17:33:39 PDT 2015 --  I can't wait to see my best friend pic.twitter.com/p4R4lx5cDC
Tue Jul 07 11:42:26 PDT 2015 --  I have cute clothes now and I'm still trying to figure out what to do with them.
Tue Jul 07 10:37:02 PDT 2015 --  Jason Derulo is like the problem solver when it comes to feelings. Just listen to his songs
Tue Jul 07 10:20:51 PDT 2015 --  Relationship goals pic.twitter.com/Vzrwm2NH6T
Tue Jul 07 10:08:29 PDT 2015 --  I stress overt career more than anything in my entire life.
Tue Jul 07 08:36:32 PDT 2015 --  I don't wanna have doubts.
Tue Jul 07 07:54:41 PDT 2015 --  The 30 year old on my office is so freaking hott. I can't get enough of him. His office is right across from mine. so of course i stare
Mon Jul 06 11:58:05 PDT 2015 --  This beyond true man #DontJudgeMeChallenge pic.twitter.com/1jQSqwK8sT
Mon Jul 06 21:38:02 PDT 2015 --  If you really want it Fight for it
Tue Jul 07 00:12:34 PDT 2015 --  Feelings are the worst thing ever
Mon Jul 06 19:41:55 PDT 2015 --  Hi https://twitter.com/sixsecondcover/status/618240563968638976 …
Mon Jul 06 18:49:38 PDT 2015 --  She never disappoints https://vine.co/v/O9Y5QbrLd2O 
Mon Jul 06 12:45:13 PDT 2015 --  I watched this like 20 times &amp; I'm still laughing https://vine.co/v/OzQaIO0IOiu 
Mon Jul 06 14:33:32 PDT 2015 --  Why do people think that you not letting them creep through your phone means you're hiding something? Like, no. I just don't like that.
Mon Jul 06 13:30:03 PDT 2015 --  #DontJudgeChallenge ft. The Jawline carved by God pic.twitter.com/R5CNSWOMl5
Fri May 22 19:34:05 PDT 2015 --  pic.twitter.com/xRFCGAD5FF
Sun Jul 05 18:20:59 PDT 2015 --  I love my boyfriend so much :) He's the best
Sun Jul 05 13:39:08 PDT 2015 --  I can't wait to just be with my friends all day, everyday
Sun Jul 05 04:30:08 PDT 2015 --  "teenage years are the best years of your life" you mean it gets worse
Fri Jul 03 19:26:09 PDT 2015 --  l @_MeggieLee boobs
Fri Jul 03 17:20:53 PDT 2015 --  #SingleBecause I just broke up with Matt . Surprise!
Fri Jul 03 15:25:03 PDT 2015 --  synchronized yawning pic.twitter.com/W62MJlDsIA
Fri Jul 03 15:13:05 PDT 2015 --  Twinsies with my girl Tiffany pic.twitter.com/k2DzhybryG
Fri Jul 03 02:45:12 PDT 2015 --  just FYI pic.twitter.com/oqwC26eqyV
Thu Jul 02 22:00:44 PDT 2015 --  If she's comfortable around u: she'll tackle you, sing to u, be weird around u, dance for you, scream at you. take ur food, be mean to you.
Thu Jul 02 19:52:04 PDT 2015 --  Let's see who wins pic.twitter.com/SV6nLHmhRA
Thu Jul 02 18:36:02 PDT 2015 --  #ThingsIGetLiedToAbout "I swear I didn't smoke" lmao
Thu Jul 02 17:55:17 PDT 2015 --  blondes always do it better
Thu Jul 02 14:43:01 PDT 2015 --  The older brother from Jurassic World is literally perfection pic.twitter.com/AjYJth3dVy
Thu Jul 02 16:09:30 PDT 2015 --  I have 5 Kelsea ballerini tickets that I'm selling for like $10 if anyone wants them
Thu Jul 02 14:58:55 PDT 2015 --  You really did love me.
Wed Jul 01 11:09:33 PDT 2015 --  the person who wants what's best for you is what's best for you
Thu Jul 02 14:23:21 PDT 2015 --  I want to say what I want when I want
Thu Jul 02 14:08:25 PDT 2015 --  Sorry about not texting you back... I fell asleep. #LiesIveToldAGuy
Thu Jul 02 10:48:05 PDT 2015 --  I just want to be who I used to be.
Thu Jul 02 10:42:01 PDT 2015 --  Why do I think about things I don't want to think about
Thu Jul 02 10:03:38 PDT 2015 --  #LiesIveToldAGuy they're song lyrics calm down
Thu Jul 02 10:18:16 PDT 2015 --  So hotttttttttttttt https://twitter.com/thelifediaries/status/616078874275901440 …
Thu Jul 02 08:54:26 PDT 2015 --  @FreakingDudley @_MeggieLee prime example of all of us pic.twitter.com/LP3WNmuOmv
Thu Jul 02 07:47:02 PDT 2015 --  Oh yeah when you're bored at work and you online shop with the money you don't have
Thu Jul 02 05:21:11 PDT 2015 --  things I would do to just restart the past 3 years are ridiculous
Wed Jul 01 21:36:50 PDT 2015 --  My bday is next Friday. And Meggie comes next Thursday. I'm more excited to see Meggie than to celebrate My bday.
Wed Jul 01 21:30:34 PDT 2015 --  And sage has to be under my chin at all times.
Wed Jul 01 21:29:51 PDT 2015 --  Matt made me sleep on the couch.
Wed Jul 01 21:29:39 PDT 2015 --  Y can I not go to sleep.
Wed Jul 01 21:24:39 PDT 2015 --  Y do u wear shorts with your ass cheeks hanging out ......?
Wed Jul 01 18:19:43 PDT 2015 --  Love love love pic.twitter.com/ju0rS0RhGl
Wed Jul 01 18:22:31 PDT 2015 --  Retweet retweet https://twitter.com/_meggielee/status/616384354512707584 …
Wed Jul 01 11:20:44 PDT 2015 --  I'm okay with bad behavior. It's okay
Wed Jul 01 10:56:33 PDT 2015 --  I can't feel my face when I'm with you. But I love it.
Wed Jul 01 07:21:50 PDT 2015 --  Would you play? pic.twitter.com/sc37uGkZ2V
Tue Jun 30 18:53:44 PDT 2015 --  IF YOU ARE THE TYPE OF GUY THAT KISSES A GIRL ON THE TOP OF THE HEAD WHEN YOU HUG THEM THEN YOU ARE DOING IT RIGHT MY FRIEND
Sat Jun 06 12:01:02 PDT 2015 --  This. pic.twitter.com/h0kWdolNyH
Tue Jun 30 09:23:06 PDT 2015 --  And I wanted it, I wanted it bad. But there were so many red flags.
Tue Jun 30 07:26:58 PDT 2015 --  Good lord I can't wait to be home.
Tue Jun 30 05:30:59 PDT 2015 --  I keep falling in love with you in the summertime
Mon Jun 29 13:03:09 PDT 2015 --  Beyond the lights is such a good freaking movie.
Tue Mar 03 16:22:29 PST 2015 --  Accurate pic.twitter.com/kIXWYYp7vJ
Sun Jun 28 19:07:49 PDT 2015 --  Elastic heart https://vine.co/v/emEvwPAaIZX 
Sun Jun 28 16:54:50 PDT 2015 --  Lol @FreakingDudley pic.twitter.com/kFJ03uZ17j
Sat May 30 08:52:57 PDT 2015 --  She's amazing https://vine.co/v/O9Y5QbrLd2O 
Sun Jun 28 10:21:06 PDT 2015 --  I wanna do this but I live to far from my amazing hair dressers so impossible. Because no one can do it besides them pic.twitter.com/2P7IKJs7CA
Sun Jun 28 07:01:17 PDT 2015 --  it's really hard for me to wear the half up half down pony because I just feel like I'm about to go to a cheer competition... anyone else?
Sat Jun 27 19:38:09 PDT 2015 --  I need a fake ID.. And no one looks like me
Sat Jun 27 19:11:37 PDT 2015 --  You are hott https://twitter.com/singingvidz/status/613416310391861248 …
Sat Jun 27 13:57:33 PDT 2015 --  New phone!! I lost my contacts. Text me!
Tue Jun 23 11:54:33 PDT 2015 --  THIS MESSED ME UP https://amp.twimg.com/v/c4ea1496-2fde-4384-84b2-5856d4d8f55f …
Fri Jun 26 08:27:55 PDT 2015 --  marriage is equal finally, USA plays today, it's summer, and I'm still a 10. what a great day to be alive 🏽
Fri Jun 26 08:35:12 PDT 2015 --  We can all stop calling it "gay marriage" now. Just "marriage" will do.
Thu Jun 25 21:16:08 PDT 2015 --  When you are the ugly friend.......
Mon Mar 09 13:16:27 PDT 2015 --  The Sexiest Duo in Television History pic.twitter.com/OvkvXOMuXm
Thu Jun 25 12:43:14 PDT 2015 --  "When life gets hard, when things change, true love remains the same." #OneTreeHill pic.twitter.com/v1PIEPEfIz
Thu Jun 25 10:10:49 PDT 2015 --  I have 22 days to lose 10 more pounds...
Thu Jun 25 08:34:39 PDT 2015 --  I've exceeded the amount of bad news a person can take. Okay I give up.
Tue Jun 23 15:09:54 PDT 2015 --  Our apartment complex is flooding right now. Welcome to Louisiana.
Mon Jun 22 18:42:38 PDT 2015 --  Does anyone have a sprint phone they can ship to me? i will pay shipping and everything just in a desperate need of a phone.
Mon Jun 22 06:25:21 PDT 2015 --  Pineapple is the bomb... except right after you brush your teeth.
Mon Jun 22 05:57:04 PDT 2015 --  EVERYONE HAS AN UNDERCUT NOW AND IM JUST LIKE WOW I WANT MINE BACK WTF
Sun Jun 21 19:12:18 PDT 2015 --  When you have to direct message your besties because no phone.....
Sat Jun 20 08:27:55 PDT 2015 --  I WANT HIM https://twitter.com/EmrgencyKittens/status/612083742518190080 …
Sat Jun 20 08:27:32 PDT 2015 --  I CANT FREAKING WAIT !! https://twitter.com/_MeggieLee/status/612187605598384132 …
Fri Jun 19 13:15:35 PDT 2015 --  @FreakingDudley thanks! Can't wait to see you guys!
Fri Jun 19 08:54:22 PDT 2015 --  Happy birthday you big hunk of man candy :) :) :) @bigcapes
Wed Jun 17 13:19:57 PDT 2015 --  I hate leaving Sage alone.. It breaks my heart!
Tue Jun 16 22:48:42 PDT 2015 --  When someone says they don't like cats. pic.twitter.com/F2RYCOtcUh
Fri Jun 12 18:30:10 PDT 2015 --  "I'm Chuck Bass" http://vine.co/v/eM0tieYgQXP 
Tue Jun 16 18:58:17 PDT 2015 --  It's time to let go. Come the hell on.
Tue Jun 16 18:12:17 PDT 2015 --  I can't wait to get my camera and start putting videos on Youtube. First i need a hott guy to play guitar with......
Tue Jun 16 18:08:57 PDT 2015 --  best one I've heard. Jessie J - Flashlight / Pitch Perfect 2 (Nicole Cross Official Cover Video) https://youtu.be/pHUIV7Ep33M  via @YouTube
Mon Jun 15 21:57:10 PDT 2015 --  I wish korbin was here to cuddle with me
Tue Jun 16 04:57:59 PDT 2015 --  Sage hissed and went into attack mode this morning because he out his arm around me. Thats my girl :)
Thu Jun 04 19:56:34 PDT 2015 --  Our three main girls, then and now. #OneTreeHill pic.twitter.com/e4MqN7Gt5O
Mon Jun 15 19:29:13 PDT 2015 --  My phone is broken again... :( :( :(
Sat Jun 13 17:07:57 PDT 2015 --  Every time my sister talks/dates someone I have to creep and make sure they are good enough for her.
Sat Jun 13 14:48:13 PDT 2015 --  Matt just said our cats last name was glad? The hell. We aint married.....
Sat Jun 13 12:25:28 PDT 2015 --  Please don't say you love me, cause I might not say it back.
Sat Jun 13 10:00:29 PDT 2015 --  HAPPY BDAY TO THIS CRAZY, AMAZING, BEAUTIFUL GIRL! Miss you so much and all our Kona snap chats !! pic.twitter.com/aEfzB7p4Xi
Sat Jun 13 06:48:18 PDT 2015 --  When you go see pitch perfect two and cant stop singing flashlight.
Fri Jun 12 20:58:22 PDT 2015 --  What. What are you doing What. Whay
Fri Jun 12 17:20:19 PDT 2015 --  I wanted you. to show me what I need.
Fri Jun 12 13:31:46 PDT 2015 --  I can handle my alcohol, but I can't handle my feelings
Fri Jun 12 12:14:55 PDT 2015 --  If I would have known that you wanted me , the way I wanted you.
Thu Jun 11 23:14:20 PDT 2015 --  Can I just be Brooke from OTH
Thu Jun 11 20:26:36 PDT 2015 --  The minion movie comes out on my bday. HAVE TO SEE IT
Thu Jun 11 10:41:11 PDT 2015 --  YES YES YES YES YES YES YES. https://twitter.com/_MeggieLee/status/609036784979292161 …
Tue Jun 09 18:59:13 PDT 2015 --  "The game is the only thing that ever mattered to me, until Haley came along." #OneTreeHill pic.twitter.com/gbNTFDQfsy
Tue Jun 09 17:13:52 PDT 2015 --  BABES !! https://twitter.com/fashionsmyforte/status/608392644474060802 …
Tue Jun 09 12:09:07 PDT 2015 --  ‘big boobs don’t count if you’re fat’ yeah well bIG DICKS DONT COUNT IF YOU ARE ONE
Tue Jun 09 12:11:26 PDT 2015 --  Falling asleep at my desk.
Tue Jun 09 09:16:38 PDT 2015 --  My baby sage is all alone and its storming
Tue Jun 09 06:42:57 PDT 2015 --  Ill always question if I made the right decision
Tue Jun 09 06:42:37 PDT 2015 --  I want to laugh and smile and have an amazing time. Not worry about stressing over little things.
Sun Jun 07 08:45:52 PDT 2015 --  Marilyn Monroe pic.twitter.com/qZC1g1pqPA
Sat Jun 06 16:58:00 PDT 2015 --  I'm a sucker for blondes...
Tue Jun 02 19:14:18 PDT 2015 --  Perfection has a name, and that name is James Lafferty, or also known as Nathan Scott. #OneTreeHill pic.twitter.com/NfG85L4q55
Thu Jun 04 03:33:19 PDT 2015 --  Rachel and Monica reunited pic.twitter.com/CuepsxKJ92
Fri Jun 05 10:17:54 PDT 2015 --  me as a wife https://vine.co/v/MPvlaPPKjOQ 
Fri Jun 05 10:20:26 PDT 2015 --  Would be fun to live with my best friend someday pic.twitter.com/K1gsJttCml
Wed May 20 19:45:21 PDT 2015 --  If you don't rt this we arn't friends pic.twitter.com/GNTnS2aScP
Thu Jun 04 09:04:31 PDT 2015 --  So proud of my sissy for concurring her biggest fear and getting on a airplane to come see me Cant wait to see you !!
Thu May 28 01:26:22 PDT 2015 --  can't sleep when I'm thinking of the chords that sound like you.
Thu Jun 04 05:35:08 PDT 2015 --  https://youtu.be/ID9V2gAky3A  I'd date him. @charlieputh
Wed Jun 03 11:23:56 PDT 2015 --  https://youtu.be/Q_igPV3NPJo  this song is the bomb.
Wed Jun 03 08:11:25 PDT 2015 --  Summer is officially complete because logey is coming visit now too !!! @logan_stewart3
Mon Jun 01 06:21:25 PDT 2015 --  MY SISTER COMES THURSDAY
Mon Jun 01 05:35:37 PDT 2015 --  I love my baby , but all she does is sit on my face while im sleeping....
Sun May 31 11:23:36 PDT 2015 --  LOL this has happened so often @FreakingDudley @nanners_33 pic.twitter.com/zuYCFydYqw
Thu May 28 19:32:05 PDT 2015 --  this is so adorable pic.twitter.com/y0rhSYuMrt
Fri May 29 10:01:01 PDT 2015 --  Dylan O'Brien is a gift from god pic.twitter.com/eIcaZuGKGK
Fri May 29 12:00:53 PDT 2015 --  Liam Hemsworth pic.twitter.com/yEdm2BoSu1
Fri May 29 06:21:16 PDT 2015 --  Hahahahahahahahaha idk why thats so funny.
Fri May 29 06:20:55 PDT 2015 --  I yelled at matt for not picking up a Reeses wraper and not putting the cereal away last night, & I just realized I left a cup of milk out.
Fri May 29 00:08:07 PDT 2015 --  alk about a marriage proposal pic.twitter.com/di4ioy5QD4
Fri May 29 06:14:05 PDT 2015 --  I WANT A KITTEN SO BADDDDD. omgggg
Thu May 28 13:53:44 PDT 2015 --  LET ME LOSE 15 POUNDS.
Thu May 28 10:04:07 PDT 2015 --  Cant stop sending pictures of kittens I want to adopt to matt.....
Thu May 28 09:21:07 PDT 2015 --  Sat in on my first big girl meeting this morning. It was so cool. I even got to put my input in.
Tue May 26 03:43:03 PDT 2015 --  IF YOU DRESS LIKE THIS YOU'RE WINNING pic.twitter.com/x33WGIGbHK
Wed May 27 16:28:09 PDT 2015 --  Oh I hello, I exist thanks for acknowledging it.
Wed May 27 08:55:07 PDT 2015 --  Slow mo tuck pic.twitter.com/dFhaEeYgWy
Wed May 27 08:45:39 PDT 2015 --  i broke my phone. Don't text me and stuff. k thanks. if you need me call matt.
Mon May 25 13:57:10 PDT 2015 --  DYLAN O'BRIEN? MORE LIKE A GIFT FROM GOD https://vine.co/v/OL6LlV9iDu6 
Tue May 26 07:55:19 PDT 2015 --  Idk what I wamt to do with my liiiiifeeee
Tue May 26 05:49:41 PDT 2015 --  Why does @OfficialSoMo have to like nod and wink in ever cover video... stop you make me want you even more
Mon May 25 19:04:04 PDT 2015 --  Liam Hemsworth is such a freakin babe.
Sun May 24 18:45:05 PDT 2015 --  He forgot about his tongue for five minutes pic.twitter.com/6PqQwZw1uU
Sun May 24 14:02:53 PDT 2015 --  I GOT FULL ACCESS OF VIEWING. https://twitter.com/_MeggieLee/status/602511284182097920 …
Tue May 19 12:22:03 PDT 2015 --  Im even more excited for July now because @_MeggieLee & @nanners_33 are coming see me. Imagine that car ride back up
Tue May 19 10:30:49 PDT 2015 --  Im so happy my mom is almost here
Tue May 19 05:24:00 PDT 2015 --  If I could let everyone hear the voicemail meggie left me last night..........
Mon May 18 19:28:22 PDT 2015 --  I hate waking up in the morning to get ready because that means I have to look in the mirror and hate myself even more for the way I look.
Mon May 18 16:58:01 PDT 2015 --  Guys my momm is coming tomorrow I'm so happy/excited to see her! !
Sun May 17 08:46:24 PDT 2015 --  Living in an apartment has me thinking about criminal minds crap... like someone is going to get me while im home alone.
Sat May 16 16:19:01 PDT 2015 --  The Tigers are your 2015 SEC Champions! pic.twitter.com/Wt2w08fCus
Fri May 15 04:45:02 PDT 2015 --  Look at the little jellybean paws! pic.twitter.com/FelFiWMhQX
Tue May 12 20:05:39 PDT 2015 --  By: Shawn Mendes | Song: Wanted pic.twitter.com/D2TPjPGVgq
Tue May 12 12:35:59 PDT 2015 --  what the signs "need" pic.twitter.com/xWk5VNWWK2
Wed May 13 09:12:45 PDT 2015 --  If we're talking bodies you've got a perfect one, so put it on me.
Wed May 13 08:40:31 PDT 2015 --  Can i have this body pls & thnx pic.twitter.com/dsy89OAv2b
Wed May 13 08:21:46 PDT 2015 --  Happy birthday Kennedy!!! Love you girlfriend! @webster_kennedy
Tue May 12 19:10:28 PDT 2015 --  Cheer in the 80s though http://vine.co/v/OFzXg7DVzJA 
Tue May 12 17:28:07 PDT 2015 --  somo is perfect
Tue May 12 16:05:56 PDT 2015 --  Moms flights booked, breins flights booked, meggies flights booked. we move into our apt tomorrow. Im content
Tue May 12 13:13:42 PDT 2015 --  Yes Kennedy, work it girlfriend !! @webster_kennedy https://twitter.com/radsberries/status/597571633230909440 …
Sun May 10 18:19:14 PDT 2015 --  I'm so proud of my best friend @webster_kennedy love you so much!!!!? pic.twitter.com/ZbiMArWDhG
Tue May 12 05:53:03 PDT 2015 --  Proud member of the "I don't draw in my eyebrows" club
Mon May 11 19:24:29 PDT 2015 --  @FreakingDudley https://twitter.com/hornyfacts/status/597942746956111874 …
Mon May 11 18:01:02 PDT 2015 --  Beyoncè is a goddess https://vine.co/v/emEpdEO6tvu 
Sun May 10 07:00:26 PDT 2015 --  She finally has her bikini body! http://h.eaithy.co/sJuoz  This free simple 2 step cleanse truly works like magic! pic.twitter.com/PJBKRi8bJ7
Mon May 11 15:35:58 PDT 2015 --  MY MOMMY IS COMING SEEE ME
Sun May 10 20:01:40 PDT 2015 --  Nobody.. http://youtu.be/jx1OkznKiBk  #SoMoSunday
Thu May 07 20:21:11 PDT 2015 --  Music is everything https://vine.co/v/OL69DPw7PqL 
Sun May 10 13:36:46 PDT 2015 --  Maybe if I stop eating all together ill get skinny and lose weight. Blah. But then im like omg food.
Sun May 03 13:17:55 PDT 2015 --  New soul https://vine.co/v/e79ahZOLYwQ 
Sat May 09 18:32:15 PDT 2015 --  I have a really bad chips and salsa addiction. I could eat that shit everyday
Sat May 09 16:50:20 PDT 2015 --  I love matts laugh
Mon Apr 27 16:33:13 PDT 2015 --  First let me hop out the mf Porsche pic.twitter.com/DKlLpH6kf3
Sat May 09 13:22:12 PDT 2015 --  Rasberry cheesecake cookies from subway.... what an amazing idea subway... good job
Sat May 09 08:56:08 PDT 2015 --  I just love you. And this song. @OfficialSoMo https://youtu.be/ZrP-BYkzj6w 
Sat May 09 08:49:34 PDT 2015 --  Baby it was easy coming back to you once I figured it out, you were right here all along
Sat May 09 07:06:05 PDT 2015 --  Matt and I move in next weekend... we haven't packed. but im still super excited.
Fri May 08 07:39:26 PDT 2015 --  HAPPY BDAY TO THE MOST HANDSOME DIXIE KING EVER pic.twitter.com/twGQj6reD0
Thu May 07 16:23:07 PDT 2015 --  Im so proud of matt for everything hes accomplished
Thu May 07 15:44:24 PDT 2015 --  Im so freaking stupid.
Mon May 04 18:55:54 PDT 2015 --  TEACHING A PUPPY HOW TO CATCH https://vine.co/v/hYdLVKDpAFu 
Mon May 04 15:31:00 PDT 2015 --  HAPPY BIRTHDAY TO THE MOST PERFECT HOOMAN ON THE PLANET pic.twitter.com/o7m0pX7Mo1
Mon May 04 05:52:38 PDT 2015 --  Can I be her seriously. pic.twitter.com/7gHfexWOVP
Sun May 03 22:41:13 PDT 2015 --  I dont even care that I have to wake up at 6:30. I am not tired one bit.
Sun May 03 15:15:50 PDT 2015 --  @_MeggieLee @FreakingDudley https://twitter.com/carrie_bradsh4w/status/594935587926372352 …
Sun May 03 02:41:43 PDT 2015 --  "love is in the little things" pic.twitter.com/94cREA9fvQ
Sun May 03 01:53:23 PDT 2015 --  I love waking up at 3 and 4 in the morning and never being able to go back to sleep.
Sat May 02 18:25:53 PDT 2015 --  Its like pulling teeth trying to get you to be proud of me.
Sat May 02 16:42:26 PDT 2015 --  I spend so much time being upset over things I can't really handle or change. And I just need to stop. But I want to make everyone happy.
Sat May 02 11:04:03 PDT 2015 --  Jealous of everyone who attended the SoMo concert last night..... I wish I could of seen him again
Fri May 01 16:23:14 PDT 2015 --  Matt and I put our deposit down for our first apartment together today
Thu Apr 30 17:21:20 PDT 2015 --  When you see your replacement pic.twitter.com/zYTMhlpChE
Thu Apr 30 09:45:21 PDT 2015 --  I dont know why I like you so much, but you're really cute. pic.twitter.com/vmVIFOnMQp
Wed Apr 29 20:38:16 PDT 2015 --  These moments I miss Anna and Korbin even more cause I know they'd be sitting at my sisters bored as fuck with me too
Tue Apr 28 09:50:11 PDT 2015 --  Idk why I cant just ask for help. Why do I insist on doing everything on my own !
Mon Apr 27 18:19:17 PDT 2015 --  What do you even do when One Tree Hill is over....?
Mon Apr 27 16:41:09 PDT 2015 --  I can't wait til Korbin and Matt get married her bachelorette party is gonna be the shit
Mon Apr 27 14:02:36 PDT 2015 --  I havent taken a nap in a year. And I just took the best one in my entire life.
Mon Apr 27 07:45:48 PDT 2015 --  So hiding in the office at work from the tornado and my mom tells me she needs to come down and kick a tornados ass. Ohh haha
Mon Apr 27 06:10:08 PDT 2015 --  I guess im expecting way to much out of a situation that really shouldnt even matter.
Sun Apr 26 18:48:29 PDT 2015 --  Me and mattie will officially have our very own apartment at the beginning of June
Sun Apr 26 08:54:36 PDT 2015 --  How come im not skinny like the rest of the world?
Sun Apr 26 08:38:35 PDT 2015 --  Here we go
Sat Apr 25 21:13:06 PDT 2015 --  Matt talks so loud on the phone..... DUDE IM TIRED
Sat Apr 25 21:03:02 PDT 2015 --  Why cant my job be making youtube videos... id never leave the house.
Fri Apr 24 21:35:46 PDT 2015 --  I cant really do it period but ya know it doesnt hurt to try.
Fri Apr 24 21:35:43 PDT 2015 --  Sometimes it really helps me to just tslk about how im feeling. But I cant do that when my boyfriend is an old man and goes to sleep.
Fri Apr 24 21:28:13 PDT 2015 --  How can you even move forward when all you have is bad memories..
Fri Apr 24 21:24:04 PDT 2015 --  I just want to go back and change all of the mean things I said and all the times I didnt say I loved you back.
Thu Apr 23 16:55:02 PDT 2015 --  can u imagine how hot id be if i ate right and took care of my body i’m not gonna do it but can u imagine
Thu Apr 23 06:58:50 PDT 2015 --  I seriously love working at the hospital. Everyone is so nice and welcoming.
Wed Apr 22 11:42:31 PDT 2015 --  I keep telling matt im hungry....... and he isnt feeding me. FEED ME.
Wed Apr 22 05:47:28 PDT 2015 --  https://youtu.be/dWInNGhwidQ 
Wed Apr 22 05:45:22 PDT 2015 --  I'll marry him. I know it. https://youtu.be/ID9V2gAky3A 
Tue Apr 21 17:53:51 PDT 2015 --  RT to #VoiceSaveDeanna
Tue Apr 21 17:46:22 PDT 2015 --  Give me my purple hair and my undercut and life will be completed. pic.twitter.com/zmaVcvtSlL
Tue Apr 21 15:37:06 PDT 2015 --  Why can't I lose 20 pounds like now.
Tue Apr 21 06:15:21 PDT 2015 --  So if we're talkin body, you got a perfect one, so put it on me.
Sun Apr 19 09:31:28 PDT 2015 --  Oh its 87° and sunny... how convenient I work all day. I WILL NEVER BE TAN.
Sun Apr 19 08:30:11 PDT 2015 --  Blessing your timeline pic.twitter.com/Yf9YGcXjMD
Sat Apr 18 16:45:35 PDT 2015 --  I love razberritas
Sat Apr 18 16:22:44 PDT 2015 --  My mar girl she likes me I swead. pic.twitter.com/2dDaQj3Wah
Sat Apr 18 15:39:57 PDT 2015 --  Happy birthday pretty girl !! @haleystacy
Sat Apr 18 12:34:01 PDT 2015 --  Dresses are so much easier than pants...
Fri Apr 17 22:52:45 PDT 2015 --  Driving me insane.
Fri Apr 17 17:56:11 PDT 2015 --  Im in a dress and going to the movies.... every rule I ever had for myself should just be chewed up and spit out.....
Fri Apr 17 17:36:34 PDT 2015 --  Matt told me I was a Russian because of the way I drink vodka....
Fri Apr 17 16:09:02 PDT 2015 --  Cassadee Pope is such a babe. Omg.
Mon Apr 13 11:07:50 PDT 2015 --  This is so good https://vine.co/v/O3xDQjpz7ZB 
Fri Apr 17 16:04:59 PDT 2015 --  I really hate when people tell me what to do... if you aren't my mom do not tell me what to do. Seriously, dont. Annoying
Fri Apr 17 15:06:53 PDT 2015 --  Hottest guy came into jcrew, my boss gave him free shipping and I gave jim a teacher discount.. we dony even know if hes a teacher. Haha
Fri Apr 17 08:19:50 PDT 2015 --  The amount of weight I need to lose is insane.
Thu Apr 16 21:33:41 PDT 2015 --  Hungry/tired/aggravated/hungry.
Thu Apr 16 21:00:19 PDT 2015 --  This is getting really old really fast..
Thu Apr 16 17:52:36 PDT 2015 --  Matt and I only see each other when we go to bed..... this is stupid.
Thu Apr 16 15:13:15 PDT 2015 --  The more I try to get to you, the more me crash apart.
Wed Apr 15 08:07:07 PDT 2015 --  And ill keep wanting you for one more kiss.
Tue Apr 14 13:03:04 PDT 2015 --  I really wanna major in "stay at home mom" but then again I cant wait to start my career.
Mon Apr 13 17:30:35 PDT 2015 --  I LOST MY HOOP FOR MY NOSE. IM GOING TO CRY.
Mon Apr 13 16:05:11 PDT 2015 --  Perks of dating me : you get a ton of free clothes because I work retail. you're welcome Mattchew.
Thu Apr 09 20:34:09 PDT 2015 --  truth... pic.twitter.com/4iWMlEfZZs
Mon Apr 13 05:03:09 PDT 2015 --  Never cut your friends off for a female
Sun Apr 12 19:15:15 PDT 2015 --  "Some nights I wish I could go back in life, not to change it but to feel a couple things twice.”
Sun Apr 12 17:10:55 PDT 2015 --  I turned matt over to the dark side and he got a Samsung S6 edge . Thats right. You want to be me.
Sun Apr 12 10:52:38 PDT 2015 --  #SoMoSunday
Sun Apr 12 10:21:29 PDT 2015 --  Retweet if you hope this hunk wins #BestShirtlessPerformance! @MTV #MovieAwards pic.twitter.com/vXwwD918LW
Sun Apr 12 10:31:23 PDT 2015 --  My savings account never looked so good
Sun Apr 12 09:39:58 PDT 2015 --  Im so in love/obsessed with mardi gras masks
Sat Apr 11 22:46:03 PDT 2015 --  this is my dream. pic.twitter.com/KRnV7y4WbC
Sun Apr 12 08:05:15 PDT 2015 --  God. I miss EKU.
Fri Apr 10 21:01:56 PDT 2015 --  I love deep talks pic.twitter.com/oR8K5SkXOA
Sat Apr 11 21:18:03 PDT 2015 --  Need to be tan and ill feel so much better about myself.
Sat Apr 11 18:05:41 PDT 2015 --  HAPPY BDAY TO MY PARTNER IN CRIME IN HIGH SCHOOL. I LOVE YOU GIRLFRIEND!! YOU'RE 20 pic.twitter.com/mMd1UuneWB
Sat Apr 11 12:24:10 PDT 2015 --  Even if I wanted to break up with matt I couldnt because he is so freaking cute.
Fri Apr 10 23:45:31 PDT 2015 --  When you give two girls the same nickname.... #clever
Fri Apr 10 19:16:39 PDT 2015 --  I just heard matt snap chatting and he sounded so stupid hahahahahah
Sat Mar 14 16:52:13 PDT 2015 --  the only thing better than hot guys... is hot guys and dogs pic.twitter.com/YzbQgvTlNN
Fri Apr 10 17:54:49 PDT 2015 --  Matt just said in front of his parents .... "If you rub it , it will come"
Fri Apr 10 13:09:59 PDT 2015 --  Tell me the reason why, you committed love suicide.
Fri Apr 10 10:29:05 PDT 2015 --  When babe is on point pic.twitter.com/fiArSQwIGm
Thu Apr 09 06:13:55 PDT 2015 --  🏼🏼🏼🏼 https://twitter.com/thesedamnquote/status/586152859504226304 …
Thu Apr 09 06:10:31 PDT 2015 --  I hate when matt leaves his phone at home
Wed Apr 08 19:10:40 PDT 2015 --  Being in a long relationship has made me pick up traits of matts like yelling at him for using my towel,but when I cant find one I use his
Wed Apr 08 18:58:41 PDT 2015 --  I have the funniest things I want to snap chat meg and cant because she is in a relationship with rules.
Wed Apr 08 07:12:25 PDT 2015 --  I WANT TO GO SHOPPING WHILE EVERYTHING IS 50% off !
Tue Apr 07 19:08:24 PDT 2015 --  When you see the girl who's been trying to talk to bae pic.twitter.com/xeMFMieXKV
Tue Apr 07 18:48:45 PDT 2015 --  "How was your day korbin" oh it was crap, thanks for asking. But you didnt.
Tue Apr 07 17:44:36 PDT 2015 --  Trying to get answers, or to even get you to talk is kike pulling freaking teeth.
Tue Apr 07 13:45:27 PDT 2015 --  Things are changing for everyone else but me.
Tue Apr 07 10:17:13 PDT 2015 --  If I didnt have @fatglad_25 my head would be screwed on crooked...... thank god for him
Mon Apr 06 19:12:01 PDT 2015 --  Matt keeps calling me fat, and im going to cry...
Mon Apr 06 16:40:09 PDT 2015 --  Held a strangers guinea pig and it peed on me. Hi, nice to meet you, too
Tue Mar 24 19:24:15 PDT 2015 --  Perfection pic.twitter.com/y9eilzhQGS
Thu Mar 26 12:54:04 PDT 2015 --  Lucas Scott's latest photo shoot. #Perfection pic.twitter.com/DDt3vPB6AA
Wed Apr 01 17:08:27 PDT 2015 --  Pandora ring pic.twitter.com/axpuelBhZI
Mon Apr 06 07:01:14 PDT 2015 --  im so excited to announce im going on tour with @colbiecaillat​ this summer! were calling it 'the girls night out, boys can come too tour’
Mon Apr 06 11:52:44 PDT 2015 --  girls night out boys can come too tour w/ @ColbieCaillat+ @RachelPlatten​ PRESALE=WED! sign up on email list for info: http://www.christinaperri.com 
Mon Apr 06 12:57:13 PDT 2015 --  Matt said yes to @christinaperri and @ColbieCaillat HECK YES. CANT WAIT FOR AUGUST
Mon Apr 06 07:39:48 PDT 2015 --  They didnt want me back. They wanted you. And now they have you. So have fun.
Mon Apr 06 07:11:25 PDT 2015 --  OH MY GOD !!!!!!! I AM GOING pic.twitter.com/b5BajM0kO8
Sun Apr 05 14:14:01 PDT 2015 --  Its changing for you. But for me its just another holiday spent alone.
Thu Apr 02 18:46:21 PDT 2015 --  IM SO HUNGRY!!!
Thu Apr 02 17:11:58 PDT 2015 --  All I want to do is cry and punch people in the face.
Thu Apr 02 13:12:03 PDT 2015 --  John just invited me to a sleepover in our living room for a movie night tomorrow. I'm smiling like a little girl
Mon Mar 30 15:36:47 PDT 2015 --  food makes me happier than anyone can pic.twitter.com/AlOzBPbWi3
Thu Apr 02 12:27:10 PDT 2015 --  THIS MADE ME SO HAPPY pic.twitter.com/CRfsgwrK1V
Thu Apr 02 15:01:15 PDT 2015 --  This is me pic.twitter.com/xD5CeSRYwh
Thu Apr 02 16:17:21 PDT 2015 --  I want Bdubs and matt wont take me because , "its tooo far and he has to wake up early to go fishing" I work at 8am..... faggot. I hate him
Thu Apr 02 15:46:02 PDT 2015 --  You never realize how much you actually miss out on until you move 900 miles away.
Thu Apr 02 10:16:00 PDT 2015 --  WHY DOES EVERYONE SAY THERE EYEBROWS ARE ON FLEEK. WHAT DOES IT MEAN AND WHY?????
Thu Apr 02 10:08:26 PDT 2015 --  My niece is two!!! and she's more cute than ever ! HAPPY BDAY LUNA! pic.twitter.com/8Hhou5OIPf
