Fri Aug 28 19:49:32 PDT 2015 --  Me when I go out https://vine.co/v/Mpb6eErjVTX 
Fri Aug 28 19:11:01 PDT 2015 --  Me https://vine.co/v/O3bu6X7mTbl 
Fri Aug 28 13:11:36 PDT 2015 --  messy backgrounds call for messy blurs pic.twitter.com/yCDWnNu9Oy
Wed Aug 26 18:42:01 PDT 2015 --  This is a Golden Dorito it appears in only 1 of 50,000,000 Doritos RT or you will have badluck for 17 years. pic.twitter.com/PgCJAfD1MZ
Fri Aug 28 13:18:06 PDT 2015 --  #donaldtrumpchallenge pic.twitter.com/iNlkdhMGuE
Thu Aug 27 11:14:59 PDT 2015 --  truth pic.twitter.com/O41PTLJfn8
Fri Aug 28 12:43:12 PDT 2015 --  you guys are so happy about the storm pero cuando no tengan luz, agua o jama, is when you're gonna complain.
Fri Aug 28 11:34:22 PDT 2015 --  How many stars on the American Flag pic.twitter.com/v2wmxJu7zQ
Thu Aug 27 17:50:32 PDT 2015 --  fucking gringa pendeja puta pic.twitter.com/tzLAezhHzZ
Mon Aug 24 14:45:12 PDT 2015 --  freshmen year vs. first day of sophomore year (ignore my face of happiness) pic.twitter.com/0krJy7HkX0
Thu Aug 27 18:32:21 PDT 2015 --  new house new bathroom selfies pic.twitter.com/E1OSmovM5w
Thu Aug 27 15:34:17 PDT 2015 --  excited but not excited
Thu Aug 27 12:17:42 PDT 2015 --  When it's school time I don't worry about no friends or anything because it's so hard to balance
Tue Aug 25 21:36:41 PDT 2015 --  Who do you think should win the presidency of the US? RT for Don Francisco Fav for Donald Trump pic.twitter.com/JojxlMzFUX
Mon Aug 24 17:29:50 PDT 2015 --  Fuck Donald trump and everyone supporting that racist trash http://snpy.tv/1fvNAeN 
Thu Aug 27 12:34:00 PDT 2015 --  omg i'll have to look into it!! :) they look professional https://twitter.com/pj1234th/status/636984626188316672 …
Wed Aug 26 17:27:00 PDT 2015 --  avenida brasil is life
Wed Aug 19 17:00:43 PDT 2015 --  someone give nina dobrev an oscar for this pic.twitter.com/8WGcNnYtHG
Sun Aug 23 15:48:17 PDT 2015 --  all I did was take a shower..... pic.twitter.com/OswiRdEYZq
Thu Aug 20 00:00:46 PDT 2015 --  3:00 am pic.twitter.com/CjjIKoFEUS
Sun Aug 23 14:12:04 PDT 2015 --  omg me https://twitter.com/officialseanb_/status/635544637508206592 …
Mon Mar 02 19:23:45 PST 2015 --  “ @arbynolarte: who tf puts their gpa and sat score on their IG bio pic.twitter.com/osiIL2lOsu” me if that was my gpa & SAT score
Sat Aug 22 15:23:01 PDT 2015 --  enjoying whats left of summer pic.twitter.com/jHEsBAnuSd
Sun Aug 23 11:22:48 PDT 2015 --  skinny love pic.twitter.com/mMz8jCZO8i
Sun Aug 23 09:14:25 PDT 2015 --  goals https://twitter.com/thespanishjams/status/625873690908082176 …
Thu Aug 20 09:05:36 PDT 2015 --  feel me? pic.twitter.com/m7oQWyBJZu
Sat Aug 22 19:43:20 PDT 2015 --  "you were a bluebird, you were a brownie, you were a Girl Scout cookie" before you met me
Sat Aug 22 19:32:41 PDT 2015 --  I don't care if it's dumb but I'm excited for school to start
Sat Aug 22 19:20:17 PDT 2015 --  watching heathers for the 10000 time
Sat Aug 22 14:58:26 PDT 2015 --  #TrueButYouShouldntSayIt we know pic.twitter.com/HhAcvdCS5I
Sat Aug 22 12:04:26 PDT 2015 --  pic.twitter.com/yvf06F5wVv
Fri Aug 21 21:03:37 PDT 2015 --  me at this point in my life pic.twitter.com/A1dnIS4Mvn
Sat Aug 22 02:20:54 PDT 2015 --  I'm gonna miss staying up this late
Fri Aug 21 21:39:51 PDT 2015 --  ok I'm done bye
Fri Aug 21 20:24:17 PDT 2015 --  Spread thisssss pic.twitter.com/s2Wt80kPOf
Wed Aug 19 19:54:46 PDT 2015 --  Y'all actually pay to go see this? pic.twitter.com/Uh8b8yEh3p
Fri Aug 21 19:45:44 PDT 2015 --  I hate liars
Fri Aug 21 19:22:59 PDT 2015 --  pic.twitter.com/TpDrxmoCt2
Fri Aug 21 19:20:58 PDT 2015 --  Great night with my babies @gem_uh pic.twitter.com/pkIgAOVjGN
Fri Aug 21 10:22:42 PDT 2015 --  @gem_uh this makes me sad
Fri Aug 21 09:58:32 PDT 2015 --  my whole timeline is schedules and I can't post mine because I don't go to school with most of my followers anymore
Thu Aug 20 21:06:10 PDT 2015 --  pic.twitter.com/eYJDiyJcXw
Thu Aug 20 20:08:16 PDT 2015 --  Mix feelings about Monday
Thu Aug 20 20:10:30 PDT 2015 --  I'm the friend that actually likes to do homework so I'll do yours
Thu Aug 20 19:08:27 PDT 2015 --  So is this the kind of shit that goes down when Nickelodeon shows have reunions pic.twitter.com/XJ6QnoUATl
Thu Aug 20 18:51:16 PDT 2015 --  oh oh cute boy
Thu Aug 20 17:42:28 PDT 2015 --  truth pic.twitter.com/TZCXf7RylW
Thu Aug 20 16:17:56 PDT 2015 --  Somebody call child services on this bitch pic.twitter.com/7wpPvL027r
Thu Aug 20 14:17:37 PDT 2015 --  #braceless soooo happy pic.twitter.com/5v0NXJutZ6
Fri Aug 14 14:11:05 PDT 2015 --  pic.twitter.com/Zg2aFLlT8Q
Mon Aug 17 15:45:31 PDT 2015 --  Honors/AP student starter pack. pic.twitter.com/vbnYVaSJWC
Mon Aug 17 15:47:23 PDT 2015 --  Enough said pic.twitter.com/8rGaOj1xPp
Tue Aug 18 17:35:25 PDT 2015 --  The 4 types of FaceTime calls pic.twitter.com/5BzJXTRYFJ
Wed Aug 19 21:15:23 PDT 2015 --  Fettysburg Address Four score and seventeen thirty eight pic.twitter.com/0a7OulgPu9
Thu Aug 20 11:22:07 PDT 2015 --  It's like you can be so happy for so long and then bam all that shit just goes away and everything falls apart
Thu Aug 20 11:10:35 PDT 2015 --  I can't breathe http://twitter.com/AngelZ/status/634315363807662080/video/1 …
Thu Aug 20 12:54:46 PDT 2015 --  DECEMBER 19, where you @?? https://twitter.com/theweekndbible/status/634451638158290945 …
Thu Aug 20 12:56:48 PDT 2015 --  MIAMI IS ON HERE OHMY https://twitter.com/theweekndbible/status/634451638158290945 …
Thu Aug 20 12:47:12 PDT 2015 --  TOUR DATES SO FAR. XO pic.twitter.com/wWKrz7uTDT
Sat Aug 15 17:04:15 PDT 2015 --  pic.twitter.com/7DYMqsKyDo
Sun Aug 16 06:53:10 PDT 2015 --  pic.twitter.com/r0gaNOzlpt
Sun Aug 16 08:54:40 PDT 2015 --  5 things I'm still trying to learn pic.twitter.com/PiaNk0hKNT
Sun Aug 16 18:21:16 PDT 2015 --  pic.twitter.com/MiTcllQIkd
Mon Aug 17 15:30:17 PDT 2015 --  pic.twitter.com/LbjPkqet9D
Mon Aug 17 22:00:02 PDT 2015 --  pic.twitter.com/Rp9Z61MKi4
Mon Aug 17 23:20:51 PDT 2015 --  pic.twitter.com/kXZxp49jMX
Mon Aug 17 20:23:43 PDT 2015 --  How I end my night pic.twitter.com/OKM2xuvkhm
Mon Aug 17 20:13:12 PDT 2015 --  WHY AM I SO JUDGMENTAL IDGI I WANT TO BE A SUPER NICE PERSON BUT ITS SO HARD ):
Wed Mar 19 13:21:41 PDT 2014 --  Lil gema pic.twitter.com/CgAIGcY3i2
Wed Apr 09 16:25:25 PDT 2014 --  My other wcw oo lil gema @fabgema pic.twitter.com/F1Zj0wbJ6Q
Fri May 02 13:21:26 PDT 2014 --  Gema made a nick name for oomf and I
Sun Jul 20 20:51:52 PDT 2014 --  I luv Gema
Fri Jul 25 15:13:29 PDT 2014 --  Gema! I miss you
Sun Aug 03 15:31:01 PDT 2014 --  Why does Gema gotta lie to me smh
Sun Aug 17 06:57:40 PDT 2014 --  Gema is showing me the ways through mater
Tue Aug 26 04:02:24 PDT 2014 --  gema just gave me Starbucks #TrueFriendship
Mon Oct 13 11:43:15 PDT 2014 --  yo i just met gema and ILHSM man
Sun Feb 01 13:35:19 PST 2015 --  Me and Gema in one picture pic.twitter.com/yENIBRVDCe
Tue Mar 10 19:01:00 PDT 2015 --  Gema literally wrote her feelings down in the paper for knowles damn I'm proud b
Mon Aug 03 19:29:08 PDT 2015 --  Gema is so gorgeous omg
Wed Aug 05 10:37:14 PDT 2015 --  Gema: "you're the perfect example of I though you were a bitch until I met you" Me : "wow um thanks I guess"
Mon Aug 17 10:54:25 PDT 2015 --  it's not that hard people.. pic.twitter.com/8n441G2207
Mon Aug 17 20:05:25 PDT 2015 --  I'VE NEVER DONE THIS YO WTF QUE ASCO https://twitter.com/gayzirry/status/632572287343067136 …
Mon Aug 17 20:04:45 PDT 2015 --  Leo literally catches every tweet that has his name in it. let's see if he catches this one
Sun Jul 26 15:22:00 PDT 2015 --  IM DYING pic.twitter.com/GFVCVjnxD1
Mon Aug 17 16:38:09 PDT 2015 --  already lost
Mon Jul 13 12:54:15 PDT 2015 --  pic.twitter.com/wXN0Rfskjh
Tue Jul 14 04:07:11 PDT 2015 --  pic.twitter.com/R3Fzq6kdfU
Sun Jul 19 12:40:59 PDT 2015 --  pic.twitter.com/x0VK0TIgN2
Sun Jul 19 14:50:47 PDT 2015 --  pic.twitter.com/8dDu5WFztg
Mon Aug 03 14:14:12 PDT 2015 --  pic.twitter.com/kCNRSvOXvB
Sun Aug 09 15:14:01 PDT 2015 --  goddamn it jimmy pic.twitter.com/iOrc9hVJ7E
Mon Aug 10 14:16:49 PDT 2015 --  pic.twitter.com/hyyRx8X9tH
Mon Aug 10 20:42:31 PDT 2015 --  pic.twitter.com/bQR7HUEPRQ
Tue Aug 11 13:00:58 PDT 2015 --  pic.twitter.com/35jSSmh20D
Fri Aug 14 06:51:03 PDT 2015 --  pic.twitter.com/U2PmM3NfFZ
Fri Aug 14 17:41:01 PDT 2015 --  pic.twitter.com/Apf2OEoJfH
Sat Aug 15 11:03:06 PDT 2015 --  are you satan pic.twitter.com/RV4cBzlr4w
Thu Aug 13 15:27:02 PDT 2015 --  LMAOOOOO pic.twitter.com/t9f0kJch4k
Sun Mar 23 20:16:40 PDT 2014 --  i HAD to do it, i DO NOT want to get glasses! pic.twitter.com/6zbLvocE48
Sun Aug 16 12:26:02 PDT 2015 --  when you only get $17 https://twitter.com/itsgxbe_/status/632995813040521216 …
Sun Aug 16 10:50:41 PDT 2015 --  @gem_uh ofc
Fri Aug 14 22:19:49 PDT 2015 --  Romeo Santos - Eres Mía pic.twitter.com/Q4WAngr6Bd
Sun Aug 16 10:29:28 PDT 2015 --  I love the snapchat update so much like I can finally cover all my flaws with emojis isn't it great
Sun Aug 16 09:22:14 PDT 2015 --  I love Greys Anatomy so much gdi
Sat Aug 15 14:50:02 PDT 2015 --  Prob: Wishing your grades smoked marijuana so they could be higher
Fri Aug 14 10:24:21 PDT 2015 --  I WILL FOREVER SHIP HALEB pic.twitter.com/xQtGLYEQA1
Sat Aug 15 19:08:35 PDT 2015 --  @gem_uh my fave is leaving idk what to do
Sat Aug 15 08:10:11 PDT 2015 --  i'm crying pic.twitter.com/szuDZlHKyI
Fri Aug 14 20:51:54 PDT 2015 --  put it in rice https://twitter.com/cenopant/status/632365082496794626 …
Sat Aug 15 12:59:18 PDT 2015 --  Couldn't pick one pic.twitter.com/9gyh8PidsJ
Sat Aug 15 13:04:04 PDT 2015 --  @gem_uh nothing will be the same but aight slide with the #
Sat Aug 15 09:20:59 PDT 2015 --  WTF BYE YOURE NOT BAE ANYMORE https://twitter.com/gem_uh/status/632585393024692224 …
Sat Aug 15 09:34:08 PDT 2015 --  @gem_uh I'm going to miss you more
Sat Aug 15 09:11:25 PDT 2015 --  OFFICIALLY LEAVING MATER AND STARTING IMATER!!!!
Sat Aug 15 07:10:14 PDT 2015 --  I post snapchat stories for myself, I watch my story at least 100 times a day
Thu Aug 13 15:40:09 PDT 2015 --  Who started this? pic.twitter.com/v4Q3aPTvQ8
Fri Aug 14 20:01:00 PDT 2015 --  student ID numbers https://twitter.com/itsgirllcode/status/632382706228170752 …
Mon Aug 03 16:24:38 PDT 2015 --  goals x pic.twitter.com/QEdzJqrFlM
Fri Aug 14 15:21:43 PDT 2015 --  schedule pic.twitter.com/YKQp2E7f9U
Thu Aug 13 20:35:55 PDT 2015 --  my parents get me in trouble for reading in the dark...
Thu Aug 13 20:17:36 PDT 2015 --  Coleman, bitch. https://twitter.com/carterjagz/status/631947189258842116 …
Thu Aug 13 20:32:31 PDT 2015 --  #ProjectRunway is such a great show
Thu Aug 13 18:09:41 PDT 2015 --  if we are dating... those read receipts better be on lmao
Thu Aug 13 12:30:55 PDT 2015 --  the first day of school in the counselors office I need my schedule changed pic.twitter.com/IyGKxuLRGj
Thu Aug 13 13:12:29 PDT 2015 --  this new snapchat update got me like pic.twitter.com/il7ZVvrlJF
Thu Aug 13 12:39:13 PDT 2015 --  luvin the snapchat update pic.twitter.com/VSiz9DlO00
Tue Aug 11 15:03:48 PDT 2015 --  Growing up Hispanic 🏽 pic.twitter.com/BivWk6JKFz
Thu Aug 13 12:08:50 PDT 2015 --  “ @MrT33zy: This shouldnt be that funny pic.twitter.com/71naFgCo4s”LMFSOOOOOOO
Sat Aug 01 17:53:04 PDT 2015 --  pic.twitter.com/4G4x5PI9gR
Wed Aug 12 07:01:14 PDT 2015 --  pic.twitter.com/TqehKVsypt
Tue Aug 11 17:53:14 PDT 2015 --  pic.twitter.com/bH2i07hPe2
Tue Aug 11 12:57:49 PDT 2015 --  The deadliest drugs are legal pic.twitter.com/Zpabv6HiQf
Tue Aug 11 23:13:26 PDT 2015 --  When your Hispanic parents use to think the Internet was useless but now they're on Facebook keeping up with the chismes
Wed Aug 12 11:09:25 PDT 2015 --  Damn one direction fans don't give a fuck pic.twitter.com/Y19PQiJWsz
Wed Aug 12 20:43:53 PDT 2015 --  I love heathers so much
Sat Aug 08 18:00:30 PDT 2015 --  pic.twitter.com/xYdYENmOdR
