Sat Aug 29 14:11:39 PDT 2015 --  Happy Birthday to "The King" @michaeljackson pic.twitter.com/uB5q0RNgDA
Sat Aug 29 13:58:11 PDT 2015 --  Summer breeeze, Makes me feel fiiiine/ Blowin' through the jasmine in my miiiiiiind
Sat Aug 29 00:23:05 PDT 2015 --  Inspiration. pic.twitter.com/0UBZ3hgGEu
Fri Aug 28 23:50:41 PDT 2015 --  Champions always find a way..
Fri Aug 28 11:34:25 PDT 2015 --  Good morning everybody. #ThankGodItsFriday
Fri Aug 28 11:02:26 PDT 2015 --  The courtyard of the Palazzo Margherita. pic.twitter.com/5b5xJhz0k2
Fri Aug 28 02:59:48 PDT 2015 --  #NowPlaying "Part II (On The Run)" by Jay Z Featuring Beyoncé ♫ https://play.spotify.com/track/2gSh6B45bWv4gDOhawR8C2 …
Thu Aug 27 23:50:55 PDT 2015 --  I need you. A K QJ 10
Thu Aug 27 21:38:25 PDT 2015 --  "Fear not", I always keep it lit if you know what I mean. There"s just 1 thing that"s missing though..
Thu Aug 27 21:24:13 PDT 2015 --  "Time to power up" Trust me, It tastes much better than it looks. #HealthIsWealth pic.twitter.com/JtqdfP9D4h
Thu Aug 27 20:15:59 PDT 2015 --  Just at the house working out. #UFCFIT
Tue Aug 18 13:50:16 PDT 2015 --  "If we did all the things we are capable of doing, we would literally astound ourselves." - Thomas Edison
Wed Aug 26 16:44:34 PDT 2015 --  #NP Wiz Khalifa - "California" https://www.youtube.com/watch?v=37-y1qRnVNw …
Wed Aug 26 13:15:32 PDT 2015 --  #FreeR2G2
Wed Aug 19 15:29:20 PDT 2015 --  Its all about the
Mon Aug 17 10:44:28 PDT 2015 --  Absolutely, "Instant Classic". https://twitter.com/ComplexMag/status/633104389574643712 …
Mon Aug 17 10:33:15 PDT 2015 --  Back in the office taking care of business as usual. Work-Work-Work, Nothing ever gets done without it.
Mon Aug 17 09:22:55 PDT 2015 --  Good morning.
Sun Aug 16 19:02:09 PDT 2015 --  Through GOD anything is possible..
Sat Aug 15 13:02:12 PDT 2015 --  The 2015 #BillabongProTahiti is ON! Watch it live at http://WorldSurfLeague.com . #Surf #grindtv pic.twitter.com/R1043uMZSk
Sat Aug 15 20:49:41 PDT 2015 --  #StraightOutTheWestside
Sat Aug 15 20:41:30 PDT 2015 --  The best bet you can ever make is on yourself. pic.twitter.com/5QaPyfoQVE
Fri Aug 14 12:01:01 PDT 2015 --  Without risk there is no reward. Take a chance, You might be surprized.
Fri Aug 14 11:14:33 PDT 2015 --  "TGIF", Congrats we made it!
Thu Aug 13 12:18:31 PDT 2015 --  Need a playlist to get you going today? Got you covered. http://apple.co/EditorPlaylists  pic.twitter.com/aAJGHYZ5Z1
Wed Aug 12 22:52:15 PDT 2015 --  There is so many talented artists out there right now, And some of the best have yet to be discovered, They all deserve to shine.
Wed Aug 12 22:47:40 PDT 2015 --  Its refreshing to hear new material.
Wed Aug 12 22:39:37 PDT 2015 --  
Wed Aug 12 15:36:18 PDT 2015 --  "Sports & Music" are so synonymous, Its only natural. https://twitter.com/ComplexStyle/status/631509446708043776 …
Wed Aug 12 09:57:17 PDT 2015 --  I swear there"s nothing like my city..
Wed Aug 12 08:39:20 PDT 2015 --  #NP J.Cole Featuring Drake - "In The Morning" https://www.youtube.com/watch?v=vsdLE_bgM3I …
Wed Aug 12 05:25:29 PDT 2015 --  "A man with no imaginations has no wings." - Muhammad Ali
Tue Aug 11 22:47:22 PDT 2015 --  Perception is more than just a point of view.
Tue Aug 11 08:20:05 PDT 2015 --  Muhammad Ali the 5th-best boxer of all time? Floyd Mayweather No. 1? So says ... Floyd Mayweather. Let him explain: http://es.pn/1KfNdgX 
Tue Aug 11 12:43:41 PDT 2015 --  Yup that one #EatCleanToBeLean
Tue Aug 11 12:13:15 PDT 2015 --  The feeling after a killer cardio & weight-lifting session though..
Mon Aug 10 12:25:25 PDT 2015 --  #NP Dr. Dre - For The Love Of Money (Ft. Jill Scott & Jon Connor)
Mon Aug 10 11:42:16 PDT 2015 --  Good morning world, "Brand new day" I hope everyone had a great weekend, Its that time again. #LetsGetIt
Mon Aug 10 11:10:12 PDT 2015 --  No matter what it is that you do in life, Remember that every position of power comes at a price. Play your cards right & you'll be fine..
Wed Aug 05 13:44:58 PDT 2015 --  Balance is
Sat Aug 01 16:40:48 PDT 2015 --  August 7 #Compton http://smarturl.it/Compton  pic.twitter.com/M2N7z9e6KC
Sat Aug 01 09:39:31 PDT 2015 --  Love life and life will love you back.
Mon Aug 03 08:36:49 PDT 2015 --  Unlocking the powerful secret to being lucky @BettyWLiu http://bit.ly/1IeIGgm 
Mon Aug 03 11:21:42 PDT 2015 --  Back to work ;)
Mon Aug 03 08:12:40 PDT 2015 --  Good morning.
Sun Aug 02 20:07:50 PDT 2015 --  Beauty is in the eye of the beholder.. #SunsetsOnTheWest pic.twitter.com/zEttS5rykG
Sat Aug 01 13:35:12 PDT 2015 --  Keep it real with me & I'll always keep it real with you.
Fri Jul 31 12:52:26 PDT 2015 --  #TGIF
Thu Jul 30 20:12:26 PDT 2015 --  Treat others well, Because we"re all the same living different lives. pic.twitter.com/ixwGWhVxxB
Wed Jul 29 12:37:07 PDT 2015 --  #NP Drake - Back To Back https://www.youtube.com/watch?v=ATiGlqFM39o …
Wed Jul 29 11:48:44 PDT 2015 --  Haha, "Whats up everybody", I hope everyone"s off to a great start so far. The weather"s nice, And the woman are beautiful. #ILoveCali
Wed Jul 29 11:42:00 PDT 2015 --  At the Gym going in like a Spartan. Im feeling like Achilles when he said, "Is there no one else?……. IS THERRE NO ONE ELSE!?
Tue Jul 28 09:08:25 PDT 2015 --  Back In Stock: Onnit Whole Spice Matcha Chai Latte Tea | Onnit http://getonn.it/QbHqC 
Tue Jul 28 09:50:12 PDT 2015 --  "Rise & Shine" Its a new day lets go!
Sun Jul 26 23:32:35 PDT 2015 --  #NowWatching "SOUTHPAW"
Sun Jul 26 17:07:51 PDT 2015 --  Invest your time & energy into the things that are going to make U a better person in everyway, You"ll thank yourself later for it trust me.
Sun Jul 26 17:05:00 PDT 2015 --  Some X's in order to grow, You have to let go of the things that aren't right for U. Whether its bad relationships, Or the party & bullsh*#.
Sun Jul 26 16:27:00 PDT 2015 --  #IxE
Sun Jul 26 13:35:52 PDT 2015 --  God 1st, Family 2nd, The Music"s a blessing..
Sun Jul 26 09:58:44 PDT 2015 --  
Sat Jul 25 15:39:31 PDT 2015 --  #DashRadio is completely UNCENSORED #Facts http://DashRadio.com 
Sat Jul 25 12:48:20 PDT 2015 --  Just got back from the Gym, Feeling great. Its time to enjoy the weekend.
Sat Jul 25 10:25:32 PDT 2015 --  If you're up like me, "Good Morning".
Fri Jul 24 10:35:32 PDT 2015 --  #WhatYouDoMakesADifference
Thu Jul 23 23:12:48 PDT 2015 --  Lions don't lose sleep over the opinions of sheep.
Thu Jul 23 20:36:29 PDT 2015 --  Home sweet home…. What a day.
Tue Jul 21 23:59:57 PDT 2015 --  Watch the new trailer for the 24th Bond film, #SPECTRE https://amp.twimg.com/v/af1d5816-9f42-47f5-8d8f-fd2443148d77 …
Wed Jul 22 20:43:28 PDT 2015 --  Steak for dinner
Wed Jul 22 20:31:46 PDT 2015 --  Its ok to be you.
Wed Jul 22 12:04:23 PDT 2015 --  Everything is possible.
Mon Jul 20 16:59:18 PDT 2015 --  5 ways to make sure you ace your next pitch @BettyWLiu http://bit.ly/1CLzCRa 
Mon Jul 20 11:50:26 PDT 2015 --  If your truly passionate about something, "Embrace the grind", The goal is whats important. Be patient, U can do it.. pic.twitter.com/sKaSZR0w5U
Mon Jul 20 10:30:06 PDT 2015 --  Quality over quantity
Sun Jul 19 23:49:06 PDT 2015 --  #NP Justin Timberlake - "Spaceship Coupe" https://www.youtube.com/watch?v=EQzgz5q3V2U …
Sat Jul 18 20:57:38 PDT 2015 --  I love the rain...
Wed Jul 01 13:50:11 PDT 2015 --  "Happiness is when what you think, what you say, and what you do are in harmony." - Mahatma Gandhi
Fri Jul 17 17:26:31 PDT 2015 --  #DS2
Fri Jul 17 17:15:44 PDT 2015 --  Lol, "Thank God its friday" What up!
Fri Jul 17 16:52:24 PDT 2015 --  Shout out to @vitaminwater for keeping me energized & hydrated. XXX reigns supreme
Thu Jul 16 12:22:04 PDT 2015 --  Gym-Meetings-Gym-Meetings
Thu Jul 16 09:43:21 PDT 2015 --  "Good Morning"
Wed Jul 15 22:20:43 PDT 2015 --  Congrats to all the winners. Whenever you put your blood, Sweat & tears into whatever it is your doing. You deserve every ounce of success.
Wed Jul 15 22:13:56 PDT 2015 --  Rousey is a natural, Stole the show once again. That line she threw at floyd did"nt go unnoticed neither lol
Wed Jul 15 19:09:22 PDT 2015 --  Its always nice to have options.
Wed Jul 15 10:06:31 PDT 2015 --  Up and at 'em, Lets get it! #Humpday
Tue Jul 14 19:09:50 PDT 2015 --  Tomorrow... pic.twitter.com/8PJsdKQ2DH
Tue Jul 14 23:36:43 PDT 2015 --  "Time to cash it in", Busy schedule lined up. Good night world, Peace.
Tue Jul 14 19:59:25 PDT 2015 --  Business before pleasure.
Tue Jul 14 13:40:29 PDT 2015 --  
Mon Jul 13 21:48:35 PDT 2015 --  True power comes from within, Belief in self is all you need. #Believe pic.twitter.com/QeDLMp9hu7
Mon Jul 13 09:42:53 PDT 2015 --  Its a new day "RISE"
Mon Jul 13 02:08:49 PDT 2015 --  ...I haven"t forgotten.. I still remember... It was…& it still is real…
Mon Jul 13 00:00:17 PDT 2015 --  #Blessed
Sun Jul 12 14:01:09 PDT 2015 --  Last night was f#×kin amazing
Fri Jul 10 09:32:48 PDT 2015 --  Almost game time baby!! https://instagram.com/p/49mOJYPfdh/ 
Fri Jul 10 09:47:51 PDT 2015 --  "Good morning everybody" #TGIF
Fri Jul 10 09:44:28 PDT 2015 --  Block out negativity & concentrate on the things that matter most.
Tue Jul 07 12:24:05 PDT 2015 --  Focus is key.
Mon Jul 06 23:09:02 PDT 2015 --  #NP Miguel - "DEAL" (WildHeart)
Mon Jul 06 20:29:20 PDT 2015 --  After a long day of work, It feels great to be home. Time for some relaxation.
Sun Jul 05 05:26:01 PDT 2015 --  Its about the moment.. pic.twitter.com/dzF8vawn3M
Sat Jul 04 20:40:20 PDT 2015 --  "Happy 4th of July" Have fun & be safe everyone, Enjoy!
Sat Jul 04 11:57:54 PDT 2015 --  Shout out to my day 1's
Fri Jul 03 19:40:53 PDT 2015 --  Sleek, Stylish & comfortable, Its all about performance with me. "Yeah", I'm definitely rocking with these.. pic.twitter.com/c6HaK06UAv
Fri Jul 03 18:52:13 PDT 2015 --  #DreamsWorthMoreThanMoney
Fri Jul 03 15:32:27 PDT 2015 --  ..Couldn't ask for better weather right now, I like this blend of warm & cool. I'd be nice if it carried over into the weekend.
Fri Jul 03 11:01:14 PDT 2015 --  :) Good morning, "Thank God its Friday"
Thu Jul 02 10:54:21 PDT 2015 --  Back in the gym training, A strong body equals a strong mind. pic.twitter.com/8CGrv08neU
Mon Jun 29 16:16:24 PDT 2015 --  #HustleMode
Mon Jun 29 09:16:01 PDT 2015 --  Certain things happen for certain reasons, Whatever those reasons maybe, Its always nice to have clarity, Having a clear path sets the tone.
Mon Jun 29 09:05:15 PDT 2015 --  Rise and shine.
Mon Jun 22 10:12:48 PDT 2015 --  I hope that everyone had a great weekend. Mine was blessed, I have a lot Im thankful for. Much love/respect to all the Fathers in the world.
Mon Jun 22 08:35:15 PDT 2015 --  A winning attitude goes a long way..
Sun Jun 07 20:48:40 PDT 2015 --  #AmericanPharoah
Fri Jun 05 09:14:59 PDT 2015 --  Good morning.. Know who you are, What you believe in, And where you want to go. With that being said, Lets get it! #TGIF
Thu Jun 04 23:33:39 PDT 2015 --  #NP "These Walls" - Kendrick Lamar
Thu Jun 04 23:26:42 PDT 2015 --  I love when its breezy outside, Especially when the stars are out. Its a beautiful night..
Thu Jun 04 21:19:11 PDT 2015 --  "Feeling brand new" Follow @SootheApp 🏼
Thu Jun 04 20:57:34 PDT 2015 --  #GoldenState
Wed Jun 03 20:57:41 PDT 2015 --  Home sweet home.
Tue Jun 02 20:37:50 PDT 2015 --  ALEX GUERRERO GRAND SLAM!!!!!!!!!
Sat May 23 13:50:05 PDT 2015 --  "Knowledge speaks, but wisdom listens." - Jimi Hendrix
Tue Jun 02 10:54:12 PDT 2015 --  Headed to the Gym & then its back to the office.. Work-Work-Work, Nothing comes with out it.
Tue Jun 02 10:39:15 PDT 2015 --  Isaiah 54:17
Tue Jun 02 10:35:17 PDT 2015 --  Good morning / Buenos días :)
Tue Jun 02 02:40:35 PDT 2015 --  #BalanceIsKey - Health - Career - Relationships - Etc.
Tue Jun 02 02:05:46 PDT 2015 --  Whatever floats your boat, "Do what makes you happy". Peace of mind is something money cant buy. & we all know happiness comes from within.
Mon Jun 01 23:38:23 PDT 2015 --  #NP Jay Z - Dear Summer
Mon Jun 01 09:55:17 PDT 2015 --  Where there's a will, There is always a way..
Sun May 31 14:27:36 PDT 2015 --  Perfect weather today, Whats good!
Fri May 29 16:29:48 PDT 2015 --  Looking forward to watching @entouragemovie
Fri May 29 15:17:34 PDT 2015 --  #DreamBig
Wed May 27 11:03:00 PDT 2015 --  Good morning everybody. "Happy hump day" Almost there, Lets get it!
Wed May 27 10:28:36 PDT 2015 --  Even though we"re from 2 different worlds, I still understand you..
Thu May 21 09:17:16 PDT 2015 --  "Creativity is intelligence having fun." - Albert Einstein
Tue May 26 10:14:46 PDT 2015 --  
Tue May 26 09:34:41 PDT 2015 --  Time to hit the Gym & then its off to work. #Backtothegrind
Mon May 25 08:57:02 PDT 2015 --  Good morning.
Sun May 24 23:55:49 PDT 2015 --  A vacation anywhere with her would be heaven on earth...
Sun May 24 19:35:54 PDT 2015 --  It looks like its finally starting to clear up. pic.twitter.com/XSfSZ6OWcd
Sun May 24 17:02:24 PDT 2015 --  R.I.P to all the brave who have sacrificed for us, You"re legacy lives on... #MemorialDayWeekend
Sun May 24 16:37:58 PDT 2015 --  Truth. pic.twitter.com/ReCTyXKxjh
Sun May 24 11:10:48 PDT 2015 --  Good morning.
Sat May 23 22:01:08 PDT 2015 --  Vegas was missing that a few weeks ago.
Sat May 23 20:45:10 PDT 2015 --  #UFC187
Sat May 23 20:08:32 PDT 2015 --  #GOLDENSTATEWARRIORS
Sat May 23 20:04:05 PDT 2015 --  That was incredible!
Sat May 23 12:52:28 PDT 2015 --  I am pic.twitter.com/IUBBBqvMto
Sat May 23 12:35:51 PDT 2015 --  Stay true to yourself always..
Sat May 23 11:12:50 PDT 2015 --  #NP Future x Waka "Rotation" https://m.youtube.com/watch?v=FaUnUslaZrs …
Tue May 19 17:02:21 PDT 2015 --  Back to the Gym. #HealthIsWealth
Tue May 19 10:25:48 PDT 2015 --  Whats up everybody!
Tue May 19 10:19:42 PDT 2015 --  Work-Work-Work & more work. "Feeling blessed" I know nothings free, Which is why I appreciate it more when I finally earn it.
Sun May 17 00:03:45 PDT 2015 --  #PowerhouseLA
Sat May 16 21:32:08 PDT 2015 --  Its amazing to see Curry propelling himself into legend status, What him & the Warriors are doing can"t be denied.
Fri May 15 11:21:08 PDT 2015 --  Good morning. #TGIF
Thu May 14 08:17:17 PDT 2015 --  "Above all be of single aim; have a legitimate and useful purpose, and devote yourself unreservedly to it." - James Allen
Thu May 14 00:31:59 PDT 2015 --  Zzz..
Wed May 13 23:24:55 PDT 2015 --  Time to catch up on some reading. @SPressfield - Thank you. pic.twitter.com/21Bu4Jo7rX
Wed May 13 22:07:52 PDT 2015 --  #GoldenState
Wed May 13 20:44:02 PDT 2015 --  The challenging part at first is setting Ur mind free, & then getting Urself to believe, But once you do, Skys the limit, Trust your energy.
Wed May 13 20:33:57 PDT 2015 --  Thinking to myself how powerful motivation can be, With the will to win & the desire to succeed, Theres nothing that can"t be achieved...
Wed May 13 20:16:50 PDT 2015 --  Gym-Work-Gym-Work
Tue May 12 21:37:19 PDT 2015 --  "Dwell on the beauty of life. Watch the stars, and see yourself running with them." - Marcus Aurelius
Wed May 13 10:44:01 PDT 2015 --  #DollarAndADream
Wed May 13 10:14:39 PDT 2015 --  Good morning.
Sun May 10 16:53:34 PDT 2015 --  FINAL: #Dodgers 9, Rockies 5.
Sun May 10 17:15:04 PDT 2015 --  pic.twitter.com/2qYaLLj6nh
Sun May 10 09:25:59 PDT 2015 --  "Your energy is valuable"
Sun May 10 00:30:26 PDT 2015 --  🏼
Sun May 10 00:02:52 PDT 2015 --  I feel good.
Sat May 09 15:20:53 PDT 2015 --  #teamcanelo
Sat May 09 12:27:11 PDT 2015 --  Headed to the Gym, And than going do some shopping. #MothersDayWeekend
Fri May 08 14:24:17 PDT 2015 --  #Focused
Fri May 08 11:25:58 PDT 2015 --  Love that song too by the way.. "It never rains in Southern California"
Fri May 08 11:17:54 PDT 2015 --  Anyways.. Every1 have a gr8 day,B safe,Have fun & B you always. Only 1 life 2 live so we might aswell live it 2 the fullest, Lets get it!
Fri May 08 11:04:14 PDT 2015 --  Whoever coined the term "It never rains in Southern California" Clearly wasnt a resident,There should be slippery when wet signs everywhere.
Fri May 08 10:52:02 PDT 2015 --  Buenos díaz :)
Fri May 08 01:11:34 PDT 2015 --  #NowWatching Mr. & Mrs. Smith
Fri May 08 01:02:20 PDT 2015 --  Literally just made it back, Thank God.
Thu May 07 09:35:18 PDT 2015 --  Morning..
Wed May 06 19:28:48 PDT 2015 --  Bout to eat, chill & watch these playoffs.. No @Lakers but we still got the @LAClippers in it, lol #TeamWestCoast
Wed May 06 19:25:03 PDT 2015 --  Nothing beats when you"re finally able to relax, The feeling afterward when you know you"ve earned it, is priceless..
Wed May 06 19:21:38 PDT 2015 --  #homesweethome
Wed May 06 09:39:56 PDT 2015 --  continue to march towards our own personal greatness. "Anything is possible" especially in America. Belief in self is all you need. #Believe
Wed May 06 09:36:21 PDT 2015 --  Convention wisdom says if we did something once,Than we can always do it again. So with that being said, Let us put our best foot forward &
Wed May 06 09:26:51 PDT 2015 --  Good morning everyone.
Tue May 05 15:36:07 PDT 2015 --  pic.twitter.com/p4JungpiAh
Tue May 05 12:09:16 PDT 2015 --  #NP @Pharrell & @robinthicke - "Love You Girl" https://www.youtube.com/watch?v=_VTY8ftr1vY …
Tue May 05 09:41:55 PDT 2015 --  "Time to work" Headed to the Gym & then its back to the office. 🏼
Tue May 05 09:30:18 PDT 2015 --  #FelizCincoDeMayo
Tue May 05 09:13:20 PDT 2015 --  Up-Up-Up
Sun May 03 07:57:02 PDT 2015 --  "Don't put a limit on anything. The more you dream the farther you get." - Michael Phelps
Mon May 04 11:06:18 PDT 2015 --  Good morning.
Sun May 03 21:54:07 PDT 2015 --  "Tickets for the Avengers?" Umm,..Yes please. :)
Sun May 03 19:28:08 PDT 2015 --  Hope everyone's having a great weekend!
Sun May 03 19:26:56 PDT 2015 --  "Finally home", I swear theres nothing like Cali. #Blessed
Sun May 03 12:38:53 PDT 2015 --  Just chillin.. pic.twitter.com/r6NsOezsgJ
Sun May 03 05:35:33 PDT 2015 --  Just thinking.. pic.twitter.com/dD9Z1Ici4l
Sun May 03 03:26:35 PDT 2015 --  To keep it real tho, You have to earn it.
Sun May 03 02:40:35 PDT 2015 --  A wins a win.
Sat May 02 09:42:25 PDT 2015 --  Woke up feeling like the Champ, Its time to get the day started. Lets go! #PacManVSMayweather
Sat May 02 08:52:56 PDT 2015 --  Good morning.
Fri May 01 17:21:16 PDT 2015 --  Touch down.
Fri May 01 09:44:37 PDT 2015 --  #NP Bone Thugs-N-Harmony - 1st Of Tha Month https://www.youtube.com/watch?v=x7Wq8EQ3vYk … #Classic
Fri May 01 09:20:03 PDT 2015 --  Good morning everybody, "TGIF" What else is there more to say? But.... Lets get it!!
Fri May 01 00:50:18 PDT 2015 --  Anything is possible, Belief in self is all you need..
Thu Apr 30 19:24:10 PDT 2015 --  Just another day at the office, Feels great to be back. About to start getting ready.. Countdown to Vegas starts NOW.
Thu Apr 30 19:14:19 PDT 2015 --  #tbt look at your boy lol pic.twitter.com/quaQ0XupNH
Thu Apr 30 12:30:22 PDT 2015 --  #PositiveEnergy
Thu Apr 30 09:06:49 PDT 2015 --  Good morning.
Thu Apr 30 00:07:24 PDT 2015 --  Never judge a book by its cover, Reading it wrong doesn't enhance your intelligence, But it does bring clarity to one"s character…
Wed Apr 29 22:53:15 PDT 2015 --  ……?
Wed Apr 29 19:06:43 PDT 2015 --  Paper work complete, Chores done. Now its time to hit the gym, Abs, Legs, Chest. Im not leaving 1 stone unturned. #StayReady
Wed Apr 29 17:04:49 PDT 2015 --  Home sweet home.
Wed Apr 29 14:08:59 PDT 2015 --  pic.twitter.com/JxLW2lCYgD
Wed Apr 29 14:02:38 PDT 2015 --  With my eyes on the prize, I am coming...
Wed Apr 29 13:51:00 PDT 2015 --  ..Its a beautiful day in So-Cal, "Nice weather".🏼
Tue Apr 28 10:35:23 PDT 2015 --  #WheatiesForBreakfast
Tue Apr 28 10:18:41 PDT 2015 --  Good morning everybody
Mon Apr 27 20:18:12 PDT 2015 --  "Back to the Gym", Its only right that for a big weekend you get a head start so that you can look & feel your best. #YouFeelMe. 🏼
Mon Apr 27 19:34:39 PDT 2015 --  LA vs SF
Mon Apr 27 18:46:14 PDT 2015 --  #NP @Pharrell - "Gust of Wind" https://www.youtube.com/watch?v=PpDHFw_FP4w … Easy breezy, What up P!
Mon Apr 27 18:42:46 PDT 2015 --  A certain amount of opposition is good for a man….. Kinda like a Kite or an Eagle, They rise the highest against pressure.
Mon Apr 27 18:23:40 PDT 2015 --  #TheFeelingYouGetWhenYouComeHomeFromALongDayOfWorkButYouStillGotMoreToDo
Mon Apr 27 09:56:16 PDT 2015 --  Up & at em, "Morning everybody" Its a new day.Lets seize the moment & make the most out of every opportunity.That being said, Lets get it!
Sun Apr 26 10:22:07 PDT 2015 --  ….Tidal is where artists can give their fans more without the middlemen. #TidalFacts
Sun Apr 26 11:32:00 PDT 2015 --  BTW, Prayers go out to anyone affected by the tragedy overseas, "May God heal your pain". To donate visit https://www.redcross.org/combined-donate?donationProdId=prod9150029&retrieveData=1&flow=oc1 … Thank you.
Sun Apr 26 11:22:23 PDT 2015 --  Going try out these Fly Knit racers I just got, & then its off to see the fam to spend some QT. I Hope everyone has a great day, Enjoy! :)
Sun Apr 26 11:13:09 PDT 2015 --  Now that the clouds are starting to clear, Hopefully we can get back to normal again.
Sun Apr 26 03:50:07 PDT 2015 --  Watching the @chrisdelia comedy special On Net Flix, Funny shit, Check it out.
Sun Apr 26 03:22:09 PDT 2015 --  That apply"s to any & everything actually, Why settle for less when you deserve so much more.. #LateNightThoughts #DontMindMe #JustSaying
Sun Apr 26 02:39:45 PDT 2015 --  Its not real until you find the one you truly want to be with..
Sun Apr 26 02:34:22 PDT 2015 --  #NeverGetLostInTheLights
Sat Apr 25 21:56:36 PDT 2015 --  This is that bundle up have fun be safe weather.
Sat Apr 25 11:23:43 PDT 2015 --  Good morning..
Fri Apr 24 22:38:01 PDT 2015 --  You know what though, At the end of the day, Only God can judge us. They say happiness comes from within. So who are we to knock anybody..
Fri Apr 24 22:35:53 PDT 2015 --  The Bruce Jenner situation is so trippey, Not just because of the obvious, But for a multitude of reasons, It just makes you wonder?
Fri Apr 24 22:16:23 PDT 2015 --  FINAL: #Dodgers 3, Padres 0. #WeLoveLA #LetsGoDodgers #Whiff
Fri Apr 24 19:58:34 PDT 2015 --  Clippers VS Spurs
Fri Apr 24 14:13:31 PDT 2015 --  #InsideJoke #Scheming #Backtowork
Fri Apr 24 14:09:00 PDT 2015 --  Lol lets go 1/2! You know you can"t finish that by yourself, C'mon now :)
Fri Apr 24 13:12:32 PDT 2015 --  #TGIF
Fri Apr 24 00:54:49 PDT 2015 --  Just wrapped ^ a late night study session, & Now I must recharge. "Good night world" Hasta luego…
Thu Apr 23 23:51:22 PDT 2015 --  People that drink almond milk swear they"re better than you lol
Thu Apr 23 23:44:39 PDT 2015 --  <3 pie, Especially cherry. (sigh).. Temptation is a mutha%
Thu Apr 23 22:19:20 PDT 2015 --  #GoldenState
Thu Apr 23 21:19:36 PDT 2015 --  Don't stress over nothing, Everything happens as it should. Just keep doing what you need to do & have faith. Its going to be alright…
Thu Apr 23 06:04:09 PDT 2015 --  "Man conquers the world by conquering himself." - Zeno of Citium
Thu Apr 23 09:25:19 PDT 2015 --  ..Its off to the GYM I go. "Time to get this work in" #BeastMode [ON] off
Thu Apr 23 09:12:29 PDT 2015 --  Rise & Grind
Wed Apr 22 23:02:01 PDT 2015 --  #NW "THE WOLF OF WALL STREET"
Wed Apr 22 22:57:15 PDT 2015 --  Just relaxing..
Wed Apr 22 18:04:48 PDT 2015 --  Quality over quantity.
Wed Apr 22 16:01:54 PDT 2015 --  Or another words…."Keep it clean ya filthy animals" :) #HomeAloneVoice
Wed Apr 22 15:59:19 PDT 2015 --  We have to maintain its integrity , Not just for us, But for future generations aswell, As the famous saying goes, Each 1 teach 1. #EarthDay
Wed Apr 22 13:54:22 PDT 2015 --  If we had a constant reminder about the importance of a healthy environment, The Earth would be a lot cleaner & safer,For itself & ourselves
Wed Apr 22 10:39:09 PDT 2015 --  Good morning everybody, "Happy Hump Day" Lets get it!
Wed Apr 22 00:02:47 PDT 2015 --  Good night..
Tue Apr 21 21:22:00 PDT 2015 --  #GetComfortable #LightSomeCandles #SipSomethingWarm
Tue Apr 21 11:47:09 PDT 2015 --  Loving this weather right now, Its nice to have balance.
Thu Apr 16 03:21:26 PDT 2015 --  "Knowledge speaks, but wisdom listens." - Jimi Hendrix
Tue Apr 21 11:05:31 PDT 2015 --  Morning..
Mon Apr 20 23:37:24 PDT 2015 --  The magic is in the air. #RelaxYourMindAndLetYourConsciousBeFree
Mon Apr 20 22:22:37 PDT 2015 --  A while ago, I would"ve begged to differ. And now I would"nt have it any other way...
Mon Apr 20 22:18:08 PDT 2015 --  Finally home.
Mon Apr 20 09:31:04 PDT 2015 --  With that being said. "Have a great day everyone!" Its time to hit the Gym then work :)
Mon Apr 20 09:29:33 PDT 2015 --  So stand up for yourself & embrace your greatness, You can do it, All it takes is belief & will power. Remember that... #MondayMotivation
Mon Apr 20 09:22:29 PDT 2015 --  If you work hard, You persevere, "YOU WILL MAKE IT" But if you sit on your ass, Your not going nowhere, Straight up. Nothing comes easy..
Mon Apr 20 09:17:23 PDT 2015 --  I was raised with intuition & inner-vision, Always taught if you speak wisdom, Women & Men would listen. So I want you listen to this…
Mon Apr 20 08:37:49 PDT 2015 --  Good Morning.
Sun Apr 19 22:13:31 PDT 2015 --  SA vs LA #Playoffs
Sat Apr 18 22:09:24 PDT 2015 --  "Saturday Night" Whats up everyone!
Sat Apr 18 21:36:32 PDT 2015 --  Cold pizza is still fire.
Sat Apr 18 18:32:34 PDT 2015 --  I love seeing Anthony Kiedis at the shows, He's a real fan.
Sat Apr 18 17:47:30 PDT 2015 --  #UFConFOX15
Sat Apr 18 17:37:20 PDT 2015 --  Current Vibe = Chillin
Sat Apr 18 16:31:54 PDT 2015 --  Threw my shades on today… I'm cool?
Sat Apr 18 16:16:49 PDT 2015 --  Its looking like Golden State is cruising all the way.
Sat Apr 18 13:49:22 PDT 2015 --  Less is more..
Sat Apr 18 11:35:14 PDT 2015 --  #EatClean2BLean #TrainHardAndSmart #StayFocusedAndDetermined #SayIWillNeverLetMyselfFallOff #HealthIsWealth #Believe #SiSePuede #ICareTweet
Fri Apr 17 13:50:05 PDT 2015 --  "It's kind of fun to do the impossible." - Walt Disney
Sat Apr 18 10:54:48 PDT 2015 --  Good morning :)
Sat Apr 18 10:54:17 PDT 2015 --  Can always tell the difference.. "Congratulations" But I won a long time ago…….
Sat Apr 18 10:51:47 PDT 2015 --  lol
Sat Apr 18 02:06:26 PDT 2015 --  Theres only 1 way to find out, I guess we"ll just have to see #FlameOn
Sat Apr 18 00:06:05 PDT 2015 --  The night is still young…
Fri Apr 17 18:19:46 PDT 2015 --  Accept your greatness, Know your worth.
Fri Apr 17 14:18:37 PDT 2015 --  Thank God Its Friday.. Nice weather, Pretty women, Amazing views, The Land where dreams come true. "Cali" what more can I say...
Thu Apr 16 20:25:37 PDT 2015 --  #WorkHardPlayHard
Thu Apr 16 11:49:20 PDT 2015 --  “Knowledge has to be improved, challenged, and increased constantly, or it vanishes” - Peter F. Drucker
Thu Apr 16 11:31:36 PDT 2015 --  Whats good! :)
Thu Apr 16 00:13:42 PDT 2015 --  Good night world, Blessings be amongst you. Peace…Zzz
Wed Apr 15 21:41:12 PDT 2015 --  Its time for late night sweat session to end things off right. I dont need the Gym to get it in, I could get it done from home. #CardioKing
Wed Apr 15 21:18:19 PDT 2015 --  Theres nothing like the breeze on the North-End tho, When the wind hits the palm trees it sounds & feels like your at the beach...
Wed Apr 15 21:12:28 PDT 2015 --  ha :)
Wed Apr 15 16:58:49 PDT 2015 --  These days I let God handle all things above me, & the things I cant change R the reasons U love me... #EverythingImNotMadeMeEverythingIAm
Wed Apr 15 16:48:37 PDT 2015 --  Living well shouldn't be a compromise. Happiness comes from within...
Wed Apr 15 16:46:01 PDT 2015 --  Nothing replaces working hard. & reaping the benefits from it. But If U focus too much on what U dont have, U will never, ever have enough.
Wed Apr 15 16:44:15 PDT 2015 --  #GreatMindsThinkAlike
Wed Apr 15 09:35:19 PDT 2015 --  #BusinessB4PleasureAlwaysRememberthat #StayFocused
Wed Apr 15 08:44:02 PDT 2015 --  "Hump Day" Can only mean 2 things…. Well maybe 3 if U include the obvious. (Smashing) "Progress & $" With that being said, Lets get it :)
Wed Apr 15 08:38:05 PDT 2015 --  Up & @ em!
Wed Apr 15 01:52:22 PDT 2015 --  Zzz
Wed Apr 15 01:36:14 PDT 2015 --  Time reveals everything
Tue Apr 14 22:18:25 PDT 2015 --  #Dodgers
Tue Apr 14 19:50:25 PDT 2015 --  At the Gym earning it, You know my steeze :)
Tue Apr 14 18:29:58 PDT 2015 --  It's the possibility of having a dream come true that makes life interesting..
Tue Apr 14 18:28:36 PDT 2015 --  Hope everyone is having a great day thus far.
Tue Apr 14 18:15:50 PDT 2015 --  Transform vision into reality,
Tue Apr 14 10:16:25 PDT 2015 --  i know what I have to do, & there is nothing thats gonna stop me. #FailuresNotAnOption
Tue Apr 14 10:14:38 PDT 2015 --  Good morning world.
Tue Apr 14 00:37:44 PDT 2015 --  I'd put on for u.
Tue Apr 14 00:03:35 PDT 2015 --  te extraño ……..
Mon Apr 13 22:05:14 PDT 2015 --  Home sweet home.
Fri Apr 03 20:09:27 PDT 2015 --  "Once we accept our limits, we go beyond them." - Brendan Francis
Mon Apr 13 11:25:50 PDT 2015 --  Back to work. #Focused
Mon Apr 13 09:46:56 PDT 2015 --  i can handle it… Can u ? Ignite this fire if u dare :)
Mon Apr 13 02:01:21 PDT 2015 --  Its like we already know each other, But yet Im eager to learn more...
Mon Apr 13 01:46:55 PDT 2015 --  ...Haven't forgot, I still remember.
Mon Apr 13 01:24:26 PDT 2015 --  Can"t wait until the new "Entourage" movie comes out..
Sun Apr 12 11:26:13 PDT 2015 --  About to go for a nice run, & then its off to see the fam. #Loyalty
Sun Apr 12 11:08:45 PDT 2015 --  Woke up feeling like a Champ. "Good Morning"
Sun Apr 12 00:47:43 PDT 2015 --  #TheLawOfAttractionWorks
Sat Apr 11 22:59:55 PDT 2015 --  ...Damn she is hot as fk
Sat Apr 11 22:49:45 PDT 2015 --  w my woes
Sat Apr 11 16:37:29 PDT 2015 --  Time to fire up the grill.
Sat Apr 11 16:07:16 PDT 2015 --  #IxE
Sat Apr 11 13:00:43 PDT 2015 --  lol anyways.. Its "National Pet Day" Show some Dog love :)
Sat Apr 11 11:54:59 PDT 2015 --  Thinking how life would be a lot cooler if there were piñatas strategically placed throughout the day...
Sat Apr 11 11:44:16 PDT 2015 --  Outside shooting the breeze, Enjoying this weather. Whats good everyone!
Fri Apr 10 21:25:31 PDT 2015 --  Just chillin… Listening to some music & watching the game, @Lakers to be exact.
Fri Apr 10 20:29:55 PDT 2015 --  Find your rhythm.
Fri Apr 10 12:26:36 PDT 2015 --  #WinnersCircle
Fri Apr 10 12:15:12 PDT 2015 --  @ the Gym putting in work, Abs, Legs, Chest, The whole 9. It takes discipline to reach certain levels, & trust me I go hard to earn it.
Fri Apr 10 11:00:15 PDT 2015 --  Good morning… TGIF
Fri Apr 10 01:59:20 PDT 2015 --  sweet dreams
Fri Apr 10 00:52:17 PDT 2015 --  I can make it better.
Thu Apr 09 21:08:05 PDT 2015 --  Chicken salad for dinner, Wheres the red vino tho?
Thu Apr 09 21:05:56 PDT 2015 --  YES! "Ted" is on :)
Thu Apr 09 21:01:19 PDT 2015 --  What a long day, It feels great to be home.
Thu Apr 09 08:53:53 PDT 2015 --  Success will never lower its standard to accommodate us, We have to raise our standard to achieve it...
Thu Apr 09 08:52:05 PDT 2015 --  …The dream is free but the hustle is sold separately.
Thu Apr 09 08:50:28 PDT 2015 --  Rise & Shine
Wed Apr 08 23:59:54 PDT 2015 --  Off to la la land, Good night.
Wed Apr 08 22:46:03 PDT 2015 --  Catching up on some reading #theWARofART
Wed Apr 08 21:40:32 PDT 2015 --  . @AdrianTitan23 is now batting .769.
Wed Apr 08 10:19:42 PDT 2015 --  Good morning everyone, "Happy hump day" Lets get it!!
Wed Apr 08 10:18:40 PDT 2015 --  Or Woman ;)
Wed Apr 08 10:17:55 PDT 2015 --  Man makes the $, $ doesn't make the Man.
Wed Apr 08 10:16:43 PDT 2015 --  #ThinkBig
Mon Apr 06 08:41:32 PDT 2015 --  #NP @Ludacris - This Has Been My World https://www.youtube.com/watch?v=PBUaTlvG8B0 …
Mon Apr 06 08:40:21 PDT 2015 --  Gym then Work ;)
Mon Apr 06 08:34:32 PDT 2015 --  No matter what it is you do, Always put forth your best. Believe in yourself & trust God. #StriveforGreatness
Mon Apr 06 08:30:54 PDT 2015 --  Good Morning!
Sun Apr 05 08:46:54 PDT 2015 --  "Happy Easter"
Tue Mar 31 10:50:04 PDT 2015 --  Working #LaserFocused
Sun Mar 29 19:00:56 PDT 2015 --  Rocky Rocky Rocky
Sat Mar 28 12:52:08 PDT 2015 --  #H2O
Fri Mar 27 09:19:00 PDT 2015 --  Morning World, TGIF.
Thu Mar 26 17:12:35 PDT 2015 --  Been A-1 since Day 1.
Thu Mar 26 11:28:21 PDT 2015 --  #NoRetreatNoSurrender
Thu Mar 26 11:27:54 PDT 2015 --  "Nice & sunny" Just another day in Cali, Trips to the beach are going to become much more frequent now, Its time to go extra hard.
Thu Mar 26 11:24:40 PDT 2015 --  Whats up everyone!
Thu Mar 26 11:23:06 PDT 2015 --  Isaiah 54:17
Tue Mar 24 13:54:36 PDT 2015 --  Honor-Integrity-Respect
Fri Mar 20 10:19:56 PDT 2015 --  In order to succeed, we must first believe that we can. Nikos Kazantzakis
Fri Mar 20 10:19:09 PDT 2015 --  Back to training, Getting in the best shape ever by the summer, I will not lose.
Fri Mar 20 10:11:48 PDT 2015 --  "1st day of spring" Loving this breeze, Some consistency would be nice..
Fri Mar 20 09:32:14 PDT 2015 --  TGIF, Good Morning :)
Thu Mar 19 10:31:37 PDT 2015 --  #ImGoingForIt
Thu Mar 19 10:23:10 PDT 2015 --  Say hello to a 21st century "Scarface." http://MAXIMM.AG/0Ig3PmB  pic.twitter.com/Vgh5ndJUva
Thu Mar 19 10:25:38 PDT 2015 --  Rise & Shine
Wed Mar 18 14:58:06 PDT 2015 --  Whats up everyone!, Almost over the hump, Hope your all having a good day.
Tue Mar 17 10:24:12 PDT 2015 --  Gym then work.. Iron sharpens Iron.. Strong body = Strong Mind
Tue Mar 17 10:20:55 PDT 2015 --  Grind and never give up is the motto, Make progress & not excuses, Only us can stop us, So lets do this. - G
Tue Mar 17 10:13:03 PDT 2015 --  "Im all about the green" Happy St. Patricks day!
Tue Mar 17 10:12:00 PDT 2015 --  Good Morning
Sun Mar 15 21:52:50 PDT 2015 --  Keep calm. All is well.
Sat Mar 14 11:56:37 PDT 2015 --  "Nice weather to go swimming" #WestCoastChillin
Fri Mar 13 11:41:57 PDT 2015 --  TGIF
Thu Mar 12 14:25:46 PDT 2015 --  Strive for quality in everything that you do...
Thu Mar 12 09:17:54 PDT 2015 --  #Gym
Thu Mar 12 08:54:25 PDT 2015 --  Good morning
Tue Mar 03 10:09:13 PST 2015 --  Belief in self is all you need, Anything is possible, Especially in America. #Motivated
Tue Mar 03 10:05:40 PST 2015 --  Its a beautiful day, Perfect weather.
Mon Mar 02 10:39:47 PST 2015 --  #NP @JoeBudden "Top Of The World" Featuring @KirkoBangz
Mon Mar 02 09:46:29 PST 2015 --  Have a great day everyone!
Mon Mar 02 09:00:52 PST 2015 --  Like life, you can't win if you don't PLAY. Click here to carpe that diem: http://bit.ly/1wBiJWt  https://amp.twimg.com/v/b73b5306-f7bc-4910-93a3-620a850203ad …
Mon Mar 02 09:09:29 PST 2015 --  #HustleMode
Sun Mar 01 10:16:57 PST 2015 --  Trust your instincts. If it feels right, then it must be.. Your conscience will always keep it real with you… #Truth
Sun Mar 01 10:14:19 PST 2015 --  ^ & @ em, It"s a new day…"RISE"
Sun Mar 01 10:05:25 PST 2015 --  lol
Sat Feb 28 14:15:00 PST 2015 --  There levels to this.
Sat Feb 28 10:50:00 PST 2015 --  Good morning
Sat Feb 28 10:49:30 PST 2015 --  Dreamt of a butterfly...
Sat Feb 28 00:35:47 PST 2015 --  Hoodie/Snuggle season, Whatever you want to call it, Its freaking cold right now. Anything In, Is in thats for sure. Stay warm my friends..
Fri Feb 27 22:42:13 PST 2015 --  #NW "Focus"
Fri Feb 27 19:10:42 PST 2015 --  "All bets set" Remember to always call for insurance whenever you see an Ace :) pic.twitter.com/AXdw2akLvy
Fri Feb 27 16:33:04 PST 2015 --  Practicing "Black Jack" on the table I got from my teacher Patty. My dealer hand is still strong, Got to stay sharp #AceOfSpadesAcademy
Fri Feb 27 15:25:53 PST 2015 --  Was about to go stock ^ at "Trader Joe's", But its too far out the way. So fk it Ramen Noodle Soup it is, Keeping it hood as they say lol
Fri Feb 27 14:39:02 PST 2015 --  its this weather
Fri Feb 27 14:37:17 PST 2015 --  feel like eating something warm… but I don't know what?
Fri Feb 27 14:04:22 PST 2015 --  #HouseofCardsSeason3
Fri Feb 27 12:09:19 PST 2015 --  Stay focused & watch your progression grow more & more each day. Power is a mind state, If U believe in yourself, theres nothing U can't do.
Fri Feb 27 09:44:10 PST 2015 --  @ the Gym earning it
Fri Feb 27 08:10:58 PST 2015 --  "Thank God its Friday" Good morning everyone..
Fri Feb 27 08:08:25 PST 2015 --  #BuiltToLast
Thu Feb 26 15:39:17 PST 2015 --  Its on when I get home ;)
Thu Feb 26 15:38:37 PST 2015 --  "Actions speak louder than words"
Thu Feb 26 13:26:22 PST 2015 --  I believe in you.
Thu Feb 26 12:21:28 PST 2015 --  Back to the $
Thu Feb 26 11:28:25 PST 2015 --  I Can't wait til the Summer, I miss the Beach Already...
Thu Feb 26 11:26:16 PST 2015 --  #ChillMode #AçaíProteinShake #DiamondOG
Thu Feb 26 10:03:16 PST 2015 --  Nike FlyKnit Racers are some of the best shoes ever invented for running, Control & Comfort at its finest.
Thu Feb 26 09:28:08 PST 2015 --  #NP Tech N9ne - "Make Waves"
Thu Feb 26 09:25:42 PST 2015 --  #training Abs, Legs, Chest, The whole 9. "If I stay ready I dont have to get ready"
Thu Feb 26 09:17:08 PST 2015 --  Where theres a will theres a way..
Thu Feb 26 08:31:37 PST 2015 --  Good Morning
Wed Feb 25 20:42:22 PST 2015 --  #NP @edsheeran & @Yelawolf https://www.youtube.com/watch?v=m-Q4aYzwgs0 …
Wed Feb 25 19:48:30 PST 2015 --  Time to get it in #GymFlow
Wed Feb 25 16:49:51 PST 2015 --  By believing passionately in something that still does not exist,We create it. The nonexistent is whatever we have not sufficiently desired
Wed Feb 25 16:45:29 PST 2015 --  Hope everyone is having a great day thus far.
Wed Feb 25 15:57:38 PST 2015 --  #Art&Life
Wed Feb 25 15:55:33 PST 2015 --  Stacking chips, if it doesnt make dollars it doesnt make sense.
Wed Feb 25 01:24:54 PST 2015 --  Business before pleasure could be easier said then done. Its best just to keep the head straight & remain focused, The reward comes later.
Tue Feb 24 22:53:36 PST 2015 --  The feeling you get from a long days grind then touching down is so rewarding..
Tue Feb 24 12:56:13 PST 2015 --  #SnowWhite pic.twitter.com/R8i51b2dXG
Tue Feb 24 10:43:01 PST 2015 --  ........
Tue Feb 24 10:41:46 PST 2015 --  I think about you whenever im working out. Where are you luv?
Tue Feb 24 10:15:11 PST 2015 --  #NP @NicoleScherzy "Right There" feat 50 Cent
Tue Feb 24 08:55:40 PST 2015 --  Anyways I"m back on my LL ish, "Time to sweat some sweet equity", Oh yeah lol #gym
Tue Feb 24 08:51:33 PST 2015 --  The key word of the day is "Triump" , You can"t say it without trying & putting a lil umph in it. Effort goes a long ways ya know....
Tue Feb 24 08:47:09 PST 2015 --  Good morning... Rise & shine :)
Mon Feb 23 21:24:17 PST 2015 --  Anything with the Açaí berry in it is a go
Mon Feb 23 19:40:24 PST 2015 --  Crazy, as soon as I wrote that "SWV'S - Rain" came on, Whatcha know bout that haha #classic
Mon Feb 23 19:33:38 PST 2015 --  Its pouring in the I.E You can even hear the thunder rumble in the sky.. Moments like these make u appreciate when its wet & dry...
Mon Feb 23 19:25:21 PST 2015 --  "Mission complete" The feeling afterward is Ecstasy #100
Mon Feb 23 18:08:13 PST 2015 --  But the reward you get in return is priceless in comparison, Nothing beats being the best you can be physically & mentally #lifestylechoice
Mon Feb 23 17:43:45 PST 2015 --  Back in the Gym, Pulling 2 a days all week. It takes so much discipline to stay in shape & eat healthy, Especially with so much temptation..
Mon Feb 23 08:19:28 PST 2015 --  Good morning everyone, "grind & never give up is the motto" so with that being said, lets get it.. #timetowork #besafe
Sun Feb 22 21:02:37 PST 2015 --  #NP Gene Wilder- "Pure Imagination"
Sun Feb 22 18:47:16 PST 2015 --  idk Billy Bob just got married for the 6th time,Talk about nevr giving ^ on the fairytale,Thought he took the clooney route,What a trooper.
Sun Feb 22 18:33:22 PST 2015 --  #NW The Oscars "I can only imagine what it would be like to hold one of those"
Sun Feb 22 15:47:34 PST 2015 --  Sometimes the best thing you can do is not think or stress & just have faith that everything will work out for the best... #SpiritualSunday
Sun Feb 22 15:44:12 PST 2015 --  The best tasting low carb pizza you will ever make, You can add to it https://www.onnit.com/academy/the-best-tasting-low-carb-pizza-you-will-ever-make/ …
Sun Feb 22 11:15:51 PST 2015 --  "Just getting up" With a dog like Roscoe, who needs an alarm clock lol Good morning World..
Sun Feb 22 11:06:04 PST 2015 --  Philippians 4:13
Sun Feb 22 00:25:52 PST 2015 --  Then so shall it be.. Only time will tell, So I guess will see. #TurningGoalsAndDreamsIntoReality
Sun Feb 22 00:17:34 PST 2015 --  wise to always go against the grain, But instead to let the natural course of things take its place. So If the stars align, & if its meant
Sun Feb 22 00:10:39 PST 2015 --  Time has taught me that persistence opens ^ many doors, & that with discipline anything is possible. But its also taught me that its not
Sun Feb 22 00:06:52 PST 2015 --  Feeling like its…. This-close yet This--far How to connect an invisible bridge is the ?
Sat Feb 21 21:15:14 PST 2015 --  Its looking like a homebody saturday, After being on the road all week, I just wanna chill...
Sat Feb 21 20:10:57 PST 2015 --  Can"t wait til the new Bond flick tho, "That should be fu#^ing hard" Anything with 007 in it usually is.
Sat Feb 21 19:56:56 PST 2015 --  Just finished watching a movie, it was out of "Kingsman: The Secret Service" or "Fifty Shades of Grey" Guess which one? Lol
Sat Feb 21 16:29:50 PST 2015 --  #GGG
Tue Jan 06 13:21:16 PST 2015 --  Unlock duh Shwag, Shwaa Unlock.
