Fri Aug 28 20:33:00 PDT 2015 --  What you believe is what will happen to you - Matthew 9:29
Fri Aug 28 10:36:04 PDT 2015 --  Ask yourself that every day. pic.twitter.com/JeowaIwl3w
Fri Aug 28 13:20:00 PDT 2015 --  RT to save a life !! pic.twitter.com/YFAOLj4ScU
Fri Aug 28 06:05:54 PDT 2015 --  There are blessings prepared for you. Don’t hold on to the old when you know God’s leading you somewhere new.
Thu Aug 27 19:40:03 PDT 2015 --  I DON’T BELIEVE WHAT I JUST SAW. https://vine.co/v/ejYrYL3hdpi 
Thu Aug 27 20:05:48 PDT 2015 --  This game rn >>> #LLWS2015
Thu Aug 27 17:50:41 PDT 2015 --  pic.twitter.com/olUeLC1XGk
Thu Aug 27 18:01:29 PDT 2015 --  He's waiting to hear from you. Pray. pic.twitter.com/gFs7nI8qAZ
Thu Aug 27 17:50:05 PDT 2015 --  Cant stop watching this lmao http://vine.co/v/OD0JnhHTrEO 
Thu Aug 27 17:43:07 PDT 2015 --  Can't really get you off my mind
Thu Aug 27 15:30:11 PDT 2015 --  "You just know while it's happening, that this moment you're gonna remember for the rest of your life." pic.twitter.com/NMEJ0M0Yvm
Thu Aug 27 15:18:51 PDT 2015 --  Me trying to get through life https://vine.co/v/eDiQEwX0bam 
Wed Aug 26 19:25:18 PDT 2015 --  When everyone else fails you, God won’t.
Wed Aug 26 15:41:31 PDT 2015 --  I used to love math and now I don't
Wed Aug 26 16:00:48 PDT 2015 --  Love your enemies. Do good to those who hate you. Speak well of those who curse you. -Luke 6:27-28
Tue Aug 25 22:00:25 PDT 2015 --  Life always offers you a second chance. Its called tomorrow.
Tue Aug 25 04:32:18 PDT 2015 --  This is so messed up. pic.twitter.com/bi9DOTOnOs
Tue Aug 25 19:46:23 PDT 2015 --  Yo, Adrian. You’re nice over there: http://atmlb.com/1EiVYdN  pic.twitter.com/QI9n3dWDFl
Tue Aug 25 18:51:17 PDT 2015 --  J E S U S I S M Y S A V I O U R
Mon Aug 24 22:39:03 PDT 2015 --  It's the things that we love that destroy us.
Tue Aug 25 02:15:10 PDT 2015 --  When life is tough, PRAY.
Tue Aug 25 03:11:08 PDT 2015 --  God > My fears God > My insecurities God > My worry God > My everything
Mon Aug 24 22:09:25 PDT 2015 --  pic.twitter.com/dnj6fWkPN2
Mon Aug 24 19:05:59 PDT 2015 --  That's #nasty: http://atmlb.com/1KIXLW7  pic.twitter.com/S6XXxsWtZv
Mon Aug 24 19:33:14 PDT 2015 --  I so feel you... https://twitter.com/valerieaserrano/status/636002167455805444 …
Mon Aug 24 19:45:18 PDT 2015 --  Rt if you miss someone who's in heaven. R.I.P
Mon Aug 24 14:10:25 PDT 2015 --  MY CHAINS ARE GONE I'VE BEEN SET FREE MY GOD, MY SAVIOR HAS RANSOMED ME LIKE A FLOOD HIS MERCY REIGNS AMAZING GRACE pic.twitter.com/aDov47AARH
Mon Aug 24 18:30:51 PDT 2015 --  Jesus will change your life for the better.
Mon Aug 24 18:31:15 PDT 2015 --  We won’t be here forever. Once this day is over, we can’t get it back. Your time is too valuable to waste it being upset.
Mon Aug 24 14:50:13 PDT 2015 --  Only 179 days left of school
Mon Aug 24 05:33:23 PDT 2015 --  So not ready for school!!!
Sun Aug 23 23:08:34 PDT 2015 --  Don't EVER be afraid to chase your dreams
Sun Aug 23 22:52:57 PDT 2015 --  I hope tomorrow ends up being a Great and Blessed Day for everyone!
Sun Aug 23 22:40:45 PDT 2015 --  Jesus replied, "Love the Lord your God with all your heart & with all your soul & with all your mind." -Matthew 22:37
Sun Aug 23 21:30:15 PDT 2015 --  Never be sorry for getting rude to someone who wasn't respecting you.
Sun Aug 23 22:28:56 PDT 2015 --  Happy Birthday @Bella7413Ruiz Hope you Have a Beautiful day on your special dayMay God bless you with many many more birthdays to come
Sun Aug 23 22:25:28 PDT 2015 --  Dear God...is how I will start my new school year
Sun Aug 23 17:15:07 PDT 2015 --  No matter how good or bad your life is, wake up each morning and be thankful that you still have one.
Sun Aug 23 10:57:01 PDT 2015 --  Today marks one year since my beautiful angel left usðŸ¼ miss u grandma
Sat Aug 22 20:50:59 PDT 2015 --  My body is in pain
Sat Aug 22 16:05:22 PDT 2015 --  God is truly AMAZING
Sat Aug 22 11:15:58 PDT 2015 --  ice is life
Fri Aug 21 15:00:02 PDT 2015 --  You know you miss someone, when as soon as something good happens, they're the first person you want to share it with
Fri Aug 21 14:38:45 PDT 2015 --  #NoFilter pic.twitter.com/bGTKA4aqdx
Tue Aug 18 20:16:36 PDT 2015 --  One day. pic.twitter.com/WheH0PyzQ0
Thu Aug 20 18:15:05 PDT 2015 --  No matter how good or bad your life is, wake up each morning and be thankful that you still have one.
Thu Aug 20 18:34:08 PDT 2015 --  If you forgive people's mistakes, your heavenly Father will forgive yours - Matthew 6:14
Thu Aug 20 16:05:03 PDT 2015 --  Because of sports I've been blessed with great opportunities, life lessons, and good friends.
Thu Aug 20 16:09:02 PDT 2015 --  https://twitter.com/rubenantoniops/status/634412633962119169 …
Thu Aug 20 16:17:16 PDT 2015 --  Give thanks to the LORD, for he is good; his love endures forever. -Psalm 118:29
Thu Aug 20 16:30:15 PDT 2015 --  Sleeping is impossible when you can't stop thinking.
Thu Aug 20 16:30:52 PDT 2015 --  Be the person #God has called you to be, not what others want to see! Sé la persona que #Dios te ha llamado a ser! pic.twitter.com/ZJDLv9YH57
Thu Aug 20 14:44:09 PDT 2015 --  pic.twitter.com/h4Z7C49PIR
Thu Aug 20 15:00:02 PDT 2015 --  And I still remember the first day I met you.
Thu Aug 20 14:01:26 PDT 2015 --  There is poder in the name of #Jesus! Hay poder en el nombre de #Jesus! pic.twitter.com/JOtTkjlF64
Thu Aug 20 13:30:44 PDT 2015 --  I'm not perfect. I'll annoy you, make fun of you, say stupid things, but you'll never find someone who loves you as much as I do..
Wed Aug 19 23:34:20 PDT 2015 --  I honestly don't know what I want, but Someday I will
Wed Aug 19 22:58:26 PDT 2015 --  I hate goodbyes but yet I'm always the one who ends up saying it...
Wed Aug 19 22:30:24 PDT 2015 --  #Pray for it, and #prepare for it! #Ora y prepárate para recibirlo! #LifeInternational #DoLifeWithUs #ReallifeNC pic.twitter.com/L23QshooHn
Wed Aug 19 22:44:56 PDT 2015 --  Never forget where you came from
Wed Aug 19 22:45:14 PDT 2015 --  Stay humble
Wed Aug 19 16:15:03 PDT 2015 --  Never Stop Retweeting.. pic.twitter.com/fqlcNzqKds
Wed Aug 19 22:03:26 PDT 2015 --  What are you doing to me
Wed Aug 19 20:05:51 PDT 2015 --  . @StephenCurry30 visited @JimmyKimmelLive last night - and yup, Riley was there too. MORE » http://on.nba.com/1fqCCag  pic.twitter.com/F1PsQJZFRI
Wed Aug 19 09:58:00 PDT 2015 --  Your heart says "yes", your head says "no", and you say "i dont know."
Wed Aug 19 10:01:03 PDT 2015 --  Don’t give up, #God didn’t give up on you! pic.twitter.com/QYuHOF1Wqv
Wed Aug 19 11:15:00 PDT 2015 --  Hard times soon to fade away, be patient good days are on the way.
Wed Aug 19 10:16:50 PDT 2015 --  Miracles happen when you walk with God
Tue Aug 18 20:30:33 PDT 2015 --  Caring too much is part of the problem.
Tue Aug 18 20:02:24 PDT 2015 --  In my heart they'll always be a place for you in all my life
Tue Aug 18 15:02:06 PDT 2015 --  well shit pic.twitter.com/GjN9CBG8cv
Tue Aug 18 19:45:49 PDT 2015 --  Spin it, Mr. DJ: http://atmlb.com/1E4fdan  pic.twitter.com/EqMNrKswm6
Tue Aug 18 14:36:54 PDT 2015 --  I'm gonna do a Big mistake by telling you this
Tue Aug 18 14:12:12 PDT 2015 --  When am I ever gonna live in Peace
Tue Aug 18 13:53:01 PDT 2015 --  I wish I was in love but I don't wanna cause any pain
Tue Aug 18 13:30:35 PDT 2015 --  I’m just thankful for the people that never left me.
Tue Aug 18 09:33:55 PDT 2015 --  Jesus replied: Love the Lord your God with all your heart & with all your soul & with all your mind. -Matthew 22:37
Mon Jul 27 23:38:05 PDT 2015 --  Never give up. So many things are possible. #Olympics pic.twitter.com/wKoz0gmI2q
Mon Jul 27 20:59:16 PDT 2015 --  When the sound of your first career #walkoff homer is literally #KBoom. https://vine.co/v/eXzuqWr5E75 
Mon Jul 27 20:26:57 PDT 2015 --  Alex Rodriguez hits sixth birthday homer, now has more b-day blasts than any other player: http://atmlb.com/1I62bph  pic.twitter.com/dOEkw73U6W
Mon Jul 27 20:33:06 PDT 2015 --  Give thanks to the Lord, for He is good; His love endures forever.- Psalm 118:29
Mon Jul 27 20:46:49 PDT 2015 --  Kris Bryant (2-5, 3 RBI) hits his 1st career walk-off home run in the bottom of the 9th as Cubs beat Rockies, 9-8. pic.twitter.com/GuCW7m0QsO
Mon Jul 27 17:13:58 PDT 2015 --  Man, I really want to be in the fields. #Softball
Mon Jul 27 19:47:01 PDT 2015 --  How great is our God!
Mon Jul 27 19:54:20 PDT 2015 --  Cannot express how important it is to have faith when you pray
Mon Jul 27 19:55:26 PDT 2015 --  Just because God forgives you doesn't mean you can constantly making the same mistakes purposely. It doesn't work like that.
Mon Jul 27 02:07:05 PDT 2015 --  What will you believe God for today
Mon Jul 27 02:03:38 PDT 2015 --  There's nothing Hard and Impossible with God by your side
Mon Jul 27 02:02:22 PDT 2015 --  What I love about God is that when you have a question He already knows the answer
Mon Jul 27 02:01:09 PDT 2015 --  Yes, God is Great!!!!
Mon Jul 27 02:00:47 PDT 2015 --  What would you ask God if you had just 1 question to ask
Sun Jul 26 23:42:29 PDT 2015 --  I'm gonna do something I should've done a long time ago
Sun Jul 26 21:06:18 PDT 2015 --  Humble yourself before God
Sun Jul 26 16:04:58 PDT 2015 --  I love this weather
Sat Jul 25 22:30:49 PDT 2015 --  Seems unreal
Sat Jul 25 22:09:47 PDT 2015 --  I'm gonna cherish every moment cuz it only happens once in a lifetime...
Sat Jul 25 22:07:21 PDT 2015 --  Your my kind of perfect
Sat Jul 25 22:06:55 PDT 2015 --  I never believed in love until I met your heart
Sat Jul 25 21:30:59 PDT 2015 --  I lift my eyes and focus to you alone, Jesus! pic.twitter.com/jMOmv6MPzN
Sat Jul 25 20:25:16 PDT 2015 --  Be strong now. Things will get better.
Sat Jul 25 18:47:44 PDT 2015 --  Jesus is my top priority!
Sat Jul 25 17:35:20 PDT 2015 --  There's no life without God!
Wed Jul 22 11:24:40 PDT 2015 --  Your talent is God's gift to you. What you do with it is your gift back to God.
Sat Jul 25 14:09:26 PDT 2015 --  The harder you work for something,the greater you'll feel when you achieve it.
Sat Jul 25 12:03:47 PDT 2015 --  #GrowingUpASoftballPlayer when your arms are tan but your legs are as white as a ghost
Fri Jul 24 18:54:59 PDT 2015 --  To God alone be the glory To God alone be the praise Everything I say and do Let it be all for You The glory is Yours alone
Fri Jul 24 21:20:12 PDT 2015 --  Hell of course I'm moving on
Fri Jul 24 18:07:03 PDT 2015 --  God is the best part of my Life
Tue Jul 21 15:30:29 PDT 2015 --  The people who stick by you at your worst, deserve to enjoy being with you at your best.
Tue Jul 21 09:59:09 PDT 2015 --  Be so busy loving your life that you have no time for hate, regret or fear.
Fri Jul 24 17:47:26 PDT 2015 --  There's always a reason to smile...
Fri Jul 24 11:21:07 PDT 2015 --  Don't forget to pray today, because God didn't forget to wake you up this morning.
Thu Jul 23 23:03:16 PDT 2015 --  Life is great with GOD
Thu Jul 23 19:49:59 PDT 2015 --  Lord I ask that you hear me out, as I'm trying to reach to you.
Thu Jul 23 22:29:04 PDT 2015 --  Life is full of bad/good decisions
Thu Jul 23 19:42:10 PDT 2015 --  God leads, I follow.
Thu Jul 23 21:21:09 PDT 2015 --  I can do all this through him who gives me strength. -Philippians 4:13
Thu Jul 23 16:01:30 PDT 2015 --  Thank you Lord for your peace. pic.twitter.com/dcsmjg48jk
Thu Jul 23 14:17:18 PDT 2015 --  Can't wait to get past this
Thu Jul 23 12:13:57 PDT 2015 --  I thank God for my life and all that I have.
Wed Jul 22 10:30:32 PDT 2015 --  Haha really texting my friends, as if it's gonna help
Wed Jul 22 08:18:49 PDT 2015 --  I have faith that God is living out a divine plan through me. Have faith in God. -Mark 11:22
Wed Jul 22 03:02:40 PDT 2015 --  Christ lives in me. pic.twitter.com/07nXT1Ockx
Wed Jul 22 01:52:39 PDT 2015 --  But I know someday you'll find your way, I'm positive about that!!
Tue Jul 21 23:30:04 PDT 2015 --  watch you turn into the same person you used to be
Tue Jul 21 23:42:38 PDT 2015 --  Maybe because my grandmas one year death anniversary is right around the corner
Tue Jul 21 23:52:26 PDT 2015 --  I haven't been myself...
Tue Jul 21 23:38:27 PDT 2015 --  Praying for better days
Tue Jul 21 23:03:38 PDT 2015 --  You are worth dying for! pic.twitter.com/IPxMbsIAwS
Mon Jun 29 19:26:40 PDT 2015 --  Never stop Retweeting pic.twitter.com/Y13JyGf9HJ
Tue Jul 21 23:04:24 PDT 2015 --  Everyone ends up going through a stage where you feel a piece missing inside your heart
Tue Jul 21 22:56:31 PDT 2015 --  But somehow that's not enough for me.
Tue Jul 21 22:56:13 PDT 2015 --  All I have left are the beautiful memories
Tue Jul 21 22:55:35 PDT 2015 --  I wish I can just go back to last summer...!
Tue Jul 21 22:20:44 PDT 2015 --  I believe in the sun even if it isn't shining. I believe in love even when I am alone. I believe in God even when He is silent.
Tue Jul 21 00:17:10 PDT 2015 --  When I think I can't do it anymore...I reach out to God and ask him to give me strength !!
Tue Jul 21 00:13:35 PDT 2015 --  I'm proud of my Heart. It's been Stabbed,Cheated,Burned,and Broken,but somehow it still works+=(ï¸makes you stronger)
Tue Jul 21 00:09:49 PDT 2015 --  Be ok with not knowing for sure what might come next,but know that whatever it is...YOU will be OK
Tue Jul 21 00:07:40 PDT 2015 --  Challenges will come to you,but as soon as you trust In God,they will strengthen your Faith
Mon Jul 20 18:27:14 PDT 2015 --  Make time for God in your life!
Mon Jul 20 17:06:04 PDT 2015 --  "Humble yourselves in the sight of the Lord, and he shall lift you up." -James 4:10
Mon Jul 20 13:33:40 PDT 2015 --  With the voice of the truth...says "do not be afraid."
Mon Jul 20 11:06:44 PDT 2015 --  Thank God for everything
Mon Jul 20 08:14:17 PDT 2015 --  http://bible.com/1/jos.1.9.kjv  pic.twitter.com/ljkO3MFwST
Mon Jul 20 08:39:43 PDT 2015 --  Welcome to today, another day, another chance, feel free to change and be anything you want.
Mon Jul 20 09:00:37 PDT 2015 --  Psychology says, you realize you love someone when you want them to be happy, even if its not with you.
Mon Jul 20 02:21:10 PDT 2015 --  God will never lead you wrong.
Sun Jul 19 22:43:47 PDT 2015 --  Honestly wouldn't mind reliving 8th grade
Sun Jul 19 22:19:38 PDT 2015 --  How great is our God
Sun Oct 05 07:47:55 PDT 2014 --  RT if u love
Sun Jul 19 22:27:58 PDT 2015 --  What am I gonna do?
Sun Jul 19 20:58:55 PDT 2015 --  Love is fragile!
Sun Jul 19 17:22:55 PDT 2015 --  Be thankful for the bad things in life. They open your eyes to see the good things you weren't paying attention to before.
Sun Jul 19 17:23:23 PDT 2015 --  Never give up. Never lose hope.
Sun Jul 19 13:50:17 PDT 2015 --  Riley Curry is something else pic.twitter.com/WuQfENDIfV
Sun Jul 19 15:30:13 PDT 2015 --  The way Nathan changed for Haley. #OneTreeHill pic.twitter.com/BOJkqhtNaJ
Sun Jul 19 00:01:32 PDT 2015 --  
Sat Jul 18 20:20:44 PDT 2015 --  Don't give up when things get hard. Keep praying and keep trusting in God and He will see you through.
Sat Jul 18 11:58:46 PDT 2015 --  Don't wanna repeat my mistakes again
Sat Jul 18 12:28:20 PDT 2015 --  Be honest with people it's just what's best. Lies destroy trust.
Sat Jul 18 13:05:10 PDT 2015 --  I'd love to be a coach someday.
Wed Jul 15 20:20:07 PDT 2015 --  One day, I want to honestly say, "I made it."
Fri Jul 17 20:54:38 PDT 2015 --  woah pic.twitter.com/AcuATAEzAG
Sat Jul 18 17:23:48 PDT 2015 --  Why stay in a bad relationship? You have to be strong enough to stop talking to the person that mistreats you.
Sat Jul 18 19:29:35 PDT 2015 --  Never give up on God, because He will never give up on you!
Sat Jul 18 11:21:11 PDT 2015 --  Falling in love with God is one of the best things I have ever done.
Sat Jul 18 00:02:07 PDT 2015 --  What if the love you never forgot found you again??
Fri Jul 17 22:13:14 PDT 2015 --  . @MikeTrout. You are so pic.twitter.com/BlAQBNxNJz
Fri Jul 17 22:47:32 PDT 2015 --  Tonight's devotional! pic.twitter.com/ab9KxiXWjM
Fri Jul 17 22:31:09 PDT 2015 --  Congrats to @kayla_ochoa13 for hitting her first dinger I'm so happy for you
Fri Jul 17 18:25:14 PDT 2015 --  "It's all gonna be okay, I know that. Somedays are just kinda messy, ya know?" #OneTreeHill
Fri Jul 17 18:56:44 PDT 2015 --  Alex Rodriguez hits HR No. 673 as the @Yankees defeat the Mariners, 4-3. New York has won 5 of their last 6. pic.twitter.com/FtuQESe9sk
Fri Jul 17 17:46:56 PDT 2015 --  You were my angel who helped me pass darkness
Fri Jul 17 15:22:41 PDT 2015 --  I had forgotten we have a lot in common
Fri Jul 17 13:23:11 PDT 2015 --  A date to a baseball game.
Fri Jul 17 13:36:57 PDT 2015 --  No softball;having the worst summer Ever!!!
Fri Jul 17 09:10:16 PDT 2015 --  #GrowingUpAnAthlete listening to your dad tell you every thing you did wrong after a game
Fri Jul 17 09:52:20 PDT 2015 --  I'm alive #GodIsGood
Fri Jul 17 01:21:58 PDT 2015 --  God is around even when you feel alone.
Thu Jul 16 21:50:15 PDT 2015 --  God is always on your side.
Thu Jul 16 21:43:40 PDT 2015 --  It'll get easier... Well, soon!!
Thu Jul 16 21:39:44 PDT 2015 --  Someday I'll love without fear getting in between.
Thu Jul 16 20:59:14 PDT 2015 --  #GrowingUpAnAthlete Bringing two bags to school everyday; one being your school backpack, the other for practice.
Thu Jul 16 20:18:55 PDT 2015 --  God over everything!!
Thu Jul 16 15:05:44 PDT 2015 --  Who is your favorite? RT for Mike Trout FAV for Bryce Harper pic.twitter.com/zPjXZ3tVlW
Thu Jul 16 16:16:04 PDT 2015 --  "The two most important days in your life are the day you are born and the day you find out why."
Thu Jul 16 16:21:24 PDT 2015 --  God's Strength > My Weakness
Thu Jul 16 13:25:38 PDT 2015 --  Don't put anything before God.
Thu Jul 16 06:26:38 PDT 2015 --  pic.twitter.com/o1pTAgj8jZ
Wed Jul 15 23:34:39 PDT 2015 --  "You can never achieve what you want if you do not focus entirely on your strength."
Wed Jul 15 23:05:21 PDT 2015 --  We'll remember back at this moment that we were in
Wed Jul 15 22:36:47 PDT 2015 --  We know & rely on the love God has for us. God is love. Whoever lives in love lives in God, & God in him. -1John 4:16
Wed Jul 15 22:59:11 PDT 2015 --  Sometimes I just wonder why I end up leaving before I said I love you...
Wed Jul 15 21:06:55 PDT 2015 --  The tribute to #LaurenHill on the #ESPYS gave me chills. Get off the bench, don't stop fighting & never give up! pic.twitter.com/JSkObaXbky
Wed Jul 15 20:00:26 PDT 2015 --  Tomorrow is a new day and a new start to make things the best they can be. Let someone know what they mean to you.
Wed Jul 15 20:02:28 PDT 2015 --  #LeahStrong: Devon Still's tribute to his daughter Leah at the #ESPYs will give you chills. http://eonli.ne/1CIksfl  pic.twitter.com/eDRmI4Aali
Wed Jul 15 19:42:29 PDT 2015 --  God doesn't need us at all, but He wants us. That will never cease to amaze me.
Wed Jul 15 19:50:14 PDT 2015 --  Steph Curry takes home his 2nd award of the night. Curry wins @ESPYS Best Male Athlete. pic.twitter.com/xUJQfqvtt7
Wed Jul 15 19:48:19 PDT 2015 --  It's barley been about one day and I can't seem to get you off my mind...Why? I don't know...
Wed Jul 15 15:02:50 PDT 2015 --  Amen. pic.twitter.com/s5q6zAQ85c
Wed Jul 15 15:03:40 PDT 2015 --  It's such a lazy day
Wed Jul 15 13:49:14 PDT 2015 --  Make every moment count
Wed Jul 15 11:12:49 PDT 2015 --  It all happens for a reason.
Wed Jul 15 09:02:51 PDT 2015 --  God is always with you: pic.twitter.com/6Brp1dYPwW
Wed Jul 15 02:14:52 PDT 2015 --  Why did I wake up...
Wed Jul 15 02:13:58 PDT 2015 --  pic.twitter.com/aNPqEPz7tm
Sun Jul 05 08:11:23 PDT 2015 --  God + u = all u need
Tue Jul 14 15:44:14 PDT 2015 --  We were made to make a difference
Tue Jul 14 08:43:42 PDT 2015 --  Retweet for Jesus!
Tue Jul 14 08:12:16 PDT 2015 --  The voice of the Lord is powerful,the voice of the Lord is full of majesty
Mon Jul 13 23:15:43 PDT 2015 --  Talk to God about your life.
Mon Jul 13 23:18:07 PDT 2015 --  Happy birthday @tonyardz12 hope you have a beautiful birthdayand may God bless you with many more wishes to comeLove ya
Mon Jul 13 13:29:38 PDT 2015 --  Keep God 1st
Sun Jul 05 12:53:43 PDT 2015 --  Trust in God, he has great things in store for you pic.twitter.com/k2bf2hNT1J
Sun Jul 12 20:22:15 PDT 2015 --  pic.twitter.com/LImFUeF4Dl
Mon Jul 13 13:01:58 PDT 2015 --  Jesus is all I need.
Mon Jul 13 12:42:02 PDT 2015 --  Thank You God for the beautiful life you have given me
Mon Jul 13 09:44:42 PDT 2015 --  I thank God for my life and all that I have!
Mon Jul 13 11:53:21 PDT 2015 --  Jesus will help you with any situation you are going through. Call on Jesus!
Mon Jul 13 12:06:20 PDT 2015 --  God's Way is the best way!
Sun Jul 12 21:36:37 PDT 2015 --  You are created in God's image. It doesn't matter what others have to say about you. God calls you His. You are loved and beautiful.
Sun Jul 12 23:01:25 PDT 2015 --  There's nothing that you can't overcome with God on your side.
Sun Jul 12 20:22:29 PDT 2015 --  Let all that you do be done with Love. 1 Corinthians 16:14
Sun Jul 12 17:44:25 PDT 2015 --  I'm a Failure HE'S MY FORGIVER. I'm a Sinner HE'S MY SAVIOR. I'm Broken HE'S MY HEALER. I'm His Child HE'S MY GOD. pic.twitter.com/K8EzAANVC1
Sun Jul 12 19:09:12 PDT 2015 --  "Give your all to Jesus Christ. After all, He gave His all for you"
Fri Jul 10 21:29:52 PDT 2015 --  Metal cleats on concrete is a beautiful sound
Sun Jul 12 13:18:12 PDT 2015 --  God is never late
Sun Jul 12 12:44:05 PDT 2015 --  If she doesn't mean anything to you then why bother??
Sat Jul 11 17:45:52 PDT 2015 --  Jesus completes me
Fri Jul 10 23:51:44 PDT 2015 --  "Be Who God called you to be "
Fri Jul 10 19:58:14 PDT 2015 --  The worst feeling is when someone makes you feel special, then suddenly leaves you hanging, and you have to act like you don't care at all.
Fri Jul 10 00:51:11 PDT 2015 --  If you want to be successful you have to be able to fail throughout your life
Thu Jul 09 13:05:19 PDT 2015 --  God always answers your prayers
Thu Jul 09 12:11:34 PDT 2015 --  Stop giving someone else the job of making you happy.
Thu Jul 09 12:32:38 PDT 2015 --  I love my Mom
Thu Jul 09 10:59:50 PDT 2015 --  Have confidence in God's plan
Wed Jul 08 20:52:12 PDT 2015 --  It wasn't the nails that kept Jesus on the cross, it was His love for us.
Wed Jul 08 01:05:56 PDT 2015 --  Life is a gift,enjoy it
Wed Jul 08 00:18:52 PDT 2015 --  JESUS CHRIST!!! The name above all names
Tue Jul 07 21:00:09 PDT 2015 --  God is always listening, remember that.
Tue Jul 07 21:16:06 PDT 2015 --  I don't know what to do anymore...
Tue Jul 07 19:47:28 PDT 2015 --  Every moment: Thank God
Tue Jul 07 19:00:57 PDT 2015 --  Always thankful for the moment
Tue Jul 07 12:39:36 PDT 2015 --  I'm dead!!
Tue Jul 07 12:11:08 PDT 2015 --  I called "Lord' and I was saved from those who hate me - Psalm 18:3
Tue Jul 07 04:11:49 PDT 2015 --  Whatever it takes
Sun Jul 05 23:30:09 PDT 2015 --  Not everything will go as you expect in your life. This is why you need to drop expectations, and go with the flow of life.
Mon Jul 06 00:33:40 PDT 2015 --  It'll make you smile once you remember
Mon Jul 06 00:32:49 PDT 2015 --  Make a promise to God and always keep that in heart.
Sun Jul 05 22:43:15 PDT 2015 --  God is good all the time ðŸ¼
Sun Jul 05 17:59:31 PDT 2015 --  It's every athletes dream to play in college.
Sun Jul 05 22:30:04 PDT 2015 --  Tonight's devotional! pic.twitter.com/F00GKeogWJ
Sun Jul 05 11:55:25 PDT 2015 --  Sometimes what we're praying is not God's will for us. The things we should be praying for are the things that get us to heaven.
Sun Jul 05 00:44:53 PDT 2015 --  I find out everything without even wanting too
Sun Jul 05 00:18:09 PDT 2015 --  Why do you always have to go to sleep on me...
Sat Jul 04 17:10:35 PDT 2015 --  Land of the free pic.twitter.com/2ZkmnbwQEH
Sat Jul 04 13:28:43 PDT 2015 --  Happy Fourth of July everyone Have a Blessed Day
Thu Jun 18 20:15:07 PDT 2015 --  This hit me so hard . pic.twitter.com/ep2cgnbaUX
Fri Jul 03 15:38:07 PDT 2015 --  https://twitter.com/Jake_STweets/status/613157489450692609 …
Thu Jul 02 10:24:02 PDT 2015 --  Everything. pic.twitter.com/FpRe9WuWzQ
Thu Jul 02 22:32:05 PDT 2015 --  pic.twitter.com/q1YVcn9dxz
Thu Jul 02 20:50:37 PDT 2015 --  Faith in God changes everything.
Thu Jul 02 07:40:04 PDT 2015 --  Never give up on things that make you happy.
Thu Jul 02 06:31:07 PDT 2015 --  Faith in God changes everything.
Thu Jul 02 06:11:25 PDT 2015 --  My sleeping schedule is kinda off lol
Thu Jul 02 05:38:08 PDT 2015 --  I just want to sleep!!!
Thu Jul 02 03:33:58 PDT 2015 --  I think I'm addicted to watching one tree hill ://
Thu Jul 02 02:42:20 PDT 2015 --  Jesus replied: "Love the Lord your God with all your heart and with all your soul and with all your mind." -Matthew 22:37
Thu Jul 02 02:29:53 PDT 2015 --  No matter how fast you run Pain will always run faster if you never let it go
Thu Jul 02 01:58:13 PDT 2015 --  How could something that made you so happy suddenly make you so sad just to remember
Wed Jul 01 18:11:32 PDT 2015 --  "God is like oxygen, you can't see Him but you can't live without Him!"
Wed Jul 01 18:01:40 PDT 2015 --  Thank your Lord for giving me strength. pic.twitter.com/nTysUn7E3u
Wed Jul 01 18:02:01 PDT 2015 --  God is the ONLY one that can change someone. Leave it in his hands.
Wed Jul 01 16:24:23 PDT 2015 --  pic.twitter.com/5lfVcvKUv2
Wed Jul 01 14:29:39 PDT 2015 --  God is always with you even at your darkest moments
Wed Jul 01 14:47:30 PDT 2015 --  anything can happen at any time, just remember that.
Wed Jul 01 05:36:09 PDT 2015 --  Still can't sleep...
Wed Jul 01 00:06:51 PDT 2015 --  Late night thoughts
Tue Jun 30 18:51:07 PDT 2015 --  RT: If you Praise and Honor Him.
Tue Jun 30 00:41:16 PDT 2015 --  My longest relationship is with God, he's been by my side through thick and thin.
Mon Jun 29 21:34:38 PDT 2015 --  Isn't it amazing to look back and see all that God has done in your life recently! He is beyond faithful and truly amazing!
Mon Jun 29 07:38:40 PDT 2015 --  Trust him pic.twitter.com/Hs2HNhyE37
Mon Jun 29 15:02:53 PDT 2015 --  God is always with you: pic.twitter.com/ys6dL48q4I
Mon Jun 29 02:38:41 PDT 2015 --  Every good and perfect gift is from above. James 1:17
Sun Jun 28 16:41:54 PDT 2015 --  Friends will fail you. Family will fail you. Pastors will fail you. Put your faith and trust in God alone! He will never fail you!
Wed Jun 24 03:24:52 PDT 2015 --  Goal: Stay as humble as can be.
Tue Jun 23 08:51:54 PDT 2015 --  Don’t trust words, trust actions.
Mon Jun 08 09:21:29 PDT 2015 --  Without dreams, we reach nothing. Without love, we feel nothing. And without God, we are nothing.
Sat Jun 27 06:52:58 PDT 2015 --  If its meant to be, it will be.
Sat Jun 27 05:39:47 PDT 2015 --  Learn to wait. There’s always time for everything.
Sat Jun 27 18:04:41 PDT 2015 --  I'm not sure if I should though...!
Thu Jun 25 19:37:05 PDT 2015 --  pic.twitter.com/w3NZ7wH5qo
Thu Jun 25 15:30:18 PDT 2015 --  "You’ve got to grab every second you have with the people you love." pic.twitter.com/jyXNwFfiEb
Thu Jun 25 10:28:09 PDT 2015 --  Yup https://twitter.com/eternalquote_/status/613144450009673729 …
Tue Jun 23 10:40:06 PDT 2015 --  My life. My choices. My mistakes. My lessons.
Thu Jun 25 04:48:49 PDT 2015 --  Start making your own happiness a priority.
Thu Jun 25 08:37:40 PDT 2015 --  Been in my own world lately.
Thu Jun 25 07:34:32 PDT 2015 --  You fall in love, you get hurt. That's life.
Thu Jun 25 01:51:07 PDT 2015 --  Some things are better left forgotten.
Thu Jun 25 00:42:31 PDT 2015 --  Every day is a new beginning. Treat it that way.
Wed Jun 24 22:11:22 PDT 2015 --  Be a blessing to someone today - Prov 11:25
Wed Jun 24 21:58:49 PDT 2015 --  Boys have expectations...
Wed Jun 24 21:51:45 PDT 2015 --  Hmm...what a surprise
Wed Jun 24 21:27:29 PDT 2015 --  God's plan for your future >> your plan
Tue Jun 23 20:23:59 PDT 2015 --  Not everyone is meant to be in your future. Some people are just passing through to teach you lessons in life.
Wed Jun 24 20:25:10 PDT 2015 --  I wish I can just dream tonight of my beautiful Guardian Angel #painfree5
Tue Jun 23 06:45:47 PDT 2015 --  I wanna walk the beach at night pic.twitter.com/l0za0qJA1Z
Wed Jun 24 16:48:42 PDT 2015 --  Whatever happened happened it was all a choice and ended up as a mistake...
Wed Jun 24 06:15:03 PDT 2015 --  I think this is the earliest I've gotten up since school was out
Tue Jun 23 23:55:25 PDT 2015 --  Tonight's devotional! pic.twitter.com/kpRwxz3npS
Tue Jun 23 23:03:19 PDT 2015 --  pic.twitter.com/QWCIKVrnaU
Sun Jun 21 18:28:44 PDT 2015 --  pic.twitter.com/fwdFC7m2XV
Sun Jun 21 13:41:28 PDT 2015 --  Do something nice for someone wether it's holding a door open or even a smile and a warm hello.
Sun Jun 21 04:51:08 PDT 2015 --  God has you in the palm of His hand. He knows every need, every struggle & every desire. He has it all figured out…He's a supernatural God
Sun Jun 21 10:45:23 PDT 2015 --  Happy Fathers Day to my one and only dad and to all the other amazing fathers who've sacrificed the world for us. God bless yall.
Sat Jun 20 22:29:39 PDT 2015 --  God always has our backs!!
Sat Jun 20 22:14:08 PDT 2015 --  Dear God,thank you for always being with us even when life just hurts...
Sat Jun 20 21:21:10 PDT 2015 --  God works in ways we don't always understand.
Fri Jun 19 23:50:11 PDT 2015 --  Let's see if I can sleep now
Tue Jun 16 17:39:17 PDT 2015 --  rt to save a life!!! pic.twitter.com/aWPbthvvJV
Fri Jun 19 22:28:55 PDT 2015 --  Don't keep someone on your mind that's not even worth the stress
Fri Jun 19 22:27:18 PDT 2015 --  Don't let someone take your freedom away
Fri Jun 19 20:15:25 PDT 2015 --  I want to be the player that all the teams I've played remember me as the one player that was amazing. The one our coaches warn us about.
Fri Jun 19 19:26:36 PDT 2015 --  Let go Let God
Fri Jun 19 19:10:19 PDT 2015 --  Fear will steal your joy and your enthusiasm. Focus on faith; let God deal with your fear.
Fri Jun 19 19:21:58 PDT 2015 --  Do you believe?
Fri Jun 19 03:02:48 PDT 2015 --  I can do all things through Christ… pic.twitter.com/uTlkaHoYk6
Fri Jun 19 02:04:07 PDT 2015 --  I hate waking up
Thu Jun 18 20:20:09 PDT 2015 --  Stop giving someone else the job to making you happy
Thu Jun 18 19:24:15 PDT 2015 --  Life is a gift. Every breath is a blessing.
Thu Jun 18 19:34:58 PDT 2015 --  pic.twitter.com/vyxCNlc98v
Thu Jun 18 18:20:17 PDT 2015 --  Every day, set your mind in the right direction. Find something to be grateful for.
Thu Jun 18 16:49:46 PDT 2015 --  The chapters ending but yet the story is barely beginning
Wed Jun 17 12:22:09 PDT 2015 --  How did they get a fork in a water bottle? pic.twitter.com/XL7JQ3ioKV
Wed Jun 17 21:17:37 PDT 2015 --  God will always be your guidance
Tue Jun 16 21:59:28 PDT 2015 --  To GOD be all of the glory!!!!!!!!! So proud of @StephenCurry30 @warriors and all of #DubNation
Tue Jun 16 21:10:14 PDT 2015 --  BREAKING: Andre Iguodala wins Finals MVP. He is 1st to win Finals MVP without starting single game in regular season. pic.twitter.com/iCShkzJAaw
Tue Jun 16 21:23:13 PDT 2015 --  Who did this!? https://amp.twimg.com/v/d83ef715-b430-4f29-bbfb-a64826a302c4 …
Tue Jun 16 21:23:44 PDT 2015 --  Steph Curry becomes 3rd PG in NBA history to win NBA title and NBA MVP in same season. (via @ESPNNBA ) pic.twitter.com/RP3VOgza1L
Tue Jun 16 21:24:35 PDT 2015 --  Steph Curry hoists the Larry O'Brien Trophy as he heads to the locker room. https://vine.co/v/eeYm2ntKeax 
Tue Jun 16 21:29:36 PDT 2015 --  This family is perfection congrats to the @warriors! http://bit.ly/robynguy  pic.twitter.com/x0yZVaRnLu
Tue Jun 16 21:36:58 PDT 2015 --  Warriors finish season with remarkable 83 wins. That's the 3rd-most ever by NBA team. pic.twitter.com/uvhM1FJ7I2
Tue Jun 16 15:31:07 PDT 2015 --  GOD is good. ALL the time.
Tue Jun 16 13:40:36 PDT 2015 --  pic.twitter.com/Tb38UZ9RB2
Tue Jun 16 06:27:04 PDT 2015 --  Nothing good ever happens until go for it
Mon Jun 15 12:26:11 PDT 2015 --  Don't ruin a good today by thinking about a bad yesterday. Let it go
Mon Jun 15 12:21:54 PDT 2015 --  The WORLD is too big to stay in ONE PLACE & LIFE is too short to do just ONE THING.
Mon Jun 15 12:20:14 PDT 2015 --  Growth is painful.Change is painful.But nothing is as painful as staying stuck somewhere you don't belong
Sun Jun 14 23:38:06 PDT 2015 --  Happy birthday @emilylm33 hope you have a beautiful day on your special day.I wish you the best on what's to come.God bless you always
Sun Jun 14 22:36:18 PDT 2015 --  pic.twitter.com/Uv9zcQiPZj
Sun Jun 14 20:01:12 PDT 2015 --  Stephen Curry #NBAFinals #GlorytoGod
Mon May 25 10:59:12 PDT 2015 --  You see, I love you and I don't want to lose you because my life has been better since the day I found you.
Mon May 25 01:46:58 PDT 2015 --  Meeting you was fate, becoming your friend was a choice, but falling in love with you was beyond my control.
Sun Jun 14 12:59:56 PDT 2015 --  Wait for the LORD; be strong and take heart and wait for the LORD. - Psalm 27:14
Mon May 25 20:31:04 PDT 2015 --  Love is just a word, until someone comes along and gives it meaning.
Sun Jun 14 12:56:35 PDT 2015 --  I haven't been myself
Sun Jun 14 12:31:22 PDT 2015 --  What happened between us...
Sat Jun 13 23:48:55 PDT 2015 --  Am I supposed to hang around & wait forever
Sun Jun 14 09:55:11 PDT 2015 --  It's time to move on
Sun Jun 14 01:35:30 PDT 2015 --  Everything always starts off by just a simple "hi"
Sun Jun 14 01:27:21 PDT 2015 --  Everything happens for a reason
Sun Jun 14 01:26:36 PDT 2015 --  Faith in God always changes everything
Sun Jun 14 01:21:43 PDT 2015 --  I wouldn't change this love
Sun Jun 14 01:07:37 PDT 2015 --  I have to stop thinking of the "What if's" and start thinking positive
Sun Jun 14 01:05:50 PDT 2015 --  I can't sleep with this weather
Sun Jun 14 00:43:06 PDT 2015 --  Always pray and never give up
Sun Jun 14 00:32:25 PDT 2015 --  Those nights when your just thinking about everything that crosses your mind
Sun Jun 14 00:09:46 PDT 2015 --  I need some inspiration rn but having you on my mind all damn day isn't helping
Sat Jun 13 23:54:55 PDT 2015 --  Thinking of you keeps me up all night
Sat Jun 13 23:55:28 PDT 2015 --  Get out of my head...
Sat Jun 13 23:42:07 PDT 2015 --  "Just keep focusing on me as we walk together through this day" John 3:8
Sat Jun 13 21:05:06 PDT 2015 --  Sports have taught me more about life than any book or teacher ever has
Sat Jun 13 03:30:21 PDT 2015 --  do you ever get in those really weird moods that you can't even explain what you're feeling it's like everythings mixed together all at once
Fri Jun 12 23:30:15 PDT 2015 --  It's amazing how one little conversation can change things, forever.
Sat Jun 13 21:03:30 PDT 2015 --  A great relationship is about two things: First, appreciating the similarities and second, respecting the differences.
Sat Jun 13 19:22:00 PDT 2015 --  Not getting to talk to you really kills...
Sat Jun 13 19:19:45 PDT 2015 --  Worst day ever!!!!
Sat Jun 13 18:05:01 PDT 2015 --  #JesusGivesMe strength when Ive fallen
Sat Jun 13 18:00:28 PDT 2015 --  Words can't describe how much I miss you
Sat Jun 13 17:16:18 PDT 2015 --  The Lord needs our voices to speak of him on earth
Sat Jun 13 17:09:49 PDT 2015 --  I don't know what's gotten into me...
Thu May 28 14:40:50 PDT 2015 --  A man with good morals and a relationship with God >>>
Fri Jun 12 21:29:06 PDT 2015 --  ...to our Future
Fri Jun 12 21:28:56 PDT 2015 --  ...to our goals
Fri Jun 12 21:28:36 PDT 2015 --  ...to our dreams
Fri Jun 12 21:27:32 PDT 2015 --  One day at a time it'll all get easier,one step at a time it'll get closer...
Fri Jun 12 20:16:45 PDT 2015 --  Trust is very important in a relationship
Fri Jun 12 19:51:56 PDT 2015 --  Not even going to take the chance... http://twitter.com/MusicByGambler/status/609548760138563584/photo/1pic.twitter.com/wavOMCbRPr 
Fri Jun 12 20:15:14 PDT 2015 --  God never lets go
Fri Jun 12 17:30:39 PDT 2015 --  Relationships nowadays, first week: I love you baby, second week: together forever, third week: single.
Fri Jun 12 10:31:10 PDT 2015 --  Thank you God, not only for all the blessings, but for the frustrations which have helped me become a better person.
Thu Jun 11 20:48:00 PDT 2015 --  Dub Nation roars back. Warriors take back home court with 103-82 win over Cavs in Game 4. #NBAFinals is tied, 2-2. pic.twitter.com/NFeMvbSDAC
Thu Jun 11 20:44:08 PDT 2015 --  Yes,yes,yes!!!Warriors win
Thu Jun 11 18:01:50 PDT 2015 --  Warriors better win today
Thu Jun 11 15:02:59 PDT 2015 --  Amen. pic.twitter.com/OXXCIRgjCO
Thu Jun 11 10:30:48 PDT 2015 --  Just finished a great workout!
Thu Jun 11 06:05:19 PDT 2015 --  If you can accomplish your dreams in your own strength, then your dreams are too small.
Wed Jun 10 22:45:00 PDT 2015 --  I love God
Wed Jun 10 22:56:51 PDT 2015 --  God's timing is perfect, so be patient that things will happen when they should. Not too soon not too late, but right on time.
Tue Jun 09 23:31:47 PDT 2015 --  pic.twitter.com/9qAh5WnxSZ
Tue Jun 09 20:44:43 PDT 2015 --  "This is why he is MVP!" Curry knocks down his 7th 3-pointer with under 20 seconds left to pull Warriors within 3. Watch the rest on ABC.
Tue Jun 09 18:49:32 PDT 2015 --  Curry's gonna dominate
Tue Jun 09 17:58:27 PDT 2015 --  Warriors need get this Win tonight #DubNation
Tue Jun 09 16:33:00 PDT 2015 --  #LetsGoWarriors
Tue Jun 09 16:33:53 PDT 2015 --  Steph Curry handles on point. https://vine.co/v/eOeDUunM5gm 
Tue Jun 09 15:26:14 PDT 2015 --  People come and go
Tue Jun 09 09:01:32 PDT 2015 --  Steph curry has his wife's initial on his ring finger because he can't wear his wedding band during games. Respect. pic.twitter.com/2DErBVAmcC
Tue Jun 09 00:05:33 PDT 2015 --  Life was given to you because God knew you were strong enough to live in it
Mon Jun 08 23:08:17 PDT 2015 --  The Omaha 8! #CWS pic.twitter.com/VPYJGFGhq1
Mon Jun 08 23:36:14 PDT 2015 --  I should've been asleep a long time ago
Mon Jun 08 22:27:30 PDT 2015 --  15 innings and still nothing
Mon Jun 08 22:27:14 PDT 2015 --  This game is way to intense
Mon Jun 08 13:05:11 PDT 2015 --  No matter how good or bad you think life is, wake up each day and be thankful. Someone somewhere else is fighting to survive.
Sun Jun 07 23:30:46 PDT 2015 --  Sleep relaxes you and reloads your energy to be a better you the next day
Sun Jun 07 23:30:06 PDT 2015 --  Music takes stress and pain away
Sun Jun 07 18:54:29 PDT 2015 --  Sometimes the bad things that happen in our lives put us directly on the path to the best things that will ever happen to us.
Sun Jun 07 19:54:12 PDT 2015 --  FUCK YOU LEBRON
Sun Jun 07 19:54:24 PDT 2015 --  Steph curry coming back in OT
Sun Jun 07 19:52:14 PDT 2015 --  Chef Curry! pic.twitter.com/Y0lPvd6Ktd
Sun Jun 07 19:55:25 PDT 2015 --  Warriors all the way!!!
Sun Jun 07 19:16:03 PDT 2015 --  Thompson's on fire
Sun Jun 07 14:40:49 PDT 2015 --  Everything happens for a reason
Sun Jun 07 11:19:48 PDT 2015 --  I pray that the Lord, who gives peace, will always bless you with peace. May the Lord be with all of you too. -Thess 3:16
Sat Jun 06 23:30:24 PDT 2015 --  ㅤ ㅤ ㅤㅤ ㅤ ㅤ ㅤ ㅤ ㅤ ㅤ ㅤ I LOVE GOD ㅤ ㅤ ㅤㅤ ㅤ ㅤ ㅤ ㅤ ㅤ ㅤ ㅤㅤRETWEET IF YOU DO!
Sat Jun 06 19:17:25 PDT 2015 --  Our time to live and our time till death is all put out in heaven in the clock of our Lord. No regrets,no fears just laughs and smiles.
Sat Jun 06 17:51:17 PDT 2015 --  I'll forget about you eventually...
Sat Jun 06 16:41:58 PDT 2015 --  I've heard that Love is dangerous...
Fri Jun 05 22:25:14 PDT 2015 --  Life is full of choices,decide and go the right path
Fri Jun 05 22:07:28 PDT 2015 --  And God always listens!!!
Fri Jun 05 20:47:15 PDT 2015 --  I talk to God about you
Fri Jun 05 21:56:15 PDT 2015 --  Fait is all we can count on to know if it was ever real
Fri Jun 05 07:05:25 PDT 2015 --  Never give up on something you love.
Thu Jun 04 22:29:46 PDT 2015 --  No matter how things look, know that God is still in control. Stay in peace, knowing that He will always be with you.
Fri Jul 25 00:46:42 PDT 2014 --  he'll no that shit ain't worth it pic.twitter.com/GsE6j9KOLc
Thu Jun 04 20:52:36 PDT 2015 --  WARRIORS TAKE GAME 1! Golden State pulls away in overtime to beat Cleveland, 108-100. pic.twitter.com/2PH3EZKtIM
Thu Jun 04 21:10:22 PDT 2015 --  Love never fails...
Thu Jun 04 20:54:28 PDT 2015 --  Warriors beat Cavaliers in OT in Game 1 of NBA Finals. http://ble.ac/1KIgMJH 
Thu Jun 04 19:09:18 PDT 2015 --  This about to be one of the best series in history
Thu Jun 04 18:06:55 PDT 2015 --  Good luck kiss for Steph Curry... via daughter Riley. https://vine.co/v/eMqQatvPaPh 
Thu Jun 04 09:52:22 PDT 2015 --  Finally Summer
Wed Jun 03 18:09:47 PDT 2015 --  We exist to make a big deal out of God. It's not about you. It's not about me. It's all about him.
Tue Jun 02 18:32:56 PDT 2015 --  Heroes get remembered but legends never die...
Tue Jun 02 07:47:33 PDT 2015 --  Happy birthday @kayla_ochoa13 may you have a wonderful day and a fantastic birthday love you
