Sat Aug 29 06:59:33 PDT 2015 --  P.u.s.h = Pray until something happens
Fri Aug 21 13:43:15 PDT 2015 --  Mind=Blown pic.twitter.com/JfhK9x11vN
Fri Aug 28 09:15:57 PDT 2015 --  Andrew McCutchen stood no chance... pic.twitter.com/mOy8jtAWSy
Fri Aug 28 07:01:51 PDT 2015 --  White Sox uniform yesterday.. pic.twitter.com/K3nCBlDOIn
Sun Aug 23 07:43:55 PDT 2015 --  Kobe 10's pic.twitter.com/KHMOLINXud
Wed Aug 19 18:11:15 PDT 2015 --  Respect CP3. ðŸ½ pic.twitter.com/nj2rnFjGMu
Wed Aug 26 20:40:43 PDT 2015 --  Oooo it looks soo mean pic.twitter.com/Wd3caY4eoG
Wed Aug 26 19:15:33 PDT 2015 --  #Chevy pic.twitter.com/DGrIaZ93B0
Wed Aug 26 19:03:28 PDT 2015 --  I actually look forward to waking up with sore muscles. It's such a satisfying feeling.
Wed Aug 26 15:37:22 PDT 2015 --  Like most things in life, a healthy body is most appreciated by those who work the hardest for it.
Wed Aug 26 14:25:13 PDT 2015 --  I listen to music more than I listen to people.
Thu Aug 20 20:35:06 PDT 2015 --  girls that weigh less than 140lbs are so important pic.twitter.com/jrXLCs8lAl
Tue Aug 25 16:54:16 PDT 2015 --  *Me as a parent* Son "Dad I want to play lacrosse" Me "Son eat a snickers" Son "Why?" Me "Because you're a little bitch when your hungry"
Mon Aug 24 18:08:36 PDT 2015 --  Straight Outta Money pic.twitter.com/LktddZbBy3
Thu Aug 20 20:44:30 PDT 2015 --  One of the best things about American Dad is when they let Steve sing his r&b tracks pic.twitter.com/cyfKRUWjXg
Tue Aug 18 23:08:41 PDT 2015 --  Good parenting. pic.twitter.com/HBNUJfIW3O
Mon Aug 24 16:12:05 PDT 2015 --  When ESPN can't understand One Direction ðŸ» pic.twitter.com/zYTScrWeNS
Fri Aug 21 12:45:32 PDT 2015 --  Don't visualize the penalties of failure. Visualize the rewards of success. #Bodybuilding
Thu Aug 20 13:11:33 PDT 2015 --  thought I was the only one pic.twitter.com/EETUbzmuuK
Wed Aug 19 14:38:46 PDT 2015 --  We’re bad for each other, but we ain’t good for anyone else #KennyChesney
Tue Aug 18 08:29:14 PDT 2015 --  Dreamchasin
Tue Aug 18 08:29:10 PDT 2015 --  Being average is not for me.
Mon Aug 17 19:55:34 PDT 2015 --  Kinda thinking bout joinin the marines
Mon Aug 17 10:41:09 PDT 2015 --  pic.twitter.com/gYfDJkwrZ0
Sun Aug 16 23:17:58 PDT 2015 --  Realest thing I've ever read on social media ðŸ¾ðŸ¾ pic.twitter.com/X5HKFYAorH
Sun Aug 16 23:33:08 PDT 2015 --  pic.twitter.com/9vxjp3b5A7
Sun Aug 16 08:48:58 PDT 2015 --  When she's out of your league but you go for it anyway pic.twitter.com/Z0TIO99AGx
Sun Aug 16 18:22:07 PDT 2015 --  I just have this thing inside me that wants to eat and conquer. Maybe it's egotistical, but I have it in me.
Sun Aug 16 12:27:16 PDT 2015 --  Body of an athlete, knees and ankles of a 90 year old man.
Tue Aug 04 19:47:01 PDT 2015 --  Anyone else starting to regret all the hate you’ve felt towards Brandon? Cause I am…a little? #BrandonAndDaisy #MTVScream
Tue Aug 04 19:48:13 PDT 2015 --  Daisy for the win, protecting her daughter from the regret she’s felt. #MTVScream @tracymiddendorf @willafitz
Tue Aug 04 14:54:30 PDT 2015 --  Even coach askin why he jumped pic.twitter.com/dyWkxCeTDq
Sat Jun 27 20:09:20 PDT 2015 --  Hold my beer while I do this insane BMX trick pic.twitter.com/ZNAsSJ2zoB
Tue Aug 04 10:25:41 PDT 2015 --  How the internet portrays country boys vs reality... pic.twitter.com/ycBKnhNG1Y
Sat Jul 18 16:34:01 PDT 2015 --  I'm ugly but I text back fast. pic.twitter.com/GwsWqGKzhe
Tue Aug 04 06:51:25 PDT 2015 --  No chill pic.twitter.com/jY2hBfonSM
Tue Aug 04 03:52:34 PDT 2015 --  Whenever you put that jersey on play your ass off because you never know when it'll be the last time -EMHS
Mon Aug 03 15:52:55 PDT 2015 --  Kobe Be Like pic.twitter.com/GjuBoDDK0e
Fri Jul 31 21:10:21 PDT 2015 --  pic.twitter.com/H4jvEEyeQf
Fri Jul 31 13:06:02 PDT 2015 --  @NbaEveryday10 MVP Kobe ROY Kobe DPOY Kobe Champs Kobe
Fri Jul 31 07:56:26 PDT 2015 --  Here's to the athletes who turn into a completely different person when they're competing. -DHS
Mon Jul 27 22:41:41 PDT 2015 --  #TodaysKidsWillNeverKnow about the Greatest Roast of all time pic.twitter.com/3Y9p6mwGur
Sat Jul 25 13:49:48 PDT 2015 --  Jeep Wrangler: #jeeplife pic.twitter.com/FjpT5AHO8R
Wed Jul 29 15:54:08 PDT 2015 --  Christian? Yeah. Perfect? Nope. Forgiven? Yeah. Worthy? Nope. Accepted? Yeah. Deserving? Nope. Loved? Yeah.
Tue Jul 28 21:02:06 PDT 2015 --  Vacation has been ruined
Tue Jul 28 19:39:27 PDT 2015 --  Branson, Missouri is freakin bae
Mon Jul 27 18:48:11 PDT 2015 --  Do you think Pete Rose belongs in the Hall Of Fame? RT ~ Yes Fav ~ No pic.twitter.com/WFdKSBVyCC
Wed Jul 15 18:44:05 PDT 2015 --  The true heroes of tonights ESPY's, not Caitlin Jenner.. #respect pic.twitter.com/uHQPl9Aold
Tue Jul 28 19:15:52 PDT 2015 --  Be a best friend, tell the truth, and overuse I love you. #LeeBrice
Fri Jul 24 16:35:11 PDT 2015 --  More people need to realize this pic.twitter.com/2LTBNUo8Kt
Sun Jul 26 21:58:28 PDT 2015 --  If we're dating I will definitely be your #1 fan and be at your games.
Tue Jun 23 10:28:29 PDT 2015 --  There was a cat with 16 lives. A 4x4 (jeep) ran it over, And the cat died. Kickass if you get it.
Sun Jul 26 15:40:43 PDT 2015 --  Welcome to GNC. pic.twitter.com/3d3aGwV2Ck
Sun Jun 28 18:26:03 PDT 2015 --  Matte Black pic.twitter.com/UvB1eHPqB4
Tue Jul 21 19:15:45 PDT 2015 --  Would you? pic.twitter.com/M7Yx2RtNEF
Sat Jul 25 10:57:55 PDT 2015 --  #NotSportsNationPoll Who would you rather see in Space Jam 2 RT for Kobe FAV for LBJ pic.twitter.com/VTe2yeStAp
Sat Jul 25 06:40:14 PDT 2015 --  You really don't appreciate your sport until you're sitting court side with an injury. -HSS
Fri Jul 24 14:15:22 PDT 2015 --  Squad goals. pic.twitter.com/WSHv2wURHm
Fri Jul 24 10:26:27 PDT 2015 --  Who's better? RT ~ Kent Murphy Fav ~ Domingo Ayala http://twitter.com/DomingoAyaIa/status/618932740185047040/photo/1pic.twitter.com/PrAy2KvLoQ 
Fri Jul 24 09:34:05 PDT 2015 --  George Strait for President
Fri Jul 24 09:35:08 PDT 2015 --  Black Jeeps >> pic.twitter.com/GpnXBfqQYV
Sat Jul 18 11:57:56 PDT 2015 --  Look in the mirror, you're are staring at your toughest opponent
Fri Jul 24 09:16:31 PDT 2015 --  If she will go fishin' with you then she is a keeper.
Thu Jul 23 06:28:24 PDT 2015 --  Life’s 6 Rules For Success pic.twitter.com/0ihWh6oh7D
Mon Jul 20 10:48:45 PDT 2015 --  Some truth on your timeline pic.twitter.com/tMGGdwXjSs
Mon Jul 20 14:35:30 PDT 2015 --  An open letter from a marine to ISIS pic.twitter.com/3nmSmv9pjN
Sun Jul 19 16:40:10 PDT 2015 --  I want to marry an athlete and raise little athletes.
Fri Jul 17 20:17:52 PDT 2015 --  Max Scherzer has an idea why the lights were out. https://twitter.com/Max_Scherzer/status/622241927791030272 …
Fri Jul 17 20:10:31 PDT 2015 --  Best. Car. Ever. pic.twitter.com/xfTpWIcDZM
Fri Jul 17 11:11:50 PDT 2015 --  #GrowingUpAnAthlete saying you gone quit everytime coach make you run
Fri Jul 17 20:07:28 PDT 2015 --  When people say your on roids but your not #success
Wed Jul 15 15:00:13 PDT 2015 --  I'm judging whoever doesn't rt this pic.twitter.com/Jhf5x4cOMa
Thu Jul 16 08:51:20 PDT 2015 --  Break-Up Country. It's more than a pattern, it's who you are. #breakupcountry pic.twitter.com/c7pF5ttbN3
Wed Jul 15 07:16:25 PDT 2015 --  For those calling white people racist for defending the Confederate flag..... pic.twitter.com/DFlfawVRTb
Tue Jul 14 20:36:29 PDT 2015 --  I am an athlete. I will marry an athlete. My kids will be athletes.
