Tue Aug 25 13:08:46 PDT 2015 --  Sometimes it's jus better that way no matter how u feel wont b the same but :/ it is what it is
Thu Aug 20 07:39:56 PDT 2015 --  Exactly 1 year ago today! via @timehop http://timehop.com/c/fup:180216968815232:188736961296566:8319486:7bc6 … pic.twitter.com/byLg1hQe9R
Wed Aug 19 09:32:10 PDT 2015 --  GOD IS GOOD! !
Sat Aug 15 05:37:51 PDT 2015 --  Exactly 1 year ago today! via @timehop http://timehop.com/c/ff:188736961296566_176992925804303:188736961296566:8319486:21269 … pic.twitter.com/V4DOtfE5At
Thu Aug 13 16:17:17 PDT 2015 --  They say there's always a way maybe for most but jus not in all cases I guess.
Wed Aug 12 15:49:43 PDT 2015 --  Exactly 1 year ago today! via @timehop http://timehop.com/c/fup:174933879343541:188736961296566:8319486:49faf … pic.twitter.com/HVALs4tTE2
Tue Aug 11 18:50:53 PDT 2015 --  A lot on my shoulders lot of emotions n different areas glad I'm layed back like I am or would b n trouble but still hard.
Fri Aug 07 14:26:35 PDT 2015 --  Dirty Bred pic.twitter.com/JKYjCpS1VS
Tue Aug 04 11:53:04 PDT 2015 --  After 2:00 i dont trust who I'm talking to jus saying.
Tue Aug 04 07:00:08 PDT 2015 --  do u ever just wanna go up to someone and pic.twitter.com/c2oT91G0xY
Wed Jul 29 14:30:44 PDT 2015 --  # definitelywillmissthebirdschirpingialwayslistenforthemjusasaddaytodaythisdaymorethananyyetnevwrthought#
Wed Jul 29 14:15:12 PDT 2015 --  #todaywasthatday#
Wed Jul 29 08:57:15 PDT 2015 --  Good days vs bad days jus wish it would stop sometimes being me isn't always fun.
Wed Jul 29 05:05:11 PDT 2015 --  Forehead kisses are everything pic.twitter.com/BD8yRFVKA8
Tue Jul 28 21:38:27 PDT 2015 --  Should be sleeping but riding and music is better right now
Sat Jul 25 23:46:23 PDT 2015 --  pic.twitter.com/NV7fNi7kkk
Wed Jul 22 21:12:04 PDT 2015 --  It's gonna b OK jus keep the head stay positive & everything will b good ;)
Tue Jul 21 03:59:40 PDT 2015 --  Watchingforthatonenametoday
Sun Jul 19 19:23:09 PDT 2015 --  Fly High Fly High........
Fri Jul 17 06:21:38 PDT 2015 --  T.G.I.F
Thu Jul 16 18:57:47 PDT 2015 --  Hero to zero n no time flat......
Thu Jul 16 09:34:13 PDT 2015 --  Wish I could jus shake this off ...
Thu Jul 09 11:26:41 PDT 2015 --  Well here it is https://twitter.com/Seminoles_com/status/619209658457264128 …
Tue Jul 07 21:07:19 PDT 2015 --  THANK U!!!! ;)
Sun Jul 05 23:51:43 PDT 2015 --  The moment u figure out thatu wasn't the best frd like u were told u were there's no ignoring nor distance n best frdship #truthknownnowtho#
Sun Jul 05 20:38:42 PDT 2015 --  A day & a half so far.......
Wed Jul 01 12:16:18 PDT 2015 --  Feeling lost
Wed Jun 17 21:56:21 PDT 2015 --  Fleet and a mansion pic.twitter.com/3l1g75aEZW
Tue Jun 16 23:28:21 PDT 2015 --  FAV if you want a big boat to park your little boat in. pic.twitter.com/0j8DYJEtKF
Tue Jun 30 19:02:34 PDT 2015 --  ðŸ» pic.twitter.com/QH3DfmZgu9
Tue Jun 30 18:29:15 PDT 2015 --  I personally want to say whatever YOU are struggling with - ED, SH, Depression, whatever it may be. YOU are stronger than it. NEVER give up.
Tue Jun 30 10:21:38 PDT 2015 --  Tara Mitchell https://twitter.com/LukeBryanOnline/status/615900465348378628 …
Tue Jun 30 09:52:24 PDT 2015 --  Push yourself no one is going to do it for you.
Mon Jun 29 21:11:17 PDT 2015 --  First time that has happened I think since the very first time it happened .
Mon Jun 29 12:52:41 PDT 2015 --  Answer to the #QoftheDay at 3: http://bit.ly/1IGNGIj  pic.twitter.com/8yHlrmxkPe
Mon Jun 29 13:05:06 PDT 2015 --  It's crazy how I automatically smile when I get a text from you.
Sun Jun 28 10:05:46 PDT 2015 --  All time favorite right here https://twitter.com/SneakHeat/status/615011111285444608 …
Fri Jun 26 07:06:41 PDT 2015 --  All things are difficult before it becomes easy.
Thu Jun 25 18:05:55 PDT 2015 --  Confirmed for February pic.twitter.com/azvrT2WxHk
Thu Jun 25 20:20:18 PDT 2015 --  Jordan 4 "Black Cement" // Original Release Date: 1989 http://twitter.com/SkipVincent/status/595926622701686785/photo/1pic.twitter.com/Vf8jVffFb7 
Fri Jun 26 00:20:44 PDT 2015 --  Jordan 4 "Military Blue" // Original Release Date: 1989 http://twitter.com/SkipVincent/status/595927392687824897/photo/1pic.twitter.com/KHDS7BWO8I 
Thu Jun 25 08:31:37 PDT 2015 --  Michael Jordan Takes Flight in the Air Jordan 5 for 2K16 Special Edition Cover http://www.nicekicks.com/2015/06/25/michael-jordan-takes-flight-in-the-air-jordan-5-for-2k16-special-edition-cover/ … pic.twitter.com/ckejFu5y8n
Tue Jun 23 05:29:15 PDT 2015 --  Jus happy today I love u butthead
Mon Jun 22 09:36:33 PDT 2015 --  I used TrackID™ to find Love You Like That by Canaan Smith. http://www.trackid.info/track/UWVneDY2eWJjcy1Gd013NHlpUkhNODhrTS5N …
Tue Jun 09 21:26:42 PDT 2015 --  One smile, can start a friendship. One word, can end a fight. One look, can save a relationship. One person can change your life.
Mon Jun 22 08:54:41 PDT 2015 --  Great story on @JR8_Noles spending time at Charlie Ward's football camp as a mentor: http://www.pnj.com/story/sports/2015/06/20/charlie-ward-jalen-ramsey/29053703/ …
Fri Jun 19 08:38:26 PDT 2015 --  Always b versitile if not I'll miss out on a lot n life https://twitter.com/Get_HeaIthy/status/611918093967753216 …
Thu Jun 18 09:32:22 PDT 2015 --  Daddy's subway worker pic.twitter.com/AM0Z1qkAow
Sun Jun 14 21:22:54 PDT 2015 --  Goodnight love u kit
Sat Jun 13 09:52:58 PDT 2015 --  Make your time count!
Fri Jun 12 17:50:44 PDT 2015 --  WCE#MYHEART#SNICKERSTROPHY# LOVE U!
Thu Jun 11 09:31:00 PDT 2015 --  Almost.....Almost......
Tue Jun 09 12:05:28 PDT 2015 --  It's hot is this building today gotta love summertime at work lol
Mon Jun 08 13:00:21 PDT 2015 --  Thank you for all you did for the #Noles @MarvinJonesJets! https://twitter.com/MarvinJonesJets/status/608000312658563072 …
Mon Jun 08 08:26:44 PDT 2015 --  When you cheat yourself..you lose! EVERYTIME!
Mon Jun 08 07:32:16 PDT 2015 --  Always keep your head up, because if it's down you won't be able to see the blessings that have been placed in your life.
Mon Jun 08 07:07:42 PDT 2015 --  This Monday us 100 miles an hour!
Sun Jun 07 19:34:59 PDT 2015 --  #Snickerlovesu#
Sun Jun 07 14:59:07 PDT 2015 --  Scatterbrainsunday....
Sun Jun 07 12:44:35 PDT 2015 --  Some people want it to happen, some wish it would happen, others make it happen
Sun Jun 07 07:31:09 PDT 2015 --  Gotta love SNAPCHAT.
Sat Jun 06 14:51:02 PDT 2015 --  Heart is n a good mood right now Shout out to my WCEVERYDAY! thank u
Sat Jun 06 00:49:47 PDT 2015 --  #Scatterbrain# ;)
Sat Jun 06 00:40:37 PDT 2015 --  I miss that face that eyebrow that close mouth side smile with the dimples showing saying "WHAT" I love it so much
Fri Jun 05 09:52:22 PDT 2015 --  Tell yourself I'm going to succeed.
Thu Jun 04 19:27:39 PDT 2015 --  Awwwwwwwww.......
Wed Jun 03 09:09:32 PDT 2015 --  Is Saturday yet.......
Fri May 29 09:52:30 PDT 2015 --  Treat your heart to some cardio.
Thu May 28 11:05:41 PDT 2015 --  #TBT to when Charlie Ward was the #Noles punter as a FR in 1989. He punted 35 times (37.1 avg) & was never blocked. pic.twitter.com/RJRXxXSMbX
Wed May 27 21:13:59 PDT 2015 --  FUNTIMES RIGHT NOW!!
Sun May 24 07:02:02 PDT 2015 --  Happy Memorial day ppl remember the real meaning.
Fri May 22 10:19:31 PDT 2015 --  This all weekend long pic.twitter.com/zC9tgYX1jO
Fri May 22 06:27:43 PDT 2015 --  Come on Saturday!!
Wed May 20 15:00:08 PDT 2015 --  If happy hour doesn't make you happy, you should probably stay another hour.
Wed May 20 15:05:02 PDT 2015 --  The best relationships start off as friendships
Wed May 20 15:36:42 PDT 2015 --  Something will always be better than nothing, you will always do better than the people still sitting on the couch.
Wed May 20 14:49:22 PDT 2015 --  Well it speaks 1000 works.....jus keep it
Wed May 20 12:05:15 PDT 2015 --  Cuddling in bed and falling asleep is probably the best feeling in a relationship.
Mon Mar 16 14:30:17 PDT 2015 --  True Words pic.twitter.com/zyCm0i4dRr
Wed May 20 12:44:10 PDT 2015 --  Stay dedicated, it's not going to happen over night.
Tue May 19 10:27:23 PDT 2015 --  Nice day come on sat. #Pooltournament#myrtlebeach#
Mon May 18 18:30:10 PDT 2015 --  "Where do you see yourself in 10 years?" pic.twitter.com/9hSy1fpzc6
Mon May 18 19:04:42 PDT 2015 --  If u haven't Seen it u need to pic.twitter.com/Sb32YgwisC
Mon May 18 16:56:47 PDT 2015 --  #Pain geeeez#
Mon Apr 27 20:00:47 PDT 2015 --  pic.twitter.com/JDvqyBYg3X
Mon Mar 30 08:46:01 PDT 2015 --  Infrared 6's pic.twitter.com/Jdr9wSW5m4
Wed Mar 25 11:47:47 PDT 2015 --  Air Jordan Retro â€œLaserâ€ 4 is still available to order in select sizes here: http://bit.ly/1Br5TWkÂ  pic.twitter.com/edbpRlcNok
Tue Feb 24 11:18:25 PST 2015 --  Don't give up just because things are hard.
Tue Feb 10 12:44:13 PST 2015 --  In order to succeed, your desire for success should be greater than your fear of failure.
Tue Feb 10 07:00:28 PST 2015 --  It's not about what you've done, it's about what your doing.
Sun Feb 08 19:15:34 PST 2015 --  You don’t get much better than Stevie Wonder and @Usher #GRAMMYs
Sun Feb 08 11:37:50 PST 2015 --  What will come from Insure Tennessee's ashes? http://bit.ly/1usDstZ 
Wed Feb 04 18:23:32 PST 2015 --  Goodnight ppl sometimes it isn't easy being Sampson :/ that is all..... hope everyone stays warm lights out til tomm.
Mon Feb 02 07:03:32 PST 2015 --  Don't expect to see a change if you don't make one.
Sat Jan 31 12:44:22 PST 2015 --  Don't do your best, do whatever it takes.
Mon Jan 26 12:38:06 PST 2015 --  YEA or NA pic.twitter.com/EytNnkPLGD
Fri Dec 26 10:54:10 PST 2014 --  It's happening
Wed Dec 17 18:50:33 PST 2014 --  French Blue 7's pic.twitter.com/601yiFMDvK
Sat Dec 13 11:25:59 PST 2014 --  White Cement 3's pic.twitter.com/6FXS4jFLKN
Thu Dec 11 07:03:38 PST 2014 --  Lunch idea: have an open-faced sandwich. Your fave sandwich, no mayo, then instead of 2 pieces of bread, use one slice and lettuce on top.
Wed Dec 10 09:52:39 PST 2014 --  Keep pushing.
Tue Dec 09 07:02:48 PST 2014 --  Success comes from knowing that you did your best to become the best that you are capable of becoming. -John Wooden
Mon Dec 08 19:14:35 PST 2014 --  Was a good Monday
Sun Dec 07 15:36:41 PST 2014 --  Never. Give. Up.
Tue Dec 02 17:18:28 PST 2014 --  Who's gonna b n the BCS CHAMPIONSHIP THIS YR?
Mon Dec 01 08:51:50 PST 2014 --  Day is
Sat Nov 29 21:15:06 PST 2014 --  Missing someone & not being able to see them is the worst feeling ever.
Sat Nov 29 16:21:16 PST 2014 --  "Sport Blue" low 6's pic.twitter.com/okFzZQrsWj
Sat Nov 29 16:57:40 PST 2014 --  FSU!!!!!!!
Fri Nov 28 09:11:38 PST 2014 --  Chris Paul PE 4's pic.twitter.com/abF96ggZMy
Thu Nov 27 21:22:18 PST 2014 --  Scaderbrain
Thu Nov 27 12:05:01 PST 2014 --  2015 Jordan 1 "Blake Griffin" PE's pic.twitter.com/SqTTSqiFmf
Wed Nov 26 22:09:50 PST 2014 --  When she smiled when I kissed her
Tue Nov 25 18:31:01 PST 2014 --  Gamma Blue 11's pic.twitter.com/2iABVNwAeV
Tue Nov 25 18:04:19 PST 2014 --  Seen enough for the day prob. Gonna turn it in for the night :/
Tue Nov 25 17:26:34 PST 2014 --  Geeez that was crazy
Tue Nov 25 15:38:18 PST 2014 --  " @Get_HeaIthy: Wishing gets you nothing, you have to work your ass off."& jus have hope
Tue Nov 25 08:29:43 PST 2014 --  Nice day out for November
Fri Nov 21 15:14:25 PST 2014 --  I wonder when she's sitting around or doin whatever she is doin If I ever cross her mind & if shes wondering what her snickers is doin :-).
Fri Nov 21 12:46:18 PST 2014 --  Have a fun but safe weekend everyone.
Thu Nov 20 17:04:29 PST 2014 --  If it's important to you, you will find a way. If not, you'll find an excuse.
Thu Nov 20 10:49:19 PST 2014 --  I ways wake up and grab my phone to see if I have a text from you
Wed Nov 19 23:29:33 PST 2014 --  If you get a second chance take it slow and don't screw up
Wed Nov 19 14:10:27 PST 2014 --  Appreciate each and every moment of your workout.
Tue Nov 18 18:32:40 PST 2014 --  " @Get_HeaIthy: Potatoes are a great source of vitamin C, believe it or not. And baked potatoes have over 400% daily value of vitamin A."
Mon Nov 17 16:59:52 PST 2014 --  18° tonight get out the extra blankets
Mon Nov 17 10:23:10 PST 2014 --  Happy holidays to all.
Thu Nov 13 21:37:42 PST 2014 --  White Cement 3's pic.twitter.com/UZM310rkv3
Thu Nov 13 13:02:55 PST 2014 --  No matter the time nor what occurs being me I'll b here n the end some may say I'm dumb & foolish I say it's real love time will tell.
Thu Nov 13 11:12:31 PST 2014 --  Some believe in destiny, and some believe in fate, I believe that happiness is something we create. #Sugarland
Wed Nov 12 07:58:46 PST 2014 --  Sport Blue 6's pic.twitter.com/GGe9pl2zVF
Wed Nov 12 08:05:32 PST 2014 --  The moment When u realize there gone for good it really hurts all u wanted to do is love them u feel lost unwanted & crushed what do u do ?
Tue Nov 11 18:20:17 PST 2014 --  I just want to go back in time to fix my mistakes so that on this day at this hour I could be happy.
Tue Nov 11 17:55:14 PST 2014 --  Nighttime always hurts the most. ;/
Tue Nov 11 10:28:08 PST 2014 --  I see your tweets and you seem so happy without me, but I just cant let go.
Mon Nov 10 21:07:10 PST 2014 --  When I close my eyes, you always come to mind.
Mon Nov 10 20:44:56 PST 2014 --  Good love songs make want to jump out of bed and run 30 miles to see you.
Mon Nov 10 20:18:55 PST 2014 --  You never really know how happy someone made you or how much they affected your everyday life until they're gone.
Mon Nov 10 20:13:04 PST 2014 --  When I wake up, first thing I do is check to see if I have a text from you
Mon Nov 10 19:00:07 PST 2014 --  If you're callin' 'bout my heart, it's still yours. #BlakeShelton
Mon Nov 10 16:37:23 PST 2014 --  I'd rather be broke, homeless, and on the streets knowing I have you, rather than wealthy beyond imagination and all alone.
Mon Nov 10 16:37:01 PST 2014 --  Hope that was the text u was wanting to happen
Mon Nov 10 16:35:20 PST 2014 --  Only love breaks a mans heart, and only love can fix it.
Mon Nov 10 15:35:52 PST 2014 --  It kind of gets me feeling down when I hear a song and it reminds me of past relationships.
Mon Nov 10 15:24:24 PST 2014 --  Jus overwhelmed at this point Mindracing confused jus don't know what to do.
Mon Nov 10 12:35:11 PST 2014 --  Sometimes talking to a stranger and hearing their none bias opinion helps you solve everything.
Mon Nov 10 12:26:24 PST 2014 --  I don't know what to do
Mon Nov 10 08:08:27 PST 2014 --  Just a train wreck
Mon Nov 10 06:32:55 PST 2014 --  It's hard waking up knowing you have no one.
Sun Nov 09 10:44:53 PST 2014 --  I feel like no one would understand me like you.
Sat Nov 08 11:38:12 PST 2014 --  I'll make you smile everyday. That's all I want, I want you and me.
Sat Nov 08 08:51:00 PST 2014 --  Obviously it don't matter nomore so I I'm giveing up never thought I would but it's time :/
Wed Nov 05 12:49:56 PST 2014 --  We all have that person that we feel we will never let go.
Tue Oct 28 08:47:29 PDT 2014 --  Sometimes I wonder if you still ever think about me
Sun Oct 19 16:48:04 PDT 2014 --  Official Look At The Air Jordan 13 Barons. pic.twitter.com/g7pAtUGmrI
Wed Oct 15 20:36:49 PDT 2014 --  pic.twitter.com/plQ0rmNbJP
Wed Oct 15 20:39:22 PDT 2014 --  Concord 11's pic.twitter.com/NbR8xxBiWg
Mon Oct 13 07:12:50 PDT 2014 --  Goodday to all
Sun Oct 12 20:35:28 PDT 2014 --  I'm not perfect, but I'm loyal.
Sat Oct 11 08:53:21 PDT 2014 --  FSU!!!! ALL DAY
Fri Oct 10 13:24:13 PDT 2014 --  Rain rain rain geeeez.
Thu Oct 09 18:05:33 PDT 2014 --  Missing someone is a part of loving them. If you're never apart, you'll never really know how strong your love is.
Thu Oct 09 14:33:28 PDT 2014 --  Hopefully this will be the Lions yr. pic.twitter.com/GPhkDRVFPL
Wed Oct 08 20:05:03 PDT 2014 --  I'm not perfect, but I'm loyal.
Wed Oct 08 19:48:54 PDT 2014 --  Goodnight world
Wed Oct 08 06:05:08 PDT 2014 --  A person who truly loves you will never let you go or give up on you, no matter how hard the situation is.
Tue Oct 07 22:37:11 PDT 2014 --  It is never too late to make things right.
Mon Oct 06 20:35:29 PDT 2014 --  Sometimes music is all you need to make you feel better.
Mon Oct 06 12:05:17 PDT 2014 --  And I still remember the first day I met you.
Mon Oct 06 10:05:27 PDT 2014 --  I miss you so much right now.
Mon Oct 06 07:05:48 PDT 2014 --  I always think of you before I fall asleep, the words you said, the things we laughed about, the silent moments we shared.
Mon Oct 06 06:35:28 PDT 2014 --  Retweet if you love your mother
Sun Oct 05 21:05:39 PDT 2014 --  I respect those that tell me the truth, no matter how hard it is.
Sun Oct 05 19:07:32 PDT 2014 --  " @LoveQuotes: You can never "just be friends" with someone you fell in love with."u can but there will always b that extra feeling tho :/
Sun Oct 05 14:35:37 PDT 2014 --  You can never understand someone's pain until you're the one who feels it.
Sun Oct 05 08:35:27 PDT 2014 --  I'm so blessed to have someone like you in my life.
Sat Oct 04 23:35:23 PDT 2014 --  I'm missing you and it's killing me
Sat Oct 04 22:05:01 PDT 2014 --  When you really miss someone, you miss the little things the most, like just laughing together.
Sat Oct 04 18:35:35 PDT 2014 --  I always think of you before I fall asleep, the words you said, the things we laughed about, the silent moments we shared.
Fri Oct 03 22:05:23 PDT 2014 --  Worst feeling in the world is knowing you did the best you could, and it still wasn't good enough..
Fri Oct 03 19:05:52 PDT 2014 --  I miss you, but I know you don't care.
Fri Oct 03 17:35:27 PDT 2014 --  I'm missing you and it's killing me..
Fri Oct 03 16:05:32 PDT 2014 --  You have no idea how much l like you. How much you make me smile, how much l love talking to you, or how much l wish you were here.
Fri Oct 03 15:05:34 PDT 2014 --  Sometimes you just cant tell someone how you feel, you can never really find the right words to make them understand.
Fri Oct 03 13:51:41 PDT 2014 --  Missing you: http://instagram.com/p/ttE7SsB6-v/ 
Fri Oct 03 12:05:21 PDT 2014 --  When I talk to you, my day gets a whole lot better.
Fri Oct 03 10:35:41 PDT 2014 --  You make me so happy, so don't leave.
Fri Oct 03 07:05:25 PDT 2014 --  Sometimes I wonder what I mean to you.
Fri Oct 03 06:05:15 PDT 2014 --  When you really care about someone, their happiness matters more than yours.
Thu Oct 02 22:54:17 PDT 2014 --  Ever feel like ur jus beating urself up for a loss cause yea that's what's happening.
Thu Oct 02 22:05:15 PDT 2014 --  The worst feeling is feeling unwanted by the person you want the most.
Thu Oct 02 21:35:28 PDT 2014 --  It's sad when you realize you aren't as important to someone as you thought you were.
Thu Oct 02 13:35:13 PDT 2014 --  Sometimes, two people have to fall apart to realize how much they need to fall back together.
Tue Sep 30 19:05:22 PDT 2014 --  The best feeling in the world is being loved back by the person you love.
Tue Sep 30 15:05:18 PDT 2014 --  Never give up on something you really want. It's difficult to wait, but worse to regret.
Mon Sep 29 18:05:13 PDT 2014 --  I'm not looking for someone who has everything, but someone who has time to spend with me more than anything.
Mon Sep 29 17:04:44 PDT 2014 --  Keep calm and go to the GYM!
Mon Sep 29 15:05:06 PDT 2014 --  Fight for me, and I promise you I will do the same.
Mon Sep 29 12:57:24 PDT 2014 --  Sport Blue 6's pic.twitter.com/VGvl99gis6
Mon Sep 29 13:05:04 PDT 2014 --  Hearing "I miss you" from the right person >>>
Mon Sep 29 07:30:30 PDT 2014 --  Oreo 5's pic.twitter.com/yesuny99jg
Mon Sep 29 06:35:19 PDT 2014 --  When you kiss and you can feel them smiling
Sun Sep 28 09:52:27 PDT 2014 --  No matter how good you are, you can ALWAYS get better.
Sat Sep 27 14:05:06 PDT 2014 --  If someone sticks by your side through your worst times, they're the ones who deserve to be with you through your best times.
Sat Sep 27 11:18:14 PDT 2014 --  Every accomplishment begins with the decision to try.
Thu Sep 25 21:35:14 PDT 2014 --  I'm not perfect, but I'm loyal.
Thu Sep 25 18:06:06 PDT 2014 --  I didn't say "I Love You" to hear it back... I said it to make sure you knew.
Thu Sep 25 12:05:17 PDT 2014 --  Don't change so someone will like you. Be yourself; the right people will like and love the real you
Thu Sep 25 12:00:47 PDT 2014 --  Chris Paul PE 5's pic.twitter.com/SQ77vaw0SW
Thu Sep 25 09:19:58 PDT 2014 --  Pigeon Custom 3's pic.twitter.com/pHy184TJUO
Wed Sep 24 17:35:17 PDT 2014 --  You fight like a married couple, you talk like best friends, and you flirt like first loves, so obviously it's meant to be.
Wed Sep 24 17:22:50 PDT 2014 --  Crimson 3's pic.twitter.com/HrnSlrxP7Z
Wed Sep 24 13:05:24 PDT 2014 --  I only want 3 things: See you. Hug you. Kiss you.
Wed Sep 24 09:39:47 PDT 2014 --  Black Cat 4's pic.twitter.com/sYuxQ3e3RX
Wed Sep 24 09:05:40 PDT 2014 --  I wanna be the reason for the smile on your face
Wed Sep 24 06:35:19 PDT 2014 --  Boys who grab your face with both hands when they kiss you win at pretty much everything
Wed Sep 24 06:35:14 PDT 2014 --  I feel alone whenever I'm not with you.
Wed Sep 24 05:35:15 PDT 2014 --  Sometimes music is all you need to make you feel better.
Tue Sep 23 23:05:21 PDT 2014 --  I love those random memories that make me smile no matter what's going on in my life right now.
Tue Sep 23 21:52:45 PDT 2014 --  I want to kiss you so bad right now http://instagram.com/p/tUMYQfB6yX/ 
Tue Sep 23 21:35:14 PDT 2014 --  I'm in love with you and all those little things.
Tue Sep 23 19:25:22 PDT 2014 --  What's a king babe without a queen?
Tue Sep 23 20:05:17 PDT 2014 --  Bred 4's #NikeAir pic.twitter.com/yz6aePGzbs
Tue Sep 23 19:18:39 PDT 2014 --  Cement 4's pic.twitter.com/JBEDoqCOqC
Tue Sep 23 18:06:07 PDT 2014 --  I wish you could understand the way I feel about you.
Tue Sep 23 14:35:30 PDT 2014 --  A real boyfriend is afraid of losing his girlfriend.
Wed Sep 10 20:33:44 PDT 2014 --  The wait for you is worth the pain
Tue Sep 23 10:35:19 PDT 2014 --  You're always on my mind.
Tue Sep 23 08:35:19 PDT 2014 --  For every day, I miss you. For every hour, I need you. For every minute, I feel you. For every second, I want you. Forever, I love you
Tue Sep 23 06:35:16 PDT 2014 --  A simple "good morning, beautiful" text could make any girl smile for the whole day.
Tue Sep 23 05:05:29 PDT 2014 --  I want this http://twitter.com/FIirtationship/status/483792179127922688/photo/1pic.twitter.com/cJE0mN1loM 
Tue Sep 23 05:05:25 PDT 2014 --  Every time I look into your eyes, it makes me want to kiss you.
Mon Sep 22 23:05:22 PDT 2014 --  The tighter the hug, the better.
Mon Sep 22 14:08:54 PDT 2014 --  Anniversary 3's pic.twitter.com/HxAttaqhuQ
Sun Sep 21 11:13:36 PDT 2014 --  Latest AP Top 10: 1. Florida St 2. Oregon 3. Alabama 4. Oklahoma 5. Auburn 6. Texas A&M 7. Baylor 8. Notre Dame 9. Michigan St 10. Ole Miss
Sun Sep 21 11:11:25 PDT 2014 --  More Photos Of The Air Jordan 13 Black/Red Will Never Get Old - http://kickson.fr/1qXqbqD  pic.twitter.com/hPg1X1jLno
Sun Sep 21 09:52:33 PDT 2014 --  Stay dedicated, it's not going to happen over night.
Fri Sep 19 17:04:35 PDT 2014 --  It never gets easier, you just get stronger!
Fri Sep 19 08:26:41 PDT 2014 --  U will not get anywhere by doing nothing in ANY aspect of life. Doing nothing will set u back on your health & fitness goals. Keep pushing!
Wed Sep 17 17:04:45 PDT 2014 --  Most people fail, not because of lack of desire, but, because of lack of commitment. - Get committed and stay committed
Wed Sep 17 09:52:08 PDT 2014 --  Think positive, be positive, and positive things will happen.
Tue Sep 16 17:03:37 PDT 2014 --  Don't eat less. Just eat better.
Tue Sep 16 17:03:46 PDT 2014 --  To Do List: Drink water. Sleep more. Drink tea. Exercise more. Eat healthier. Smile more.
Tue Sep 16 15:36:08 PDT 2014 --  There is a variety of food we can talk about eating to get healthy....but there is one beverage.. W A T E R!
Tue Sep 16 15:37:19 PDT 2014 --  If no one thinks you can, then you have to. Always prove them wrong.
Tue Sep 16 14:10:05 PDT 2014 --  Being weak is a choice, so is being strong.
Tue Sep 16 14:10:54 PDT 2014 --  With total dedication, anything can be done.
Mon Sep 15 20:35:14 PDT 2014 --  I automatically smile when I see you.
Mon Sep 15 21:35:23 PDT 2014 --  Hearing "I miss you" from the right person.
Mon Sep 15 22:35:13 PDT 2014 --  The best kind of relationship is when they're not only your lover, but your best friend too.
Mon Sep 15 12:44:47 PDT 2014 --  It doesn't matter how hard you work in the gym if you don't control what you put on your plate.
Mon Sep 15 12:45:16 PDT 2014 --  It's about progress not perfection.
Mon Sep 15 06:00:03 PDT 2014 --  On my mind...........
Sat Sep 13 14:10:48 PDT 2014 --  You will never know your limits unless you go beyond them.
Fri Sep 12 11:40:02 PDT 2014 --  Who could forget MJ's closed-eyes free throw in "Carmine" 6s? More great shot/sneaker combos → http://nicek.is/1m0DgOn  pic.twitter.com/s2IiWdopb5
Fri Sep 12 11:37:54 PDT 2014 --  On this date in 1984, the Chicago Bulls signed their draft choice, Michael "Air" Jordan. pic.twitter.com/3SLnany4V9
Fri Sep 12 11:35:10 PDT 2014 --  I care about your feelings more than mine
Thu Sep 11 16:35:17 PDT 2014 --  Good relationships don't just happen. They take time, patience and two people getting through all the hard times together.
Thu Sep 11 18:10:07 PDT 2014 --  Give me strength!!!!!
Wed Sep 10 08:24:49 PDT 2014 --  Hump daaaaaaay!!!!
Tue Sep 09 17:09:23 PDT 2014 --  Don't count the days, make the days count.
Mon Sep 08 11:50:34 PDT 2014 --  Fly away fly away!!!
Tue Aug 26 12:38:48 PDT 2014 --  Sirens going off at Bowaters should I run or.....
Sun Aug 24 01:33:59 PDT 2014 --  . http://timehop.com/c/crp:fb86dc5103bcb6843a0121048c71ce1e:171ba … pic.twitter.com/p5jX4kJ4HX
Wed Aug 20 03:11:11 PDT 2014 --  . http://timehop.com/c/fl:413631585424716:100003336358331:5840677:6bc38 … pic.twitter.com/kh6mv7fphB
Tue Aug 19 03:56:47 PDT 2014 --  only n.Chattanooga lol http://timehop.com/c/crp:a2476ab41e75aa6f1286bb1ac6450821:2bcb4 … pic.twitter.com/EfPw73OvWp
Tue Aug 19 03:56:01 PDT 2014 --  ha. http://timehop.com/c/crp:6e4b2a39e10bf7f60e6f75ff3ebb8bea:7befb … pic.twitter.com/ltYoaZO2Ss
Fri Aug 15 19:12:00 PDT 2014 --  people who don't take care of their kicks are annoying to be around...
Fri Aug 15 12:40:01 PDT 2014 --  See where the Sport Blues landed on our list of the 23 best Air Jordan 3 colorways → http://nicek.is/1Bki1vu  pic.twitter.com/1HL86kC6i1
Fri Aug 15 14:40:01 PDT 2014 --  Watch as we unbox the Air Jordan 3 "Sport Blue" → http://nicek.is/1oWiZcC  pic.twitter.com/6ClNsQd190
Fri Aug 15 12:46:32 PDT 2014 --  Weekly Wallpaper: Air Jordan 3 "Sport Blue" http://nicek.is/1t7kWms 
Fri Aug 15 12:31:59 PDT 2014 --  T.G.I.F
Fri Aug 15 04:09:19 PDT 2014 --  . http://timehop.com/c/fup:411303032324238:100003336358331:5840677:7ae59 … pic.twitter.com/XAR4BP08Ww
Thu Aug 14 18:05:18 PDT 2014 --  Just tell me what you want and I can be that for you - Notebook
Sun Aug 03 20:28:14 PDT 2014 --  @JamesSa30300591 https://twitter.com/SneakerPics23/status/496092650085556224 …
Tue Aug 12 05:42:16 PDT 2014 --  . http://timehop.com/c/fl:410007049120503:100003336358331:5840677:07a66 … pic.twitter.com/bwT6njsEuk
Mon Aug 11 13:56:26 PDT 2014 --  35 Foods From Your Childhood That Are Extinct Now http://www.buzzfeed.com/daves4/things-from-you-childhood-that-are-extinct-now?sub=2885684_2245910 … via @davestopera
Mon Aug 11 09:35:34 PDT 2014 --  I rather cuddle and watch a movie with you, instead of going out to a party.
Mon Aug 11 07:31:31 PDT 2014 --  Heather tiegs! http://timehop.com/c/fs:409329802521561:100003336358331:5840677:a1541 … pic.twitter.com/DYmZKG2WDd
Sun Aug 10 21:15:55 PDT 2014 --  . http://timehop.com/c/fl:408923182562223:100003336358331:5840677:20174 … pic.twitter.com/8HMdNxjiAn
Sun Aug 10 12:05:11 PDT 2014 --  . http://timehop.com/c/crp:4f2888a948ffe30290bcc6a7a5552377:f01a7 … pic.twitter.com/L1S1uutuUp
Wed Aug 06 11:30:50 PDT 2014 --  . http://timehop.com/c/fl:407218669399341:100003336358331:5840677:30dcd … pic.twitter.com/oDoClApo7D
Mon Aug 04 05:33:48 PDT 2014 --  My best frd these days http://timehop.com/c/ftp:256214047829997:100003336358331:5840677:9285d … pic.twitter.com/TU8jlsMo3A
Sun Aug 03 08:00:14 PDT 2014 --  haircut http://timehop.com/c/crp:6e59e7f24059c603dbd09ccd55b0d4ef:4ee53 … pic.twitter.com/TBnbUTPCyE
Sun Aug 03 07:59:15 PDT 2014 --  haircut http://timehop.com/c/crp:a8b268be4f9ec0589c77ea86ca66189a:fb65e … pic.twitter.com/z5JXuZOjPu
Fri Aug 01 04:20:33 PDT 2014 --  The mix factory http://timehop.com/c/crp:f364dc1624dcf45480980b303abdd2b5:af676 … pic.twitter.com/jeHPkd4yTT
Tue Jul 29 14:11:50 PDT 2014 --  Its a really nice day lol breeze not to much heat lots of sun
Tue Jul 29 10:24:17 PDT 2014 --  . http://timehop.com/c/fup:403342563120285:100003336358331:5840677:30c72 … pic.twitter.com/TXtLqst7bj
Mon Jul 28 05:27:23 PDT 2014 --  Haha love her http://timehop.com/c/fs:402936629827545:100003336358331:5840677:0b840 … pic.twitter.com/3QJ8R17rO7
Tue Jul 22 17:09:20 PDT 2014 --  . http://timehop.com/c/crp:c079959b4cba4758ef23ef46f2b53f41:a9ba6 … pic.twitter.com/1YdfsyjlMh
Tue Jul 22 17:07:50 PDT 2014 --  last yr bday party john Thomas & me http://timehop.com/c/crp:0bd220b259f6bcb37533690833a14cef:dafd3 … pic.twitter.com/5dYcoSp3oS
Mon Jul 21 11:59:34 PDT 2014 --  2yrs ago on my birthday we don't talk anymore but hope all is well with this what use to b my #1 all time closest... pic.twitter.com/68LkxMmEn0
Mon Jul 21 11:56:29 PDT 2014 --  that was a moment Biz http://timehop.com/c/ftp:406483949462954:100003336358331:5840677:16350 … pic.twitter.com/StQf78WfG6
Sun Jul 20 19:32:47 PDT 2014 --  haha http://timehop.com/c/crp:036c68e9a1d04453259cc8301d94348b:6a61c … pic.twitter.com/tNNMIpjHwe
Fri Jul 18 05:08:09 PDT 2014 --  itl b back http://timehop.com/c/crp:85f1ff80824de528dcd90c6e12fcdcaf:01077 … pic.twitter.com/QcHWTVTgK1
Fri Jul 18 05:07:03 PDT 2014 --  Ace http://timehop.com/c/crp:89e97b136efcf1b520b07a46f39075ea:96f9c … pic.twitter.com/H2LdZNu3s4
Fri Jul 18 05:05:59 PDT 2014 --  miss this guy http://timehop.com/c/crp:324014eb148001674420348bb6ab8b07:47b0f … pic.twitter.com/cqILN5sv6n
Thu Jul 17 16:47:48 PDT 2014 --  Corey Ferguson n my cheesdip with steve hurst n my apt http://timehop.com/c/crp:a320e7bd082154e200617abd030db6c2:93990 … pic.twitter.com/rVKq3huD8U
Thu Jul 17 12:27:54 PDT 2014 --  them days http://timehop.com/c/crp:3d94e48c89bfa7dee9fb0f312db4f7ce:c9da4 … pic.twitter.com/0QH5sMgawC
Wed Jul 16 06:35:08 PDT 2014 --  I'd cuddle with you for hours..
Wed Jul 16 05:35:13 PDT 2014 --  "You know I'm comfortable with you when:
Mon Jul 14 16:35:29 PDT 2014 --  You don't give up on someone you love
Tue Jul 08 02:23:41 PDT 2014 --  Hopeing to have better day
Mon Jul 07 17:32:47 PDT 2014 --  Faith but distance love but no excitement so what's the verdict?
Wed Jul 02 05:57:14 PDT 2014 --  Goodmorning ppl hope everyone has a great weekend
Tue Jun 24 09:23:21 PDT 2014 --  Life......
Sun Jun 22 19:30:08 PDT 2014 --  " @Nike_Dojo: Air Jordan 7 "Orlando" pic.twitter.com/QcucIfUqLg" @Jamessampson8 james here some jsut for ya
Fri Jun 20 00:55:00 PDT 2014 --  Goodtimes Goodtimes is happening!!!
Tue Jun 10 18:29:35 PDT 2014 --  Pittbull is happining
Tue Jun 10 07:46:00 PDT 2014 --  I love seeing her FACCCCCCE
Fri Jun 06 02:44:18 PDT 2014 --  TGIF!!!!
Thu Jun 05 16:15:19 PDT 2014 --  BRANTLEY - IM GONE
Wed Jun 04 10:31:31 PDT 2014 --  Tattooing is happining on the Bear
Tue Jun 03 18:45:06 PDT 2014 --  RT @NFL_CFB: Russell Wilson Watch: 10 graduate transfers that could make BIG impact in '14 http://on.nfl.com/1kBmhzG  pic.twitter.com/hoQeAfrSiF
Tue Jun 03 18:37:42 PDT 2014 --  Learn to appreciate what you have, before time makes you appreciate what you had.
Tue Jun 03 18:30:24 PDT 2014 --  Kitkats & snickers is happening
Tue Jun 03 13:52:19 PDT 2014 --  Scatterbrain!!!
Tue Jun 03 11:25:42 PDT 2014 --  undecited
Mon Jun 02 13:05:44 PDT 2014 --  Dimples are so sexy.
Mon Jun 02 14:05:32 PDT 2014 --  Someone you can be yourself around.
Mon Jun 02 17:36:13 PDT 2014 --  Being in love means being yourself. So when you find someone who accepts and appreciates you for who and what you are, never let them go.
Mon Jun 02 18:06:18 PDT 2014 --  When you love someone, even though they hurt you and break your heart, you still love them with all the little pieces.
Mon Jun 02 20:05:37 PDT 2014 --  The first to apologize is the bravest. The first to forgive is the strongest. The first to forget is the happiest.
Mon Jun 02 21:05:23 PDT 2014 --  The way they smile after you kiss
Mon Jun 02 23:35:58 PDT 2014 --  There are so many things can make you happy. Don't focus too much on things that make you sad.
Mon Jun 02 23:05:19 PDT 2014 --  Problems never absent in life. If you can't manage your perspective, you'll never enjoy your life.
Mon Jun 02 22:36:32 PDT 2014 --  Good relationships don't just happen. They take time, patience and two people getting through all the hard times together.
Tue Jun 03 00:35:24 PDT 2014 --  Insomnia is happening
Mon Jun 02 22:03:39 PDT 2014 --  Goodnight to all
Mon Jun 02 15:24:06 PDT 2014 --  Amazing potato casorole!
Mon Jun 02 06:35:53 PDT 2014 --  Getting ariels texting done hoping outcome is ok
Fri May 30 22:47:46 PDT 2014 --  pic.twitter.com/4euMhSsCrD
Fri May 30 22:38:21 PDT 2014 --  Home early b careful
