Thu Aug 27 10:38:49 PDT 2015 --  Well well @PSV, guess we'll see each other soonðŸ¼ #CL
Thu Aug 27 10:44:50 PDT 2015 --  Picture: Winner of "Best Player in Europe" award is revealed #fcblive [via @__f83] pic.twitter.com/ue22ogMfI0
Thu Aug 27 09:44:38 PDT 2015 --  Great games coming up against Eindhoven, Moscow and Wolfsburg! #UCLdraw #mufc
Wed Aug 26 12:07:01 PDT 2015 --  Good finish from WAZZA #ManUtd
Wed Aug 26 11:40:57 PDT 2015 --  Let's goo! #clubbrugge #ManUtd
Wed Aug 26 09:52:48 PDT 2015 --  What we know about the Virginia shooting of a TV reporter and photographer: http://nyti.ms/1NUCBay  pic.twitter.com/T7JJ7wOlF7
Tue Aug 25 09:55:01 PDT 2015 --  Celebrating 10 years since Ronaldinho broke the internet with the first YouTube video to reach 1 million views. https://amp.twimg.com/v/8f3c3748-8253-4380-a2ff-94abce8c87c5 …
Mon Aug 24 09:52:28 PDT 2015 --  Excited for #ARSLIV match today!
Sun Aug 23 10:01:33 PDT 2015 --  Penalty miss by Messi
Sat Aug 22 17:13:30 PDT 2015 --  Know yourself, know your worth
Fri Aug 21 09:11:10 PDT 2015 --  Happy birthday @jeremy_dsilva Hope it's a good one!
Wed Aug 19 21:12:36 PDT 2015 --  Happy birthday @simonne_varela Hope it's a good one!
Tue Aug 18 21:43:39 PDT 2015 --  pic.twitter.com/37lqtAdLko
Tue Aug 18 14:07:17 PDT 2015 --  Check out Memphis Depay's two brilliant #SCtop10 goals. http://es.pn/1HUrCZu 
Tue Aug 18 10:05:41 PDT 2015 --  In the middle of every difficulty lies opportunity
Tue Aug 18 04:57:50 PDT 2015 --  Pedro to Man Utd
Mon Aug 17 22:35:00 PDT 2015 --  I think Man United will top this year's Premier League @TalkTalk_UK #halfpriceskysports http://bit.ly/1MSArrz 
Mon Aug 17 22:05:05 PDT 2015 --  This Is What It Means to Embrace Failure http://entm.ag/1PITJ2N  by @JeremyBloom11
Mon Aug 17 11:15:47 PDT 2015 --  After two #BPL wins we want to lay the foundation of qualifying for the #UCL against Club Brugge tomorrow! #mufc pic.twitter.com/08AB8dZM9x
Mon Aug 17 07:52:01 PDT 2015 --  Good luck on your first exhibition game today @MikeyMatic9 Do your best!
Mon Aug 17 07:29:37 PDT 2015 --  25.4 - Morgan Schneiderlin has run further than any other Premier League player this season (25.4km). Eager.
Sun Aug 16 08:31:56 PDT 2015 --  It was coming... #aguero
Sun Aug 16 08:17:24 PDT 2015 --  Aguero is killing Chelsea's defense
Sun Aug 16 08:02:21 PDT 2015 --  That would of been something if Aguero scored
Fri Aug 14 12:36:17 PDT 2015 --  Good finish from Januzaj to put #Mufc in the lead
Thu Aug 13 05:00:03 PDT 2015 --  The perks of playing for Manchester United. All senior players & staff get a free Chevrolet car of their choice. pic.twitter.com/GHr43rPpUc
Tue Aug 11 14:09:48 PDT 2015 --  PEDRO!
Tue Aug 11 13:25:17 PDT 2015 --  Brilliant comeback from Sevilla #SuperCup
Tue Aug 11 12:54:47 PDT 2015 --  SUAREZ!
Tue Aug 11 12:02:40 PDT 2015 --  Messi, Messi, Messi...
Tue Aug 11 11:54:18 PDT 2015 --  2 free kicks in 7 mins #Uefa #Supercup
Sun Aug 09 19:37:44 PDT 2015 --  I wish you ever bit of success at Duquesne University. You were one of my best friends on and off the pitch @noahmehta10
Sat Aug 08 22:12:47 PDT 2015 --  Grateful to be surrounded with such great people
Sat Aug 08 05:36:22 PDT 2015 --  @jv_Futskills happy birthday buddy don't get too wasted today
Sat Aug 08 01:07:47 PDT 2015 --  @jv_Futskills happy birthday , God bless u family
Fri Aug 07 21:26:35 PDT 2015 --  @jv_Futskills happy birthday scholesy
Fri Aug 07 04:05:21 PDT 2015 --  #BPL returns tomorrow morning! Couldn't be more excited :) #MUFC
Fri Jul 31 07:17:51 PDT 2015 --  Greetings from Old Trafford! @ManUtd pic.twitter.com/dyW8ANnQ6z
Wed Jul 29 18:48:21 PDT 2015 --  GOAL! VILLA!
Wed Jul 29 18:45:09 PDT 2015 --  GOAL! KAKA! #MLSAllstar2015
Wed Jul 29 18:44:44 PDT 2015 --  Penalty to MLS Allstars
Sun Jul 26 17:00:03 PDT 2015 --  BREAKING: We're pleased to announce Argentina goalkeeper Sergio Romero has signed on a three-year deal #WelcomeRomero pic.twitter.com/rnFiZXvoxH
Sun Jul 26 13:16:47 PDT 2015 --  One picture. Two Legends. pic.twitter.com/WQHFE3q9Gs
Sun Jul 26 13:27:50 PDT 2015 --  "Rivals are trying to buy the title" - Jose Mourinho pic.twitter.com/3lvXIrQn6a
Sat Jul 25 13:13:54 PDT 2015 --  GOAL! ROONEY! #MUtour
Sat Jul 25 13:11:57 PDT 2015 --  De Gea is the best goalie in the world
Sat Jul 25 13:11:13 PDT 2015 --  Nice free kick from Suarez
Sat Jul 25 12:32:02 PDT 2015 --  Come on, Red Devils! @ManUtd - @FCBarcelona
Fri Jul 24 15:54:02 PDT 2015 --  New signings settle in & @diegocosta shows he's magic off the pitch too. Go Around the Clubs: http://bit.ly/RoundUp2407  pic.twitter.com/PIZEuozyQr
Thu Jul 16 11:00:21 PDT 2015 --  Raheem Sterling and Willian in what could be the most perfectly timed picture of last season. pic.twitter.com/UyA3J8WZ1W
Mon Jul 13 12:45:51 PDT 2015 --  Badstuber and Schweinsteiger pic.twitter.com/RU3t5AryZv
Mon Jul 13 07:22:00 PDT 2015 --  Let's go to #USA! Big welcome to our new teammates! #MUtour @ManUtd pic.twitter.com/MdI5Um5wSl
Mon Jul 13 05:30:10 PDT 2015 --  #mufc is delighted to announce the signing of @BSchweinsteiger from Bayern Munich on a 3-year contract. #WelcomeBasti pic.twitter.com/jGcC2K1HLD
Mon Jul 13 05:45:08 PDT 2015 --  #mufc is also pleased to announce @SchneiderlinMo4 has joined from Southampton. #WelcomeMorgan pic.twitter.com/SqDQXS35Xd
Sun Jul 05 16:15:41 PDT 2015 --  HOLY SHIT
Sun Jul 05 15:58:29 PDT 2015 --  #WWC2015 #USA
Sat Jul 04 15:48:49 PDT 2015 --  Cool and confident penalty from Alexis
Fri Jul 03 13:32:40 PDT 2015 --  Video: MSN - Nutmeg Show #fcblive [via @hamood_junior11] pic.twitter.com/PdNCbLr3DH
Tue Jun 30 14:15:55 PDT 2015 --  On to penalties #U21EURO
Sat Jun 27 18:39:07 PDT 2015 --  USA vs Germany will definitely be a good match #WWC2015
Sat Jun 27 10:40:10 PDT 2015 --  Manchester United reportedly makes 2nd offer of about £35.4 million for Sergio Ramos. http://thesco.re/1LNuDiA  pic.twitter.com/zcaMgmBEyn
Fri Jun 26 14:39:39 PDT 2015 --  Man this game is actually sick #GERFRA
Fri Jun 26 14:39:18 PDT 2015 --  GOAL!!!
Fri Jun 26 14:38:56 PDT 2015 --  Penalty to Germany #WWC2015
Wed Jun 24 08:30:23 PDT 2015 --  happy 28th birthday to the best player in the world pic.twitter.com/Akhb8bYcD1
Mon Jun 22 18:10:50 PDT 2015 --  Morgan! #FIFAWWC
Sun Jun 21 12:54:11 PDT 2015 --  Allez les bleus
Sun Jun 21 10:41:52 PDT 2015 --  Nasty strike from Lingard #U21EURO
Sun Jun 21 05:37:56 PDT 2015 --  Happy Father Day Dad.. Thanks for always supporting me over the years. #HappyFathersDay pic.twitter.com/gCC0EY411w
Fri Jun 19 08:17:14 PDT 2015 --  Your move, George R.R. Martin. pic.twitter.com/IfgkhHaoXI
Fri Jun 19 05:56:05 PDT 2015 --  NicolÃ¡s Otamendi has handed in a transfer request at Valencia because he wants to play with Ãngel Di MarÃ­a.
Mon Jun 15 17:35:40 PDT 2015 --  Don't know where I'd be without my parents, truly blessed
Sun Jun 14 15:25:23 PDT 2015 --  #GameofThronesFinale today!
Thu Jun 11 02:01:55 PDT 2015 --  Top 5 highest paid athletes in 2015: 1. Mayweather - £193M 2. Pacquiao - £103M 3. Ronaldo - £51M 4. Messi - £47.5M 5. Federer - £43M
Mon Jun 08 16:58:45 PDT 2015 --  Fantastic goal from Australia
Mon Jun 08 16:44:33 PDT 2015 --  Hope Solo is nasty
Sat Jun 06 09:14:57 PDT 2015 --  8 years ago Carlos Tevez and Mascherano faced a relegation battle with West Ham. Tonight they're in the UCL final. pic.twitter.com/Kwtl9hktQl
Sat Jun 06 06:23:38 PDT 2015 --  How Dani Alves prepares for the Champions League final. pic.twitter.com/mJ3O5tWRrP
Tue Jun 02 16:53:11 PDT 2015 --  Cyle Larin has my vote for the 2015 AT&T #MLSAllStar Game http://soc.cr/Nw4kz 
Mon Jun 01 18:38:11 PDT 2015 --  Happy birthday @_idsouza hope it was a good one fam!
Mon Jun 01 18:36:17 PDT 2015 --  This week on twitter: No new followersOne new unfollower and followed One person via http://uapp.ly 
Wed May 27 07:33:47 PDT 2015 --  Drunk Liverpool players sing the Kolo/Yaya Touré chant on holiday in Dubai. pic.twitter.com/dqGCxEizfq
Wed May 27 09:57:08 PDT 2015 --  Neymar's dad: "My son told me that the dream of playing one game with Messi is bigger than playing a full season with Cristiano Ronaldo."
Tue May 26 18:06:30 PDT 2015 --  This week on twitter: 2 new followers, 3 new unfollowers and followed One person via http://uapp.ly 
Tue May 26 16:26:22 PDT 2015 --  BUYOUT! Sr Boys Soccer ROPSSAA Finals. Tickets go on sale tomorrow. ONE DAY only! Game is Thursday at 12:00 $2.00/ticket. (c)
Tue May 26 14:05:38 PDT 2015 --  AHHHHH OFSAA BOUND AND ROPSSAA FINALS
Tue May 26 03:45:54 PDT 2015 --  Scholes vs. Gerrard. pic.twitter.com/2o2I3ivTZp
Sun May 24 13:35:26 PDT 2015 --  COUNTDOWN: 76 days to go until the 2015/16 Premier League season kicks off.
Sun May 24 13:21:16 PDT 2015 --  Van Gaal: "Falcao is a top professional & a good human being. On behalf of everyone at #mufc, I would like to wish him well for the future."
Sun May 24 13:20:57 PDT 2015 --  #mufc can confirm that @Falcao has returned to Monaco after his loan spell with the Reds. http://bit.ly/1cV67jC  pic.twitter.com/ND5vNP6E4R
Sun May 24 04:47:34 PDT 2015 --  The Premier League loses three legends today. They will be sorely missed. pic.twitter.com/4wZELDYy3M
Wed May 20 17:57:27 PDT 2015 --  This week on twitter: No new followers and followed One person via http://uapp.ly 
Tue May 19 15:06:30 PDT 2015 --  Van Gaal reminding Ryan Giggs who the boss is. pic.twitter.com/qICuJr35Yl
Tue May 19 15:03:10 PDT 2015 --  Drunk LVG is the best http://twitter.com/Giggseh/status/600782706247606272/video/1 …
Tue May 19 15:08:23 PDT 2015 --  Louis tells it like it is. #MUFC #mufcpoty https://vine.co/v/eADlOIJIBpp 
Sun May 17 08:31:29 PDT 2015 --  Let's gooooo!
Sun May 17 08:31:12 PDT 2015 --  All the arsenal defenders are so worried about Fellaini that they forgot about Herrera at the back post
Sun May 17 07:59:42 PDT 2015 --  Let's gooooo @ManUtd
Sun May 17 07:20:15 PDT 2015 --  Happy Birthday @noahmehta10 My midfield partner in crime Hope you have a great day! Scholes > Sneijder
Sun May 17 07:18:32 PDT 2015 --  Happy Birthday @MikeyMatic9 I hope you have a great day today fam! Keep working hard Guess who my supply teacher was on Friday?
Sat May 16 04:35:36 PDT 2015 --  Who's the Premier Leagues best ever Midfielder ? RT: Scholes FAV: Gerrard pic.twitter.com/iaD774c40Y
Fri May 15 15:56:19 PDT 2015 --  Bastian Schweinsteiger never skipped leg day pic.twitter.com/4touM3P2oA
Thu May 14 17:38:34 PDT 2015 --  This week on twitter: One new follower and followed One person via http://uapp.ly 
Fri May 08 16:38:29 PDT 2015 --  This week on twitter: No new followers and followed 3 people via http://uapp.ly 
Thu May 07 13:05:57 PDT 2015 --  Victory is sweetest when you've known defeat
Thu May 07 03:36:59 PDT 2015 --  #mufc has reached an agreement with PSV Eindhoven & Memphis Depay for the player's transfer, subject to a medical. pic.twitter.com/RdrJglzQGv
Thu May 07 04:32:08 PDT 2015 --  Glad to hear that Memphis Depay will join United
Wed May 06 19:33:04 PDT 2015 --  Brilliant! pic.twitter.com/2iqyW74USZ
Wed May 06 17:10:38 PDT 2015 --  I been on some it's whatever type shit lately
Wed May 06 13:24:24 PDT 2015 --  Before I die I need to watch Messi play
Wed May 06 13:47:58 PDT 2015 --  whoever still thinks Ronaldo is better than Messi deserves to get slapped
Wed Oct 29 03:50:43 PDT 2014 --  hardly hardly hardly forget anything.
Sun May 03 07:41:26 PDT 2015 --  All-time Premier League titles: Man Utd - 13 Chelsea - 4 Arsenal - 3 Man City - 2 Blackburn - 1 pic.twitter.com/MCuoUXwQeE
Sat May 02 21:52:38 PDT 2015 --  People can loathe Mayweather all they like, but nobody's beaten him & I doubt they will. He's a brilliant boxer.
Sat May 02 22:01:48 PDT 2015 --  Ok fight. Best part was Jimmy Kimmel coming out dressed as Bieber with a PacMan t shirt eating mini Mayweather heads.
Sat May 02 20:48:58 PDT 2015 --  Theres a flipping` glow around Pac Man like a halogen light!
Sat May 02 17:31:47 PDT 2015 --  Floyd Mayweather will earn Lionel Messi's yearly salary in 5 minutes tonight.
Sat May 02 16:07:34 PDT 2015 --  This week on twitter: 3 new followers, 2 new unfollowers and followed 4 people via http://uapp.ly 
Sat May 02 12:19:39 PDT 2015 --  Happy birthday @tim_mahabir Keep working hard bro!
Fri May 01 05:24:06 PDT 2015 --  Reus & Lewandowski still a better love story than Twilight! http://vine.co/v/e7r1U7g5e6w 
Fri May 01 10:33:36 PDT 2015 --  Louis van Gaal on Pereira deal: "Andreas has all the attributes to become an integral part of the first team." #mufc pic.twitter.com/EGUrdqO37U
Fri May 01 10:30:04 PDT 2015 --  BREAKING: Andreas Pereira signs new deal, keeping him at #mufc until at least June 2018. More: http://bddy.me/1E2abEF  pic.twitter.com/4TTVyya9Hc
Thu Apr 30 13:46:54 PDT 2015 --  Happy birthday little bro! @paty_luke Keep working hard and good things will come! Have a good one bro
Wed Apr 29 13:31:55 PDT 2015 --  Huge difference http://twitter.com/SaeedCule/status/593511865486979072/video/1 …
Tue Apr 28 13:40:28 PDT 2015 --  Thiago Alacantra! https://vine.co/v/eWYIUYBP2vp 
Tue Apr 28 14:30:02 PDT 2015 --  Jürgen Klopp's celebration is pure gold. Totally oblivious to his opposite number Pep Guardiola. pic.twitter.com/ug6MDrgjo7
Tue Apr 21 07:42:18 PDT 2015 --  Keep your focus on what matters the most.
Mon Apr 27 13:11:38 PDT 2015 --  It's fight week! #MayPac
Tue Apr 28 05:03:00 PDT 2015 --  Happs @SheWantsJ keep working hard man!
Tue Apr 28 02:55:25 PDT 2015 --  HAPPY BIRTHDAY On the day @juanmata8 turns 27, enjoy one of his finest #BPL moments... https://amp.twimg.com/v/d1b68c15-86b3-4edb-8c5a-34b87c4c5ee3 …
Tue Apr 28 03:55:58 PDT 2015 --  Happy birthday to this #8 genius @juanmata8
Sat Apr 25 04:51:07 PDT 2015 --  Manny Pacquiao is cold blooded pic.twitter.com/IPo8w3ygh8
Sun Apr 26 11:00:35 PDT 2015 --  @CyleLarin about to put it down on the 6ix tonight. #ORLvsTFC
Sun Apr 26 05:37:25 PDT 2015 --  How'd he miss that
Sun Apr 26 05:37:13 PDT 2015 --  Fellaini!!
Sun Apr 26 04:30:11 PDT 2015 --  United XI: De Gea, Valencia, Smalling, McNair, Shaw, Blind, Herrera, Mata, Fellaini, Young, Rooney. #mufclive pic.twitter.com/s2n1qcd3qX
Sun Apr 26 04:32:23 PDT 2015 --  Throwback to the best advert of 2014. https://amp.twimg.com/v/6fb700e1-b005-45b5-afb0-d8669128201f …
Sat Apr 25 18:40:14 PDT 2015 --  1 week until the fight. #MayPac pic.twitter.com/V4JNClKIBV
Sat Apr 25 16:17:58 PDT 2015 --  This week on twitter: 2 new followers and followed 4 people via http://uapp.ly 
Fri Apr 24 11:45:25 PDT 2015 --  IIkay Gundogan to Man Utd
Wed Apr 22 13:31:06 PDT 2015 --  Chichaaaaaaaaa
Wed Apr 22 13:30:09 PDT 2015 --  Well done Ronaldo
Wed Apr 22 10:02:05 PDT 2015 --  My good friends stop me from doing stupid things. My best friends do them with me.
Tue Apr 21 18:21:43 PDT 2015 --  11 days to go. #TeamPacquiao #MayPac pic.twitter.com/94CWCCiKH4
Tue Apr 21 19:04:47 PDT 2015 --  You guys are amateurs.. Me and @noahmehta10 will take you https://twitter.com/delucz_10/status/590684907132817408 …
Tue Apr 21 07:00:03 PDT 2015 --  High school teachers with Peel District School Board set May 4 strike date http://www.cp24.com/news/high-school-teachers-with-peel-district-school-board-set-may-4-strike-date-1.2337412 … pic.twitter.com/3YihepbFSP
Tue Apr 21 12:21:51 PDT 2015 --  4-0?
Tue Apr 21 11:59:34 PDT 2015 --  Class
Tue Apr 21 11:59:21 PDT 2015 --  Iniesta, Iniesta, Iniesta
Sun Apr 19 15:39:26 PDT 2015 --  This week on twitter: One new follower, 3 new unfollowers and followed One person via http://uapp.ly 
Sun Apr 19 11:32:05 PDT 2015 --  Jose Mourinho v Louis van Gaal pic.twitter.com/jyPzBmdViz
Sun Apr 19 11:32:32 PDT 2015 --  Manchester United have made an official enquiry for Memphis Depay, says PSV technical director Marcel Brands.
Sat Apr 18 14:16:47 PDT 2015 --  Game soon vs Akron
Sat Apr 18 13:21:38 PDT 2015 --  We deserved more. I'm proud of the team.We must keep improving//Merecimos más,orgulloso del equipo.A seguir mejorando pic.twitter.com/oV6b8Cu71R
Sat Apr 18 11:35:41 PDT 2015 --  Chelsea without Hazard are nothing
Sat Apr 18 11:25:35 PDT 2015 --  Go check out my boy @lethalkwams new project , this website is sick if you're into kicks http://heatculture.com/c/ 
Fri Apr 17 16:06:07 PDT 2015 --  You can make a million excuses or you can make a million dollars.
Thu Apr 16 12:22:56 PDT 2015 --  An honour to be nominated for the @PFA awards Many thanks to all my teammates for making it possible #PFAawards pic.twitter.com/fwsCx0yJ2Y
Wed Apr 15 11:56:00 PDT 2015 --  What's going on with Bayern?
Mon Apr 13 15:11:06 PDT 2015 --  This week on twitter: 2 new followers, One new unfollower and followed 2 people via http://uapp.ly 
Sun Apr 12 14:40:42 PDT 2015 --  CYLE LARIN!
Sun Apr 12 10:35:53 PDT 2015 --  Buzzing with the result and nice to chip in with a goal!! Manchester is Red @ManUtd #MUFC pic.twitter.com/ibi6EVf9aG
Sun Apr 12 10:20:31 PDT 2015 --  Manchester is Red #MUFC pic.twitter.com/SG14boX2QS
Sun Apr 12 10:58:51 PDT 2015 --  Manchester City bought that many Arsenal players that they've ended up 4th.
Sun Apr 12 11:14:49 PDT 2015 --  Manchester is Red #MUFC #GGMU
Sun Apr 12 11:32:15 PDT 2015 --  Always nice to win a derby. Thanks to the fans who were brilliant today. Important 3 points
Sun Apr 12 08:08:12 PDT 2015 --  COME ON UNITED
Sun Apr 12 08:09:02 PDT 2015 --  What the hell is our defense doing
Fri Apr 10 21:45:24 PDT 2015 --  Long talk gets boring , actions speak louder than words and that's facts
Fri Apr 10 21:42:58 PDT 2015 --  Happy birthday bro! Hope it's a good one! @JustinHolness
Fri Apr 10 06:17:36 PDT 2015 --  pic.twitter.com/JYXSFgVRvg
Wed Apr 08 17:40:11 PDT 2015 --  TFC Announces Friendly Against @MCFC. http://bit.ly/1y4lm3v  pic.twitter.com/9M3jekXbix
Tue Apr 07 14:03:38 PDT 2015 --  This week on twitter: 3 new followers, One new unfollower and followed 4 people via http://uapp.ly 
Tue Apr 07 07:31:14 PDT 2015 --  Barcelona pic.twitter.com/hGQ6aoPojZ
Sun Apr 05 09:58:32 PDT 2015 --  In 2 weeks @SigmaFC will play Richmond Laryea and the @ZipsMSoc in a pre season friendly pic.twitter.com/BaKsNyNqf4
Sun Apr 05 08:23:45 PDT 2015 --  Sir Alex Ferguson on Cristiano Ronaldo. pic.twitter.com/n5c09bDKcK
Sat Apr 04 11:18:24 PDT 2015 --  Don't make training easy. Make it harder so that you will get better.
Sat Apr 04 10:16:45 PDT 2015 --  CHARLIE ADAM!
Sat Apr 04 10:15:31 PDT 2015 --  4 fucking goal of the year nominees in one gameweek! One day! #EPL #gottaloveit
Sat Apr 04 09:34:53 PDT 2015 --  ALL-TIME TOP #BPL GOALSCORERS 260 - Alan Shearer 187 - Andy Cole 185 - Wayne Rooney pic.twitter.com/TQTCuaopwk
Sat Apr 04 08:41:35 PDT 2015 --  Rooney had no business scoring that goal
Sat Apr 04 08:41:13 PDT 2015 --  Nothing but class from Wayne Rooney
Fri Apr 03 13:42:35 PDT 2015 --  Gary Neville on Cristiano Ronaldo! pic.twitter.com/kLJP5ap8Jx
Thu Apr 02 11:55:58 PDT 2015 --  Xabi Alonso and Mikel Arteta as kids together at Real Sociedad. Arsene Wenger in the back? pic.twitter.com/eeY97KTCex
Wed Apr 01 13:34:10 PDT 2015 --  This week on twitter: 3 new followers, One new unfollower and followed 2 people via http://uapp.ly 
Mon Mar 30 18:20:00 PDT 2015 --  GOAAAAAAAAAL @CyleLarin just scored his first goal for the @CanadaSoccerEN . Congrats Cyle and many more to come
Sun Mar 29 16:13:16 PDT 2015 --  #TFCLive
Sun Mar 29 14:42:08 PDT 2015 --  The key element is perseverance because it's so easy to quit. When you fail, you get up and start again.
Fri Mar 27 12:52:46 PDT 2015 --  WAZZA! #EngLit
Thu Mar 26 13:04:19 PDT 2015 --  This week on twitter: 3 new followers, 2 new unfollowers and followed One person via http://uapp.ly 
Mon Mar 23 14:15:14 PDT 2015 --  Fenerbahce striker demands substitution after being booed, allegedly racially abused by fans. http://foxs.pt/1C5vast  pic.twitter.com/EPYT1YfS8l
Sun Mar 22 07:46:33 PDT 2015 --  #mata
Sun Mar 22 07:34:55 PDT 2015 --  #Gerrard
Sun Mar 22 07:34:35 PDT 2015 --  All that experience, yet he gets a red card after being 42 seconds on the pitch
Sat Mar 14 21:25:22 PDT 2015 --  This week on twitter: One new follower, One new unfollower and followed One person via http://uapp.ly 
Wed Mar 11 13:35:44 PDT 2015 --  I never want this game to end. #PSGCHELSEA
Wed Mar 11 06:15:01 PDT 2015 --  Two legends were born today! @rileypatrick97 and @didierdrogba Take your pick ;) pic.twitter.com/mCAUzfFbR1
Tue Mar 10 14:01:44 PDT 2015 --  Happy to see Modric back from injury
Mon Mar 09 14:07:17 PDT 2015 --  F U Danny
Sun Mar 08 20:01:39 PDT 2015 --  This week on twitter: 4 new followers, 5 new unfollowers and followed One person via http://uapp.ly 
Sat Mar 07 06:09:24 PST 2015 --  Season opener vs. Vancouver Whitecaps tonight... Let's go TFC!
Wed Mar 04 18:56:19 PST 2015 --  #SuitsFinale
Wed Mar 04 14:08:29 PST 2015 --  Happy birthday bro! @aygeerow
Wed Mar 04 13:32:12 PST 2015 --  Thank you De Gea
Wed Mar 04 13:31:47 PST 2015 --  Good hustle from Rooney!
Wed Mar 04 13:31:32 PST 2015 --  YOUNG!
Mon Mar 02 08:05:55 PST 2015 --  Grind. pic.twitter.com/uZQ1G8V9A8
Sun Mar 01 18:08:00 PST 2015 --  This week on twitter: 4 new followers, 3 new unfollowers and followed One person via http://uapp.ly 
Sun Mar 01 16:36:33 PST 2015 --  "7 things i learned before 17" http://twitter.com/FreddyAmazin/status/572185897791201281/photo/1pic.twitter.com/vBHAtUwsNj 
Sun Mar 01 09:09:35 PST 2015 --  Chelsea defence (Ivanovic, Terry, Zouma, Cahill, Azpilicueta) in 14/15: 16 goals 13 assists pic.twitter.com/m8t1lp1g8d
Sat Feb 28 12:03:23 PST 2015 --  Fancy footwork + Giovinco golazo pic.twitter.com/rmWXU27qAS
Fri Feb 27 14:50:29 PST 2015 --  Paul Scholes: "Messi is a genius and it only takes a second for him to trick you into doing something daft – I should know!" [independent]
Fri Feb 27 03:32:44 PST 2015 --  Sir Alex Ferguson during the 1999 Champions League Final. pic.twitter.com/cfsPtfBPd2
Wed Feb 25 19:52:16 PST 2015 --  #SaveDonna
Wed Feb 25 19:51:54 PST 2015 --  Intense #Suits show
Wed Feb 25 12:23:34 PST 2015 --  Nasty Goal
Tue Feb 24 13:39:38 PST 2015 --  Can't even head a ball. #Messi
Mon Feb 23 17:36:39 PST 2015 --  This week on twitter: 5 new followers, 3 new unfollowers and followed 6 people via http://uapp.ly 
Sun Feb 22 13:34:41 PST 2015 --  May 2, 2015 #TMT
Fri Feb 20 16:28:04 PST 2015 --  I dedicate this fight to all the fans who willed this fight to happen and, as always, to bring glory to the Philippines.
Fri Feb 20 16:27:12 PST 2015 --  I am very happy that Floyd Mayweather and I can give the fans the fight they have wanted for so many years.
Fri Feb 20 10:26:04 PST 2015 --  SIGMA A1 complete first half of the day against @oaklandu and will play next matches at 3:30 pm against @VardarUSDA pic.twitter.com/1xMP8b0yq4
Fri Feb 20 07:48:02 PST 2015 --  All we have are our dreams, and you can step on our dreams and ideas all you want, but we won’t stop fighting.
Tue Feb 17 12:23:33 PST 2015 --  Ivanovic
Mon Feb 16 17:01:32 PST 2015 --  This week on twitter: One new follower, One new unfollower and followed One person via http://uapp.ly 
Mon Feb 16 15:22:47 PST 2015 --  Stop it Messi http://vine.co/v/OPY0tOe6V36 
Fri Feb 13 06:00:38 PST 2015 --  Yesterday is gone. Today is up for grabs. Do something and be remembered. Take it. https://amp.twimg.com/v/f12f9ecd-90ff-4dcf-8988-07e46e533cca …
Thu Feb 12 03:28:03 PST 2015 --  On this day in 2011 pic.twitter.com/wgJdI0QwQ9
Thu Feb 12 04:06:40 PST 2015 --  An important win to get back up to third place. Now our minds are on the FA Cup. Thanks for your support! @ManUtd_Es pic.twitter.com/goICH0yIdr
Tue Feb 10 16:31:46 PST 2015 --  This week on twitter: One new follower and followed 2 people via http://uapp.ly 
Tue Feb 10 12:27:00 PST 2015 --  Kane!
Tue Feb 10 04:23:07 PST 2015 --  Happy Birthday bro @coreymarquess Hope you have a good one! Been missing you on the pitch
Sun Feb 08 17:52:17 PST 2015 --  Sick performance by Kanye
Sat Feb 07 07:43:26 PST 2015 --  Nasty free kick by Alaba
Sat Feb 07 07:32:22 PST 2015 --  What is Drogba doing for Chelsea
Fri Feb 06 14:00:24 PST 2015 --  Just finished watching Whiplash and its a pretty good movie
Thu Feb 05 10:42:13 PST 2015 --  His reaction explains it all https://vine.co/v/OFI2tPUhqF1 
Wed Feb 04 15:57:32 PST 2015 --  This week on twitter: 3 new followers, One new unfollower and followed 3 people via http://uapp.ly 
Tue Feb 03 15:26:13 PST 2015 --  Onto the next round! Well done boys. #FaCup pic.twitter.com/6aGSmIZbNn
Tue Feb 03 13:56:52 PST 2015 --  FT at Old Trafford: Manchester United 3-0 Cambridge United. Man United move on to the FA Cup 5th round. #FACuponFOX pic.twitter.com/JYNnXiA4Cr
Tue Feb 03 13:38:10 PST 2015 --  Wilson! #ManUtd
Mon Feb 02 16:28:18 PST 2015 --  Fletcher scored 24 goals for #mufc, including this winner against Chelsea in 2005. #thankyoufletch https://vine.co/v/OFaKiJThIaJ 
Sun Feb 01 13:31:19 PST 2015 --  Leo Messi has now scored 342 goals in his last 342 official games with Barcelona. [ @2010MisterChip]. pic.twitter.com/hYD8J82SK9
Sat Jan 31 10:48:57 PST 2015 --  Awkward. pic.twitter.com/RmPY5bnPTv
Sat Jan 31 10:15:26 PST 2015 --  Aguero!
Sat Jan 31 10:12:15 PST 2015 --  Well done to Hazard
Sat Jan 31 10:11:57 PST 2015 --  Someone tell me why Kompnay let that pass go
Thu Jan 29 15:22:48 PST 2015 --  This week on twitter: 4 new followers and followed 4 people via http://uapp.ly 
Thu Jan 29 09:29:01 PST 2015 --  Happs to my longtime friend @BrunoFRinaldi Little tb to when we were thugs pic.twitter.com/eR0FP7gilx
Wed Jan 28 19:02:14 PST 2015 --  #Suits
Wed Jan 28 05:14:13 PST 2015 --  For every RT or tweet using #BellLetsTalk today, Bell will donate 5¢ to #MentalHealth Start Now! #sigmafc pic.twitter.com/rpCDbm4v5y
Wed Jan 28 06:44:49 PST 2015 --  #BellLetsTaIk
Wed Jan 28 06:44:06 PST 2015 --  Happs @katamogz Hope you have a good one!
Tue Jan 27 15:46:01 PST 2015 --  OMG SUITS IS BACK ON TMRW
Tue Jan 27 14:30:55 PST 2015 --  RT to vote for @hazardeden10 as your #CFCvLFC man of the match! pic.twitter.com/Z91SPxw3OU
Tue Jan 27 13:46:08 PST 2015 --  Ivanovic! #CHELIV
Sun Jan 25 06:50:22 PST 2015 --  Messi's complete La Liga stats this season.. pic.twitter.com/oD1U4yuu3b
Fri Jan 23 14:43:04 PST 2015 --  This week on twitter: 3 new followers, 4 new unfollowers and followed 2 people via http://uapp.ly 
Tue Jan 20 13:10:56 PST 2015 --  Long and stressful week ahead #Exams #SATs
Tue Jan 20 12:01:21 PST 2015 --  I can easily beat @FloydMayweather, I believe that.
Tue Jan 20 10:10:06 PST 2015 --  Pirlo's UCL dream team pic.twitter.com/rrEOPHerZB
Tue Jan 20 09:56:34 PST 2015 --  Toronto basketball player likely died from inhaling gum while sleeping http://www.cp24.com/news/toronto-basketball-player-likely-died-from-inhaling-gum-while-sleeping-1.2197446#ixzz3PNxvEbv9 … pic.twitter.com/OFHW9xsSMW
Mon Jan 19 16:49:51 PST 2015 --  Always keep the end in mind , never forget what you're investing your time and energy in , the final result will pay off
Sun Jan 18 09:24:11 PST 2015 --  Giroud
Sat Jan 17 13:17:50 PST 2015 --  This week on twitter: 2 new followers and followed 3 people via http://uapp.ly 
