Sat Aug 29 10:54:28 PDT 2015 --  Same. https://twitter.com/cuteemergency/status/637632111399337984 …
Tue Aug 25 19:00:51 PDT 2015 --  When you make the football team try a stunt since they’re always sayin cheer isn’t a real sport 🏼🏼 pic.twitter.com/ceRCqwdcXc
Tue Aug 25 20:21:14 PDT 2015 --  https://twitter.com/totalsratmove/status/636334801654558721 …
Mon Aug 24 11:27:07 PDT 2015 --  When you get asked to do a celebrity shot in beer pong pic.twitter.com/FyzmMqk6aL
Mon Aug 24 10:26:55 PDT 2015 --  Bid Day feeling like Christmas in July. In August. #TSM
Mon Aug 24 08:12:09 PDT 2015 --  It's BID DAY at @missouristate! RT if you're ready to find out your new home & Favorite if you're ready to welcome your new members!
Sun Aug 23 22:07:01 PDT 2015 --  I can't sleep bc bid day is tomorrow
Sun Aug 23 13:05:19 PDT 2015 --  my boyfriend can be a 10 to me & a 6 to you. but that's okay because he not for you
Sat Aug 22 19:46:03 PDT 2015 --  once you start wearing big t-shirts you never go back to the ones that fit
Fri Aug 21 21:17:04 PDT 2015 --  helping with grocery shopping. pic.twitter.com/XS48FJk91d
Wed Aug 19 08:44:47 PDT 2015 --  me when i go to college pic.twitter.com/S2wkSlzGyc
Wed Aug 19 05:38:00 PDT 2015 --  i either eat 20 meals a day or forget to eat at all there is literally nothing in between
Tue Aug 18 19:45:18 PDT 2015 --  Never trust a man who doesn't own a pair of boots
Tue Aug 18 10:01:25 PDT 2015 --  Professor: "attendance is not mandit.." Me: pic.twitter.com/gM9X4UoMfr
Tue Aug 18 09:30:08 PDT 2015 --  Call me lazy for always taking the Bearline, but I would rather not have back sweat in class
Tue Aug 18 08:30:33 PDT 2015 --  'Shit ton' is actually my favorite unit of measurement
Sun Aug 16 22:09:07 PDT 2015 --  My heart, omg https://twitter.com/dory/status/633089810350108672 …
Sun Aug 16 11:20:47 PDT 2015 --  Story of my life pic.twitter.com/QB3yu7cT2P
Sat Aug 15 06:45:21 PDT 2015 --  Having mixed feelings about going back to school
Fri Aug 14 22:13:46 PDT 2015 --  Passing the MoGEA on the first try>>
Sun Feb 22 12:00:12 PST 2015 --  the original and most underrated man crush, charlie from cheaper by the dozen pic.twitter.com/yxzvyZJFlm
Thu Aug 13 11:03:02 PDT 2015 --  A real man's gun http://vine.co/v/ez9ttOAEgWa 
Wed Aug 05 14:30:07 PDT 2015 --  I got 99 problems but I'm gonna take a nap and ignore them all
Wed Aug 12 18:03:53 PDT 2015 --  Dear future husband pic.twitter.com/5BuZqOkUei
Wed Aug 12 18:15:38 PDT 2015 --  sleeping in a big tshirt with no pants is basically my life
Wed Aug 12 21:44:54 PDT 2015 --  https://twitter.com/grannywinkle/status/631502438277771268 …
Wed Mar 18 19:21:26 PDT 2015 --  pic.twitter.com/qivpu14rir
Wed Aug 12 15:13:29 PDT 2015 --  Aw... https://twitter.com/causewereguys/status/631555932380635136 …
Tue Aug 11 20:32:10 PDT 2015 --  Me af https://twitter.com/psychoticprobs/status/631297054367551488 …
Tue Aug 11 17:44:19 PDT 2015 --  Us every dog day at school @This_Beat_Is___ @CaitlinWhitener https://twitter.com/itsjennamarbles/status/631250050535038976 …
Tue Aug 11 14:17:01 PDT 2015 --  🏼 https://twitter.com/thewolfofwailst/status/630926710301687812 …
Tue Aug 11 11:46:40 PDT 2015 --  I have yet to start packing & I move in four days..
Tue Aug 11 09:45:10 PDT 2015 --  "Shirts cannot be longer than your shorts" oh well there goes my entire wardrobe
Tue Aug 11 08:40:59 PDT 2015 --  Welcome to Missouri State, where we hang Andy Warhol style portraits of @ClifSmart in the residence halls # pic.twitter.com/WCLmkyqB5K
Tue Aug 11 05:00:55 PDT 2015 --  Out with fuckboys, in with nerds: http://ow.ly/QJDXQ 
Mon Aug 10 09:10:12 PDT 2015 --  Rt if you love sweet tea
Mon Aug 10 07:26:58 PDT 2015 --  Why is it that all my money goes to food and clothes but I’m sitting here hungry trying to choose from the same four things I always wear
Mon Aug 10 05:38:04 PDT 2015 --  when youre joking with ur mom and she turns it into life advice pic.twitter.com/1Mi0duyJo9
Tue Aug 04 22:06:38 PDT 2015 --  plz RT pic.twitter.com/uXVNe5Ierb
Sun Aug 09 18:47:20 PDT 2015 --  Basically https://twitter.com/thecoliegelife/status/630544151713554432 …
Sun Aug 09 16:52:05 PDT 2015 --  Mom: "I brought you into this world and I can take you out of it." Me: pic.twitter.com/Mb7leSqE6m
Sun Aug 09 16:20:24 PDT 2015 --  I fucking love when someone figures out the small things that you like by paying such close attention to u instead of u having to tell them
Sun Aug 09 16:00:16 PDT 2015 --  who remembers the roast? pic.twitter.com/KxUCUXzh6I
Mon Jun 22 23:00:22 PDT 2015 --  babygirl > bae
Fri Aug 07 16:57:08 PDT 2015 --  People who drop you off at home and wait until you actually get inside safely to drive off are the kinda people you need in your life
Fri Aug 07 16:45:31 PDT 2015 --  just a few useful college tips for u pic.twitter.com/XxSrYQZPv6
Thu Aug 06 18:50:31 PDT 2015 --  Why did she just ruin my day pic.twitter.com/xL6DvVzKTm
Tue Aug 04 20:20:03 PDT 2015 --  An extra month of summer would be great
Mon Aug 03 18:51:05 PDT 2015 --  Friendzone first team all American pic.twitter.com/vBP9o5RevG
Mon Aug 03 16:25:19 PDT 2015 --  rompers & jumpsuits are cool until you're in a bathroom stall going pee & you're naked
Fri Jul 31 13:22:50 PDT 2015 --  Once you wear an oversized t shirt, you can never go back to wearing ones that actually fit you.
Thu Jul 30 18:59:06 PDT 2015 --  thank you https://twitter.com/vspink/status/626866305115758593 …
Wed Jul 29 22:30:06 PDT 2015 --  Being a gentleman never goes out of style.
Wed Jul 29 19:55:13 PDT 2015 --  Guys who grab your face with both hands when they kiss you win at pretty much everything.
Wed Jul 29 19:36:14 PDT 2015 --  dream date https://twitter.com/country_voices/status/626580508273680388 …
Wed Jul 29 19:01:01 PDT 2015 --  Stop overthinking everything and just go with the flow
Wed Jul 29 17:10:45 PDT 2015 --  me in the summer lol pic.twitter.com/5RRniA6uFu
Wed Jul 29 15:00:41 PDT 2015 --  Big t-shirts and sexy underwear are life
Tue Jul 28 07:10:56 PDT 2015 --  My life https://twitter.com/relatablequote/status/626029006731771905 …
Tue Jul 21 14:58:08 PDT 2015 --  Baby otter dreaming, that is all. https://vine.co/v/bUE6dtWFDIM 
Thu Jul 16 15:07:45 PDT 2015 --  #GrowingUpSouthern you always wave at everyone, regardless if you actually know them or not.
Sat Jul 18 10:17:41 PDT 2015 --  #GrowingUpSouthern Waffle House trips with your friends at 3 in the morning
Sat Jul 18 12:27:30 PDT 2015 --  #GrowingUpSouthern your coach is also your history teacher lol
Sun Jul 19 10:19:02 PDT 2015 --  When we say "bless your heart" & you think we're being a sweetheart....you must not be from the south, bless your heart #growingupsouthern
Thu Jul 23 20:41:27 PDT 2015 --  car goals.. https://twitter.com/BlLLIONAIRES/status/624027102614958080 …
Thu Jul 23 20:03:58 PDT 2015 --  2017 Ford Raptor pic.twitter.com/o1W1i8elnT
Thu Jul 23 19:32:09 PDT 2015 --  https://twitter.com/agapitoleslie/status/624395589157961730 …
Thu Jul 23 08:34:33 PDT 2015 --  #GrowingUpInACatholicSchool when the peace be with you is the best part of mass bc you have 25 seconds to talk to your friends
Wed Jul 22 18:35:15 PDT 2015 --  Absolutely slaying pic.twitter.com/P7Cg9l94EW
Wed Jul 22 19:27:40 PDT 2015 --  I think it's cute when you know that someone is making an effort to make you smile.
Tue Jul 21 19:10:02 PDT 2015 --  True definition of growing up with siblings pic.twitter.com/3MMtMGeFCk
Tue Jul 21 15:26:02 PDT 2015 --  If I date you, my goal is to marry you, build with you, grow with you, I'm not dating you to pass time, I see potential in you
Tue Jul 21 14:09:56 PDT 2015 --  #GrowingUpAGirl *turns around* "can you check?" *walks in front* "nah you good"
Tue Jul 21 09:27:16 PDT 2015 --  #TodaysKidsWillNeverKnow about the world's best couple! http://twitter.com/thefemaleboook/status/621514591122628608/photo/1pic.twitter.com/s2jfcZgLrQ 
Sun Jul 19 01:48:44 PDT 2015 --  #GrowingUpWithSiblings the accuracy pic.twitter.com/bhVrPJ54Xz
Wed Jul 15 18:40:36 PDT 2015 --  I got my dad hooked on Friday Night Lights
Wed Jul 15 08:14:13 PDT 2015 --  I want this to happen http://twitter.com/femaIes/status/621219652518178816/photo/1pic.twitter.com/GOmzWK8d5a 
Thu Jun 11 11:52:24 PDT 2015 --  I CANT BREATHE pic.twitter.com/p3PETjKHJH
Sun Jul 12 17:56:06 PDT 2015 --  https://twitter.com/worddictions/status/613793953620619264 …
Mon Jul 06 20:20:00 PDT 2015 --  This video of Snoop has to brighten your day at least a little pic.twitter.com/pI6ljGeR0e
Mon Jul 06 22:20:12 PDT 2015 --  yes. https://twitter.com/LostAtCollege/status/618261482946600960 …
Mon Jul 06 16:11:16 PDT 2015 --  This just doesn't feel right.. https://twitter.com/TJOshie77/status/618187521302749184 …
Fri Jul 03 16:05:57 PDT 2015 --  I stalk hot girls on insta more than hot dudes. Why u so pretty. How u so candid. How ur makeup so blended. Where u buy that outfit.
Mon Jul 06 13:22:44 PDT 2015 --  losing you was hard, but it was worth it
Sun Jul 05 19:30:27 PDT 2015 --  Is this a real question Netflix? pic.twitter.com/8PkOkalVVg
Sat Jul 04 13:07:07 PDT 2015 --  America. pic.twitter.com/OfuEct0Gq4
Thu Jul 02 11:10:40 PDT 2015 --  If I date you, my goal is to marry you, build with you, grow with you. I'm not dating you to pass time, I see potential in you.
Thu Jul 02 14:38:50 PDT 2015 --  I'd rather be fishing
Tue Jun 30 21:08:17 PDT 2015 --  One of us pretty much 24/7 @Karissaahh @jncraw https://twitter.com/ltsgirlcodes/status/616086507242307584 …
Sun Jun 28 19:30:29 PDT 2015 --  T-shirt w/ no bra and just underwear on is heaven
Sun Jun 28 17:45:00 PDT 2015 --  I'm surprised I'm not in better shape. I run away from my responsibilities almost everyday.
Sun Jun 28 17:01:08 PDT 2015 --  https://twitter.com/ItsFNLQuotes/status/615293635995783168 …
Sat Jun 27 07:46:45 PDT 2015 --  so excited for my babes to be in town @This_Beat_Is___ @CaitlinWhitener
Fri Jun 26 13:10:28 PDT 2015 --  RT if you respect this flag pic.twitter.com/pKllUWbKLs
Fri Jun 26 02:01:03 PDT 2015 --  Relationship goals pic.twitter.com/itdtlcsTMw
Thu Jun 25 19:58:50 PDT 2015 --  https://twitter.com/MST_KA/status/614264483528097792 …
Thu Jun 25 10:04:37 PDT 2015 --  So many people physically graduated high school but mentally never left high school
Thu Jun 25 09:17:03 PDT 2015 --  pic.twitter.com/yxjnDGb5oT
Wed Jun 24 18:43:15 PDT 2015 --  I just wanna go do something fun
Tue Jun 23 19:05:22 PDT 2015 --  we've been lied to, hoodwinked and bamboozled http://twitter.com/FreddyAmazin/status/613151656155283457/photo/1pic.twitter.com/Jb4svEz6Em 
Tue Jun 23 12:56:09 PDT 2015 --  being attacked by kisses is the cutest thing idc
Sun Feb 15 22:58:27 PST 2015 --  This is the cutest thing ever pic.twitter.com/DxY3s6caez
Fri Jun 19 18:49:53 PDT 2015 --  Backroads >>> Highways
Fri Jun 19 19:06:17 PDT 2015 --  Friends that drink together, stay together.
Fri Jun 19 16:00:30 PDT 2015 --  Smash and Riggins pic.twitter.com/Bk4UQ9PSiO
Thu Jun 18 15:24:12 PDT 2015 --  My hair color changes. Like am I dirty blonde or light brown??
Thu Jun 18 21:25:01 PDT 2015 --  omg. https://twitter.com/ItsFNLQuotes/status/611669807201714185 …
Thu Jun 18 17:31:13 PDT 2015 --  this is still one of the greatest things to ever happen http://twitter.com/girlposts/status/611340531122094080/photo/1pic.twitter.com/BoCQpC0yTZ 
Thu Jun 18 07:15:27 PDT 2015 --  I don't pretend to be anything I'm not.... Except sober. I have pretended to be sober a few times
Wed Jun 17 21:18:36 PDT 2015 --  Retweet if you want a Maserati pic.twitter.com/jNoPeh2vSF
Wed Jun 17 17:45:21 PDT 2015 --  I am literally Kourtney K pic.twitter.com/JaGY6C6Duh
Mon Jun 15 20:00:49 PDT 2015 --  I will forever and ever hate the Chicago Blackhawks.
Mon Jun 15 17:42:45 PDT 2015 --  I am literally Kourtney K pic.twitter.com/gqqFVtUu2x
Mon Jun 15 16:00:14 PDT 2015 --  I MISS THIS SO MUCH pic.twitter.com/eImG3mn7NW
Fri Jun 12 08:34:11 PDT 2015 --  https://twitter.com/TurtIeVibes/status/609236323333984256 …
Thu Jun 11 17:03:03 PDT 2015 --  Really want a yeti but it's hard to justify spending $300 dollars on a cooler
Thu Jun 11 12:11:10 PDT 2015 --  Sneak peek at next week's totally NOT boring #GirlCode: http://on.mtv.com/1GAvbdm  pic.twitter.com/rxCPsTKLtO
Thu Jun 11 13:00:52 PDT 2015 --  Amen. https://twitter.com/smasbridge__/status/609022485850402816 …
Tue Jun 02 12:25:38 PDT 2015 --  The picture on the left is not bravery. The picture on the right is bravery. Know the difference. pic.twitter.com/WUyxZAxFkP
Mon Jun 08 22:04:45 PDT 2015 --  I want to be the one thing you never want to lose.
Mon Jun 01 09:27:05 PDT 2015 --  The most difficult girls are usually the keepers.
Mon Jun 08 20:25:00 PDT 2015 --  THIS IS HEAVEN pic.twitter.com/5f269M9Z8T
Mon Jun 08 18:31:13 PDT 2015 --  LUKE BRYAN APPRECIATION TWEET pic.twitter.com/6drpqHIeFJ
Mon Jun 08 20:33:09 PDT 2015 --  Oh hey there! pic.twitter.com/15RQW4vM9P
Sun Jun 07 21:03:49 PDT 2015 --  5 days until OITNB season 3 pic.twitter.com/30Vw6LkgJe
Sun Jun 07 19:40:25 PDT 2015 --  Alex Russo is my spirit animal http://twitter.com/girlposts/status/607303527854055425/photo/1pic.twitter.com/wJcp1dtyvE 
Sat Jun 06 18:35:00 PDT 2015 --  white on black Corvette pic.twitter.com/ENX7jT0jR1
Sat Jun 06 15:37:05 PDT 2015 --  I want him. No, I NEED him. pic.twitter.com/AF599XjVQT
Sat Jun 06 14:23:17 PDT 2015 --  Great win for Missouri State baseball today! #BearUp
Fri Jun 05 20:09:39 PDT 2015 --  Why is Festus so boringg
Fri Jun 05 14:46:56 PDT 2015 --  Scenes from the @MSUBearBaseball Super Regional game in Fayetteville. Let's rally, guys! #RoadToOmaha pic.twitter.com/IWIDlpYXEO
Fri Jun 05 12:31:59 PDT 2015 --  this little girl is living my dream pic.twitter.com/l33aY7LOXa
Fri Jun 05 07:00:15 PDT 2015 --  my summer so far pic.twitter.com/s5Fwfv4LFr
Wed Jun 03 17:05:42 PDT 2015 --  True af pic.twitter.com/CLmqsBrhWU
Wed Jun 03 16:15:21 PDT 2015 --  happy birthday to this goat pic.twitter.com/NM0FwSnwwN
Wed Jun 03 16:14:35 PDT 2015 --  Make this go viral pic.twitter.com/IW1EoWIjin
Wed Jun 03 16:25:10 PDT 2015 --  When no one is noticing how cute you are pic.twitter.com/vj8GWmUpWF
Tue Jun 02 14:09:04 PDT 2015 --  https://twitter.com/LukeBryanOnline/status/605842015817854976 …
Tue Jun 02 12:43:53 PDT 2015 --  wow. https://twitter.com/CauseWereGuys/status/605808629896257536 …
Wed May 27 19:10:56 PDT 2015 --  Can I please have this pic.twitter.com/EPqhzQawFn
Mon Jun 01 15:01:03 PDT 2015 --  90% of the ocean has been undiscovered and you're telling me mermaids dont exist
Mon Jun 01 17:26:46 PDT 2015 --  Things more important than a sex change pic.twitter.com/80WlwmyWvS
Wed May 27 11:24:12 PDT 2015 --  one day there will be little mini me's running around, half me and half of the person i love and thinking of that makes me really happy
Sun May 31 17:30:15 PDT 2015 --  the best bra is no bra
Sat Dec 20 21:32:00 PST 2014 --  kinda emotional, kinda emotionless
Wed May 27 10:03:30 PDT 2015 --  Can they be my neighbors please pic.twitter.com/yP41Wq2EqD
Wed Apr 29 15:51:32 PDT 2015 --  RT if you hate JD McCoy pic.twitter.com/GJrnkyIgKe
Tue May 26 20:30:02 PDT 2015 --  Great, now I just lost the game too.. @CaitlinWhitener @This_Beat_Is___
Tue May 26 14:33:04 PDT 2015 --  This is going to be my kid http://vine.co/v/MQxtKtWirli 
Sun May 24 16:19:42 PDT 2015 --  Basically https://twitter.com/ItsFNLQuotes/status/602610031423520768 …
Wed May 20 20:35:39 PDT 2015 --  Forever looking at cooler ideas.
Wed May 20 09:19:21 PDT 2015 --  Beyoncé pouring my college tuition fees into a hot tub pic.twitter.com/5pmvjZkiky
Mon May 18 20:23:09 PDT 2015 --  Cutest Bark Ever https://vine.co/v/h7MjIijU0BQ 
Mon May 18 17:35:48 PDT 2015 --  yes. https://twitter.com/4middleschool/status/597096088231895040 …
Sun May 17 09:26:09 PDT 2015 --  I'm sassy 24/7 and I'm not even sorry about it 🏼
Sat May 16 20:03:34 PDT 2015 --  I'M SCREAMING pic.twitter.com/5y1CHADCHx
Mon May 11 20:00:35 PDT 2015 --  A Crease TV promo from 2001! Mila was 17 and Ashton was 23! pic.twitter.com/U2tdsgy2xt
Wed May 13 18:55:38 PDT 2015 --  Bring me luck pic.twitter.com/dEIcsO473W
Wed May 13 08:15:28 PDT 2015 --  How to win my heart pic.twitter.com/F68jfh9t0n
Sat May 09 21:07:00 PDT 2015 --  Control yourself or don't drink pic.twitter.com/LruCL0GgMQ
Thu May 07 22:01:54 PDT 2015 --  For y'all @This_Beat_Is___ @CaitlinWhitener https://twitter.com/ltsGirlCodes/status/596459632660455426 …
Thu May 07 22:00:07 PDT 2015 --  https://twitter.com/FunnyVines/status/596439107955396608 …
Thu May 07 16:27:03 PDT 2015 --  My life is a constant cycle of waiting for the weekend
Thu May 07 13:59:23 PDT 2015 --  Will the final be comprehensive? #collegein5words
Mon May 04 10:44:46 PDT 2015 --  Is it acceptable to drop out of college with less than two weeks left of the semester?
Sat Apr 25 11:11:51 PDT 2015 --  ONLY $12.99 TO MAKE YOUR PRINCESSES DAY pic.twitter.com/U7d8k7x0t0
Thu Apr 30 12:45:23 PDT 2015 --  Welllll ur an idiot pic.twitter.com/T2wVmBf7XT
Wed Apr 29 21:29:39 PDT 2015 --  When the Kylie Jenner challenge goes wrong pic.twitter.com/DVSIsvPfWO
Wed Apr 29 21:58:40 PDT 2015 --  My life. https://twitter.com/GreaterThn/status/593614551419060224 …
Wed Apr 29 18:50:08 PDT 2015 --  Be the man you want your son to be.
Wed Apr 29 18:47:40 PDT 2015 --  true though. https://twitter.com/GreaterThn/status/593591951582228480 …
Tue Apr 28 21:08:04 PDT 2015 --  I don't know if you knew this, but #MSUBears @BGraham_15 just made @SportsCenter. Check it out! pic.twitter.com/jTbjFZ90Qt
Mon Apr 27 21:56:06 PDT 2015 --  Parenting Goals pic.twitter.com/yDqNl9YyH7
Wed Apr 22 21:02:23 PDT 2015 --  Praying my husband looks at me like this https://twitter.com/ltsChuckBass/status/590879737041592320 …
Wed Apr 22 10:00:23 PDT 2015 --  I'll just leave this here pic.twitter.com/sQMTncrSyF
Tue Apr 21 13:57:46 PDT 2015 --  When it's dog day on campus but you don't have time to go rent a puppy.. @This_Beat_Is___
Thu Apr 16 21:49:56 PDT 2015 --  https://twitter.com/shopivoryella/status/588872750321795072 …
Thu Apr 16 09:57:34 PDT 2015 --  . https://twitter.com/RapperReact/status/586194392362295297 …
Thu Apr 16 07:05:04 PDT 2015 --  OH MY GOD THIS CARD pic.twitter.com/CAr3eN51lo
Mon Apr 13 17:45:11 PDT 2015 --  Making your boyfriend sand his own cooler. #TSM
Wed Apr 15 12:47:27 PDT 2015 --  if you knew me in 7th grade i'm sorry
Wed Apr 15 09:45:42 PDT 2015 --  One thing I learned from high school was, If you're gonna be late, you might as well be really late and go get starbucks or something
Wed Apr 15 08:18:56 PDT 2015 --  And...the Kiener Plaza fountain is now blue! (The Parks Dept. let me help)! Let's go Blues!! #STL @StLouisBlues #LGB pic.twitter.com/cAFBFf0jNv
Mon Apr 13 22:05:25 PDT 2015 --  " @ThisCouIdBeUsXO: original relationship goals pic.twitter.com/yJIbWv1R97"
Wed Mar 25 04:10:01 PDT 2015 --  Who's tired of school? pic.twitter.com/sGIRF135y9
Mon Apr 13 10:02:44 PDT 2015 --  It wouldn't be #OpeningDaySTL without a little love from our #TeamSTL friends! @StLouisBlues @STLouisRams pic.twitter.com/JcYMPKGdnF
Sun Apr 12 21:42:44 PDT 2015 --  I lost the game. @This_Beat_Is___ @CaitlinWhitener
Sun Apr 12 21:21:48 PDT 2015 --  " @FactsOfSchool: me this point in the semester pic.twitter.com/sJxPQPYqFc" basically.
Fri Apr 10 11:39:57 PDT 2015 --  Coffee and men pic.twitter.com/SGUFqoAU3x
Thu Apr 09 15:42:13 PDT 2015 --  RT for Luke Bryan - Fav for Obama pic.twitter.com/Ahk6WKw3SV
Thu Apr 09 12:26:35 PDT 2015 --  Want pic.twitter.com/NK68Hak03v
Thu Apr 09 17:16:48 PDT 2015 --  When you don't check your grades or your bank account and just pretend everything is okay
Wed Apr 08 20:41:31 PDT 2015 --  " @This_Beat_Is___: I lost the game" you suck
Wed Apr 08 06:44:19 PDT 2015 --  2015 World Series Winner • Elite 8 • RT ~ Cardinals FAV ~ Padres pic.twitter.com/1fWh5tUypo
Wed Apr 08 09:17:04 PDT 2015 --  mm those chin rubs! pic.twitter.com/7BVQ6vosaE
Wed Apr 08 09:36:24 PDT 2015 --  beginning of the semester vs the end pic.twitter.com/vJ1DqlNJ6X
Fri Apr 03 15:45:55 PDT 2015 --  This romper pic.twitter.com/3AgRwAVL9d
Tue Apr 07 16:54:35 PDT 2015 --  I love clingy people. I'd rather have someone who blows up my phone and shows that they care than someone who texts back 10 hours later.
Wed Apr 08 11:01:57 PDT 2015 --  When there's only one left and you take care of it like if it was a baby pic.twitter.com/MWYq3uuni1
Sun Apr 05 21:25:02 PDT 2015 --  These comments LMAO pic.twitter.com/LddErJ6kFZ
Thu Apr 02 21:13:25 PDT 2015 --  pic.twitter.com/UEilMclxxo
Thu Apr 02 15:26:49 PDT 2015 --  " @TheDreamCIoset: This is so cute http://twitter.com/LifeofaPrincess/status/554088879868100609/photo/1pic.twitter.com/qPMSroeFDg " omg.
Wed Apr 01 16:36:15 PDT 2015 --  $3 to make your girls day http://twitter.com/fIirting/status/583408518520242177/photo/1pic.twitter.com/2aUzdKA8Sv 
Wed Apr 01 17:01:59 PDT 2015 --  so glad to be home.
Wed Apr 01 11:03:04 PDT 2015 --  Those who criticize our generation forget who raised it.
Sun Mar 29 21:47:11 PDT 2015 --  " @BohoOutfitters: This romper http://twitter.com/BohoOutfitters/status/581299599660445696/photo/1pic.twitter.com/LpzcnxLOZe " I need.
Sun Mar 29 21:39:52 PDT 2015 --  " @RelatableQuote: Is this what heaven looks like? pic.twitter.com/pPZfWR5y3A"
Sat Mar 28 20:10:02 PDT 2015 --  i dont understand how i can get so much joy from covering my pets with blankets and watching the lump move around
Sat Mar 28 19:40:22 PDT 2015 --  The best pants are no pants.
Sat Mar 28 16:03:57 PDT 2015 --  “ @SpeakComedy: If this doesn't help reassure you, I don't know what will pic.twitter.com/O4ZSqj5vVP”
Wed Mar 25 20:45:17 PDT 2015 --  Greatest putt-putt shot of all time? pic.twitter.com/uaAJPrGWGJ
Wed Mar 25 21:51:48 PDT 2015 --  This time next week, I'll be laying in my own bed
Tue Mar 24 20:44:33 PDT 2015 --  “ @KardashianReact: 9 years ago today, the first episode of Hannah Montana premiered #9YearsOfHannahMontana pic.twitter.com/TQExBaO6TR”omg cryin
Sun Mar 22 20:28:57 PDT 2015 --  Don't wanna go to class tomorrow
Fri Mar 20 12:14:25 PDT 2015 --  I grew out of "I never text first" phase, since I realized nothing was wrong with showing someone, you care about them more than your pride
Sat Mar 21 13:26:03 PDT 2015 --  Being a gentleman never goes out of style
Fri Mar 20 20:54:10 PDT 2015 --  " @ltsGirlCodes: I wanna skip school and university and go straight to the part where i become a princess"
Fri Mar 20 19:40:08 PDT 2015 --  Your relationship ended, not your life. Get over it.
Thu Mar 12 17:54:06 PDT 2015 --  When someone calls me a bitch pic.twitter.com/tnjrPbOrZV
Sun Mar 15 17:01:37 PDT 2015 --  " @_LadyBoners: One direction looking good pic.twitter.com/JaA4tAGVEx" @This_Beat_Is___ this one is for you!
Sun Mar 15 16:32:13 PDT 2015 --  Reasons why I stop replying: 1) I'm busy 2) You're boring 3) I'm mad 4) You replied with one word 5) I'm on twitter 6) I'm eating
Sun Mar 15 16:00:35 PDT 2015 --  Oh my god this is so cute pic.twitter.com/5aZvDyGb4l
Wed Sep 18 08:28:48 PDT 2013 --  50 retweets to grow the flow back out? pic.twitter.com/QdB6J2QOw1
Tue Feb 24 16:11:08 PST 2015 --  forever my number 1 bae pic.twitter.com/J8K17ZFcPm
Tue Mar 10 11:03:17 PDT 2015 --  Sunflower seeds and baseball go perfectly together.
Tue Mar 10 06:12:37 PDT 2015 --  Best MLB Pitchers •Final 4• RT- Adam Wainwrighte FAV- James Shields pic.twitter.com/TA9MnJsmYW
Mon Mar 09 17:48:48 PDT 2015 --  WHITNEY WHITNEY WHITNEY WHITNEY WHITNEY #TheBachelor #TeamWhitney
Mon Mar 09 15:43:16 PDT 2015 --  It would be a crime against humanity if I didn't share this with everyone pic.twitter.com/e7smv69nYm
Sun Mar 08 14:47:00 PDT 2015 --  A beautiful day with a beautiful girl. She's an absolute blessing. And the dawgs had a good day too @sarah_pettit pic.twitter.com/2ESmcb4I7W
Sun Mar 08 10:43:48 PDT 2015 --  Michael Kors pic.twitter.com/Dvs2iEFM6z
Sun Mar 08 19:07:04 PDT 2015 --  that one line from mean girls no one seems to remember pic.twitter.com/qaNd6Psf11
Sat Mar 07 20:48:52 PST 2015 --  BARACK OBAMA SPITTING PURE pic.twitter.com/PyUndMPGh2
Fri Mar 06 13:13:04 PST 2015 --  Everybody's missing cheerleading, well come to open gym at Olympiad on Mondays or Tuesdays I'll be there!
Fri Mar 06 14:09:10 PST 2015 --  " @KayThompson36: Everybody's missing cheerleading, well come to open gym at Olympiad on Mondays or Tuesdays I'll be there!"
Thu Mar 05 16:03:10 PST 2015 --  Twitter has no chill. pic.twitter.com/JkkXmXGpJE
Wed Mar 04 22:51:02 PST 2015 --  " @JennaStanley15: Really really really annoyed" current mood.
Wed Mar 04 17:13:35 PST 2015 --  If the person makes you happy, other people's opinion don't matter.
Wed Mar 04 17:43:20 PST 2015 --  BMW M9 pic.twitter.com/HSkx693wk3
Wed Mar 04 18:43:35 PST 2015 --  Clear Eyes. Full Hearts. Can't Loose.
Wed Mar 04 13:28:05 PST 2015 --  DEM BOYZ pic.twitter.com/f25Fx9atfC
Tue Mar 03 15:57:21 PST 2015 --  Ohh gawd! @RileyMullin @LexiJ50 pic.twitter.com/5gXsCcROBy
Mon Mar 02 20:52:08 PST 2015 --  A strawberry bananah smoothie sounds perfect rn
Mon Mar 02 10:54:15 PST 2015 --  4 days until Spring Break. I can do this!
Sun Mar 01 13:01:43 PST 2015 --  Yesss @sakai_smith pic.twitter.com/27l9zWIp5x
Fri Feb 27 09:15:30 PST 2015 --  " @TheBeautifulCar: Audi R8 pic.twitter.com/LEzZHDDIvU"
Fri Feb 27 08:34:01 PST 2015 --  Excuse me while I put on these 50 layers of clothing and walk to class in this freezing weather.
Thu Feb 26 21:15:07 PST 2015 --  And I thought I took a lot of naps in high school..
Thu Feb 26 20:23:25 PST 2015 --  " @ltsGirlCodes: I would die & go to heaven if beyonce ever did this for me pic.twitter.com/0HwhFYK1sd" I'd die
Thu Feb 26 12:28:36 PST 2015 --  This is how Disney princesses would look with realistic hair pic.twitter.com/TEl0cFsRcM
Wed Feb 25 21:54:35 PST 2015 --  " @lnsaneTweets: RT TO SAVE A LIFE pic.twitter.com/cDGF3pl0ci" @Cierra_Kay1
Tue Feb 24 12:45:14 PST 2015 --  pic.twitter.com/MEZhPgqhq8
Tue Feb 24 12:37:44 PST 2015 --  Kylie Jenner I don't trust u one bit pic.twitter.com/exaO6Aj6WX
Sun Feb 22 23:00:18 PST 2015 --  "How's your semester going?" pic.twitter.com/rSpdKCJRJL
Sun Feb 22 22:41:58 PST 2015 --  " @TweetLikeAGirI: For lent I'm just giving up"
Sun Feb 22 22:07:39 PST 2015 --  " @ThingsAKidSaid: OMG his laugh https://vine.co/v/MWQ1AFYeO9n " awww
Sun Feb 22 20:14:00 PST 2015 --  " @ltsGirlCodes: the original and most underrated man crush, charlie from cheaper by the dozen pic.twitter.com/L1sXfTwN3i"
Sat Feb 21 22:31:12 PST 2015 --  I just want bae.. pic.twitter.com/jGvmFCfuWv
Fri Feb 20 12:03:07 PST 2015 --  " @ImGirlCode: I NEED ONE pic.twitter.com/tKq2mzdtCl"
Fri Feb 20 11:21:00 PST 2015 --  Every day pic.twitter.com/B7KxLlZyIv
Fri Feb 20 09:47:15 PST 2015 --  Wanting Panda but not wanting to walk across campus. #struggle
Thu Feb 19 16:27:19 PST 2015 --  " @smasbridge__: don't mess with my fam #GrannysABoss pic.twitter.com/dFf4GrTXOu" I was about to post this too! #itsanasbridgething
Thu Feb 19 16:00:12 PST 2015 --  pic.twitter.com/hIcYX7GYma
Thu Feb 19 16:19:25 PST 2015 --  " @WiseManSi: Stop holding on to what hurts and start making room for what feels good."
Mon Feb 16 18:48:37 PST 2015 --  Pretty much pic.twitter.com/9tgGfxR8wa
Tue Feb 17 19:17:48 PST 2015 --  Done caring & being played... My friends, family, & God will take care of me. Karma will take care of you. Good luck & good riddance.
Mon Feb 16 17:15:21 PST 2015 --  The hatred you feel when you walk into class and somebody is sitting in your unofficial assigned seat
Mon Feb 16 12:11:08 PST 2015 --  That's So Suite Life of Hannah Montana was the best thing to happen to Disney Channel pic.twitter.com/BndOZnKYTs
Mon Feb 16 07:32:02 PST 2015 --  It's always so sad when you see somebody eating alone pic.twitter.com/ZFkDFGq1dE
Mon Feb 16 12:35:22 PST 2015 --  " @girlposts: Walking up to a crosswalk and you just keep walking, daring someone to hit you and pay off your student loans"
Fri Feb 13 17:10:31 PST 2015 --  this was so cute pic.twitter.com/Ab4i7ilpTo
Fri Feb 13 09:00:40 PST 2015 --  why is this so true? pic.twitter.com/4CLQUiKAbx
Thu Feb 12 12:30:22 PST 2015 --  46!! HOW?!?! pic.twitter.com/vmofC1O3b9
Thu Feb 12 13:54:49 PST 2015 --  " @Girly_Pictures: This is important https://vine.co/v/OtjmUArF5xp "
Wed Feb 11 12:10:16 PST 2015 --  Happy birthday to the ultimate woman crush Wednesday pic.twitter.com/rvE5Lhnt07
Mon Feb 09 19:30:38 PST 2015 --  Wow. Props to Taylor for not slapping her http://vine.co/v/OUDFXvw3Pbr 
Mon Feb 09 19:09:05 PST 2015 --  SO THE WAND DOESNT HAVE POWERS?? MY CHILDHOOD WAS A LIE pic.twitter.com/JAizcm4gu0
Mon Feb 09 17:57:29 PST 2015 --  The difference between Taco Bell and your opinion is that I asked for Taco Bell.
Sun Feb 08 19:09:43 PST 2015 --  They're so cute pic.twitter.com/OPGucdMC8C
Sun Feb 08 18:52:42 PST 2015 --  Katy Perry so petty for this pic.twitter.com/rIq7TXOOf8
Sun Feb 08 10:00:18 PST 2015 --  Saddest friend zone ever pic.twitter.com/WA5yn2LsnC
Thu Feb 05 07:41:14 PST 2015 --  SNAPCHAT DOESNT RUIN RELATIONSHIPS. SAME WITH ANY OTHER FORM OF SOCIAL MEDIA. LYING AND CHEATING RUINS RELATIONSHIPS
Tue Feb 03 19:49:15 PST 2015 --  when u lose ur phone in the couch and u cant find it pic.twitter.com/eTq45ohj1S
Tue Feb 03 21:45:05 PST 2015 --  How we settled things back in the day pic.twitter.com/yB2hMsEBkS
Tue Feb 03 22:08:52 PST 2015 --  " @mariahmann_15: IF YOU REFUSE TO TEXT PEOPLE FIRST THEN YOU BELONG IN THE NEAREST ELEMENTARY SCHOOL SINCE YOU WANNA BE CHILDISH" YES!,
Mon Feb 02 20:00:05 PST 2015 --  You can't go to bed without voting for #YadierMolina as the #FaceOfMLB. RT to vote! pic.twitter.com/xoXVwIJW0C
Sun Feb 01 19:32:01 PST 2015 --  tbh january lasted like 5 minutes
Thu Jan 29 06:45:14 PST 2015 --  "In one weekend, over 400 people managed to get MIP's." - Missouri State University
Wed Jan 28 11:51:36 PST 2015 --  when girls don't know how to curl their hair pic.twitter.com/qiBgAaz2Nm
Tue Jan 27 20:20:50 PST 2015 --  We all have a song that somehow stamped our lives; takes us to another place & time.
Sun Jan 25 21:35:30 PST 2015 --  " @SexTaIk: Real goals pic.twitter.com/nQgt4XKvwP"
Sat Jan 24 13:00:00 PST 2015 --  too much perfection for one picture pic.twitter.com/ZKUIIugVWW
Fri Jan 23 08:38:23 PST 2015 --  We are stoked to announce our partnership with the @NHL and @NHLPA. Watch hockey like never before with GoPro! https://amp.twimg.com/v/5f552876-7903-40aa-bed1-a171f90a6f47 …
Fri Jan 23 06:56:00 PST 2015 --  Original relationship goals pic.twitter.com/C59FtRTZHC
Fri Jan 23 09:09:11 PST 2015 --  starting school at 11:15 & ending at 1:10. I love college .
Fri Jan 23 07:17:02 PST 2015 --  What is that thing? pic.twitter.com/ktHDAtj0q9
Fri Jan 23 07:10:01 PST 2015 --  One of the best things you could ever tell a girl pic.twitter.com/lB3NFnXCph
Thu Jan 22 07:32:03 PST 2015 --  RT if this is you pic.twitter.com/68jANklUfC
Wed Jan 21 21:02:23 PST 2015 --  Blacked Out R8 pic.twitter.com/rb6W4QS1GG
Wed Jan 21 09:00:42 PST 2015 --  Nick Jonas pic.twitter.com/4pEEnNGQ3y
Wed Jan 21 08:09:09 PST 2015 --  If you won’t sing in the car with me when we drive, we can’t be friends
Mon Jan 19 21:50:57 PST 2015 --  this is so important pic.twitter.com/Fo4AHm0asT
Mon Jan 19 19:24:46 PST 2015 --  this is how I want to die https://vine.co/v/MWZMlX9ruOa 
Mon Jan 19 17:41:33 PST 2015 --  " @RelatableQuote: wow the accuracy pic.twitter.com/qaGl7lqVHj"
Sun Jan 18 08:48:12 PST 2015 --  XOXO.... Gossip Girl https://vine.co/v/MvbzFEIFbK3 
Tue Jan 13 15:02:09 PST 2015 --  me 99% of the time pic.twitter.com/V0Cr59Yly7
Mon Jan 12 15:38:29 PST 2015 --  if this isn't the most adorable thing ever, i don't know what is https://vine.co/v/O5rtTu0iT6Z 
Sat Jan 10 08:23:59 PST 2015 --  #RelationshipGoals #fnl pic.twitter.com/L8zhQIJwWf
Fri Jan 09 14:00:24 PST 2015 --  Packing for school like pic.twitter.com/9wRGHv0Tii
Fri Jan 09 09:32:05 PST 2015 --  JUST DO IT pic.twitter.com/NLjRpkmTpu
Fri Jan 09 09:30:20 PST 2015 --  pic.twitter.com/LqooD9jKRn
Thu Jan 08 22:38:16 PST 2015 --  " @GuyCodes: Did you see him? LMAO https://vine.co/v/M0ZDVOx9Enp "
Wed Jan 07 21:27:38 PST 2015 --  god bless the man who decides to marry my psycho ass one day
Wed Jan 07 15:22:08 PST 2015 --  We dem boyz pic.twitter.com/duflbBldcT
Wed Jan 07 19:00:04 PST 2015 --  Wedding Vows: I promise to share my Taco Bell with you.
Wed Jan 07 18:39:47 PST 2015 --  She tried pic.twitter.com/bOrTPQc06a
Wed Jan 07 15:09:53 PST 2015 --  i basically have two moods, either lets do something spontaneous and awesome, or let's just lay in bad all day and forget the world exists
Wed Jan 07 15:00:36 PST 2015 --  Emma Watson signing autographs vs. Jennifer Lawrence signing autographs pic.twitter.com/ygZYO12bKb
Mon Jan 05 22:12:07 PST 2015 --  Truth be told pic.twitter.com/DOr4NRiZcS
Mon Jan 05 18:49:01 PST 2015 --  laughed harder than I probably should have pic.twitter.com/1IOaex3q6U
Mon Jan 05 22:00:12 PST 2015 --  pic.twitter.com/1IpErp7px6
Mon Jan 05 21:45:05 PST 2015 --  Waiting for Spring Break like... pic.twitter.com/HtywINKuXp
Mon Jan 05 21:21:15 PST 2015 --  All boy basket!!! https://vine.co/v/OgKlmXM0a5K 
Mon Jan 05 13:20:23 PST 2015 --  Let me bless your timeline real quick pic.twitter.com/GRRrmhfMRN
