Sat Aug 22 06:21:40 PDT 2015 --  Mo Farah wins his fourth world title on the track as he takes victory in the men's 10,000m! 27:01.13 for the Brit! pic.twitter.com/QefN9v4Tk6
Wed Aug 19 09:23:06 PDT 2015 --  When you bend over for a second in front of your mates pic.twitter.com/4YMo7YXN8N
Sat Aug 15 13:39:02 PDT 2015 --  Basically how I'm handling life right now pic.twitter.com/sfdJDunHTm
Fri Aug 14 17:33:31 PDT 2015 --  you know who is lovely aleena is lovely wow if only everyone in the world was as lovely as aleena such a lovely person LOVE LEE
Fri Aug 14 06:44:51 PDT 2015 --  Foreshadowing at its best. pic.twitter.com/sx7Ur0hOuL
Wed Aug 12 09:16:05 PDT 2015 --  When I get called a Game of Thrones nerd pic.twitter.com/uLumscMDh4
Tue Aug 11 04:49:30 PDT 2015 --  thanku @emilyhugh3s for last night!x
Mon Aug 10 07:38:55 PDT 2015 --  You know when you tweet something but spell a word wrong then have to delete it reallllll quick before someone notices
Fri Aug 07 21:17:39 PDT 2015 --  #StraightOutta.. pic.twitter.com/a2HI0gx22i
Thu Aug 06 08:34:34 PDT 2015 --  To celebrate #UrbanDecay's #NakedSmoky, we're giving away all 4 #NakedPalettes to 3 fans! Just FOLLOW & RT to enter. pic.twitter.com/J5vl81GQ6c
Thu Aug 06 06:49:04 PDT 2015 --  I'm out pic.twitter.com/JUgV2I2uIQ
Thu Aug 06 07:30:06 PDT 2015 --  This seems about right... pic.twitter.com/zz7yB3WMOV
Thu Aug 06 07:49:01 PDT 2015 --  On this day in 1993, Harry blew up Aunt Marge pic.twitter.com/uSm142FCtY
Wed Aug 05 13:30:08 PDT 2015 --  LAST CHANCE!! To enter simply RT & follow for your chance to win a trip to Rio 2016! #RioRelay Ts&Cs apply. pic.twitter.com/pRQ9r4Kd5O
Wed Aug 05 07:29:04 PDT 2015 --  pic.twitter.com/mm5CX0FZva
Wed Aug 05 09:37:53 PDT 2015 --  Those contestants 'knead' to remember not to mess with Mazza. pic.twitter.com/kAf7ysReNp
Sat Aug 01 05:23:54 PDT 2015 --  sososo sad that my glitter phone case broke
Sat Jul 25 12:01:41 PDT 2015 --  When someone says Jon Snow won't come back.... pic.twitter.com/MwafbCBxNk
Sat Jul 25 07:22:05 PDT 2015 --  I love this pic.twitter.com/bvhLejQifq
Fri Jul 24 03:39:02 PDT 2015 --  Squad goals pic.twitter.com/l4DgXRwjci
Fri Jul 24 07:30:13 PDT 2015 --  brain: i see you're trying to sleep, can i offer a selection of your worst memories from the last 10 years
Tue Jul 21 14:47:33 PDT 2015 --  Girls being told off for skirt length and midriff/ankles/bra straps showing due to the sexualisation of teenage girls #growingupagirl
Wed Jul 22 02:36:08 PDT 2015 --  Before and after the Seaon 5 Ending https://vine.co/v/eOBgwxHvPY0 
Sun Oct 28 07:31:17 PDT 2012 --  Very often... The outspoken women are painted as angry and bitter spirits. The outspoken men are praised as revolutionaries and heroes.
Tue Jul 21 15:15:10 PDT 2015 --  when i asked why it's inappropriate for me to wear ankle socks to my ALL GIRLS school, answer was 'we have male teachers'. #GrowingUpAGirl
Tue Jul 21 10:52:04 PDT 2015 --  When you watched the Red Wedding episode pic.twitter.com/J1Z7QiVMNP
Sun Jul 19 08:35:17 PDT 2015 --  Poor Jon Snow pic.twitter.com/2E0yrQWBkk
Mon Jul 20 19:09:08 PDT 2015 --  #GrowingUpGoofy 2 hours after the joke or funny situation you're the only one still laughing like pic.twitter.com/UMlzeONGv2
Mon Jul 20 19:57:09 PDT 2015 --  when u repeat yourself so many times & trying to keep it together before u really slap that person pic.twitter.com/rcpPHaeqvI
Mon Jul 20 03:06:06 PDT 2015 --  girls be like pic.twitter.com/i0GbZaG27G
Sun Jul 19 15:22:17 PDT 2015 --  #GrowingUpBritish never watching another episode of Doctor who after he left pic.twitter.com/2RKvAC2Yl5
Sun Jul 19 03:04:47 PDT 2015 --  #GrowingUpWithSiblings leaving the house 5 minutes before you're meant to just to make sure you get to sit in the front
Sat Jul 18 05:53:39 PDT 2015 --  It's only been like a month and I am already missing game of thrones
Sat Jul 18 06:56:43 PDT 2015 --  So sad pic.twitter.com/ulqcpAEoyZ
Thu Jul 16 13:07:43 PDT 2015 --  Actually so sad I won't have all the same teachers next year
Tue Jul 14 01:30:02 PDT 2015 --  Best friend goals pic.twitter.com/p9ZHp6RrFN
Sun Jul 12 14:52:53 PDT 2015 --  Assassins Reek pic.twitter.com/j4F3lCOVk5
Sun Jul 12 08:04:54 PDT 2015 --  Savage pic.twitter.com/AgM9RLAMCS
Sun Jul 12 02:58:32 PDT 2015 --  #NoteToSelf Crows ain't loyal.
Thu Jul 09 10:15:26 PDT 2015 --  How the hell do viners get away with sexual assaulting others and rape, what the actual fuck
Mon Jul 06 08:30:38 PDT 2015 --  I got Finn Nelson! Which "My Mad Fat Diary" Character Are You? http://www.buzzfeed.com/chelseatot/which-my-mad-fat-diary-character-are-you-1olmv?utm_term=.wbve77YjR …
Sun Jul 05 13:04:23 PDT 2015 --  this last week better fly by
Sat Jul 04 07:08:53 PDT 2015 --  so sad I slept through the storm last night
Tue Jun 30 10:41:56 PDT 2015 --  Running in this heat is torture
Tue Jun 30 11:48:15 PDT 2015 --  My diet for the past fortnight has consisted solely of ice lollies tbh... Maybe the fruity flavour can count as 1 of my 5 a day
Tue Jun 30 11:47:25 PDT 2015 --  I had 4 ice lollies today
Sat Jun 27 04:53:46 PDT 2015 --  Please help support #LoveWins, add a #Twibbon now! http://twibbon.com/support/lovewins/twitter …
Sat Jun 27 04:48:01 PDT 2015 --  #LoveWins
Fri Jun 26 10:50:07 PDT 2015 --  it's "unsticking ur thighs from plastic chairs" season
Fri Jun 26 13:03:04 PDT 2015 --  MY HISTORY CA HASN'T SAVED IM GOING TO CRY
Fri Jun 26 06:42:03 PDT 2015 --  To the people who don't like Game of Thrones pic.twitter.com/qOl39xZyNb
Wed Jun 24 14:01:00 PDT 2015 --  It's to die for pic.twitter.com/D0zTpSKhE9
Tue Jun 23 06:19:49 PDT 2015 --  Jon Snow pic.twitter.com/3SQ5NykrfY
Tue Jun 23 06:29:47 PDT 2015 --  Relationship Status: Single Taken Emotionally attached to a fictional character whose life is in the hands of George R.R. Martin.
Tue Jun 23 08:03:05 PDT 2015 --  When someones food arrives and it looks better than yours pic.twitter.com/UAyQrXYzqR
Sat Jun 20 19:59:35 PDT 2015 --  When you miss someone and then you remember what they did to you pic.twitter.com/qu2Bs2D0h1
Sat Jun 20 20:00:30 PDT 2015 --  when you mean to type 'okay' but you accidentally type 'olay' pic.twitter.com/tNrXpgtNrZ
Sat Jun 20 05:17:08 PDT 2015 --  It should have been Olly pic.twitter.com/P09l3MWBbP
Thu Jun 18 15:29:53 PDT 2015 --  Real men don't watch that nonsense pic.twitter.com/2tIj7Hy5rx
Wed Jun 17 12:17:42 PDT 2015 --  Why did Jon Snow stand in line for 6 hours at the Apple Store? For the watch
Wed Jun 17 05:27:36 PDT 2015 --  ...........♕........... KEEP CALM MELISANDRE IS AT CASTLE BLACK
Wed Jun 17 07:37:01 PDT 2015 --  Retweet if you hate Olly. #GameofThrones pic.twitter.com/GymEffGeB7
Mon Jun 15 04:25:36 PDT 2015 --  Jon Snow has had enough pic.twitter.com/3hYsrnLFKV
Mon Jun 15 10:24:49 PDT 2015 --  Game of Thrones fans are having a hard time after the Season 5 finale except.... pic.twitter.com/agNxwlw3Gt
Mon Jun 15 14:36:48 PDT 2015 --  Emotionally unstable due to Game of Thrones... pic.twitter.com/frCcDwemHR
Tue Jun 16 11:29:05 PDT 2015 --  Shall we start a "kill olly" petition?? @aleenaxwaseem @sxphieward
Mon Jun 15 15:58:58 PDT 2015 --  fuck you :) fuck you :) fuck you :) diefuckyou :) fuck you :) pic.twitter.com/F2QTM114Cq
Mon Jun 15 14:58:49 PDT 2015 --  'i hope you get tortured by ramsey' ESP FKIN OLLY @livyparkes2
Mon Jun 15 14:52:05 PDT 2015 --  pic.twitter.com/9JZSehzhPC
Mon Jun 15 14:50:14 PDT 2015 --  I haven't moved off the sofa still I'm too traumatised
Mon Jun 15 13:43:06 PDT 2015 --  What many people are feeling about #GoTFinale pic.twitter.com/hCOf6HlFt4
Mon Jun 15 13:46:05 PDT 2015 --  Current Status: OK Not OK Emotionally traumatized by Game of Thrones.
Mon Jun 15 14:04:30 PDT 2015 --  Dear Night's Watch, SHAME SHAME SHAME SHAME SHAME SHAME SHAME SHAME SHAME SHAME #GoTFinale
Mon Jun 15 14:42:43 PDT 2015 --  NOT FOR THE FUCKING WATCH HE WAS YOUR ONLY HOPE YOU TWATS I HOPE YOU ALL GET KILLED BY WHITE WALKERS https://twitter.com/got_tyrion/status/610553804312842240 …
Mon Jun 15 14:06:21 PDT 2015 --  Olly must die pic.twitter.com/lDUgT395WG
Mon Jun 15 09:32:39 PDT 2015 --  Why did I even go on Twitter, I was just asking for it really
Mon Jun 15 09:27:11 PDT 2015 --  If Jon snow dies tonight I'm never watching game of thrones again
Mon Jun 15 08:53:54 PDT 2015 --  My list of favorite characters who are still alive in Game of Thrones. pic.twitter.com/0QtnPOPoC2
Sun Jun 14 13:30:48 PDT 2015 --  It makes me sad that America gets Game of Thrones before us:(
Wed Jun 10 19:39:26 PDT 2015 --  Why is your parking lot bigger than your tanks????? #AskSeaWorld pic.twitter.com/7UIyWlfqtW
Fri Jun 12 07:03:40 PDT 2015 --  Coming soon pic.twitter.com/IejnwbcFCn
Thu Jun 11 14:50:37 PDT 2015 --  If Jon Snow dies, we riot.
Thu Jun 11 10:44:48 PDT 2015 --  My sister just came into the living room to throw a honey nut cluster at me?????
Thu Jun 11 10:14:06 PDT 2015 --  pic.twitter.com/AqbunCn0OH
Tue Jun 09 07:16:12 PDT 2015 --  Everyone for themselves pic.twitter.com/K1MkoGsWhg
Mon Jun 08 20:05:12 PDT 2015 --  Please no #GameofThonres pic.twitter.com/WE0CH7v5Ye
Sun Jun 07 09:07:30 PDT 2015 --  The Long Night is coming and the dead come with it. #GameOfThrones pic.twitter.com/K32EaTd1S6
Sun Jun 07 09:19:42 PDT 2015 --  this is disgusting pic.twitter.com/NqkuIOLXKS
Sat Jun 06 07:01:39 PDT 2015 --  Cersei needs some wine. pic.twitter.com/FCdxqCwAke
Sat Jun 06 07:30:54 PDT 2015 --  Next Top Model, here I come. pic.twitter.com/HJKzHlRy8N
Fri Jun 05 05:16:04 PDT 2015 --  No one is safe. #GameOfThrones pic.twitter.com/mvvqDKveLC
Thu Jun 04 12:58:02 PDT 2015 --  When your mum tells you to go and clean your room pic.twitter.com/UOmrOvn57P
Thu Jun 04 12:06:08 PDT 2015 --  #EdexcelMaths starter pack ahahaaaaaa pic.twitter.com/Y3Ui4KTGrZ
Thu Jun 04 10:57:19 PDT 2015 --  I knew there was something familiar about this shape #EdexcelMaths pic.twitter.com/vQkF4qtKSV
Thu Jun 04 04:28:28 PDT 2015 --  can the grade boundaries be as low as the amount that lad raised for charity please #EdexcelMaths
Thu Jun 04 03:08:20 PDT 2015 --  The bane of my existence #EdexcelMaths pic.twitter.com/od9wfJPzO7
Thu Jun 04 05:26:24 PDT 2015 --  how I felt during stem and leaf diagram vs Hannah's stupid sweets #EdexcelMaths pic.twitter.com/PkGxhpY34x
Tue Jun 02 09:40:57 PDT 2015 --  White Walker problem solved pic.twitter.com/QqKwgRBunV
Tue Jun 02 03:57:07 PDT 2015 --  When you forget to moisturise pic.twitter.com/MHfRQVlvJV
Tue Jun 02 06:59:03 PDT 2015 --  When someone tries to step up the ice bucket challenge pic.twitter.com/6WO1WmgLCI
Tue Jun 02 07:45:56 PDT 2015 --  Ned Stark is like... pic.twitter.com/T6whGDTTx7
Tue Jun 02 07:47:31 PDT 2015 --  The moment you realize we could win.... #GameOfThrones pic.twitter.com/AVVymy4y4t
Sun May 31 13:43:22 PDT 2015 --  pic.twitter.com/CrfpUkQ6fl
Sun May 31 10:50:06 PDT 2015 --  when ur broke af but continue to spend money on food
Fri May 15 07:15:12 PDT 2015 --  when someone you hate walks past you and your friend says look theres your best friend pic.twitter.com/UUsiOLyeHl
Sun May 31 07:41:00 PDT 2015 --  love cow so much!!
Sat May 30 10:45:56 PDT 2015 --  sometimes it physically pains me to hold back my sarcastic comments
Thu May 28 09:15:13 PDT 2015 --  it's unsticking Ur thighs from seats season
Sun May 24 09:48:01 PDT 2015 --  Kit Harington for OUT Magazine pic.twitter.com/WPrWykvn8i
Wed May 27 13:05:52 PDT 2015 --  When you're trying to teach your mum and her boyf what a cheeky nandos is🏼
Tue May 26 11:34:40 PDT 2015 --  "Egg, I dreamed that I was old." - Aemon Targaryen #GameOfThrones pic.twitter.com/o4MCVCOsxY
Mon May 04 11:55:49 PDT 2015 --  We've all done it pic.twitter.com/zkUPtMf1iz
Mon May 25 12:15:11 PDT 2015 --  When nothing is going your way pic.twitter.com/SFyqkMI32R
Mon Apr 06 11:11:04 PDT 2015 --  “@MadisonElIeBere: I swear to God you're dead to me if you don't retweet this http://twitter.com/MadisonElIeBere/status/585139110131736577/photo/1pic.twitter.com/Ym3MCUVO6B ” petition link: https://www.change.org/p/please-allow-arturo-to-have-a-better-life-in-the-assiniboine-park-zoo-in-canada …
Mon May 25 05:39:03 PDT 2015 --  WHY AM I INJURED?!?
Sun May 24 13:34:53 PDT 2015 --  When you play the whole village your mixtape pic.twitter.com/YJeUMJldHh
Sun May 24 09:16:18 PDT 2015 --  What everyone's wishing for pic.twitter.com/y2WGNTEyPJ
Sat May 23 23:35:30 PDT 2015 --  don't goat time for the haters pic.twitter.com/TfersK8Yu8
Fri May 22 06:01:04 PDT 2015 --  Relationship goals pic.twitter.com/6IeUkXwCKL
Wed May 20 09:36:48 PDT 2015 --  When someone's talking to you & won't let you walk away pic.twitter.com/igjYwn4AJS
Wed May 20 11:42:47 PDT 2015 --  Sansa: hoe don't do it Ramsay: *does it* Theon: oh my gods
Wed May 20 13:12:06 PDT 2015 --  i think ur suffering from a lack of vitamin me
Tue May 19 09:33:17 PDT 2015 --  Can't wait for this week to be over
Tue May 19 05:33:11 PDT 2015 --  Deal with it pic.twitter.com/r7qgbYOFKG
Sun May 17 08:49:02 PDT 2015 --  Barristan the Bold pic.twitter.com/VDMx8MpYpc
Tue May 19 06:14:42 PDT 2015 --  pic.twitter.com/9tXsVvTy1K
Sat May 16 09:10:05 PDT 2015 --  Wow Very disguise Such froge pic.twitter.com/0UrNtTTgSM
Fri May 15 02:24:03 PDT 2015 --  Classic Eddard pic.twitter.com/paeSmlSpQZ
Fri May 15 06:25:05 PDT 2015 --  When someone criticizes your outfit.... pic.twitter.com/ImI5y1WkTE
Fri May 15 07:01:12 PDT 2015 --  mount rushmore goez harry pottur pic.twitter.com/J5JWcGrHty
Fri May 15 10:10:57 PDT 2015 --  If you fall in love, you die. If you drink, you die. If you shit, you die. So do whatever you need to do, because Valar Morghulis.
Thu May 14 09:49:07 PDT 2015 --  Getting wasted with the lads cause you fucked up big time pic.twitter.com/Iuw5dDDi1U
Thu May 14 12:57:11 PDT 2015 --  Whaaat?? https://twitter.com/bbctrending/status/598909661723697152 …
Wed May 13 12:55:59 PDT 2015 --  how the hELL am i supposed to memorize the entire history of medicine
Mon May 11 08:52:42 PDT 2015 --  If Monday was a person, it would be Ramsay Snow.
Mon May 11 08:02:52 PDT 2015 --  WHAT pic.twitter.com/9Zug1Ui0Cv
Mon May 11 05:08:27 PDT 2015 --  #welovehelena
Sat May 09 06:39:02 PDT 2015 --  The war of the redheads pic.twitter.com/XTGoPYjQ4w
Fri May 08 16:47:19 PDT 2015 --  pic.twitter.com/4jgEjnVSyB
Fri May 08 16:58:05 PDT 2015 --  22 years ago today, Hermione was petrified by the basilisk. 'First I was afraid, I was petrified' pic.twitter.com/0VuGUK8cLi
Fri May 08 14:39:50 PDT 2015 --  A graduate always pays their debts. pic.twitter.com/9Jn2KVeLXS
Thu May 07 15:08:30 PDT 2015 --  the leader we really want... pic.twitter.com/h2cQTY0SE8
Fri May 08 11:09:36 PDT 2015 --  No one wants to hear your life story, Obara. pic.twitter.com/ghe6jiDXmG
Tue Apr 21 13:44:20 PDT 2015 --  You don't have to be perfect to be beautiful pic.twitter.com/c7P01WNo19
Fri Apr 17 04:48:21 PDT 2015 --  Best thing ever pic.twitter.com/eGhQOgpQxI
Fri Apr 17 04:40:42 PDT 2015 --  I'm going to have a bath then a shower wow
Wed Apr 15 03:00:12 PDT 2015 --  Random ginger woman tells you to run into a wall, You do it without questioning.
Tue Apr 14 09:52:52 PDT 2015 --  muggel: "i dont lyke harry pottur." me: *herminee voice* "wat. an. idiot."
Tue Apr 14 09:58:14 PDT 2015 --  I believe in annoyed at first sight
Mon Apr 13 11:07:23 PDT 2015 --  game of thrones and made in Chelsea tonight yay:)))
Sun Apr 12 04:47:49 PDT 2015 --  :) I’m :) trying :) to :) be :) a :) better :) person :) but :) some :) people :) are :) testing :) me
Sun Apr 12 03:00:10 PDT 2015 --  pic.twitter.com/1oyYfaqNeS
Sat Apr 11 17:08:33 PDT 2015 --  THIS IS NOT A PARTY ITS A HURRICANE
Sat Apr 11 17:19:18 PDT 2015 --  THE WOMBATS WERE AMAZING @thewombats @Leadmill pic.twitter.com/6nuuDqeO8q
Thu Apr 09 12:08:24 PDT 2015 --  ios 8.3 suckz cuz it doesent hav harry pottur emojis.
Wed Apr 08 11:05:48 PDT 2015 --  "I've got work tomorrow so I'll only have one drink" pic.twitter.com/Ajio9nkgPB
Thu Apr 09 11:56:11 PDT 2015 --  I need a new TV series to binge watch, what is life
Thu Apr 09 11:49:20 PDT 2015 --  Anyone want to come round lol
Thu Apr 09 10:51:40 PDT 2015 --  Circa waves tomorrow
Thu Apr 09 08:24:38 PDT 2015 --  If Lily had married Snape http://twitter.com/HogwartsIogic/status/585802744558137344/photo/1pic.twitter.com/Wctar1W3S8 
Mon Apr 06 18:10:12 PDT 2015 --  Very emo So depreshun No wow only sad pic.twitter.com/nowdfU4nJB
Mon Apr 06 16:02:14 PDT 2015 --  pic.twitter.com/Rt7DKEQGSP
Mon Apr 06 15:52:48 PDT 2015 --  Come back from holiday to be greeted with about 50 ladybirds in my room and I'm not even exaggerating. How lovely.
Sun Apr 05 13:20:40 PDT 2015 --  When you're hosting the pre lash and spend the whole time cleaning up after your mates pic.twitter.com/TyRlIm9AKv
Sun Apr 05 02:30:12 PDT 2015 --  When you ask a question in the group chat and no one answers
Sat Apr 04 18:10:02 PDT 2015 --  Wow So scare Very trim Plz no pic.twitter.com/LXb1b1B2gK
Sat Apr 04 19:18:24 PDT 2015 --  maybe jk rowling iz wateng until 2019 to write a 8th boohk so we ken all say "I DID MY WATENG! TWELV YEERS UV IT! IN AZKABEN!"
Sat Apr 04 12:18:48 PDT 2015 --  Are UKIP ok in the head? pic.twitter.com/98LqEngpQq
Sat Apr 04 02:54:41 PDT 2015 --  HAPPY BIRTHDAY EMILY!! @wyman_emily
Thu Apr 02 12:48:02 PDT 2015 --  "do you have anything else to say that doesn't involve immigration?" Nigel: pic.twitter.com/1RIkjHQ8Sm
Thu Apr 02 13:28:49 PDT 2015 --  Riding away from your bullshit like pic.twitter.com/EsjtPGBlrG
Thu Apr 02 06:26:27 PDT 2015 --  i solimnly swear dat i am up to no good
Wed Apr 01 06:11:17 PDT 2015 --  pic.twitter.com/A3qO40pYNh
Mon Mar 30 07:00:52 PDT 2015 --  How I'm using Fling http://twitter.com/HogwartsLogic/status/549295030767079427/photo/1pic.twitter.com/2W1nJ6yVjr 
Mon Mar 30 03:29:59 PDT 2015 --  I can't concentrate until ive eaten
Sun Mar 29 19:10:15 PDT 2015 --  School got me like pic.twitter.com/99P6XiLeUR
Sun Mar 29 12:29:28 PDT 2015 --  someone: *doesn’t text me back for two hours* Me: *waits like 4 minutes to respond bc I’m ignoring them back*
Thu Mar 26 15:10:05 PDT 2015 --  Wow Such comic Very hit Much cate vs doge So friends pic.twitter.com/Rk7TrO3CyE
Thu Mar 26 12:50:54 PDT 2015 --  rule of math: if it seems easy, you're doing it wrong
Thu Mar 26 12:41:35 PDT 2015 --  You guys think I'm joking and laughing hahaha but no lol I have really reported u and I'm v pissed off SO GET IT OFF NOW
Thu Mar 26 12:21:13 PDT 2015 --  I'm reporting u all on Twitter lol @immyliversidge @luluxlorente @sxphieward
Tue Mar 24 15:07:16 PDT 2015 --  Got to b my fav acc pic.twitter.com/b8XI4yxtZE
Tue Mar 24 12:43:02 PDT 2015 --  The my mad fat diary playlists on Spotify are the best
Tue Mar 24 11:58:16 PDT 2015 --  Liking the extra "A" on your name Aleena ;) @aleenaxwaseem
Tue Mar 24 10:52:58 PDT 2015 --  I'm not going on Twitter until after I've watched pll tomorrow bc if I find out who A is before I watch it I will die
Sun Mar 22 10:49:41 PDT 2015 --  "whatever, I'm done talking about this" *5 minutes later* "and you know what else-"
Sun Mar 22 11:15:33 PDT 2015 --  I wish all English boys had thick curly hair and well trimmed beards but alas pic.twitter.com/0hFa0jGa88
Sun Mar 22 13:37:42 PDT 2015 --  Are people actually afraid to double text???? I will send 16 messages in a row and feel no shame whatsoever idk
Sun Mar 22 13:15:33 PDT 2015 --  It's that time of the day to hoover up the ladybirds again folks pic.twitter.com/JUAh1KrQc4
Sat Mar 21 22:16:24 PDT 2015 --  Who's comin to Hogsmeade for a pint?
Sat Mar 21 08:10:34 PDT 2015 --  me riding my broomstick away from ur bullshit pic.twitter.com/wO1jCj8bQI
Fri Mar 20 08:40:48 PDT 2015 --  When your mate gets so smashed he can't even walk out the club pic.twitter.com/hsg1AKZ2K2
Fri Mar 20 16:30:08 PDT 2015 --  if i wear an outfit one day and no one important is there to see it did i really wear the outfit
Fri Mar 20 20:00:21 PDT 2015 --  If this picture of a hedgehog doesn't make u happy, idk what will pic.twitter.com/UWrbhEj04l
Fri Mar 20 09:57:51 PDT 2015 --  THERE ARE 23 FUCKING LADYBIRDS IN MY ROOM
Wed Mar 11 07:23:54 PDT 2015 --  Don't say anything just Rt https://vine.co/v/O0MFJ6r0BX2 
Thu Mar 19 13:53:39 PDT 2015 --  Don't risk it guys xxx pass on the message n help all the innocent ppl xx pic.twitter.com/DV4qIPJaUG
Thu Mar 19 08:10:11 PDT 2015 --  I wish legs shaved themselves
Wed Mar 18 17:01:12 PDT 2015 --  MY FEEEETTT
Sun Mar 15 12:02:36 PDT 2015 --  At least I can say I tried... #canthacktheepqlife pic.twitter.com/xxsf2xIEd1
Sat Mar 14 12:47:04 PDT 2015 --  Accurate pic.twitter.com/cvAFTwPZap
Thu Mar 12 14:14:47 PDT 2015 --  Wind swept selfie pic.twitter.com/nmw0YWaQ3d
Wed Mar 11 11:42:55 PDT 2015 --  Quality banter #rightupmystreet pic.twitter.com/uEWJeiNilp
Wed Mar 11 00:38:40 PDT 2015 --  watch out guys pic.twitter.com/Lxd9oN88tK
Mon Mar 09 15:04:21 PDT 2015 --  squad pic.twitter.com/4JzQ4n1V25
Sat Mar 07 11:01:21 PST 2015 --  draco and the malfoys about to drop the hottest wizard track of 2015 pic.twitter.com/1fhQVlJX4X
Mon Mar 02 10:00:44 PST 2015 --  Guilty pic.twitter.com/xAelqMIEMo
Mon Mar 02 11:57:46 PST 2015 --  A bowl of noodles a day keeps the doctor away
Mon Mar 02 11:55:22 PST 2015 --  Why are all the good tours and festivals in America, England is important too
Mon Mar 02 10:51:25 PST 2015 --  Why does my music always pause when I go on snapchat
Tue Feb 10 16:10:13 PST 2015 --  You know theres a problem with our education system when… pic.twitter.com/b4O7ucKfa7
Fri Feb 27 14:17:44 PST 2015 --  When you're mad at your parents and they tell you dinner is ready pic.twitter.com/aQ7Sc8qwBj
Thu Feb 26 11:43:34 PST 2015 --  thank you for such an inspirational assembly this morning @HenryMaybury your music is great- so everyone check it out :-)
Mon Feb 23 15:38:11 PST 2015 --  tame impala is THE shit
Mon Feb 23 10:16:04 PST 2015 --  ahh jake bugg makes me so calm
Mon Feb 23 09:35:00 PST 2015 --  Thinking of starting game of thrones but then I might just watch my mad fat diary again bc it's the best thing I've ever watched
Tue Feb 17 12:11:34 PST 2015 --  #Morrissey #TheSmiths pic.twitter.com/btrNGIDhKX
Sun Feb 22 15:00:07 PST 2015 --  What my life has come to pic.twitter.com/IVP6Nossjj
Sun Feb 22 13:09:01 PST 2015 --  rt if this is you pic.twitter.com/UVW9VatnAl
Sun Feb 22 12:57:35 PST 2015 --  Caught up with pll now Idk what to watch my life is over
Sun Feb 22 12:55:06 PST 2015 --  sometimes you just need to lay on the floor
Sun Feb 22 11:28:11 PST 2015 --  thinking about Monday like pic.twitter.com/369SDKr3TO
Sun Feb 22 10:48:30 PST 2015 --  Sorry everyone I mean pretty little liars #whenyourtooobsessedwithgg
Sun Feb 22 10:45:59 PST 2015 --  Shit I've only got 2 episodes of gossip girl left till I'm up to date
Sun Feb 22 10:22:34 PST 2015 --  say something i'm giving up on school
Sun Feb 22 08:55:02 PST 2015 --  So much is happening on Twitter right now it's unreal. I'm not used to it.
Sun Feb 22 08:51:30 PST 2015 --  Everyone please enjoy this Photo of my glittery case (it's better in real life tbh but still) pic.twitter.com/0eeHxVBYR6
Sun Feb 22 08:11:54 PST 2015 --  Why are some people being so mean? Do you seriously have nothing better to do?
Sun Feb 22 07:51:22 PST 2015 --  aw I love the netball group chat
Sun Feb 22 05:02:32 PST 2015 --  WHO IS EVERYONE INDIRECTING ABOUT
Sun Feb 22 05:42:30 PST 2015 --  for anyone else whos left all their homework until today pic.twitter.com/kr443DlJGL
Sun Feb 22 06:26:19 PST 2015 --  parents: so what are you going to do with your life me: it's a surprise
Sat Feb 21 05:03:50 PST 2015 --  Harry Potter and the Year of the Sass Master Who Couldn't Be Tamed pic.twitter.com/TVsiU1Skht
Sat Feb 21 06:25:50 PST 2015 --  welcome to where i live pic.twitter.com/bljdduBRqn
Thu Feb 19 13:36:13 PST 2015 --  When stress is consuming u but you're acting chill pic.twitter.com/y3feGc5Hhx
Thu Feb 19 10:18:51 PST 2015 --  When your phone cases finally come after 8 frickin weeks
Thu Feb 19 08:08:46 PST 2015 --  COMPETITION! FOLLOW US AND RETWEET THIS TWEET IN ORDER TO WIN A 29 HIGH STREET GIFT BOX WORTH £119.95! (Collection) pic.twitter.com/jFujS1YxO0
Thu Feb 19 06:40:46 PST 2015 --  Someone go to lush with me please n thanku
Wed Feb 18 14:18:05 PST 2015 --  Why pic.twitter.com/LfgNFhP3ov
Wed Jan 21 10:48:39 PST 2015 --  Who else's mother did this? pic.twitter.com/kRBRkPZP8B
Tue Feb 17 12:56:44 PST 2015 --  sometimes twitter has more drama than pic.twitter.com/xpBWRLJCP7
Tue Feb 17 13:11:13 PST 2015 --  i just really really really really really really really really really really really really really really really don’t care
Tue Feb 17 12:13:23 PST 2015 --  A pancake is not a cake made of pans. Please RT to raise awareness. Thank you.
Tue Feb 17 12:35:11 PST 2015 --  Me in three words pic.twitter.com/0mC2H84vZY
Tue Feb 17 08:39:49 PST 2015 --  Just because a cabage dont have eyes it does not mean that he doesnt know about your deceitful ways
Tue Feb 17 08:23:43 PST 2015 --  pic.twitter.com/Y1QZpieKyR
Tue Feb 17 07:08:08 PST 2015 --  I NEED THIS THING MORE THAN I NEED AIR AND WATER pic.twitter.com/PqLO03ApIH
Tue Feb 17 04:38:59 PST 2015 --  pic.twitter.com/JbUucu9802
Tue Feb 17 05:05:09 PST 2015 --  me: *gets anxious over nothing* me: wait this is stupid everything is fine me: wait me: but what if its not
Mon Feb 16 12:03:53 PST 2015 --  DO I LOOK LIKE I GIVE A ᶠʳᶦᶜᵏᶫᵉ ᶠʳᵃᶜᵏᶫᵉ
Sun Feb 15 18:30:10 PST 2015 --  cold weather tips: find the nearest warm boot and hide in it pic.twitter.com/t4Py9OAVmm
Sun Feb 15 18:46:42 PST 2015 --  u better pop lock and drop that attitude
Sun Feb 15 11:46:01 PST 2015 --  Asif people have bought tickets for the wombats at £17 just to resale for £40 more I find it so selfish
Sat Feb 14 17:55:20 PST 2015 --  even pringles get more action than me pic.twitter.com/6zxQFNntEx
Sat Feb 14 19:02:06 PST 2015 --  Many Valentine's Day cards seem to be signed, "From: You-Know-Who." Why is Voldemort sending out so many Valentines?
Sat Feb 14 19:07:53 PST 2015 --  REASONS WHY I LOVE TUMBLR pic.twitter.com/RaqdY9kiVT
Fri Feb 13 12:03:22 PST 2015 --  WTF NETFLIX HASNT ARRIVED IN THIS PART OF THE WORLD YET??? WTF NO NETFLIX IN SPAIN?!!!
Fri Feb 13 02:56:59 PST 2015 --  when teachers say "do work over the half-term" pic.twitter.com/d1qtUq4Ja9
Thu Feb 12 05:35:07 PST 2015 --  I always say “morning” instead of “good morning”. If it were a good morning I’d still be in bed instead of talking to people.
Wed Feb 11 23:32:24 PST 2015 --  im so tired
Wed Feb 11 09:44:50 PST 2015 --  Ezra and Aria are the most annoying couple ever
Wed Feb 11 12:06:08 PST 2015 --  family goals pic.twitter.com/4Ax6yC3FHW
Wed Feb 11 12:18:20 PST 2015 --  to everyone who is very pissed off about the excess gg tweeting, I am very sorry
Wed Feb 11 12:03:47 PST 2015 --  I'm on my phone in the bath and I'm feeling it's a risky move
Mon Feb 09 11:15:24 PST 2015 --  got a lil bit of sass, with a whole lotta ass pic.twitter.com/BwKGESzvKj
Wed Feb 11 11:15:11 PST 2015 --  TRUST ME HE GETS SO FUCKING SEXY OMG @evak9999 @livyparkes2
Wed Feb 11 11:11:11 PST 2015 --  ITS FABULOUS @sxphieward @livyparkes2
Tue Feb 10 12:47:47 PST 2015 --  RT if you want to tryout for the gryffindor quidditch team.
Tue Feb 10 12:52:15 PST 2015 --  Where's the food at???
Tue Feb 10 11:15:22 PST 2015 --  these are cute pic.twitter.com/e1GWZtTFUk
Tue Feb 10 12:02:00 PST 2015 --  This Valentine's Day card is fine. pic.twitter.com/VwyQYUBF6A
Mon Feb 09 13:35:31 PST 2015 --  i always change my mind about everything except the password i have been using since i was 10
Sun Feb 08 07:26:11 PST 2015 --  DONT text me if you're not going to reply when I text back
Sun Feb 08 09:45:00 PST 2015 --  life motto pic.twitter.com/xKEC3Onzol
Sun Feb 08 10:24:37 PST 2015 --  AINT NO PARTY LIKE AN S CLUB PARTAY
Sun Feb 08 08:45:24 PST 2015 --  i stress about stress before there’s even stress to stress about
Sun Feb 08 09:21:45 PST 2015 --  The nurse in romeo and juliet reminds me of darota so much
Sun Feb 08 05:00:51 PST 2015 --  Someone please go to lush with me
Sun Feb 08 04:58:44 PST 2015 --  I'm sick of all the icy pavements n snow now, can summer just hurry up fgs
Sun Feb 08 04:25:23 PST 2015 --  I just can't pic.twitter.com/jn2TKgQIm0
Sat Feb 07 16:46:27 PST 2015 --  Arias dad freaks me out
Thu Dec 18 17:22:07 PST 2014 --  NEVER WANTED A PIC TO SPREAD MORE IN MY LIFE. ^ http://twitter.com/BabyAnimalPics/status/526892397385748480/photo/1pic.twitter.com/wylKpaSw1D 
Thu Feb 05 23:35:42 PST 2015 --  10 WOW
Thu Feb 05 11:09:00 PST 2015 --  You go girl pic.twitter.com/Ol98er4WuC
Wed Feb 04 13:49:06 PST 2015 --  Just realised we have half term before our maths gcse so i can go to slam dunk n not stress
Wed Feb 04 04:40:56 PST 2015 --  Deffo need to buy myself a pandora ring for Valentine's Day
Sun Feb 01 06:07:19 PST 2015 --  IT GETS DARK AROUND HERE, REAL DARK AROUND HEREEEEE
Thu Jan 29 08:03:54 PST 2015 --  I NEED A DOROTA IN MY LIFE pic.twitter.com/RMOWcY9LJ5
Wed Jan 28 11:44:04 PST 2015 --  chair pic.twitter.com/y1bivuw6qJ
Tue Jan 27 11:53:42 PST 2015 --  New favourite website is gossip girl wiki lol
Tue Jan 27 11:44:00 PST 2015 --  FINISHED GOSSIP GIRL OMG CRYING
Tue Jan 27 04:50:34 PST 2015 --  pic.twitter.com/BHUwIW89IR
Mon Jan 26 14:29:05 PST 2015 --  Watching the last episode of gossip girl to find out that January 26th is official gossip girl day
Mon Jan 26 11:37:43 PST 2015 --  Can someone please tell me when my mad fat diary is on again
Wed Jan 21 12:32:10 PST 2015 --  Today is #NationalHugDay.. pic.twitter.com/jqTMItb9ep
Wed Jan 21 12:32:59 PST 2015 --  hope there's no school tomorrow
Wed Jan 21 10:12:21 PST 2015 --  When you find out your sister left school at 1 but you didn't know so you didn't leave till the end of the day
Sat Jan 17 19:37:28 PST 2015 --  XOXO.... Gossip Girl https://vine.co/v/MvbzFEIFbK3 
Sat Jan 17 19:11:02 PST 2015 --  All gossip girl fans can relate pic.twitter.com/G0bl0gl6A8
Sat Jan 03 01:02:18 PST 2015 --  pic.twitter.com/mlT2wbMRpR
Tue Dec 23 21:00:55 PST 2014 --  people who leave concerts before they’re over to avoid traffic are very weak and natural selection is coming for them
Wed Dec 24 00:59:53 PST 2014 --  #Sadvent calendar, 24th December There is a light that never goes out. pic.twitter.com/S9Z86BKeBu
Wed Dec 24 07:25:04 PST 2014 --  Bringing this back pic.twitter.com/V1500xa7ut
Sat Dec 20 05:02:25 PST 2014 --  experts say you need to shut the fuck up
Sat Dec 20 05:03:49 PST 2014 --  can't see the haters pic.twitter.com/SiYZd0WgqD
Mon Dec 01 14:00:02 PST 2014 --  This is such a joke jimmy was my fave
Mon Dec 01 14:21:21 PST 2014 --  
Mon Dec 01 07:07:03 PST 2014 --  its decembur pic.twitter.com/4evgiWS1xi
Mon Dec 01 12:44:53 PST 2014 --  This is not okay pic.twitter.com/NI8joJ2xO0
Wed Nov 26 16:44:55 PST 2014 --  After all these years... pic.twitter.com/Gj4p0O4oI3
Thu Nov 27 08:49:34 PST 2014 --  WHO MADE THIS https://vine.co/v/O10WH6d97re 
Tue Nov 25 10:03:38 PST 2014 --  U15 SFSS netball tournament A team winners!! B team 4th!! pic.twitter.com/ehslUeoOyN
Fri Nov 21 13:00:28 PST 2014 --  what the omg... @luluxlorente pic.twitter.com/9ITx9pG1pq
Sun Nov 16 11:37:42 PST 2014 --  Still iconic pic.twitter.com/gzEWtxR7ur
Fri Nov 14 12:02:24 PST 2014 --  to me david tennant has been and always will be the doctor
Thu Nov 13 14:00:18 PST 2014 --  Lightning pic.twitter.com/dzEuJdaK7v
Mon Nov 10 11:25:34 PST 2014 --  Baby Pufferfish pic.twitter.com/sTy7RKfkKB
Mon Nov 10 10:00:23 PST 2014 --  pic.twitter.com/6B1eb6IUc5
Mon Nov 10 11:30:56 PST 2014 --  Yas pic.twitter.com/Np6DBo1IZE
Mon Nov 10 11:10:21 PST 2014 --  i want to learn how to play a guitar
Thu Nov 06 14:11:03 PST 2014 --  u can make anything look cute if u put a hedgehog on it pic.twitter.com/WJvsvwZfP4
Thu Nov 06 08:11:13 PST 2014 --  drown your sorrow in this bottle
Tue Nov 04 09:35:04 PST 2014 --  hawt gal in point xxxxxx @hafsahalix pic.twitter.com/oP7Kej5nED
Mon Nov 03 14:49:57 PST 2014 --  It sad that Eli is evil now but he's so hot like Noo this can't be happening
Mon Nov 03 12:02:32 PST 2014 --  friend: whats your favorite season? me: of which show? friend: me: friend: me: me: me: oh you meant like the weather
Mon Nov 03 08:55:55 PST 2014 --  at your school you get suspension for smuggling drugs, at mine you can get suspended for smuggling cheese paninis back from the canteen
Sun Nov 02 15:17:14 PST 2014 --  I'm already excited for Christmas pic.twitter.com/grNyydsWLM
Sun Nov 02 10:23:37 PST 2014 --  12 year old conversation: hey hey wats up nm wbu same cool so who do u like you oh ok do u like me yea lets date ok ily ily2
Sun Nov 02 10:25:25 PST 2014 --  how about no school november
Sat Nov 01 21:00:24 PDT 2014 --  why does this make so much sense pic.twitter.com/5Rsz0SelZp
Sat Nov 01 15:59:43 PDT 2014 --  Really not ready to go back to school yet
Sat Nov 01 14:23:07 PDT 2014 --  if u don’t have a good sense of humor then i’m sorry we can’t be friends
Sat Nov 01 14:15:17 PDT 2014 --  This was my jam!! pic.twitter.com/suPsmoJwTW
Sat Nov 01 12:14:49 PDT 2014 --  parents : you can’t have any problems you are just a teenager
Sat Nov 01 09:58:15 PDT 2014 --  the worst feeling is being used by someone who you thought actually genuinely cared for you
Sat Nov 01 10:00:52 PDT 2014 --  So many muggles. pic.twitter.com/iWCTFzOPyp
Sat Nov 01 08:29:30 PDT 2014 --  Lol stop copying me have you got nothing better to do?
Wed Oct 29 16:21:15 PDT 2014 --  That's me pic.twitter.com/mn3n9a3ibO
Thu Oct 16 19:21:43 PDT 2014 --  People at my school pic.twitter.com/61ULpyy94U
Tue Oct 21 12:34:14 PDT 2014 --  *passionately sings the wrong line to a song*
Mon Oct 20 09:00:00 PDT 2014 --  I'm Banksy. pic.twitter.com/XTdw1pk6uR
Fri Oct 17 13:08:44 PDT 2014 --  When you bought deodorant out in the changing room after PE #secondaryschoolmemories pic.twitter.com/rrwsHuP5oQ
Thu Oct 16 07:00:29 PDT 2014 --  when the whole squad looking fresh pic.twitter.com/tQx7LV7ty4
Wed Oct 15 11:26:18 PDT 2014 --  Joyce manor-heated swimming pool
Wed Oct 15 11:20:21 PDT 2014 --  I need a new rucksack mine is horrible
Mon Oct 13 23:17:43 PDT 2014 --  HAPPY BIRTHDAY LULU!!!! @luluxlorente @luluxlorente
Mon Oct 13 14:19:54 PDT 2014 --  Hate being ill
Fri Oct 10 10:46:37 PDT 2014 --  my anaconda don't want none of this academic pressure
Fri Oct 10 09:55:08 PDT 2014 --  I want to play monopoly with someone n then go on a walk
Fri Oct 10 09:48:22 PDT 2014 --  WanT TO go OUt
Thu Oct 09 19:40:20 PDT 2014 --  when you're sober but u have to drag your drunk friend home pic.twitter.com/2hVvSD5oEs
Wed Oct 08 09:47:32 PDT 2014 --  waking up be like pic.twitter.com/MMx80ZqnBo
Mon Oct 06 14:12:38 PDT 2014 --  when bae gets mad at me pic.twitter.com/1hFFDgqod2
Mon Oct 06 02:02:21 PDT 2014 --  school toilets are grim ew
Mon Oct 06 10:08:14 PDT 2014 --  Omg pic.twitter.com/MEWqa5vSjb
Mon Oct 06 10:39:38 PDT 2014 --  I get so happy when lush have their Christmas stuff
Mon Oct 06 11:58:46 PDT 2014 --  Can someone please have a party because I think everyone is just getting depressed because there have been no parties for ages now
Sun Oct 05 07:35:03 PDT 2014 --  pic.twitter.com/SwQziD4SaX
Sat Oct 04 08:11:34 PDT 2014 --  whenever i'm happy and something goes wrong pic.twitter.com/6FygPV46SX
Sat Oct 04 11:31:39 PDT 2014 --  Let's kick Saturday night off in style. It's going to be a mad one. pic.twitter.com/ZDET92YyEV
Sat Oct 04 12:15:21 PDT 2014 --  That's it you've really pissed me off now
Fri Oct 03 13:02:32 PDT 2014 --  #MeanGirlsAppreciationDay.. pic.twitter.com/yFidqSlcfV
Fri Oct 03 09:58:06 PDT 2014 --  Today is #MeanGirlsAppreciationDay.. pic.twitter.com/XkSyGJKHWI
Fri Oct 03 10:05:09 PDT 2014 --  fun prank: wake up during open heart surgery and sing don’t go breakin’ my heart to the surgeon
Thu Oct 02 22:35:15 PDT 2014 --  It's Friday, Friday Gonna slay a basilisk on friday.
Thu Oct 02 15:35:45 PDT 2014 --  WHAT IS THIS... http://vine.co/v/MDLu6FpptFh 
Mon Sep 29 08:30:17 PDT 2014 --  i will never accept the sound of my recorded voice
Sat Sep 27 14:35:21 PDT 2014 --  when you walk away from your computer but forgot you're wearing earphones pic.twitter.com/Sa38rWjxJb
Sat Sep 27 15:23:21 PDT 2014 --  Drive over Kanye's head if you want your kart to receive a speed boost pic.twitter.com/eRVx04tN8f
Sun Sep 21 19:15:25 PDT 2014 --  This Orca is a boss. pic.twitter.com/ghrlI3Vw1X
Sun Sep 21 19:22:55 PDT 2014 --  Cause you're a.... pic.twitter.com/CT2rKejzfe
Fri Sep 26 22:20:40 PDT 2014 --  If you're having a bad day here's baby pandas going down slides pic.twitter.com/agFjaC6aui
Fri Sep 26 15:22:51 PDT 2014 --  pic.twitter.com/olE3lmUcpw
Sat Sep 20 20:27:29 PDT 2014 --  make this go viral please. pic.twitter.com/VhglGUWi1F
Thu Sep 25 12:58:36 PDT 2014 --  Your fucking annoying no one gives a fuck
Tue Sep 23 13:56:01 PDT 2014 --  When teachers tell you that you have tests coming up pic.twitter.com/UnPLnkVxyO
Tue Sep 23 13:09:34 PDT 2014 --  Alt-j's new album is so good
Tue Sep 23 08:10:25 PDT 2014 --  On tests I'm like "just incase" pic.twitter.com/7JGtbgRXmt
Mon Sep 22 12:36:55 PDT 2014 --  brussel sprouts are the most misunderstood vegetable. i think they went through an emo phase do you??? discuss
Mon Sep 22 12:37:24 PDT 2014 --  OHMYGAWD pic.twitter.com/Z9OJIv9MOE
Mon Sep 22 02:23:06 PDT 2014 --  "you've reached your monthly data usage limit" pic.twitter.com/4I3HPuEic5
Sat Sep 20 01:14:48 PDT 2014 --  I swear to God you're dead to me if you don't retweet this pic.twitter.com/st6NBvCc2K
Fri Sep 19 07:00:11 PDT 2014 --  I can’t wait for winter because that’s when all mosquitoes die and go to hell where they belong
Fri Sep 19 11:17:14 PDT 2014 --  
Thu Sep 18 10:29:23 PDT 2014 --  Sumtimes swag iz a curse cuz ppl b mad atchu cuz yo level of swag is so swag
Thu Sep 18 12:07:16 PDT 2014 --  Swagswagswagswagswagswagswagswag
Wed Sep 17 14:40:50 PDT 2014 --  pic.twitter.com/6KgiqiS0pR
Wed Sep 17 14:27:40 PDT 2014 --  Listening to it's hard out here by lily Allen n dancing like a robot lol I'm cool
Wed Sep 17 10:51:19 PDT 2014 --  it's a very TSSF day i putting it in capitals cus i love them
Wed Sep 17 12:28:06 PDT 2014 --  OMG NECK DEEP ARE PLAYING AT TACO BELL NEXT WEEK IN SHEFFIELD!!!!! pic.twitter.com/t3MTaFsxDM
Tue Sep 16 13:59:26 PDT 2014 --  |￣￣￣￣￣ ￣| | You're | | A | | Muggle | | ＿＿＿＿＿__| (\__/) || (•ㅅ•) || / 　 づ
Mon Sep 15 12:58:16 PDT 2014 --  brand new // in a jar
Sun Sep 14 12:07:27 PDT 2014 --  Did U know???? pic.twitter.com/Eg28iGzQpt
Sun Sep 14 10:41:04 PDT 2014 --  someone have a Halloween party!
Sun Sep 14 10:31:37 PDT 2014 --  I won't need your help, anyway, I hate having to think about my future, when all I wanna do is worry about everyone but me
Sun Sep 14 10:30:57 PDT 2014 --  But it's alright and I'm okay
Sun Sep 14 09:00:30 PDT 2014 --  @jesssmith_876x snapchat stories make me laugh so much omg
Sun Sep 14 08:18:34 PDT 2014 --  I've been sitting here all upset n crying and I'm not even the one that's done anything wrong??
Sun Sep 14 07:40:47 PDT 2014 --  I didn't ask for any of this idk what to do it's not fair
Sun Sep 14 07:39:22 PDT 2014 --  No need to make excuses
Sun Sep 14 07:39:04 PDT 2014 --  If u don't want to see me just say
Sat Sep 13 15:05:54 PDT 2014 --  This night has been a wreck
Wed Sep 03 12:13:45 PDT 2014 --  This is why i love Twitter pic.twitter.com/YgnwPbCgyC
Tue Sep 09 13:19:11 PDT 2014 --  ain't nobody messin wiv mi Clique xx pic.twitter.com/hMX4TamNNY
Tue Sep 09 00:08:25 PDT 2014 --  it's cold
Mon Sep 08 08:48:37 PDT 2014 --  I never know what to do with my hands when I don't have pockets
Mon Sep 08 11:53:16 PDT 2014 --  “ @AntiJokeChic: If the lockscreen on your phone is a selfie of you, I'm judging you.” @jesssmith_876x
Fri Sep 05 13:23:59 PDT 2014 --  “ @fuckch4rlie: getting caught taking selfies in public changes u as a person” @sophiesquirex
Thu Sep 04 12:26:41 PDT 2014 --  Curse the day I got braces
Thu Sep 04 12:26:31 PDT 2014 --  My teeth rly hurt
Thu Sep 04 11:50:39 PDT 2014 --  So funny pic.twitter.com/oWyn1YwrvV
Thu Sep 04 09:30:23 PDT 2014 --  if you wanna be my lover gotta buy me concert tickets
Tue Sep 02 15:14:05 PDT 2014 --  One of the worst nights of my life
Tue Sep 02 12:37:05 PDT 2014 --  Vinyls make me happy
Mon Sep 01 11:16:00 PDT 2014 --  Just been sick in a bush at woodburn
Mon Sep 01 08:06:24 PDT 2014 --  #TipsForYear7s don't get the school discos cancelled
Sun Aug 31 12:21:13 PDT 2014 --  Home alone :((())):)))(((:
Sun Aug 31 11:17:08 PDT 2014 --  Mums going out so I'm lonely n hungry
Sun Aug 31 11:12:28 PDT 2014 --  BoREd
Sun Aug 31 11:02:28 PDT 2014 --  @immyliversidge pic.twitter.com/u2I6Pa3603
Sun Aug 31 11:00:24 PDT 2014 --  I was looking at them n I was like I swear I didn't comment this lol
Sun Aug 31 11:00:02 PDT 2014 --  I was just casually stalking immy on ig n I've just seen all these comments that she's commented on her pics 12 weeks with my account
Sun Aug 31 00:50:31 PDT 2014 --  Just wanna go back to school for a week, to see everyone, get my new timetable, see my teachers then go back to being on hol
Sat Aug 30 15:57:58 PDT 2014 --  Oh yeah of course your *at home*
Sat Aug 30 15:57:43 PDT 2014 --  WHAT THE FUCK
Sat Aug 30 10:55:31 PDT 2014 --  No it's not partly cloudy, it's RAINING pic.twitter.com/sJPd9GBvzw
Sat Aug 30 10:50:17 PDT 2014 --  Rain reflecting mood-suitable pic.twitter.com/5wAqYj23qk
Sat Aug 30 10:49:42 PDT 2014 --  This song is too happy for my mood
Thu Aug 28 17:00:32 PDT 2014 --  basically. pic.twitter.com/zyOJ68gTTu
Sat Aug 30 07:23:13 PDT 2014 --  Finally on the bus n there's only the driver, a middle man, an old man and me
Sat Aug 30 07:14:27 PDT 2014 --  Mum wouldn't give me a lift nd then I missed the bus
Sat Aug 30 07:13:42 PDT 2014 --  Wet hair don't care lol
Sat Aug 30 05:31:34 PDT 2014 --  feelings pic.twitter.com/9XRBSSsGZ1
Fri Aug 29 13:24:30 PDT 2014 --  All the food immy put on twitter today I've given to her lol
Fri Aug 29 10:16:48 PDT 2014 --  “ @immyliversidge: in the park with immys new cat”
Tue Aug 26 07:30:37 PDT 2014 --  pic.twitter.com/pBuycf3IMF
Tue Aug 26 08:16:43 PDT 2014 --  I walk home with my eyes low dreaming of conversations we'll have tomorrow
Fri Aug 22 10:05:56 PDT 2014 --  Awh Immy made this emoji person of me :)) pic.twitter.com/ZYrr3STj5h
Wed Aug 20 14:36:34 PDT 2014 --  would rather go to IKEA than meadowhall
Wed Aug 20 09:44:50 PDT 2014 --  school: ╭┈┈┈┈╯   ╰┈┈┈╮  ╰┳┳╯    ╰┳┳╯                          ╰┈┈╯   ╭━━━━━╮      ┈┈┈┈                    
Tue Aug 19 20:13:51 PDT 2014 --  I nominate Dolores Umbridge for the boiling water challenge.
Sun Aug 17 11:48:15 PDT 2014 --  i wish there were mini whales like 6 inch whales that u could put in a tank & own as pets like hey look at my pet whale that'd be great
Sun Aug 17 08:45:56 PDT 2014 --  the moon was beautiful last night pic.twitter.com/hro3oAj2A3
Sat Aug 16 03:54:52 PDT 2014 --  Jammin pic.twitter.com/InaX3vi0DU
Sat Aug 16 02:16:06 PDT 2014 --  I saw a HUGE spider in the kitchen last night now I'm afraid to go downstairs and I'm hungry :////
Fri Aug 15 10:40:48 PDT 2014 --  Voldemilk pic.twitter.com/X4b5SOwjF8
Thu Aug 14 17:14:00 PDT 2014 --  best people alive pic.twitter.com/znuFaITLJs
Thu Aug 07 13:46:38 PDT 2014 --  pic.twitter.com/5glCPT27xy
Wed Aug 13 09:00:21 PDT 2014 --  Yes I’m totally scared of a greasy haired cunt…. pic.twitter.com/6JOMOSDET0
Tue Aug 12 02:42:59 PDT 2014 --  CHICKEN TIKKA TELL ME WHATS WRONG
Tue Aug 12 09:39:52 PDT 2014 --  Every white girl be like “Espresso Patronum”
Tue Aug 12 06:32:17 PDT 2014 --  Timmy Turner had them bars pic.twitter.com/WrwXU7zpWO
Mon Aug 11 17:34:10 PDT 2014 --  when bae won’t answer your texts pic.twitter.com/8s6s5soVDu
Mon Aug 11 21:49:17 PDT 2014 --  It's as if the Dementors have stolen happiness itself. #RIPRobinWilliams pic.twitter.com/IEDOvNcbAP
Mon Aug 11 08:30:09 PDT 2014 --  If your school doesn’t have a moving staircase then life isn’t worth living.
Sat Aug 09 05:49:05 PDT 2014 --  That's enough Internet for one day https://vine.co/v/MVinDm6Di3w 
Sun Aug 10 13:42:15 PDT 2014 --  rt if u cri evrytiem pic.twitter.com/fidUzxgOZ8
Sun Aug 10 22:44:14 PDT 2014 --  pic.twitter.com/dAo2JrOck9
Sun Aug 10 03:44:36 PDT 2014 --  Everyone immys birthday is postponed until tomorrow due to weather conditions
Sun Aug 10 03:26:54 PDT 2014 --  HAPPY BIRTHDAY IM pic.twitter.com/HYRrbkIiSG
Sun Aug 10 03:24:32 PDT 2014 --  pic.twitter.com/rvmLlG7YRM
Sun Aug 10 03:24:00 PDT 2014 --  pic.twitter.com/c0qtyvhCwK
Sun Aug 10 03:21:08 PDT 2014 --  pic.twitter.com/RegGCgBgKl
Sun Aug 10 03:19:53 PDT 2014 --  pic.twitter.com/ZhtvTfhVN5
Sun Aug 10 03:19:34 PDT 2014 --  Birthday gal pic.twitter.com/T1cSXtFw9Y
Sun Aug 10 03:18:21 PDT 2014 --  HAPPY BIRTHDAY IMMMYYYY LOVE U LOADS @immyliversidge @immyliversidge @immyliversidge
Fri Aug 08 13:05:41 PDT 2014 --  girls all go to the bathroom together because that’s where we rap battle
Fri Aug 08 09:38:58 PDT 2014 --  It's Friday night. Let's live a little. pic.twitter.com/9Z23PMKLul
Thu Aug 07 11:52:23 PDT 2014 --  I need to meet whoever wrote this pic.twitter.com/ekDCtyoETp
Thu Aug 07 12:38:16 PDT 2014 --  I put four sheets of A4 in the shredder today, instead of the recommended three. What a time to be alive. #yolo
Wed Aug 06 06:27:22 PDT 2014 --  pic.twitter.com/dVbkrGkqE4
Wed Aug 06 12:32:26 PDT 2014 --  Just ordered 3 vinyls WHOOO
Tue Aug 05 16:14:52 PDT 2014 --  i decided to shop at disney for a change #foranyonewhodidntknowthisisapisstake pic.twitter.com/RTsqmZRWvz
Mon Aug 04 11:14:52 PDT 2014 --  Wasnt expecting this https://vine.co/v/M0Yv0AnKLgF 
Sun Aug 03 10:35:45 PDT 2014 --  Oli Sykes in endcliffe lol pic.twitter.com/oH79x9bIlF
Sun Aug 03 10:42:02 PDT 2014 --  Paper towns is such a good book
Sun Aug 03 12:21:41 PDT 2014 --  Roast potatoes are the bomb
Sat Aug 02 16:39:49 PDT 2014 --  Excited cos she has a kanken pic.twitter.com/i1AVgjyDY6
Sat Aug 02 16:37:52 PDT 2014 --  Stole immys glasses lmao but my fringe was too long for them fml pic.twitter.com/856Cuw5ByL
Sat Aug 02 06:34:11 PDT 2014 --  Now I'm an a list celeb Kim k isn't that fun anymore :(
Sat Aug 02 05:59:58 PDT 2014 --  I found these selfies which eden took on my phone other day... @Eden_Fowler pic.twitter.com/zEmZCY3I76
Sat Aug 02 05:58:04 PDT 2014 --  Need to get my fringe cut cos can't see much lmao
Fri Aug 01 13:53:06 PDT 2014 --  when u lose ur stingray but then u find it again pic.twitter.com/1PjfXnV2jv
Fri Aug 01 13:27:42 PDT 2014 --  Actual tears pic.twitter.com/y7TvXI4OO7
Sun Jul 27 12:00:17 PDT 2014 --  pic.twitter.com/4FP0YkftdI
Fri Aug 01 17:06:03 PDT 2014 --  stop editing ur pics what if u go missing how can we find you if you look like beyonce on instagram and waka flocka in person
Sat Aug 02 01:28:52 PDT 2014 --  When I'm counting my stairs, I'm never quite sure whether to include the top step in my results. Technically it's the landing.
Thu Jul 31 05:15:00 PDT 2014 --  The bus has stopped. Why has the bus stopped
Thu Jul 31 05:01:01 PDT 2014 --  Bus is taking the piss
Thu Jul 31 04:18:19 PDT 2014 --  When u know ur loom band is legit dead pic.twitter.com/gAMWVjHS5d
Mon Jul 28 14:35:19 PDT 2014 --  it’s so hard hiding the truth from your friends… pic.twitter.com/SsdtFpCOOH
Mon Jul 28 12:46:43 PDT 2014 --  ♫ Smoking Kills - by Gnarwolves #bbc #radio1 #np
Mon Jul 28 12:53:21 PDT 2014 --  "sunlight hits your laptop screen* wow every piece of dust in the world it’s here
Mon Jul 28 13:23:55 PDT 2014 --  I don't want to try meow chat. Okay. Thank u. Goodbye nd goodnight and of story.
Thu Jul 17 08:34:10 PDT 2014 --  Thanks immy pic.twitter.com/aa8GSqsvEt
Mon Jul 28 05:49:49 PDT 2014 --  Legit just sweat off all my suncream doing those hill reps
Sun Jul 27 15:17:12 PDT 2014 --  Want u pic.twitter.com/FmkKSdKnfg
Sun Jul 27 10:28:27 PDT 2014 --  Want. pic.twitter.com/LhaUG5o7lo
Sun Jul 27 08:01:35 PDT 2014 --  Imagine if u could have capital numbers ooo
Sun Jun 22 03:49:36 PDT 2014 --  Absolute nutter, now how will people know the date?! pic.twitter.com/fByEJ0suDd
Fri Jul 25 21:02:22 PDT 2014 --  aircon
Sat Jul 26 00:48:23 PDT 2014 --  The big question of the commonwealth games pic.twitter.com/uLbWzZRxAd
Fri Jul 25 12:33:57 PDT 2014 --  bae: come over me: i can't i'm in me mum's car bae: my parents aren't home me: broom broom pic.twitter.com/WDNzRCrdkZ
Thu Jul 24 03:17:33 PDT 2014 --  I just threw a drink at willow pape @WillowPapeKK
Wed Jul 23 14:14:52 PDT 2014 --  When u got no wifi n u tryna play Kim k
Wed Jul 23 04:18:50 PDT 2014 --  Lol I got the Kim kardashian game n been playin in for an hour now I've run out of energy :'((
Thu Jul 17 15:32:06 PDT 2014 --  single and ready to flamingle pic.twitter.com/YP6EfjKyAZ
Mon Jul 21 17:48:05 PDT 2014 --  Cocaines a hell of a drug https://vine.co/v/M2iA30Trr2x 
Mon Jul 21 17:14:49 PDT 2014 --  I'm in me mums caaar brum brum
Mon Jul 21 11:25:22 PDT 2014 --  http://m.youtube.com/watch?v=nyhKZSXt2FM …
Mon Jul 21 11:02:07 PDT 2014 --  There's a little voice in your head reading this right now.
Mon Jul 21 14:31:50 PDT 2014 --  https://vine.co/v/Mtw2XnJwK3e 
Sun Jul 20 05:19:54 PDT 2014 --  When bae eats all the pudding pic.twitter.com/NSco2LHHzM
Fri Jul 18 13:33:09 PDT 2014 --  Jilly: who doesn't like piZa Emily: me Jilly: r u normal
Sat Jul 19 09:28:15 PDT 2014 --  Missing the bæs v much
Thu Jul 17 15:41:29 PDT 2014 --  Ehh did it again @YasminCoverdale
Thu Jul 17 15:41:07 PDT 2014 --  COME BACK STRONG WITH 50 BELLY DANCERS
Thu Jul 17 15:39:45 PDT 2014 --  Got that one
Thu Jul 17 15:39:29 PDT 2014 --  WHITE HEAT IS SCREAMING IN THE JUNGLE
Thu Jul 17 15:38:58 PDT 2014 --  Shit I was 12 seconds late to beat Yasmin on the lyrics
Thu Jul 17 15:38:22 PDT 2014 --  BURN SO BRIGHT I WONDER WHAT THE WAVE MEANT
Thu Jul 17 15:33:50 PDT 2014 --  I've folded up most of my clothes but nothing is in the suitcase yet and we leave the house at 4. Shit.
Thu Jul 17 02:58:33 PDT 2014 --  LOOK pic.twitter.com/Y8Vytj9Zxy
Tue Jul 15 12:47:44 PDT 2014 --  It feels like the train has slowed down Wtaf
Tue Jul 15 12:31:27 PDT 2014 --  “ @moonlmaoo: do you ever think about shit you did in the past and just go why the fuck did nobody punch me in the face”all the time
Tue Jul 15 08:58:44 PDT 2014 --  Scroll Down ㅤㅤ ㅤ ㅤ ㅤ ㅤ ㅤㅤ ㅤ ㅤ ㅤㅤ Keep Scrolling ㅤ ㅤ ㅤ ㅤ ㅤ ㅤ ㅤㅤ ㅤ ㅤ Almost There ㅤ ㅤㅤ ㅤ ㅤ ㅤㅤ ㅤ ㅤ ㅤ Fuck You
Sat Jul 05 07:38:19 PDT 2014 --  i do wat i want pic.twitter.com/uXtamznczd
Sun Jul 13 23:39:59 PDT 2014 --  enjoy school losers
Sun Jul 13 15:15:00 PDT 2014 --  I like how Immy is wearing my top in her profile pic @immyliversidge
Sun Jul 13 14:59:24 PDT 2014 --  Seriously it was almost better nd now it's as bad as it was before
Sun Jul 13 14:58:39 PDT 2014 --  Ankle's swollen up again wtf is this
Sun Jul 13 04:29:21 PDT 2014 --  a burnt whale
Sun Jul 13 03:19:04 PDT 2014 --  “@nicoleparkes14: The only door I'll be opening is the fringe door @immyliversidge” not cool
Sat Jul 12 20:03:02 PDT 2014 --  cannot see the haters pic.twitter.com/tr8RDV19nU
Tue Jul 08 20:03:04 PDT 2014 --  when you just coughed your lungs out and your friend asks if you're okay pic.twitter.com/ZPI6uuvQzp
Sat Jul 12 16:02:20 PDT 2014 --  So Nicole n Immy get rly nice brownies n I get a fucking raspberry bolide which is burnt with fucking jam on it
Sat Jul 12 16:01:20 PDT 2014 --  That blondie must be a lesbian-TMB pic.twitter.com/jMKQZt0JKl
Sat Jul 12 15:56:44 PDT 2014 --  Lol actual vanilla milkshake pic.twitter.com/oWB6R0T8gX
Sat Jul 12 14:39:28 PDT 2014 --  Tonight was really nicee
Sat Jul 12 11:47:51 PDT 2014 --  “ @immyliversidge: what nicole looks for in a guy http://twitter.com/immyliversidge/status/488031897759805442/photo/1pic.twitter.com/y52xWo4kGn ”weeing
Sat Jul 12 04:56:12 PDT 2014 --  ft livvys laugh pic.twitter.com/wAPUtXDXWb
Fri Jul 11 18:13:17 PDT 2014 --  all my friends fall asleep so fast, n I've been like awake for two hours not being able to wah
Thu Jul 03 15:12:16 PDT 2014 --  *sprinkles moon dust on ur forehead* goodnight lil bitch
Sat Jun 28 08:37:18 PDT 2014 --  hey pic.twitter.com/Ll66geOPX6
Sat Jun 28 16:24:01 PDT 2014 --  #prayforcj
Sat Jun 21 14:59:52 PDT 2014 --  Lol someone hacked me #tryingtofigureoutwho
Wed Jun 18 11:51:01 PDT 2014 --  i am fiji water u are pond water
Wed Jun 18 11:13:46 PDT 2014 --  When people make things awkward :@
Tue Jun 17 12:03:10 PDT 2014 --  Happy birthday @YasminCoverdale
Mon Jun 02 11:37:51 PDT 2014 --  That was sarcasm btw
Sat May 24 02:05:18 PDT 2014 --  #slamdunk TODAY @livyparkes2 @_Emily_Hughes_ @allie_bloor904 @nicoleparkes14 @_erinharvey
Tue May 20 15:12:51 PDT 2014 --  Blocking someone is an immature way of avoiding a problem
Tue May 06 12:28:14 PDT 2014 --  unfollowing all of us is so mature :):):):)
Tue Apr 15 12:45:59 PDT 2014 --  Does anyone have or know anyone who has 3 neck deep tickets to sell for tomorrow?
Mon Apr 14 15:45:09 PDT 2014 --  I'm gonna jog down kings road and hope Mark Francis sees me
Sat Mar 22 10:59:37 PDT 2014 --  I just got in the bath and then saw a spider on the wall right next to me
Wed Mar 19 14:42:36 PDT 2014 --  When randomers stalk you on Instagram. Thanks but no thanks
Sun Mar 16 23:37:01 PDT 2014 --  Some people are real. Some people are good. Some people are fake. and some people are real good at being fake.
Mon Mar 17 00:16:59 PDT 2014 --  Alcohol should be served in Capri Sun pouches, when you can no longer get the straw in the hole you've had enough
Mon Mar 17 00:37:02 PDT 2014 --  welcome to nobody cares. population: me
Tue Mar 11 12:50:46 PDT 2014 --  There is a ladybird in my shower. What even.
Mon Mar 10 08:30:04 PDT 2014 --  I am who I am. I’m weird, I’m lame, I run into things, I spill food, I trip, I scream about random & stupid stuff. But, I like it that way.
Sat Mar 08 01:55:46 PST 2014 --  I wish my iPhone would stop correcting 'omg' to 'OMG', I'm not that shocked.
Sat Mar 08 03:59:09 PST 2014 --  Sometimes the laugh is funnier than the joke itself.
Tue Mar 04 22:35:25 PST 2014 --  I text you. You don't reply. I feel stupid.
Tue Mar 04 22:50:22 PST 2014 --  That moment when you spend half the movie trying to think of where you've seen the actor before.
Tue Mar 04 17:13:07 PST 2014 --  Horror movies don't scare me. 5 missed calls from mom scares me.
Tue Mar 04 15:25:00 PST 2014 --  I've always wanted to turn around in a big chair and say "I've been expecting you."
