Fri Aug 28 19:11:47 PDT 2015 --  I'm tired, but I don't wanna sleep
Fri Aug 28 18:57:12 PDT 2015 --  It's not even fall yet and people are getting sick. #sneezeinyourelbow #usegermx #stayawayfromme
Thu Aug 27 18:26:26 PDT 2015 --  . @BretBielema leading a Hog Call at JAM-PACKED freshmen pep rally. #Uncommon pic.twitter.com/x7mv0MvlXs
Wed Aug 26 14:35:03 PDT 2015 --  That moment when you find our you're not the only person in the classroom that like @onedirection and @echosmith !!
Wed Aug 26 05:52:24 PDT 2015 --  Love this weather in Casscoe #ARCO @KATVToddYak pic.twitter.com/A00I7lkUsL
Wed Aug 26 04:01:54 PDT 2015 --  This is going to be amazing! @iHeartRadio pic.twitter.com/0dhFWOEQrl
Tue Aug 25 12:58:18 PDT 2015 --  Exactly 4 months until Christmas
Mon Aug 24 16:04:29 PDT 2015 --  Can't wait to play the @svmusicfest this weekend! Opening for @cmorganmusic @loveandtheft & @FrankieBallard http://bit.ly/MFModesto 
Mon Aug 24 15:32:02 PDT 2015 --  When you randomly write "Echosmith" in your science book. @echosmith is wayyy cooler than science!
Mon Aug 24 15:02:37 PDT 2015 --  Ok so Lots of rumours going round. We are not splitting up, but we will be taking a well earned break at some point next year
Sat Aug 22 17:29:28 PDT 2015 --  This baby turns 16 today #Dawwwwww #throwback #littlebro https://instagram.com/p/6tK9Lcl3-G/ 
Sat Aug 22 17:37:23 PDT 2015 --  The Final Scrimmage http://bit.ly/HogsCamp14 
Sat Aug 22 06:22:47 PDT 2015 --  Happy 16th Birthday to this cool dude!!!! #Jedi #bro #bass #bday pic.twitter.com/p88Z7UBG2t
Fri Aug 21 14:36:59 PDT 2015 --  Nobody understands my love for long bubble baths.
Fri Aug 21 14:34:07 PDT 2015 --  I free candy @COKERHAMPTON pic.twitter.com/KaZJZFrsl3
Thu Aug 20 15:36:25 PDT 2015 --  one retweet could save 2 lives pic.twitter.com/lsAaYE0rcC
Wed Aug 19 14:40:06 PDT 2015 --  this girlllll @mckennafaith #WeLikeTrucks pic.twitter.com/yuxqVXRzTt
Mon Aug 17 18:02:31 PDT 2015 --  I think I may have the best classsss, well, you know, besides the ignorant people
Mon Aug 17 14:29:00 PDT 2015 --  Got my first one in pic.twitter.com/rsQmARVXan
Sat Aug 15 14:04:15 PDT 2015 --  cupcakes! :)
Fri Aug 14 19:15:14 PDT 2015 --  "It's nothing personal, it's just that we're better than you" -Madagascar 2 'King Juliann'
Fri Aug 14 13:53:17 PDT 2015 --  When you realize that today is the last Friday of summer break
Fri Aug 14 13:27:56 PDT 2015 --  I'm officially ready for school
Thu Aug 13 09:41:12 PDT 2015 --  I have lake fever #help
Thu Aug 13 09:30:36 PDT 2015 --  Some people's smiles are just as fake as their personality.
Thu Aug 13 06:31:57 PDT 2015 --  GAME DAY SHIRTS ARE HERE! Get yours at: http://www.southernandthankful.com/thankful-for-game-day.html …
Wed Aug 12 17:59:33 PDT 2015 --  Have I mentioned that I hate mosquitos?
Tue Aug 11 22:19:37 PDT 2015 --  3 people followed me // automatically checked by http://fllwrs.com 
Tue Aug 11 10:14:27 PDT 2015 --  I'm ready for fall time
Tue Aug 11 07:51:41 PDT 2015 --  Even the 6th gen #Camaro key fob is beautiful. #camarosix First look - http://bit.ly/1KfQLzJ  pic.twitter.com/wlZEJKVY3L
Tue Aug 11 08:32:09 PDT 2015 --  The countdown is on! Be sure you're following @RazNation! #WPS pic.twitter.com/sBGzBhISpK
Tue Aug 11 06:22:05 PDT 2015 --  Have you ever had somebody make fun of you for being a Christian? Remember Matthew 5:11. If somebody makes fun of... http://fb.me/7HxyDPL17 
Mon Aug 10 13:38:00 PDT 2015 --  "Sittin' on top of the world"
Mon Aug 10 10:57:24 PDT 2015 --  #SquadGoals. pic.twitter.com/Uzmpb17pVm
Mon Aug 10 07:03:11 PDT 2015 --  College Colors Day is Sept. 4 but the contest gets started today Find out more: http://bit.ly/HogColors  pic.twitter.com/o3qoQ5q7UR
Sat Jul 25 19:39:46 PDT 2015 --  the worst 45 seconds of your life #GrowingUpWithBraces pic.twitter.com/8s3dGhH4X8
Sat Aug 08 17:45:07 PDT 2015 --  PHOTOS | Today's practice marks four weeks 'til kickoff > http://bit.ly/1Kb21gT  pic.twitter.com/qOWQ4dF4pP
Sat Aug 08 12:21:22 PDT 2015 --  Day 3️⃣ . Time to get after it. #UncommonMentality pic.twitter.com/9SsUgzDrkT
Sat Aug 08 12:43:14 PDT 2015 --  Back to work. #UncommonMentality pic.twitter.com/MvTHnjpP5x
Sat Aug 01 11:00:09 PDT 2015 --  If only it was spelt Makena Faith:) @mckennafaith pic.twitter.com/C7u0jbHBYJ
Sat Aug 01 06:25:59 PDT 2015 --  nobody can drag me down #OTRAIndianapolis pic.twitter.com/l0SQURcpXk
Sat Aug 01 00:40:51 PDT 2015 --  I'm ready for school, but I don't know how imma wake up so early
Fri Jul 31 21:52:53 PDT 2015 --  well if that wasn't the coolest day ever then I don't know what was, drag me down is out, we performed it in Indy ! sick day
Sat Aug 01 00:32:22 PDT 2015 --  No matter how hard you try, some people will never change.
Fri Jul 31 08:48:06 PDT 2015 --  Nobody, nobody can drag me down. Retweet if you're excited for @onedirection on @GMA! #1DonGMA #DragMeDown pic.twitter.com/aDb6OsQf3b
Fri Jul 31 09:51:44 PDT 2015 --  https://twitter.com/onedirection/status/627158065138110470 …
Fri Jul 31 09:10:11 PDT 2015 --  Finally! #1D #YouAndI @onedirection pic.twitter.com/krIPEtUB7H
Thu Jul 30 19:22:48 PDT 2015 --  Blistered finger tips. Part of playing the strings?
Thu Jul 30 17:13:39 PDT 2015 --  pic.twitter.com/aoubtiOfvL
Mon Jul 27 18:32:36 PDT 2015 --  So thankful for Bro. Palmer:) #blessed
Mon Jul 27 10:02:56 PDT 2015 --  Objective : was to bring back what has been lost and get to the paper pic.twitter.com/TLamjlhIsC
Thu Jul 23 17:15:41 PDT 2015 --  Yeah, my bow is tightened up all the way
Thu Jul 23 06:58:33 PDT 2015 --  Chocolate chip waffle
Fri Jul 17 11:21:43 PDT 2015 --  The other day I saw a LSU license plate and thought, "Why??", but then I saw that it was a Ford. #ChevyNation
Fri Jul 17 10:43:38 PDT 2015 --  Ready to be in ARCO
Tue Jul 14 15:49:26 PDT 2015 --  That moment when you get dipped neck deep when you are parasailing. #parasailing15 #vacation15 #goingagainsoon
Tue Jul 14 15:38:55 PDT 2015 --  Parasailing
Tue Jul 14 13:08:19 PDT 2015 --  Today Southern and Thankful is headed to Hawaii, North Carolina, and Texas! Our message is headed all over the world #southernandthankful
Tue Jul 14 11:43:25 PDT 2015 --  I have decided body boarding is my life
Tue Jul 14 11:42:38 PDT 2015 --  I h8 jellyfish.
Mon Jul 13 19:39:14 PDT 2015 --  Had the best birthday ever! Can't wait till tomorrow's adventures!
Mon Jul 13 19:38:15 PDT 2015 --  The ocean was beautiful tonight. pic.twitter.com/GWrnJWRmrj
Mon Jul 13 15:15:19 PDT 2015 --  #southernandthankful that I get to spend the week at the beach @srnandthankful pic.twitter.com/0r3Cczu1zs
Mon Jul 13 15:12:32 PDT 2015 --  What's a better way to spend your 13 birthday then at the beach? pic.twitter.com/BKx76ff5c7
Mon Jul 13 15:11:44 PDT 2015 --  Jellyfish stings...everywhere pic.twitter.com/vLUSIFHpW4
Mon Jul 13 11:17:36 PDT 2015 --  It's getting exciting pic.twitter.com/w9DzJ3Q0xi
Mon Jul 13 06:44:35 PDT 2015 --  Riding through Mississippi and see the Confederate flag flyin high
Mon Jul 13 05:40:48 PDT 2015 --  I love my little brother pic.twitter.com/UK5iimlnHu
Sun Jul 12 18:30:31 PDT 2015 --  Dear God, I wanna take a minute, not to ask for anything from you. But simply to say thank you, for all I have.
Sun Jul 12 16:30:05 PDT 2015 --  Daydreaming is good for your brain.
Sun Jul 12 17:57:58 PDT 2015 --  I'll be 13 in a few hrs
Fri Jul 10 23:45:01 PDT 2015 --  I love God, and I'm proud to say that.
Fri Jul 10 14:33:34 PDT 2015 --  Phew. I think I'm finally done packing! #vacation15
Fri Jul 10 09:50:56 PDT 2015 --  When your brother blows chunks in the Pizza Hut parking lot.
Thu Jul 09 10:39:28 PDT 2015 --  Shopping all day, a manicure in about 15 min., and listening to 1D best day:)
Wed Jul 08 16:32:12 PDT 2015 --  Monday. Almost there
Wed Jul 08 14:45:11 PDT 2015 --  Put God first, and you'll never be last.
Thu Jul 02 13:04:50 PDT 2015 --  "Gonna put the world a away for a minute. Pretend I don't live in it. Sunshine gonna wash my blues away." #11moredays
Wed Jun 24 09:22:52 PDT 2015 --  Official: 2016 Chevrolet Camaro Convertible Revealed! http://bit.ly/1GIcYHJ  pic.twitter.com/qIKkE0L0ll
Tue Jun 30 07:13:31 PDT 2015 --  Watching movies with my main #eli #middlechildren pic.twitter.com/pqwy22ivHL
Tue Jun 30 07:00:13 PDT 2015 --  Is it weird that half the people that follow me on twitter, idek
Mon Jun 29 07:28:31 PDT 2015 --  Can't wait for Thriller Thursday on Alice 107.7
Sun Jun 28 07:14:18 PDT 2015 --  one person followed me and one person unfollowed me // automatically checked by http://fllwrs.com 
Sun Jun 28 06:43:52 PDT 2015 --  #poweroftheheels
Sat Jun 27 12:42:35 PDT 2015 --  Just sewing and listening to @hgarrett1208 talk/hum/sing to himself.
Thu Jun 25 12:01:14 PDT 2015 --  me and @MakenaMunger didn't like our room anymore so we moved all the furniture and cleaned every Inch in 2 hours
Tue Jun 23 14:44:03 PDT 2015 --  This transgender crap is getting on my nerves... #yallneedJesus
Sat Jun 20 07:02:30 PDT 2015 --  Mr. Sun came up and he smiled at me #dontjudge #spongebob #bestdayever
Tue Jun 16 08:05:12 PDT 2015 --  one person unfollowed me // automatically checked by http://fllwrs.com 
Mon Jun 15 16:55:36 PDT 2015 --  Whatever works... The #OmaHogs find a way to tie!! #CWS pic.twitter.com/fvk2ISxi2f
Sun Jun 14 14:21:57 PDT 2015 --  To all kids, hard work is a talent. Work ethic is a skill. Write it down. Remember that.
Sat Jun 13 15:15:43 PDT 2015 --  Exactly a month from now it will be my birthday, I will be in Orange Beach, and probably 800 feet in the air. #13bd #beachin15
Thu Jun 11 07:07:39 PDT 2015 --  Exactly 6 years ago today! @carliemunger2 @MakenaMunger pic.twitter.com/B41jeBHUPx
Mon Jun 08 14:03:13 PDT 2015 --  Thx so much @JerryBJenkins ! I didn't know you would write back or even give me an autograph! pic.twitter.com/1zpVDCUdOc
Fri Jun 05 17:04:17 PDT 2015 --  "fair weather love you will fade before you go." my favorite song♡ @TheWillisClan #WillisClan
Thu Jun 04 16:56:01 PDT 2015 --  kool-aid in da hair and don't care
Thu Jun 04 16:07:50 PDT 2015 --  2 people unfollowed me // automatically checked by http://fllwrs.com 
Thu Jun 04 11:10:37 PDT 2015 --  Are you more top down or top up when it comes to the #Camaro? pic.twitter.com/tkF2jIkuYm
Thu Jun 04 08:37:19 PDT 2015 --  If anybody knows of a Nathaniel, give him a Coke:) pic.twitter.com/jROEG1G8Fd
Wed Jun 03 15:37:55 PDT 2015 --  this picture makes me smile #arco #nofilter pic.twitter.com/wmKMlr8Jry
Tue Jun 02 19:23:34 PDT 2015 --  Watching @TheWillisClan #WillisFamily
Tue Jun 02 11:49:39 PDT 2015 --  I will never trust anyone with the name of Alison #pll
Mon Jun 01 15:57:09 PDT 2015 --  boys wearin chacos is a no no
Mon Jun 01 10:25:47 PDT 2015 --  why am i thinking of fall???
Sun May 31 07:19:56 PDT 2015 --  i love wearing high heels
Fri May 29 18:26:32 PDT 2015 --  *casually walking into eighth grade*
Fri May 29 15:02:32 PDT 2015 --  2morehrs
Fri May 29 09:18:13 PDT 2015 --  They are some characters. pic.twitter.com/bxtDkT4YFF
Fri May 29 09:00:23 PDT 2015 --  Y'all r ridiculous https://twitter.com/carliemunger2/status/604315365129093120 …
Fri May 29 05:30:19 PDT 2015 --  wellp, my last day as a 7th grader:)
Thu May 28 16:41:13 PDT 2015 --  "She went from rags to eating lunch with the President." My first thought was, "I wonder if she knew which fork to use..."
Thu May 28 14:58:16 PDT 2015 --  almost done with these fools!
Wed May 27 18:20:16 PDT 2015 --  im just ready to start my summer
Wed May 27 13:37:45 PDT 2015 --  just one more day and this bull crap will be over
Mon May 25 06:37:31 PDT 2015 --  Sincere thanks to those who sacrifice so much on a daily basis to keep us free and safe in the greatest country in the world. God bless you
Sat May 23 09:56:57 PDT 2015 --  4 people followed me // automatically checked by http://fllwrs.com 
Fri May 22 15:02:58 PDT 2015 --  Will someone go take me to see "Aloha"?
Thu May 21 18:45:03 PDT 2015 --  I love sleep. You forget about pain, problems, stress, everything for a while.
Thu May 21 14:51:03 PDT 2015 --  Why is it so cold?
Wed May 20 18:39:31 PDT 2015 --  All my life, I thought Kanye West was a girl
Wed May 20 17:30:46 PDT 2015 --  I hate being lied straight to my face when i know every bit of the truth.
Wed May 20 17:49:14 PDT 2015 --  When I wake up tomorrow can I magically be at the beach?
Wed May 20 13:13:42 PDT 2015 --  Congrats to our partner @Academy on their new Benton-Bryant store opening on 5/22! Retweet for a chance to win a $100 Academy gift card!
Wed May 20 14:26:14 PDT 2015 --  Oh my lord. Just let the dang boy play baseball
Tue May 19 15:46:05 PDT 2015 --  nothing feels better than pool time after a long day of school and two hrs of softball
Tue May 19 15:15:29 PDT 2015 --  Hey @RazorbackBSB ... These boys are pretty, pretty, pretty good. #BennyAndBobbyShow #WPS pic.twitter.com/rgVLf9xtx6
Tue May 19 13:40:59 PDT 2015 --  "I'm gonna wear booty shorts tomorrow!" TC..... smh
Mon May 18 15:23:54 PDT 2015 --  i just wanna dang dog...
Sun May 17 17:47:59 PDT 2015 --  Tomorrow will be the last Monday of 7th grade....(tear tear)... JK! I'm excited to go into 8th grade! Whoop whoop!
Fri May 15 06:00:06 PDT 2015 --  I hate how I let the dumbest things bother me sometimes.
Thu May 14 16:52:15 PDT 2015 --  Not sure what ticks me off more...
Thu May 14 16:15:00 PDT 2015 --  Sleeping is nice. You forget about everything for a little while.
Thu May 14 16:45:08 PDT 2015 --  Overthinking everything, right before you go to bed.
Sun May 10 15:12:28 PDT 2015 --  so cool to see how God works. how he pulls people together in the most awesome ways!
Sun May 10 14:55:22 PDT 2015 --  I shoot snakes to fill joy.
Fri May 08 16:45:32 PDT 2015 --  I can always count on God.
Thu May 07 16:53:54 PDT 2015 --  Hate you too wasp...
Wed May 06 17:43:54 PDT 2015 --  I don't care what anyone says I love Chacos so so so much
Wed May 06 18:03:37 PDT 2015 --  We’ll never be like Jesus if it's more important to us to be like each other.
Wed May 06 18:06:21 PDT 2015 --  #JusticeForDaniel
Tue May 05 17:00:02 PDT 2015 --  At this point I don't even care. I'm just going with the flow. Whatever happens, happens.
Tue May 05 17:11:52 PDT 2015 --  Just front porch junkies
Mon May 04 14:15:11 PDT 2015 --  I am who I am. I like what I like. I love who I love. I do what I want. Get off my back and deal with it. It's my life, not yours.
Mon May 04 14:40:18 PDT 2015 --  "Meet The Willis Family" TV Show premieres tomorrow on @TLC Adventures of a musical family right here in Nashville! pic.twitter.com/T7SKvC6Jc5
Mon May 04 15:00:35 PDT 2015 --  You really can't trust anyone anymore.
Sun May 03 18:45:28 PDT 2015 --  I love sleeping, but I never want to go to bed early.
Sun May 03 18:44:16 PDT 2015 --  My summer- •No school •Sleep •Pool •VBS •Beach •My 13 birthday •Revival •Waiting for school
Sun May 03 17:11:14 PDT 2015 --  Will someone take me out of school tomorrow????
Sun May 03 07:42:21 PDT 2015 --  H13BD my BFF Hopey!
Sat May 02 14:00:37 PDT 2015 --  Age doesn't define maturity.
Sat May 02 14:02:12 PDT 2015 --  Finally got a tan line!
Sat May 02 08:01:31 PDT 2015 --  I like conversations where I don't have to think about what to say, it just comes naturally.
Fri May 01 14:36:18 PDT 2015 --  I'll never get tired of chips and salsa
Fri May 01 14:31:27 PDT 2015 --  I fell in love with your personality, your looks are just a bonus.
Fri May 01 09:57:52 PDT 2015 --  RETWEET for your chance to win an autographed photo of Frankie! #FrankieFriday -Dr. Feelgood pic.twitter.com/EpYzRsvuJn
Fri May 01 12:40:34 PDT 2015 --  Thank God it's finally the weekend
Fri May 01 05:21:15 PDT 2015 --  Call my momma idc I'm wearin my FGL shirt to school!
Thu Apr 30 15:01:27 PDT 2015 --  I'm done with school.
Wed Apr 29 13:39:16 PDT 2015 --  Listening to music soothes the soul.
Tue Apr 28 05:51:27 PDT 2015 --  Not in the mood for school*
Mon Apr 27 18:25:32 PDT 2015 --  My contact is lost in my eye somewhere....
Mon Apr 27 17:34:18 PDT 2015 --  Ya know, just looking at guys from the Ricebird baseball team.... #stalker
Mon Apr 27 16:15:28 PDT 2015 --  I just want a puppy
Tue Apr 21 16:22:37 PDT 2015 --  What goes around comes around, and I can't wait till you get yours 🏼
Fri Apr 24 18:24:55 PDT 2015 --  Oh Jenner, you need a whole lot of thinking and a whole lot of Jesus...
Fri Apr 24 18:11:54 PDT 2015 --  Dear Bruce Jenner, You are a man! I repeat MAN!
Fri Apr 24 17:27:48 PDT 2015 --  Does anybody else want to watch Christmas movie and snuggle in a blanket?
Wed Apr 22 16:44:18 PDT 2015 --  next time you were a 'dress' don't sit on the merry go round w/your legs up... Smh
Wed Apr 22 13:36:20 PDT 2015 --  when Thomas saw that someone decided to wear a dress that looked more like a shirt "more fabric please!!!!"
Tue Apr 21 14:48:07 PDT 2015 --  Pool will most likely be done tomorrow. Next step... POOL TOYS!!! #pooltime #summer15
Tue Apr 21 14:05:44 PDT 2015 --  So 11th graders are suppose to be mature right???
Sun Apr 19 18:02:23 PDT 2015 --  #ARWX @KATV_Weather storming in Casscoe, AR. Most of the bad stuff is over us. pic.twitter.com/CA9bhTSiVa
Sun Apr 19 17:54:13 PDT 2015 --  Sing only if you KNOW the song!
Sun Apr 19 17:50:17 PDT 2015 --  WARNING: Sam Hunt is mine!
Sun Apr 19 11:17:58 PDT 2015 --  That moment when your bow breaks
Sat Apr 18 18:22:54 PDT 2015 --  Thanking God that the people in my grade do not have twitter #sorrynotsorry
Fri Apr 17 16:42:25 PDT 2015 --  Grammy: Get over here George Stait! #dogs #george
Wed Apr 15 13:49:12 PDT 2015 --  Gonna miss you guys... @BPortistime @Mr_WALKONAIR
Sat Apr 11 11:17:43 PDT 2015 --  Omg! I'm soooooo happy!
Tue Apr 07 16:18:53 PDT 2015 --  It's gonna be good!:) #DanceMoms
Mon Apr 06 16:11:03 PDT 2015 --  Thursday I get my letterman! #gpc
Sun Apr 05 05:03:26 PDT 2015 --  one person unfollowed me // automatically checked by http://fllwrs.com 
Sat Apr 04 07:33:46 PDT 2015 --  Fruity Pebbles + Lucky Charms + Milk= Mhhmmmm
Fri Apr 03 19:36:34 PDT 2015 --  I seriously need prayer that I won't hurt anybody
Fri Apr 03 11:50:43 PDT 2015 --  does anyone know of anyone selling a dog?
Fri Apr 03 10:53:57 PDT 2015 --  Gods Not Dead:)
Fri Apr 03 08:25:28 PDT 2015 --  Watching Gilligans Island:)
Fri Apr 03 06:43:34 PDT 2015 --  Very thankful that Jesus gave his life on the cross today, so a sinner like me may have life and live it to full #GoodFriday
Thu Apr 02 17:42:45 PDT 2015 --  I need a puppy
Thu Apr 02 17:27:51 PDT 2015 --  Someone pleasseeeee take me!! I'm so desperate I'll even let S****y M**k take me pic.twitter.com/Kk2mhztoRc
Thu Apr 02 15:16:01 PDT 2015 --  Thanking the Creator for this glorious and warm day:)
