Fri Aug 28 21:26:12 PDT 2015 --  I always wonder how horrible things can happen to people who truly don't deserve it.
Fri Aug 28 16:10:20 PDT 2015 --  when ur lurking and u see something u didn't want to see pic.twitter.com/aPxPWRAAz8
Fri Aug 28 06:05:54 PDT 2015 --  There are blessings prepared for you. Don’t hold on to the old when you know God’s leading you somewhere new.
Thu Aug 27 22:24:25 PDT 2015 --  october-december is the best time of the year. don't try to argue with me on this one.
Thu Aug 27 22:37:27 PDT 2015 --  "we need to find a chuck bass" - mom #lisa
Thu Aug 27 16:33:13 PDT 2015 --  Let your faith be bigger than your fears.
Thu Aug 27 07:37:37 PDT 2015 --  only day 4 and I've already hit the snooze button 5 times today
Wed Aug 26 19:57:58 PDT 2015 --  spotted: lonely boy on the upper east side pic.twitter.com/Aam7k8lP2p
Wed Aug 26 19:49:49 PDT 2015 --  "where did all your money go?" i'm either wearing it or i ate it
Tue Aug 25 20:37:27 PDT 2015 --  college is so stressful but I love it but I hate it but im overwhelmed but it's great
Tue Aug 25 23:22:17 PDT 2015 --  it is much easier to maintain a right attitude than to regain it once it's lost
Tue Aug 25 20:37:31 PDT 2015 --  spend your time amplifying the things you love instead of tearing down the things you don't
Tue Aug 25 16:42:44 PDT 2015 --  "why u all dolled up who u tryin 2 impress" pic.twitter.com/kn3EdhzyEo
Tue Aug 25 14:25:01 PDT 2015 --  First day on the job! pic.twitter.com/yWf6QymKl5
Tue Aug 25 17:44:41 PDT 2015 --  Be overwhelmed by God instead of being overwhelmed by what is going on around you
Tue Aug 25 18:00:46 PDT 2015 --  MY POOR HEART pic.twitter.com/JZ9ha1aBKi
Tue Aug 25 06:35:12 PDT 2015 --  do u ever read the preview of a text u just got and immediately think "nooooooo I don't have time for ur shit right now"
Mon Aug 24 19:00:28 PDT 2015 --  Sometimes the greater plan is kinda hard to understand. -Luke Bryan
Mon Aug 24 19:53:28 PDT 2015 --  "Hi I'm Megan Gipe and I have only been at carroll for a year now, but I'm already s lot smarter!" @MeganGipe1
Mon Aug 24 17:15:06 PDT 2015 --  Grudges are a waste of perfect happiness. Laugh when you can, apologize when you should, and let go of what you can't change.
Mon Aug 24 05:38:11 PDT 2015 --  God Is Good.
Sun Aug 23 22:26:10 PDT 2015 --  *snapchats and texts the same person at the same time* but it’s two completely different conversations
Fri Aug 21 16:57:03 PDT 2015 --  when your pony tail's in too tight pic.twitter.com/qouX8e2AHS
Sat Aug 22 03:08:51 PDT 2015 --  Don't chase people. Work hard and be yourself. Under these two principles, the right people will find their way into your life.
Sat Aug 22 11:33:05 PDT 2015 --  God's plan for you will be a hundred times greater than the pain you're feeling right now.
Sun Aug 16 08:39:20 PDT 2015 --  “The eyes see only what the mind is prepared to comprehend.”
Fri Aug 21 08:46:45 PDT 2015 --  Love means giving chances when there are no more chances left to be given
Tue Aug 18 09:32:03 PDT 2015 --  What's meant to be will always find a way
Wed Aug 19 21:58:00 PDT 2015 --  "let's just go & go where the night takes us" wise words from @MeganGipe1
Wed Aug 19 15:20:18 PDT 2015 --  "pit bulls are dangerous" pic.twitter.com/faozTmoSjA
Wed Aug 19 11:07:33 PDT 2015 --  frizzy hair? coconut oil. no shaving cream? coconut oil. dry skin? coconut oil. bad credit? coconut oil. bf acting up? coconut oil.
Tue Aug 18 18:58:10 PDT 2015 --  Up close pic.twitter.com/PqV9vNnmb1
Tue Aug 18 21:52:02 PDT 2015 --  There's always room to forgive, no matter the situation
Fri Aug 07 09:50:41 PDT 2015 --  I'm a strong believer that whoever is meant to be in your life will always gravitate back to you, no matter how far they wander
Sat Aug 15 20:23:16 PDT 2015 --  Blessings show up in many different forms. Don't ever second guess God's reasoning.
Mon Aug 17 21:06:28 PDT 2015 --  can’t even flex. this shit beautiful. pic.twitter.com/jed62nZkOz
Mon Aug 17 21:56:01 PDT 2015 --  I get to be reunited with @MeganGipe1 tomorrow & I seriously cannot contain my excitement #fave
Sat Aug 15 19:18:18 PDT 2015 --  If you can't do anything about it, then let it go. Don't be a prisoner to things you can't change.
Sat Aug 15 09:35:58 PDT 2015 --  you don't meet people by accident
Fri Aug 14 20:19:00 PDT 2015 --  boy: i wish girls liked sports girl: i like sports boy: oh yeah? can you name the blood type of the coach’s assistant’s dad from 1909???
Fri Aug 14 19:09:49 PDT 2015 --  driving through Utah and Idaho and don't know how to feel because their grass is so green. #droughtprobs
Fri Aug 14 11:17:14 PDT 2015 --  already miss my best friend @AshleyGipe love you
Fri Aug 14 05:37:46 PDT 2015 --  let the 17 hour road trip begin
Wed Aug 12 23:03:07 PDT 2015 --  when you trynna see if someone replied to your text and they start typing pic.twitter.com/pkRwZUkJt4
Thu Aug 13 00:18:36 PDT 2015 --  breaks my heart having to leave my family
Tue Aug 11 19:58:23 PDT 2015 --  @Justinejean12 @MeganGipe1 I miss you two
Tue Aug 11 14:36:59 PDT 2015 --  When @MeganGipe1 calls you randomly>>>>
Tue Aug 11 08:51:15 PDT 2015 --  My summer pic.twitter.com/LLzHOztdoD
Tue Aug 11 05:05:05 PDT 2015 --  Sometimes your heart needs more time to accept what your mind already knows.
Mon Aug 10 18:56:02 PDT 2015 --  Are we on the brink of war?? Cause Pendleton has been shooting off rounds for 3 days
Mon Aug 10 19:46:31 PDT 2015 --  pic.twitter.com/Zac9iLzY0z
Mon Aug 10 21:03:16 PDT 2015 --  *sees dog at a party* oh it's lit
Mon Aug 10 12:07:55 PDT 2015 --  How to turn a bad situation into a good one pic.twitter.com/A0m0ZYAZiI
Sun Aug 09 03:46:41 PDT 2015 --  Life is what you make it. Make it awesome.
Mon Aug 10 00:14:09 PDT 2015 --  just gets to a point where people got to realize being negative doesn't solve anything
Sun Aug 09 18:32:06 PDT 2015 --  i strongly believe some people are put in ur life for lessons & others are blessings
Sun Aug 09 18:27:13 PDT 2015 --  Somewhere between !!!!! And ?????
Sun Aug 09 20:37:01 PDT 2015 --  sometimes u just gotta lay on the floor with ur dog
Sun Aug 09 11:30:45 PDT 2015 --  insanity never gets easier
Sun Aug 09 07:47:08 PDT 2015 --  *sees cute animal* pic.twitter.com/QcjzaaKxJN
Sun Aug 09 09:01:41 PDT 2015 --  Life is only as good as your mindset
Sat Aug 08 23:50:44 PDT 2015 --  miss my best friend pic.twitter.com/WSFtCqfhQG
Sat Aug 08 14:52:14 PDT 2015 --  I love my friends
Fri Aug 07 10:40:20 PDT 2015 --  guilty of this pic.twitter.com/RlMMnGg7w3
Wed Aug 05 09:07:07 PDT 2015 --  when you run over your own banana in mario kart
Sat Aug 08 07:25:03 PDT 2015 --  so ready for football season http://vine.co/v/MbFQDBAFDbb 
Tue Jul 28 22:59:41 PDT 2015 --  It is never too late to make things right.
Sun Aug 02 19:27:45 PDT 2015 --  being happy is my biggest goal
Sat Aug 08 00:35:06 PDT 2015 --  life is just so good
Fri Aug 07 11:03:02 PDT 2015 --  "it's almost Halloween" - me from february to october 30th
Thu Aug 06 23:16:25 PDT 2015 --  What's coming is better than what is gone.
Fri Aug 07 07:50:06 PDT 2015 --  Hey. Enjoy life today.
Thu Aug 06 20:03:48 PDT 2015 --  no matter how many mistakes you make or how slow your progress, you are still way ahead of everyone who isn't trying at all.
Thu Aug 06 14:17:13 PDT 2015 --  The smiley twins #wickedcity pic.twitter.com/hh9g5qL19T
Wed Aug 05 23:54:59 PDT 2015 --  Other people's actions shouldn't create or destroy your happiness
Wed Aug 05 23:58:58 PDT 2015 --  just in case anybody needs this like I did pic.twitter.com/u8AdF3zYEA
Wed Aug 05 22:15:53 PDT 2015 --  just have to keep reminding myself that everything happens for a reason
Wed Aug 05 20:56:09 PDT 2015 --  strange when a new school year is close and you look back a year at this time and how different things were
Wed Aug 05 10:14:10 PDT 2015 --  High school students: Summer is over.. College students: Are you sure I can't move in two weeks early?
Sun Aug 02 10:05:07 PDT 2015 --  Never trade respect for attention.
Tue Aug 04 21:54:39 PDT 2015 --  A positive mind towards everything will give you a happier life
Sat Aug 01 08:27:54 PDT 2015 --  rt if this is your husband pic.twitter.com/wmak2y8k5m
Tue Jul 28 19:28:06 PDT 2015 --  BANANAS pic.twitter.com/rVKqkltnIZ
Mon Aug 03 22:52:40 PDT 2015 --  love and prayers to everyone whose heart hurts
Tue Aug 04 08:35:18 PDT 2015 --  When I pray for a sign, I'm not always prepared for the hurt, the difficulty, or the loss, but there's always a reason and always a purpose.
Thu Jul 23 10:43:24 PDT 2015 --  Don't send me the same snap u put on ur story
Mon Aug 03 15:04:30 PDT 2015 --  if I ever have a child pic.twitter.com/DjUkRVla9d
Mon Aug 03 21:45:03 PDT 2015 --  What hurts you today, makes you stronger tomorrow.
Mon Aug 03 21:24:17 PDT 2015 --  God is Good
Mon Aug 03 20:49:21 PDT 2015 --  missing everyone at Carroll like crazy!
Mon Aug 03 19:58:16 PDT 2015 --  Seek respect, not attention.
Mon Aug 03 18:22:13 PDT 2015 --  I miss @kay_selene
Mon Jul 27 13:42:00 PDT 2015 --  Garlic Cheese-Stuffed Pretzel Bombs. pic.twitter.com/mifTmi5qPB
Wed Jul 29 16:51:12 PDT 2015 --  Seasoned fries. pic.twitter.com/dz0g5BTXJ7
Wed Jul 29 19:09:01 PDT 2015 --  Cheese pizza. pic.twitter.com/MddysrYJM2
Wed Jul 29 05:48:25 PDT 2015 --  While you were sleeping.... @MeganGipe1 @AshleyGipe @Badgirl2chainz @mmnapier #keepsmefrombeingbitter #nofilter pic.twitter.com/YwHzQ2lVXP
Tue Jul 28 20:49:38 PDT 2015 --  best week of the year @AshleyGipe @carlyfreddy @MeganGipe1 pic.twitter.com/ykhlV2tYMM
Mon Jul 27 21:06:31 PDT 2015 --  "my coworker told me he would date me if he wasn't already dating our manager" - @MeganGipe1 honestly goodbye
Sun Jul 26 03:18:53 PDT 2015 --  Adding drunk people to fitness quotes makes things interesting pic.twitter.com/aMyW8Vfj1f
Fri Jul 24 23:18:37 PDT 2015 --  Time will do its thing
Sun Jul 19 18:36:53 PDT 2015 --  A white girl in a bikini throwing up the peace sign near a lake or pool with the caption "summer lovin"
Sun Jul 26 15:11:20 PDT 2015 --  me: makes a mistake me: thinks about mistake every night for the next 7 years
Sun Jul 26 00:18:11 PDT 2015 --  must live through my retweets to satisfy my cravings
Tue Jul 07 12:17:09 PDT 2015 --  Pretzel Bread Pizza Rolls pic.twitter.com/Qncxq7SBPj
Sun Jul 12 20:22:24 PDT 2015 --  Garlic cheesy bread. pic.twitter.com/uOiaFOc3tw
Mon Jul 13 10:13:18 PDT 2015 --  Cake batter cinnamon rolls. pic.twitter.com/dziAiGU5d6
Fri Jul 17 08:13:12 PDT 2015 --  Mozzarella Sticks pic.twitter.com/RKoLepOXw5
Thu Jul 23 16:38:07 PDT 2015 --  Perfect pic.twitter.com/omC7iM1ICv
Sat Jul 25 16:09:02 PDT 2015 --  In-N-Out sounds good af pic.twitter.com/CGYy9KrtNG
Fri Jul 24 22:01:09 PDT 2015 --  stop looking back when you know everything you need is straight ahead
Sat Jul 25 08:04:44 PDT 2015 --  Have you seen this poem written by Chanie Gorkin, an 11th grader in Brooklyn, New York? It's gone viral & I'm a fan! pic.twitter.com/pBjll6lF9j
Sat Jul 25 11:25:44 PDT 2015 --  just have to remember that everything happens for a reason and God has an amazing future planned for me
Fri Jul 24 18:30:28 PDT 2015 --  if someone shows you their true colors, don't try to repaint them
Fri Jul 24 08:50:50 PDT 2015 --  my reality is.. I only show people what I want them to see. No one knows what goes on in my day to day but me & who I share my moments with
Fri Jul 24 16:41:36 PDT 2015 --  college football's almost here
Thu Jul 23 23:05:08 PDT 2015 --  High schoolers be like: ughhhh school is coming up College Students be like: 25 days and 16 minutes until we move in
Thu Jul 23 21:31:09 PDT 2015 --  never date a boy that doesn't look at your sassiness as a blessing
Wed Jul 22 16:48:56 PDT 2015 --  ppl need to understand that 96% of what im saying is a joke
Wed Jul 22 12:47:23 PDT 2015 --  RECAP: #Dodgers get strong start from @MBolsinger, 3 runs in 5th to take down Braves. http://atmlb.com/1g67gqF  pic.twitter.com/ofXo6IXigA
Wed Jul 22 01:57:54 PDT 2015 --  psa @MeganGipe1 is my fave ever & I just want to be reunited with her asap #kthanks
Sun Jul 19 07:33:24 PDT 2015 --  #GrowingUpWithSiblings The true defination of growing up with siblings pic.twitter.com/2t3dIRQFRT
Tue Jul 21 14:19:38 PDT 2015 --  Where should we meet you? https://twitter.com/Rosa_Sparkz/status/623585018087100416 …
Mon Jul 20 22:08:56 PDT 2015 --  Happy birthday @MeganGipe1 hope you had the best day ever
Mon Jul 20 21:05:32 PDT 2015 --  Some people will be cool with you and others won't be...peace of mind comes when you're okay with that
Mon Jul 20 14:44:46 PDT 2015 --  Happy bday @MeganGipe1 Love you & can't wait to see you! Im glad we share a bond over Phil Go Saints pic.twitter.com/Djsqor1u8t
Mon Jul 20 14:14:14 PDT 2015 --  happy birthday to my first friend at Tesoro! love you and can't wait to celebrate!🏼 #6yearsandcounting #cuhhhh pic.twitter.com/jzjoqvzD5U
Mon Jul 20 09:41:34 PDT 2015 --  Timing is everything
Mon Jul 20 13:44:40 PDT 2015 --  Happy birthday to the other California girl I love you Meg's have a good day pic.twitter.com/JBPOlllXWe
Mon Jul 20 13:44:29 PDT 2015 --  @MeganGipe1 happy birthday Meg!! Hope you have the best day
Mon Jul 20 13:39:09 PDT 2015 --  Happy happy birthday miss meg @MeganGipe1 pic.twitter.com/liEwcm5fP2
Mon Jul 20 13:27:27 PDT 2015 --  Happy birthday @MeganGipe1 I hope you have an amazing day sodi
Mon Jul 20 12:59:03 PDT 2015 --  hb hottie @MeganGipe1 pic.twitter.com/CdYovzFIEb
Mon Jul 20 12:07:42 PDT 2015 --  Happy birthday @MeganGipe1! Have a good one
Mon Jul 20 11:50:18 PDT 2015 --  Happy Birthday to my favorite Cali Girl @MeganGipe1 pic.twitter.com/3VuewIlFnI
Mon Jul 20 10:56:52 PDT 2015 --  Happy birthday Megan!! Love you miss you so much!! @MeganGipe1
Mon Jul 20 10:39:04 PDT 2015 --  Happy bday @MeganGipe1 I hope you have an awesome day! Love ya pic.twitter.com/zkQOOtDdxW
Mon Jul 20 10:20:41 PDT 2015 --  Happy birthday beautiful! @MeganGipe1 I hope today is as sweet as you are!
Mon Jul 20 09:43:20 PDT 2015 --  @MeganGipe1 happy happy birthday sweet girl! Have a wonderful day!
Mon Jul 20 09:41:34 PDT 2015 --  HAPPY BIRTHDAY TO MY BFF AND FUTURE ROOMIE! I MISS YOU SOSO MUCH pic.twitter.com/8ErZWtaRLY
Mon Jul 20 09:37:38 PDT 2015 --  Happy Birthday to the sweetest and most kind hearted girl I know. Can't wait to see your pretty face @MeganGipe1 pic.twitter.com/wm6a2nLfUy
Mon Jul 20 09:35:56 PDT 2015 --  happy birthday! luv ya lots & cant wait to celebrate it with you at the river next week @MeganGipe1
Mon Jul 20 08:20:52 PDT 2015 --  Happy birthday @MeganGipe1 I miss you sooo much, and I hope you have the most amazing day today, love you Chica!! pic.twitter.com/zrmFFjlkRE
Mon Jul 20 08:18:55 PDT 2015 --  Happy birthday Megan thanks for always putting a smile on my face! I hope you have the best day! Miss you tons!!! pic.twitter.com/V1r3F0eJpP
Mon Jul 20 08:14:54 PDT 2015 --  Happy Birthday, Meggie!! Love & miss you so much babygirl I hope you have the BEST day! @MeganGipe1
Mon Jul 20 04:23:17 PDT 2015 --  Happy 20th Birthday to my person! Enjoy your day bb! I love you so much. pic.twitter.com/Dx7njkb0KB
Mon Jul 20 00:21:42 PDT 2015 --  stop everything! it's @MeganGipe1 's birthdayy! love you babe
Sun Jul 19 09:40:13 PDT 2015 --  when u make a snap on ur story for one person to see and they don't even watch it
Sat Jul 18 19:22:21 PDT 2015 --  "God allows us to experience the low points of life in order to teach us lessons that we could learn in no other way." - C. S. Lewis
Sat Jul 18 21:30:02 PDT 2015 --  *walks up to bar* "Can I see your ID?" https://vine.co/v/OKPhvgQJgYD 
Sat Jul 18 11:10:09 PDT 2015 --  who was I 6 years ago pic.twitter.com/7A6wIWwNd8
Fri Jul 17 19:16:01 PDT 2015 --  u know when you really wanna retweet something but the hint is a bit too obvious so u just have to go for the subtle fave n hope they see it
Fri Jul 17 09:33:42 PDT 2015 --  #GrowingUpWithStrictParents Friends: "just sneak out" pic.twitter.com/yXO91esI09
Thu Jul 16 15:04:38 PDT 2015 --  Nike shorts should be 7 for $27
Mon Mar 09 16:52:52 PDT 2015 --  I didn't lose you you lost me
Thu Jul 16 09:01:13 PDT 2015 --  What's coming is better than what is gone.
Thu Jul 16 06:24:24 PDT 2015 --  Culture: “Be yourself.” Jesus: “Find yourself in me.”
Wed Jul 15 13:34:26 PDT 2015 --  really debating on starting greys anatomy but then again don't feel like crying every 10 minutes 🏻
Wed Jul 15 03:09:05 PDT 2015 --  I wanna make every day count. I wanna laugh. I wanna live. I wanna love. #FindMeInTheStars
Wed Jul 15 07:17:53 PDT 2015 --  Vintage Kanye West pic.twitter.com/SexnMG2SBP
Tue Jul 14 21:26:46 PDT 2015 --  Ever have a day where nothing goes your way? Me neither. I'm alive, healthy, and able bodied. #bethankful
Tue Jul 14 09:50:07 PDT 2015 --  check your ego amigo
Tue Jul 14 09:14:05 PDT 2015 --  Ben Higgins has been chosen as the next Bachelor! Get the scoop: http://eonli.ne/1CEmQUo  pic.twitter.com/JoC0C5irOL
Tue Jul 14 03:10:34 PDT 2015 --  also s/o to the sexy Australian boys at goldspike tonight. Megan & I heart you
Tue Jul 14 03:06:13 PDT 2015 --  so unbelievably happy I got to see my babe of a friend @MeganGipe1 ilysm
Tue Jul 14 02:27:29 PDT 2015 --  needed a night like tonight
Mon Jul 13 18:52:46 PDT 2015 --  Round 2. #LETSGO #HRDerby pic.twitter.com/LzUm34a4ih
Mon Jul 13 18:52:27 PDT 2015 --  let's go @yungjoc650
Tue Jul 15 13:02:11 PDT 2014 --  being sad is a waste of time
