Fri Aug 28 13:38:30 PDT 2015 --  little.... https://twitter.com/baileybrewer92/status/637341231832506368 …
Fri Aug 28 10:09:18 PDT 2015 --  I've said it before and I'll say it again, John Mayer's version of Free Fallin' is the best version.
Thu Aug 27 16:44:59 PDT 2015 --  My lipstick directly reflecting my mood
Thu Aug 27 15:08:44 PDT 2015 --  Omg this is perfect https://twitter.com/funnyvines/status/636399134887378944 …
Thu Aug 27 13:00:25 PDT 2015 --  Trying to be smooth at a bar. pic.twitter.com/3078kEUDaw
Wed Aug 26 15:45:44 PDT 2015 --  Had to kick my swim lesson out of the pool today during the actual lesson, how's your Wednesday going??
Tue Aug 25 17:22:24 PDT 2015 --  If you haven't found it yet, keep looking
Tue Aug 25 07:45:25 PDT 2015 --  Waking up from a really good dream is rather disappointing
Mon Aug 24 15:33:06 PDT 2015 --  Happy birfday pretty lady, hope you had an amazing day!! @jodysturtz
Sun Aug 23 12:31:46 PDT 2015 --  Criminal Minds Sunday's are what I live for
Sun Aug 23 08:32:20 PDT 2015 --  I'm eating leftover pizza in bed. This is what age 22 has to offer me
Sun Aug 23 07:34:58 PDT 2015 --  At this moment in life 10 gallons of water sound like heaven
Sat Aug 22 18:10:12 PDT 2015 --  Little: "what number is the UV??" Bailey: "911....." Noooo
Sat Aug 22 00:35:11 PDT 2015 --  The real question is why am I awake
Fri Aug 21 18:34:31 PDT 2015 --  After free pizza. Chicken little and cuddling with my fav @Kay_MarieC
Fri Aug 21 09:24:48 PDT 2015 --  Omg https://twitter.com/femaletexts/status/634762718407475200 …
Thu May 21 08:54:45 PDT 2015 --  can we just appreciate how cute this is pic.twitter.com/s1kKfARiRa
Fri Aug 21 08:17:18 PDT 2015 --  I'm not sure the weather could be any more perfect today
Thu Aug 20 14:47:29 PDT 2015 --  I was wondering why I was so hot in my car.... Look down and my seat warmer was on high
Wed Aug 19 17:42:53 PDT 2015 --  I'm wearing a sweatshirt in the middle of August, sick little bear
Wed Aug 19 16:54:16 PDT 2015 --  Didn't realize that @Kay_MarieC got a personal concert at the bar last night and decided to post it to her snap story you're welcome world
Wed Aug 19 09:11:03 PDT 2015 --  You can find me curled up in bed not knowing what to do with myself because all of my friends are in school and I'm old...
Wed Aug 19 08:30:05 PDT 2015 --  Whenever a package arrives. pic.twitter.com/bFDulOwH4d
Tue Aug 18 21:29:23 PDT 2015 --  In case anyone was wondering, I survived the railroad tracks this year
Tue Aug 18 10:17:20 PDT 2015 --  Throw back Tuesday to this day last year when I probably broke my elbow but will never know because I didn't go to the doctor
Mon Aug 17 07:45:26 PDT 2015 --  Realizing that my parking pass has officially expired might be the saddest thing ever...
Sun Aug 16 17:10:43 PDT 2015 --  My day slowly got more unproductive. Basically Netflix has taken over my Sunday. Not mad about it.
Thu Aug 13 11:31:28 PDT 2015 --  My heart is happy when all of my friends are back in the same town as me
Thu Aug 13 10:42:57 PDT 2015 --  Happy birthday @KylieFendrick !!! Hope you have an amazing day
Tue Aug 11 06:17:21 PDT 2015 --  I have some of the best people in my life, so many good vibes this morning for my interview
Mon Aug 10 17:49:13 PDT 2015 --  After a two hour flight delay and a hour cab ride, I have finally made it to Chicago!
Mon Aug 10 12:29:54 PDT 2015 --  Happy birthday pretty lady, see you this week @AliNicole93
Sat Aug 08 17:19:36 PDT 2015 --  she forgot her blanket at home, and then this happened. http://twitter.com/BabyAnimalPics/status/527117692831285248/photo/1pic.twitter.com/mHCRhlu9aP 
Sat Aug 08 12:37:14 PDT 2015 --  How I made it through school with my math skills is beyond me. I'm legitimately concerned.
Fri Aug 07 21:39:11 PDT 2015 --  https://twitter.com/thefunnyvine/status/626605020868296704 …
Tue Aug 04 10:20:54 PDT 2015 --  Tweet your life in a picture? pic.twitter.com/X5Os2GUmA0
Mon Aug 03 17:40:24 PDT 2015 --  This time next week I'll be in Chicago preparing for my final round interview pic.twitter.com/IISFtIckoZ
Mon Aug 03 11:14:13 PDT 2015 --  Happy birfday @courtneyypaige7 , and welcome to the big girls club!! Hope you have an amazing day!
Fri Jul 31 18:27:57 PDT 2015 --  Moon gazing and a country cruise on this summer night
Fri Jul 31 17:30:14 PDT 2015 --  pic.twitter.com/DXrGY0Njm9
Fri Jul 31 16:40:24 PDT 2015 --  Life is not perfect but it has moments that are.
Fri Jul 31 06:42:14 PDT 2015 --  Coffee is saving my life this morning
Thu Jul 30 17:17:01 PDT 2015 --  Husky error, too tired to walk. pic.twitter.com/BkjSk1tTgo
Thu Jul 30 15:19:19 PDT 2015 --  Received news that I got a final interview, I think that's grounds to celebrate @Kay_MarieC
Thu Jul 30 06:21:29 PDT 2015 --  Coffee in the morning solves everything
Wed Jul 29 18:32:33 PDT 2015 --  Being a typical white girl tonight by curling up with some ice cream and watching a Nicholas Sparks movie.
Wed Jul 29 12:59:09 PDT 2015 --  Keep on keeping on, my friends.
Sun Jul 26 09:56:28 PDT 2015 --  something I would do pic.twitter.com/1FrEt4we3Q
Sat Jul 25 16:23:05 PDT 2015 --  Take risks in life and scare yourself. You have to push beyond your comfort zone in order to grow.
Sat Jul 25 08:45:13 PDT 2015 --  friendship goals pic.twitter.com/3GEJgBHRA8
Sat Jul 25 09:13:07 PDT 2015 --  And repeating "I should really start getting ready" at least a dozen times. pic.twitter.com/GVcXvWxREw
Fri Jul 24 13:19:41 PDT 2015 --  Being this close to Harry Potter world and not being able to go back is breaking my heart.
Tue Jul 21 19:16:12 PDT 2015 --  When you're drunk getting you're drunker friend home https://vine.co/v/eheteHl9AO0 
Mon Jul 20 16:08:03 PDT 2015 --  My swim lessons mom is an ISU ZTA alumna
Sun Jul 19 16:25:43 PDT 2015 --  Two days back in Indiana then off to Florida
Sun Jul 19 11:01:17 PDT 2015 --  Keep on dreaming even if it breaks your heart,
Sat Jul 18 08:12:40 PDT 2015 --  The real question is, why am I not at Dave right now??
Fri Jul 17 05:52:27 PDT 2015 --  I need it https://twitter.com/cuteemergency/status/621988977193676800 …
Thu Jul 16 20:02:56 PDT 2015 --  Take time to do what makes your soul happy
Wed Jul 15 15:32:13 PDT 2015 --  My swim lesson just informed me that he was voted the most insane kid at daycare.... Oh, goody
Tue Jul 14 05:32:44 PDT 2015 --  Yes, I did just watch Spongebob during my run.
Sun Jul 12 17:06:52 PDT 2015 --  Florida can not come soon enough, I'm going MIA while I'm down there.
Sun Jul 12 09:12:48 PDT 2015 --  Random weekend roadtrips are my favorite
Sat Jul 11 09:37:37 PDT 2015 --  Food and a nap is in need. Halp.
Fri Jul 10 11:33:17 PDT 2015 --  
Tue Jul 07 19:10:26 PDT 2015 --  You were born with the ability to change someone's life - don't ever waste it.
Tue Jul 07 15:37:41 PDT 2015 --  Told my swim lesson I was 22, she called me old. Oh.
Mon Jul 06 20:01:46 PDT 2015 --  ;
Sun Jul 05 13:51:24 PDT 2015 --  I have 57 miles to go and traffic is at a dead stop. Life.
Sun Jul 05 11:06:11 PDT 2015 --  So much traffic
Sat Jul 04 19:08:02 PDT 2015 --  I think there is such an unspoken romance behind the 4th
Fri Jul 03 12:37:49 PDT 2015 --  The real question is why do I live in Terre Haute Indiana....
Thu Jul 02 12:06:20 PDT 2015 --  I think the whole state of Missouri is against Taco Bell....
Thu Jul 02 07:39:36 PDT 2015 --  A 6 hour road trip alone is the perfect time to sort through your thoughts
Wed Jul 01 19:08:42 PDT 2015 --  Kansas City bound bright and early tomorrow
Wed Jul 01 12:39:43 PDT 2015 --  Omgggg https://twitter.com/funnyvines/status/613465083541196800 …
Tue Jun 30 18:00:19 PDT 2015 --  When you have a weird dream about someone wake up feeling completely different about them pic.twitter.com/HJn6De7pbG
Tue Jun 30 17:14:03 PDT 2015 --  This cat saved a baby from freezing to death pic.twitter.com/5gLnkWhrxe
Tue Jun 30 15:36:13 PDT 2015 --  Patiently waiting for all of the rainbow pictures that are soon to come after this rain
Mon Jun 29 23:15:05 PDT 2015 --  pic.twitter.com/2w2ZQ8ZnZz
Mon Jun 29 04:23:27 PDT 2015 --  Alarm didn't go off this morning, have to be at work in 10 min..... Happy Monday
Tue Jun 23 08:05:13 PDT 2015 --  This is my kind of relationship pic.twitter.com/3pzGiss76v
Sun Jun 28 08:39:11 PDT 2015 --  It has officially been a year since my Orlando journey ended. Insane to think it was that long ago.
Sat Jun 27 19:37:21 PDT 2015 --  Buying this for your place @LindseyLeo_ https://twitter.com/beersalt/status/614985251647942656 …
Sat Jun 27 17:02:07 PDT 2015 --  I really do have some of the most amazing people for friends
Sat Jun 27 06:09:22 PDT 2015 --  Lawlz I give up.
Fri Jun 26 16:43:45 PDT 2015 --  Well my hair was curled at one point....
Wed Jun 24 06:43:40 PDT 2015 --  Finally in the big girls club, @lindseynmorales !! Happy birthday love, can't wait for Friday's shenanigans!!
Tue Jun 23 06:14:14 PDT 2015 --  A little bit of Jack Johnson for this morning's stretch, happy Tuesday!
Sun Jun 21 12:30:00 PDT 2015 --  Back to Orlando in July
Sat Jun 20 21:41:17 PDT 2015 --  Buy a one way ticket and never come home
Sat Jun 20 19:00:13 PDT 2015 --  Being sassy is basically a full-time job.
Sat Jun 20 17:15:04 PDT 2015 --  Over sized shirts and no pants is the way to go.
Sat Jun 20 14:01:19 PDT 2015 --  Kansas City, it has been entirely too long. See you and my best friend on the 4th
Sat Jun 20 11:40:15 PDT 2015 --  Cashier: such a pretty dress, what is it for? Me: a wedding. Cashier: your wedding?.... Uhh
Fri Jun 19 20:48:54 PDT 2015 --  My heart is craving adventure
Fri Jun 19 09:39:39 PDT 2015 --  The highlight of my day has been a 70 year old lady telling the water aerobics instructor to "not be a hater" this morning
Sat Jun 13 19:41:56 PDT 2015 --  when bae holds your hand and looks into your eyes pic.twitter.com/j31NOtydxQ
Wed Jun 17 08:09:48 PDT 2015 --  .... The gems you find after a night out @ShmollinKonahan pic.twitter.com/1wbfkB5HMp
Tue Jun 16 20:45:29 PDT 2015 --  I yew https://twitter.com/kay_mariec/status/611015911898611713 …
Tue Jun 16 20:42:23 PDT 2015 --  https://twitter.com/kay_mariec/status/611015911898611713 …
Tue Jun 16 18:21:42 PDT 2015 --  #babycomeback https://twitter.com/kay_mariec/status/610980512480366592 …
Tue Jun 16 15:12:38 PDT 2015 --  I've been stood up by 2 swim lessons in 2 days... I'm taking this as a sign
Sat May 30 11:06:35 PDT 2015 --  pic.twitter.com/esVo8wNjFf
Thu Jun 11 15:56:26 PDT 2015 --  No matter how accurate He's Just Not That Into You is... It will always be one of my favorite movies.
Thu Jun 11 06:54:04 PDT 2015 --  If you didn't try and jump a fence to see a country music star were you really at the CMA fest??
Thu Jun 11 06:31:56 PDT 2015 --  A little sad this trip is over. See you soon, Indiana.
Wed Jun 10 07:35:34 PDT 2015 --  One another note, I have a lot of big girl decisions to make when I get home and I'm not sure I am ready for that...
Wed Jun 10 06:41:16 PDT 2015 --  Time for the fun part of this trip, Nashville here I come
Tue Jun 09 16:45:48 PDT 2015 --  7 layer dip flavored combos are the way to go, in case you are ever wondering
Tue Jun 09 14:31:08 PDT 2015 --  Half of my conversations with other people are just me making weird facial expressions tbh.
Tue Jun 09 14:26:32 PDT 2015 --  please https://twitter.com/sassyturties/status/608158148550127616 …
Tue Jun 09 05:20:38 PDT 2015 --  Day two of this interview adventure!
Mon Jun 08 16:49:39 PDT 2015 --  Also, my second round interview tomorrow is with a man who has a wife who is a ZTA #onlythebest
Mon Jun 08 13:51:03 PDT 2015 --  So much traveling in the past few days, back to Raliegh tomorrow for a second interview!
Mon Jun 08 11:47:10 PDT 2015 --  A day full of good interviews calls for Mexican food and adult beverages
Mon Jun 08 06:03:11 PDT 2015 --  LOL count on me to write down my interview time an hour earlier than it actually is. At least I got the awkward intro out of the way
Sun Jun 07 15:28:27 PDT 2015 --  Let's see what you have to offer me, NC
Sun Jun 07 02:53:01 PDT 2015 --  North Carolina bound
Sat Jun 06 16:46:04 PDT 2015 --  No way I'm going to be able to sleep tonight. I'm way too anxious for this adventure tomorrow
Fri Jun 05 17:11:55 PDT 2015 --  You could be a life changer by doing a simple act of kindness. Stay humble and helpful.
Wed Jun 03 11:00:19 PDT 2015 --  “ @GirlyTattoos__: pic.twitter.com/DC1phxtX71” @cacci0la
Tue Jun 02 19:06:34 PDT 2015 --  The most dangerous thing you can do in life is play it safe.
Tue Jun 02 18:15:59 PDT 2015 --  Some of the best moments in life are the ones we take for granted.
Tue Jun 02 17:10:56 PDT 2015 --  Making a stop in Nashville on the way home next week for another meeting. Just so happens the Country Music Festival begins Wednesday night!
Sun Mar 29 10:18:54 PDT 2015 --  THIS IS AMAZING pic.twitter.com/5x46EU65O4
Sun May 31 19:38:10 PDT 2015 --  “ @sophiamichaell: twenties •• pic.twitter.com/sWhDZbYISD” YES.
Sat May 30 08:04:20 PDT 2015 --  This time next week I'll be getting ready for my North Carolina adventure and hopefully starting a new chapter
Thu May 28 13:15:16 PDT 2015 --  Pick a spot on any old map, I travel light and my bags are packed.
Thu May 28 10:47:18 PDT 2015 --  Days like today make me miss my pool and the Florida sun
Thu May 28 04:57:41 PDT 2015 --  Waking up at 5am to go guard 3 swimmers is not my definition of a good morning
Mon May 25 19:47:06 PDT 2015 --  “ @teenagernotes: WHEN PUBERTY HITS YOU AND YOU GO 0 TO 100 http://twitter.com/SoDamnTrue/status/602232487025123328/photo/1pic.twitter.com/ZJBpjiTRNV ” my gawwwwwwd
Mon May 25 18:13:08 PDT 2015 --  If Kaitlyn doesn't want Tanner, I will gladly take him off her hands for her
Mon May 25 08:09:17 PDT 2015 --  Life is like the ocean pic.twitter.com/p6FZemK15T
Mon May 25 06:26:26 PDT 2015 --  My entire body hurts
Sun May 24 16:52:56 PDT 2015 --  For the record, I don't think I have ever felt this disgusting. #indy500aftermath
Sun May 24 16:36:41 PDT 2015 --  I've fully accepted that my nose may fall off after today, too burnt.
Sun May 24 10:13:52 PDT 2015 --  Low key love the sound of Indy cars
Sun May 24 05:42:16 PDT 2015 --  #PLUR
Sun May 24 03:02:11 PDT 2015 --  Race day, LEGO
Sat May 23 19:07:10 PDT 2015 --  I am THE happiest person when I'm in Indy with my best friend
Sat May 23 13:28:08 PDT 2015 --  Shoutout to the Ferrari that just passed me
Sat May 23 12:53:30 PDT 2015 --  I'm over here afraid to speed.... I'm not sure who I've become
Sat May 23 12:20:07 PDT 2015 --  Indy here I comeeee
Sat May 23 06:58:36 PDT 2015 --  About to burn every picture my mom has put out for this graduation open house. My awkward stage was more like an awkward life..
Fri May 22 06:28:51 PDT 2015 --  It's so nice today and I'm going to be stuck inside an indoor pool that's the closest thing you can get to torture.
Thu May 21 14:44:53 PDT 2015 --  DOG THAT'S LOST IT'S VOICE OMG I NEED HIM http://vine.co/v/OYvqQWtdKQO 
Wed May 20 11:25:53 PDT 2015 --  I just want Saturday to be here so I can have a reckless weekend with my best friend @LindseyLeo_
Wed May 20 06:56:56 PDT 2015 --  Throwing it back to my years when I thought I was a little punk rocker, I guess this morning isn't too bad
Wed May 20 06:38:13 PDT 2015 --  Running way late today, guess I'm not really surprised.
Tue May 19 18:56:52 PDT 2015 --  THEY THREW A PARTY IN THE SCHOOL BATHROOM LMAOOO pic.twitter.com/Rm3C2ndv4l
Mon May 18 20:21:32 PDT 2015 --  Tomorrow is going to call for coffee... And possibly a few hugs. #longestdayever
Mon May 18 11:44:42 PDT 2015 --  All I'm asking is for it to be sunny on a day when I don't have to be stuck inside all day
Sun May 17 11:44:33 PDT 2015 --  You guys, I just want to go play with puppies
Sat May 02 08:23:17 PDT 2015 --  Puppy doesn't understand hiccups pic.twitter.com/o7dAihx7H3
Fri May 15 03:47:02 PDT 2015 --  When I'm inside Starbucks and @MaddieNelson3 says hi to me through the drive through window
Fri May 15 03:30:53 PDT 2015 --  I don't think I will ever be a morning person
Thu May 14 19:24:07 PDT 2015 --  Scarlett and Candy could be making an appearance together soon.... And may also be known as wedding crashers
Thu May 14 18:27:19 PDT 2015 --  Oh.... Sweet
Thu May 14 12:20:57 PDT 2015 --  Wish I had a GoPro for the SnakePit next weekend...
Wed Apr 29 15:57:46 PDT 2015 --  Capri, Italy pic.twitter.com/bogtbnUYYY
Wed May 13 18:21:10 PDT 2015 --  Prayers to the women of @AlphaPhi_ISU and to Emily's family
Wed May 13 18:12:21 PDT 2015 --  The way it's looking, I think I'm going to finish every season of Criminal Minds this summer. Good for me.
Wed May 13 17:31:07 PDT 2015 --  pic.twitter.com/CvFCGwraOy
Wed May 13 06:35:33 PDT 2015 --  What day is it??
Tue May 12 20:17:44 PDT 2015 --  “ @FemaleTexts: rompers & jumpsuits are cool until you're in a bathroom stall going pee & you're naked” @Kay_MarieC
Tue May 12 09:30:16 PDT 2015 --  You can never go wrong with John Mayer
Tue May 12 08:39:25 PDT 2015 --  It's a good mood kind of Tuesday and I am not complaining!
Mon May 11 10:10:08 PDT 2015 --  Dropped a lane line on my toe about an hour ago, already bruised. Happy first day of summer work!
Sat May 09 05:09:05 PDT 2015 --  Today is the day! Congratulations class of 2015!!
Fri May 08 18:00:33 PDT 2015 --  Graduation Day! pic.twitter.com/F5oiFLypOb
Fri May 08 14:23:12 PDT 2015 --  I decorated my cap backwards way to gooooooooo
Fri May 08 13:22:54 PDT 2015 --  I wish @brooklynmariah_ would come back to me
Fri May 08 09:33:14 PDT 2015 --  The hoops I am jumping through to get Tbell right now.....
Fri May 08 08:42:10 PDT 2015 --  Tomorrow is the day...
Thu May 07 23:19:32 PDT 2015 --  Late night rituals with Kay carroll, watching Friends and cuddling
Thu May 07 19:53:49 PDT 2015 --  Who are these people?? @Kay_MarieC
Thu May 07 08:24:18 PDT 2015 --  Got out of my last final with a phone call about a job.... How ironic
Thu May 07 06:41:26 PDT 2015 --  Last final of my life is open book.... Can't complain.
Wed May 06 17:42:18 PDT 2015 --  I have 0 patience for my computer to be acting like a total POS
Tue May 05 20:35:04 PDT 2015 --  Pillow talk and your fingers running through my hair.
Tue May 05 20:14:08 PDT 2015 --  Just made the trash can at 7th @KaylaDross
Tue May 05 18:06:08 PDT 2015 --  Hit my knee.... It'll be bruised within the hour....
Tue May 05 12:16:01 PDT 2015 --  Nothing a little John Mayer can't fix
Tue May 05 10:00:28 PDT 2015 --  Can't wait for the Cinco De Mayo festivities later #whatarefinals??
Mon May 04 07:39:54 PDT 2015 --  Sitting in my car after picking up my cap and gown... Crying. FML.
Sun May 03 19:29:25 PDT 2015 --  It has been one hell of a ride, ZTA. 4 years too short, Thank you for all that you have taught me. #zetaisforever
Sun May 03 14:34:04 PDT 2015 --  I can not wait to sleep!
Sun May 03 07:59:31 PDT 2015 --  Lol at me signing up for a ropes course. Not sure it's going to be possible after this weekend
Sat May 02 11:36:53 PDT 2015 --  Today's weather is the definition on perfect
Sat May 02 09:16:08 PDT 2015 --  After last night, I have huge expectations for tonight
Fri May 01 14:48:46 PDT 2015 --  Not sure I can do this whole senior wills thing. I don't want to part with my zeta stuff yet
Fri May 01 05:16:50 PDT 2015 --  Listen... If they start construction on one more road around campus I'm probably going to freak out
Thu Apr 30 14:00:28 PDT 2015 --  This dog has noticed a mirror and is having a moment http://twitter.com/girlposts/status/593074828061585408/photo/1pic.twitter.com/TvblQYyFQv 
Thu Apr 30 10:20:59 PDT 2015 --  I'm not good with change or goodbyes and that's what my life is consisted of right now.
Wed Apr 29 18:04:06 PDT 2015 --  Sweet you rock and sweet you roll
Wed Apr 29 17:54:42 PDT 2015 --  So proud of @ChanceHarmon94 tonight at BMOC! You rocked it! I'm a proud coach!!!
Tue Apr 28 09:25:03 PDT 2015 --  The amount of time that I DON'T have this week is overwhelming
Tue Apr 28 08:28:25 PDT 2015 --  can't wait to see everyone at BMOC tomorrow!! @ Tilson auditorium @ 7pm!!!! #thinkpink #thinkzta pic.twitter.com/BzgJXyhjlg
Mon Apr 27 16:16:04 PDT 2015 --  Our top 3 results in the penny war 1. Chris Zander of @ISUThetaChi 2. Karl Hartwig of @ISUPIKE 3. MJ Woods of @Kazetaiota #ISUBMOC15
Sun Apr 26 17:07:17 PDT 2015 --  CONGRATS LITTLE ON SIG EP SWEETHEART!!!! I'm so happy for you!!! @KaylaDross
Sun Apr 26 16:56:37 PDT 2015 --  Last chapter as an active ZTA member
Sun Apr 26 13:07:20 PDT 2015 --  2nd place at Pi Olympics! Not too shabby! Also, received the Peyton's Choice award! Such a fun event for a good cause!
Sun Apr 26 11:13:52 PDT 2015 --  I got volunteered for the pie eating contest imma vom
Sat Apr 25 06:44:40 PDT 2015 --  I spelled "threw" wrong on snapchat and twitter yesterday, and @Leeroyy_Jenkins captured both of them...
Sat Apr 25 06:17:58 PDT 2015 --  Why are Kayla and I awake right now
Fri Apr 24 23:51:54 PDT 2015 --  I miss Orlando so much
Fri Apr 24 23:35:25 PDT 2015 --  #Brooklynisalifesaver
Fri Apr 24 12:35:05 PDT 2015 --  You know you don't go to IU when to wear IU gear to an event #allmyfrans
Fri Apr 24 10:05:06 PDT 2015 --  Let's take a poll, how many bruises will I come back to Terre Haute with tomorrow??
Thu Apr 23 21:18:40 PDT 2015 --  “ @GuyCodes: Everything is legal when the cops aren't around” @brooklynmariah_ .... Found our philosophy
Thu Apr 23 21:08:27 PDT 2015 --  Even 5 reminder texts throughout the day did not get the sections to me on time. I'm officially group projected out.
Thu Apr 23 21:05:49 PDT 2015 --  Group members were supposed to have their sections to me by 10pm.... Still waiting on 3 out of the 5 sections...
Thu Apr 09 05:41:14 PDT 2015 --  Who wants to go skydiving? pic.twitter.com/lpN8PJ4SFD
Thu Apr 23 15:12:24 PDT 2015 --  Different way of thinking. pic.twitter.com/XLXy4wpwV5
Wed Apr 22 19:44:43 PDT 2015 --  My group is complaining about contributing 1.5 pages to our 10 page paper... I just knocked out 3 pages in 30min. #seniorstatus
Wed Apr 22 17:45:24 PDT 2015 --  Not catching a break from life today....
Wed Apr 22 10:05:13 PDT 2015 --  I'm just ready for this Little Five adventure this weekend @brooklynmariah_ @Kay_MarieC
Mon Apr 20 18:47:02 PDT 2015 --  I WANT IT pic.twitter.com/7rOCgGgoxA
Mon Apr 20 07:11:06 PDT 2015 --  I'm not sure my horoscope has ever been more accurate.
Mon Apr 20 05:28:25 PDT 2015 --  9 days until BMOC!! Do you have your ticket?
Sun Apr 19 19:28:24 PDT 2015 --  Going through my ZTA attire to start my senior wills stack and realizing how much I am in denial about two weeks from yesterday...
Sun Apr 19 19:05:23 PDT 2015 --  Shawn Mendes' voice has won my heart
Sun Apr 19 15:20:13 PDT 2015 --  That awkward moment when you confuse a dog for a skunk?? @lauren_burress
Sun Apr 19 08:33:00 PDT 2015 --  Yesterday is the exact reason why I'm not ready to graduate.
Sat Apr 18 14:51:25 PDT 2015 --  I've accepted my voice is never going back to normal
Sat Apr 18 13:51:38 PDT 2015 --  Just casually walking down 3rd street... Nbd @brooklynmariah_
Sat Apr 18 12:50:12 PDT 2015 --  I swear something about me screams, "old creepy guy please hit on me...."
Sat Apr 18 10:26:21 PDT 2015 --  On another note I think everyone would agree that If there was an award for best matching date last night that Zach and I would've won.
Fri Apr 17 14:05:10 PDT 2015 --  So I thought the earrings I bought were regular ones... Turns out they are clip-ons... So we will see how this works
Fri Apr 17 14:02:08 PDT 2015 --  Who's not surprised that I am running late?? 🏽
Wed Apr 15 09:00:41 PDT 2015 --  Zeta's have their BMOC tickets now, better get yours soon! $5 each! & we are selling shirts too. $10 each! #ISUBMOC pic.twitter.com/UE5N2O2zvz
Fri Apr 17 09:59:29 PDT 2015 --  I was hoping that my legs would be bruise free for formal.... But that isn't looking like an option.
Fri Apr 17 08:10:04 PDT 2015 --  Major shouts to @Kay_MarieC for being a rockstar last night
Fri Apr 17 05:11:34 PDT 2015 --  Formal day has arrived!!!!
Thu Apr 16 16:20:23 PDT 2015 --  Concerned that my voice is not back to normal yet...
Thu Apr 16 08:27:19 PDT 2015 --  I'm happy ISU can provide some entertainment for Terre Haute locals by knocking down the old business building. Hautians post up to watch.
Wed Apr 15 18:42:51 PDT 2015 --  I've been taking this exam for an hour already and I still have 20 questions to go. This is ridiculous.
Wed Apr 15 18:40:16 PDT 2015 --  NEVER TAKE ENVI 130 ONLINE, NEVER. Worst class I have ever taken.
Tue Apr 14 21:04:13 PDT 2015 --  “ @Misss_MEG: To every freshman, sophomore, junior. Cherish every moment. College goes by way too fast pic.twitter.com/mZgSH4dZkV” too perfect
Tue Apr 14 20:37:53 PDT 2015 --  “ @FunnyVines: When my friends introduce me.. https://vine.co/v/OY9PZitIKt1 ” @ChrisMarietta
Tue Apr 07 13:04:43 PDT 2015 --  Rare footage of me going to school every morning.. https://vine.co/v/O2bqlMVvp0u 
Tue Apr 14 20:15:11 PDT 2015 --  “ @girlposts: SHE THOUGHT SHE GOT KIDNAPPED pic.twitter.com/BoUDGIlfPV” this is what I'm afraid of when getting my wisdoms teeth out
Tue Apr 14 10:34:46 PDT 2015 --  I MUST MAKE A TRIP TO INDY SOON, I MISS MY BESTS. @LindseyLeo_ @cm_cassel @MelissaTurpin_
Tue Apr 14 09:37:45 PDT 2015 --  T-shirts at $10! All proceeds go towards Breast cancer education and awareness! pic.twitter.com/Ouj2Pev52j
Tue Apr 14 09:25:53 PDT 2015 --  BMOC is Wednesday April 29th, tickets are $5!! Come out and watch some great acts while supporting a great cause! pic.twitter.com/F5lSk4yNYG
Tue Apr 14 08:02:54 PDT 2015 --  New Column! Challenge yourself. "Find what scares you, wholly apply yourself, grow and stay hungry." http://www.isustudentmedia.com/indiana_statesman/opinion/columns/article_3a9cd472-df94-11e4-a497-cf87d209b9ea.html …
Mon Apr 13 19:36:16 PDT 2015 --  I'm in BMOC which is a talent show for a good cause! Please rt this so I can get points and have your people rt too!! pic.twitter.com/H0N25GAIYO
Mon Apr 13 18:25:48 PDT 2015 --  A little bit of communication can go a long way
Mon Apr 13 16:00:08 PDT 2015 --  my face when the weather says it's supposed to rain on Formal....
Mon Apr 13 14:45:16 PDT 2015 --  Still could not have asked for a better pairing for spring week! The men of Sigma Chi made my last spring week awesome!
Mon Apr 13 06:06:10 PDT 2015 --  Welcome to the big girls club @jennamichelle94 !!! Happy 21st birthday!!
Sun Apr 12 18:46:43 PDT 2015 --  If anyone finds my voice please return it. I can't do this whole being silent thing
Sun Apr 12 14:43:34 PDT 2015 --  “ @terriblesingers: Titanium - David Guetta and Sia pic.twitter.com/uihIuCJE5J”just RT
Sun Apr 12 09:45:01 PDT 2015 --  Hey can we all just be proud that I didn't lose anything yesterday...
Sat Apr 11 23:13:21 PDT 2015 --  But I've completely lost my voice so that's cool
Sat Apr 11 23:00:45 PDT 2015 --  How I'm still going is beyond me
Sat Apr 11 14:42:05 PDT 2015 --  Jimmy johns is a lifesaver today
Sat Apr 11 09:00:57 PDT 2015 --  Such a great race, so proud of our team and out 2nd place!!!
Sat Apr 11 08:49:57 PDT 2015 --  Such a good race!! Congrats SAE, Theta Chi, and Sigma Kappa
Sat Apr 11 06:32:46 PDT 2015 --  Can't wait to watch @ZTAgammachi and @SigmaChi_ISU ride their butts off today!!! #hotwheels 🏽
Sat Apr 11 05:06:24 PDT 2015 --  Happy Tandem day!!!
Fri Apr 10 17:34:30 PDT 2015 --  Soon as I sat down, I was falling in love
Fri Apr 10 15:26:37 PDT 2015 --  Not mad about it
Fri Apr 10 15:26:31 PDT 2015 --  The Bally is out of control for a Friday afternoon
Fri Apr 10 12:16:33 PDT 2015 --  Happy Qualidays, Sycamores!!!🏽
Fri Apr 10 08:40:32 PDT 2015 --  On the plus side, my phone is still working. So that's good.
Thu Apr 09 22:21:41 PDT 2015 --  Kayla is showing me her senior wills stuff so I'm about to cry.
Thu Apr 09 21:46:29 PDT 2015 --  Just got reminded that I'm graduating.... Thank you
Thu Apr 09 20:40:06 PDT 2015 --  Wifey just got a special shout out at the Bally.... She's a hot shot now.
Thu Apr 09 19:34:35 PDT 2015 --  Well it's only 10:30 and my phone has already been submerged in a drink.... Lol
Thu Apr 09 09:40:35 PDT 2015 --  I will not be satisfied with the emoji keyboard until there is a taco emoji.... Just saying.
Thu Apr 09 07:51:43 PDT 2015 --  Wonder how @Ben_Ram is feeling today after yesterday's throw down on stage....
Wed Apr 08 23:37:59 PDT 2015 --  Queso is life @Kay_MarieC
Wed Apr 08 23:00:36 PDT 2015 --  my sisters
Wed Apr 08 16:54:49 PDT 2015 --  Could not have asked for a better last remix! Thank you to the whole remix team for making it amazing!! We killed it!!
Wed Apr 08 15:07:48 PDT 2015 --  It is 50 million degrees in the Hulman Center
Wed Apr 08 09:00:43 PDT 2015 --  April 29th is coming soon! Join @ZTAgammachi to tackle Breast Cancer! Find a ZTA to purchase BMOC tix & T-shirts pic.twitter.com/jEZUeqtcOK
Wed Apr 08 08:56:49 PDT 2015 --  Hi my name is Michelle, and I've already almost cried 3 times thinking about tonight being my last remix performance ever...
Wed Apr 08 06:28:48 PDT 2015 --  Can't wait kill it out on stage for my last performance ever with the men of @SigmaChi_ISU !!!
Wed Apr 08 06:28:06 PDT 2015 --  It has arrived, HAPPY REMIX DAY!!!
Tue Apr 07 14:31:29 PDT 2015 --  Dress rehearsal time. Time to Step it up
Tue Apr 07 09:40:58 PDT 2015 --  How bad is it that my everyday fear is that I'm going to lock my keys in my car??
Tue Apr 07 09:02:57 PDT 2015 --  Time to use my negotiating skills
Tue Apr 07 08:55:13 PDT 2015 --  Crying because of the email I just received, your girl might have it together after all.
Tue Apr 07 00:10:17 PDT 2015 --  Not about these storms when I am house sitting alone....
Mon Apr 06 08:40:34 PDT 2015 --  I highly dislike when people watch me in the gym, like can I help you??
Mon Apr 06 06:48:42 PDT 2015 --  Also, FARRELL IS 21!!!!!
Mon Apr 06 06:17:32 PDT 2015 --  HAPPY SPRING WEEK, SYCAMORES!!
Sun Apr 05 20:56:50 PDT 2015 --  It is mind blowing and a little bit scary to think I only have one month left of my entire education career....
Sun Apr 05 17:49:45 PDT 2015 --  My hands are black, my legs are sore, and I'm still trying to catch my breath. I'd say it was a successful remix practice! HAPPY SPRING WEEK
Sun Apr 05 10:03:17 PDT 2015 --  Also, I've been asked 3 times if I have a hot date.... Lol.
Sun Apr 05 09:34:19 PDT 2015 --  Me learning to cook is quite comical. But hey, at least the food is good
Sun Apr 05 09:29:11 PDT 2015 --  Kill them with sassiness
Sun Apr 05 08:55:13 PDT 2015 --  I get to kitten sit this week
Sun Apr 05 00:25:26 PDT 2015 --  What are you waiting for
Sat Apr 04 21:14:47 PDT 2015 --  My best friend is leaving me
Sat Apr 04 21:05:05 PDT 2015 --  I'm going to need some new converse after tonight...
Fri Apr 03 12:21:31 PDT 2015 --  For every retweet I will donate $1 to the ladies of Zeta Tau Alpha's BMOC 2015! @ZTAIUPUIBMOC
Fri Apr 03 09:57:04 PDT 2015 --  I need sleep
Fri Apr 03 09:41:31 PDT 2015 --  I'm getting ahead of myself looking at apartments, but I'm just excited!
Thu Apr 02 18:07:10 PDT 2015 --  CONGRATS @morganschneid22 ON DERBY DARLING!!
Thu Apr 02 17:31:47 PDT 2015 --  Convinced little to go out
Thu Apr 02 10:25:10 PDT 2015 --  Can you grab me a kitten from the fridge? pic.twitter.com/FK030L0keU
Thu Apr 02 09:08:23 PDT 2015 --  WIFEY TURNS 21 NEXT WEEK @lindseyfarrell
Thu Apr 02 08:22:45 PDT 2015 --  I'm pretty sure this video isn't supposed to be funny.... But once again, I laugh at everything soooo
Thu Apr 02 06:06:37 PDT 2015 --  My ankles are in hella pain after remix last night
Wed Apr 01 20:00:01 PDT 2015 --  “ @BestProAdvice: Locked out of the car? pic.twitter.com/putSDrFSTU” I should probably learn this...
Wed Apr 01 08:38:57 PDT 2015 --  April 1st is torture for vulnerable people... I don't know what to believe
Tue Mar 31 11:52:01 PDT 2015 --  I just had the most hopeful/exciting phone call ever with Linds. Nothing but good vibes
Tue Mar 31 11:33:55 PDT 2015 --  Like I predicted, I am a complete and total mess today
Tue Mar 31 09:18:51 PDT 2015 --  Yay for free donuts and SGA voting!!!! pic.twitter.com/AtQuq7Yj0I
Tue Mar 31 08:14:17 PDT 2015 --  ZTA&ΣΧ think Cancer sucks! Help support a great cause and my sisters by checking out these events! #DerbyDays2015 pic.twitter.com/DlNOUBz0zw
Tue Mar 31 07:00:18 PDT 2015 --  Don't forget to cast your vote for SGA President, Vice President and Senate! Here is how! Your voice is important! pic.twitter.com/gfb2Io4CQs
Tue Mar 31 05:53:15 PDT 2015 --  I'm forecasting that today will be a complete mess... I left my planner at home
Tue Mar 31 05:11:43 PDT 2015 --  Today is about to be one of the longest and physically exhausting days I have had in a long time... I'm not ready.
Mon Mar 30 20:31:18 PDT 2015 --  I can't wait to vote for @KateArndt and @snoble_Adi0s for President and Vice President tomorrow! #helpthemhelpyou
Mon Mar 30 21:19:17 PDT 2015 --  you know the drill. VOTE Arndt and Nobel for President and Vice President tomorrow and Wednesday!! pic.twitter.com/ttmm1Fmw2D
Mon Mar 30 07:59:45 PDT 2015 --  Blake Lively is coming out with a new movie
Mon Mar 30 07:54:58 PDT 2015 --  Hoping for an email today
Mon Mar 30 07:44:06 PDT 2015 --  Can't waitto watch my sisters kill it on Thursday at the Derby Days Pageant!!!@SigmaChi_ISU #DerbyDays2015 #ZTA
Mon Mar 30 07:29:08 PDT 2015 --  We're by the help desk in the commons today from 10-2! Tickets $5 and t shirts for $10 as well as donation boxes! pic.twitter.com/Lk5DAoFzRj
Sun Mar 29 15:35:37 PDT 2015 --  “ @DIYcookery: Cinnabon Waffles https://vine.co/v/MmeZXJUvBEA ” GAME. CHANGER.
Sun Mar 29 13:17:50 PDT 2015 --  Piecing together the night before one new bruise at a time...
Sun Mar 29 09:49:26 PDT 2015 --  ONE MONTH until BMOC! Get excited!!! & don't forget doors open at 6.. Show starts at 7! #ISUBMOC
Sun Mar 29 09:41:21 PDT 2015 --  By the way my leg looks, you would think I fell on the railroad tracks again
Sat Mar 28 21:34:09 PDT 2015 --  I can see my breath and I'm wearing sandals....LOL
Sat Mar 28 20:10:08 PDT 2015 --  Yeah... It's not really... Working out for me @KaylaDross
Sat Mar 28 11:39:58 PDT 2015 --  Sitting through my last initiation ever today made me realize how much I am truly going to miss my Zeta sisters.
Sat Mar 28 10:44:50 PDT 2015 --  Watching gymnastics while running is only making me question why I ever quit....
Sun Mar 15 08:52:59 PDT 2015 --  I want one... https://vine.co/v/bg3Zj6xdPmP 
Sat Mar 28 07:19:59 PDT 2015 --  Happy Day of birth @kendall_meares , hope it's a great one!!
Fri Mar 27 19:35:07 PDT 2015 --  What I would do to be in Miami at the Ultra music festival
Fri Mar 27 17:31:55 PDT 2015 --  Because Prez is the best Mrs. Anchor Splash around #onlythebest @brooklynmariah_
Fri Mar 27 17:02:12 PDT 2015 --  But on a real note I had so much fun at Delta Gamma's Anchor Splash! Wish I would have done it in previous years!
Fri Mar 27 16:57:13 PDT 2015 --  Not everyone can pull off a one piece like I can
Fri Mar 27 13:03:20 PDT 2015 --  I signed up for Anchor Splash lolol this should be quite the show.
Fri Mar 27 12:42:34 PDT 2015 --  I just took a nap that was longer than 30 minutes. If you know me then you know that's a new record.
Fri Mar 27 09:40:50 PDT 2015 --  Was on my A game with that interview
Fri Mar 27 05:20:32 PDT 2015 --  The high is 36 today and I wore shorts to work. Lol.
Thu Mar 26 19:46:27 PDT 2015 --  Formal dress, ordered
Thu Mar 26 11:08:45 PDT 2015 --  Skype interview tomorrow wish me luck!!!
Thu Mar 26 07:08:53 PDT 2015 --  Throwback Spongebob episodes are probably my favorite... I'm talking episodes from 1999
Wed Mar 25 20:28:10 PDT 2015 --  “ @Drrake: brushing the cats teeth pic.twitter.com/ncQgxiacFL” I'm done
Wed Mar 25 20:23:05 PDT 2015 --  “ @Drrake: Turn the volume all the way up before pressing play http://vine.co/v/OU0JlO1zVnI ”
Wed Mar 25 07:56:14 PDT 2015 --  I could cry because of how well that phone call just went
Tue Mar 24 21:10:37 PDT 2015 --  “ @tbhsassyturtle: baby sea turtle http://twitter.com/tbhsassyturtle/status/580548725648556032/photo/1pic.twitter.com/Lqje8iAkuY ”
Tue Mar 24 19:45:36 PDT 2015 --  Trying not to freak myself out about this phone call tomorrow, but honestly it could be the start of the next chapter
Tue Mar 24 19:30:17 PDT 2015 --  Phone calls with Linds make everything better @LindseyLeo_
Tue Mar 24 15:48:37 PDT 2015 --  To homegirl taking selfies and twerking in the hot tub: stop.
Tue Mar 24 13:25:58 PDT 2015 --  I could go for some puppy therapy right about now
Tue Mar 24 10:55:47 PDT 2015 --  I want the Florida sun back in my life
Tue Mar 24 10:05:16 PDT 2015 --  Fraternity and sorority life just got compared to gang life..... Imma keep my mouth shut.
Tue Mar 24 09:37:38 PDT 2015 --  Homeboy ALWAYS disagrees no matter the topic... It's seriously annoying
Tue Mar 24 08:22:59 PDT 2015 --  Vote #arndtAndNoble15 for sga @KateArndt #FreeCookies pic.twitter.com/5rAkoOtU54
Tue Mar 24 08:13:04 PDT 2015 --  Talking about final points in class is only making me realize how close graduation is....
Mon Mar 23 15:08:03 PDT 2015 --  Fingers crossed for Wednesday
Mon Mar 23 06:39:13 PDT 2015 --  Woke up not feeling like P. Diddy.
Sun Mar 22 16:12:58 PDT 2015 --  Goooooolly, I went through some really awkward stages in my life
Sun Mar 22 07:55:23 PDT 2015 --  Nowhere near ready for how busy my life is about to become
Sat Mar 21 17:49:52 PDT 2015 --  With this upcoming summer being my last real summer, I want to go on as many adventures as I can. Taking apps for adventure buddies.
Sat Mar 21 07:34:58 PDT 2015 --  Could not have come home to a better email
Sat Mar 21 04:48:32 PDT 2015 --  Homestretch
Sat Mar 21 03:30:22 PDT 2015 --  Kentucky state line
Sat Mar 21 03:24:39 PDT 2015 --  Defensive driving skills from Otown are coming in handy
Sat Mar 21 02:58:39 PDT 2015 --  Feel like I could run a marathon with hoed much caffeine is in my system
Sat Mar 21 02:23:39 PDT 2015 --  GDFR pandora station is amazing late night travel music
Fri Mar 20 23:47:39 PDT 2015 --  What up Birmingham, you are looking mighty beautiful on this late night.
Fri Mar 20 23:40:14 PDT 2015 --  Like legit making lists and talking about the pros and cons of each... The things you talk about on 12 hour car rides
Fri Mar 20 23:38:31 PDT 2015 --  Brook and I are having a seriously in depth conversation about who we're taking to formal
Fri Mar 20 22:46:01 PDT 2015 --  To the car in front of us: thou shalt stay in thy lane #kermitcaptionedthis #roadtriphome
Fri Mar 20 20:58:03 PDT 2015 --  Fog on the way down and fog on the way back
Fri Mar 20 19:44:55 PDT 2015 --  I can not wait to get home and start running again. I have way to much going on in my head to take a week off.
Fri Mar 20 19:34:09 PDT 2015 --  Bittersweet leaving Florida, I probably miss living here more than I should.
Fri Mar 20 19:02:50 PDT 2015 --  Later PCB, see ya never
Fri Mar 20 18:04:24 PDT 2015 --  I wore more snap backs than I ever planned to this week.... I don't even like wearing hats.
Fri Mar 20 16:48:49 PDT 2015 --  “ @BabyAnimalsPic: Snow is fun. Hey, I kinda like it. OMG I TAKE THAT BACK. pic.twitter.com/4UYo5gLYpo” enjoy
Fri Mar 20 16:27:24 PDT 2015 --  Lowkey upset that @brooklynmariah_ and I didn't find the friends we made on the beach today earlier on in the week
Fri Mar 20 14:14:19 PDT 2015 --  Had some serious trouble finding our hotel in this fog
Fri Mar 20 12:16:39 PDT 2015 --  100% reconsidering where I want to relocate after I graduate. Florida is a serious contender.
Fri Mar 20 11:47:49 PDT 2015 --  definitely getting my hair done with my left over money
Fri Mar 20 08:49:58 PDT 2015 --  I'm ready for this road trip home...gives me so much time to think.
Fri Mar 20 08:46:56 PDT 2015 --  At least we'll have a cool view on the way home tonight pic.twitter.com/k56DsdOqN6
Fri Mar 20 08:29:40 PDT 2015 --  Finally someone said it pic.twitter.com/S67Ii7f4VE
Thu Mar 19 22:09:07 PDT 2015 --  I honestly am sad that I once again have to leave the beach. I miss living in this beautiful state.
Thu Mar 19 21:55:24 PDT 2015 --  Less than 24 hours and I'll be on my way back to good ol' Indiana, not sure how to feel.
Thu Mar 19 21:16:17 PDT 2015 --  Life is a beach, I'm just playing in the sand
Thu Mar 19 16:10:04 PDT 2015 --  Lol the taxis hate me
Thu Mar 19 09:33:27 PDT 2015 --  Getting ready for Le Beach
Thu Mar 19 07:33:31 PDT 2015 --  If I could wake up to the ocean every morning for the rest of my life I would be content
Thu Mar 19 00:45:23 PDT 2015 --  And that just did it for me. If it wasn't for Chase Rice on the beach, I would be leaving as soon as I woke up tomorrow morning.
Wed Mar 18 20:13:40 PDT 2015 --  Ashley and Sarah out here and ready to meet new people @lindseyfarrell
Wed Mar 18 18:29:37 PDT 2015 --  Just walking up 14 flights of stairs... Apparently it's leg day.
Wed Mar 18 17:53:31 PDT 2015 --  I hope @cara_bear87 is having an amazing time in Orlando, so incredibly jealous of your snap story! I miss it so much!
Wed Mar 18 15:27:32 PDT 2015 --  It is going to take a solid week in order for me to get my voice completely back...
Wed Mar 18 14:20:27 PDT 2015 --  One of my favorite parts of this trip has been that I'm able to wear dresses
Wed Mar 18 10:38:18 PDT 2015 --  Lol my nose is 50 shades of burnt...
Wed Mar 18 09:20:30 PDT 2015 --  Jenna: "I don't think I'm going to put deodorant on today because my underarms won't tan" Rest of the room: "No.. You probably should..."
Wed Mar 18 07:44:50 PDT 2015 --  Remembering that I did multiple back handsprings on the beach yesterday. I haven't tumbled in years, how I didn't break my neck is beyond me
Tue Mar 17 19:27:18 PDT 2015 --  Who puts Ali and I in front every single time.....
Tue Mar 17 08:45:33 PDT 2015 --  My diet of lunchables and pizza rolls this week is going to kill me next week
Tue Mar 17 06:41:06 PDT 2015 --  It's here!! HAPPY ST. PATTY'S DAY!
Mon Mar 16 20:32:35 PDT 2015 --  On a real note TG for this life proof case. Best purchase ever
Mon Mar 16 19:44:54 PDT 2015 --  Even running for as long as I have been has not prepared me for the walk on the beach that I've had to do these past 2 days....
Mon Mar 16 08:45:09 PDT 2015 --  Monster in one hand, drink in the other. #SB2k15
Mon Mar 16 07:18:00 PDT 2015 --  Bruh my neck and back are so sore today.... What in the world!
Mon Mar 16 06:15:49 PDT 2015 --  I woke up with sand in my ear Happy Spring Break
Sun Mar 15 18:39:15 PDT 2015 --  Never would've guessed today would end like it did
Sun Mar 15 09:20:16 PDT 2015 --  #lonerstoner @AliNicole93
Sun Mar 15 07:21:07 PDT 2015 --  Brooke and I could probably get arrested with how much alcohol we have in the car right now
Sat Mar 14 20:48:47 PDT 2015 --  The 1902 crew is about to pass out
Sat Mar 14 20:42:56 PDT 2015 --  Farrell just tried to SLIDE our hinge shower door in our condo.... Lol this day man, this day.
Sat Mar 14 18:49:28 PDT 2015 --  Like 100% should've brought my running shoes with me
Sat Mar 14 18:49:05 PDT 2015 --  I'm about to lose it.
Sat Mar 14 18:27:24 PDT 2015 --  
Sat Mar 14 12:36:47 PDT 2015 --  Why did I ever move back to Indiana after living in Florida this summer??
Sat Mar 14 09:19:19 PDT 2015 --  Because there is never a bad time for 2000s hip hop radio
Sat Mar 14 09:02:27 PDT 2015 --  FLORIDA STATE LINE
Sat Mar 14 07:17:15 PDT 2015 --  Just asked Farrell what she would do if an alligator walked out in front of her.... You know, instead of a deer.
Sat Mar 14 02:57:42 PDT 2015 --  What's up Alabama!!!
Fri Mar 13 22:54:37 PDT 2015 --  Just saw a car on fire so that's good
Fri Mar 13 22:17:15 PDT 2015 --  Knowing I'll be reunited with the beach in about 10 hours after 9 months makes me so incredibly happy
Fri Mar 13 20:43:04 PDT 2015 --  Let's get this adventure going, ayeeeeeee PCB here we come
Fri Mar 13 17:56:31 PDT 2015 --  Have a feeling that PCB might be the last adventure that the white Converse see...
Fri Mar 13 17:09:14 PDT 2015 --  Burnt in all of the most uncomfortable places
Fri Mar 13 09:57:53 PDT 2015 --  I know it's going to be a good day when I hear Play It Again
Fri Mar 13 07:39:33 PDT 2015 --  Workout, tan, nails, back to bed until we leave
Fri Mar 13 00:41:23 PDT 2015 --  Still going strong, in case anyone was wondering
Thu Mar 12 23:12:21 PDT 2015 --  Real question is, why is anyone letting me use a hot glue gun at 2am
Thu Mar 12 20:38:35 PDT 2015 --  So now I'm just going to sit here and contemplate what it's like to be young again...
Thu Mar 12 20:34:40 PDT 2015 --  Just told my group I was 22 and they freaked out and didn't believe me, I feel old
Thu Mar 12 19:49:21 PDT 2015 --  Just had about 2 cups of coffee and I'm getting slap happy. I'm about to get weird and I don't think my group will be able to handle it.
Thu Mar 12 19:19:01 PDT 2015 --  Group projects are bad in college, yes, add being a senior in a group with freshmen and sophomores and its 10x worse.
Thu Mar 12 19:03:56 PDT 2015 --  Longest day ever and I still have to pack and craft lol at life.
Thu Mar 12 11:11:54 PDT 2015 --  Because George's is more important than a spring break bod
Thu Mar 12 10:53:08 PDT 2015 --  I'm so out of wack today it isn't even funny, like what am I doing??
Thu Mar 12 09:03:58 PDT 2015 --  Going to my second class with the hopes that we will get out early so I can get some George's before work
Thu Mar 12 07:29:33 PDT 2015 --  I'm trying to figure out why I am just now following @kendall_meares
Thu Mar 12 07:12:07 PDT 2015 --  Shout out to me for not doing anything for spring break all week and leaving it all for tonight...
Wed Mar 11 20:04:33 PDT 2015 --  I say I have too many clothes, but then when I go to look for something I can never find it!
Wed Mar 11 10:12:32 PDT 2015 --  My sleep schedule is about to be all kinds of messed up after Friday.
Tue Mar 10 19:25:05 PDT 2015 --  I don't think I can put into words how much I dislike group projects in college.
Tue Mar 10 11:30:53 PDT 2015 --  Serious question.... Is anyone actually trying on their assignments this week??
Tue Mar 10 08:06:42 PDT 2015 --  Graduation is 2 months away.... . No pressure.
Mon Mar 09 19:58:08 PDT 2015 --  12 worksheets and 5 assignments. A little unnecessary for an online 100 level class the week before break, don't ya think??
Mon Mar 09 16:01:35 PDT 2015 --  Welp, the formal date question is officially posted
Sun Mar 08 19:23:18 PDT 2015 --  I have a million other things that I could be doing, but I'm choosing to lay in bed and watch TV.
Sun Mar 08 16:07:08 PDT 2015 --  The fact that the sun is still out at 7pm is enough to make my entire day!
Sun Mar 08 09:06:30 PDT 2015 --  I was 5 seconds away from locking my keys in my car. Get it together, Michelle.
Sat Mar 07 20:53:44 PST 2015 --  Brb crying over the picture I just found
Sat Mar 07 19:15:45 PST 2015 --  Of course the first episode of Criminal Minds that I watch tonight is about spring break...
Sat Mar 07 18:49:28 PST 2015 --  My back is in so much pain
Sat Mar 07 15:32:36 PST 2015 --  “ @KaylaDross: Can we take a minute to remember our friend from Sweden?? @Michelle_Rae08 http://twitter.com/KaylaDross/status/574341712945922048/photo/1pic.twitter.com/a6M4D42Hsf ” like can he come back?!
Sat Mar 07 07:07:31 PST 2015 --  Just learned that all of the shifts I picked up this weekend will go on my paycheck for AFTER spring break, so that's my life
Sat Mar 07 05:44:00 PST 2015 --  The only thing getting me through this long work day is knowing that PCB is less than a week away
Fri Mar 06 19:12:14 PST 2015 --  Such an amazing BMOC @ZTAPurdue , Gamma Chi sisters are inspired and so excited for our BMOC in April!
Fri Mar 06 18:42:44 PST 2015 --  I hope our sisters are having so much fun at @ZTAPurdue BMOC tonight! Get excited for ours #April29
Sun Mar 01 14:01:35 PST 2015 --  in case u were having a bad day here's a fat cat in a sink to cheer u up http://twitter.com/FreddyAmazin/status/572102229353603072/photo/1pic.twitter.com/9XcKXmN4px 
Fri Mar 06 18:12:59 PST 2015 --  Greek Life at Purdue is so hype about BMOC it warms my heart
Fri Mar 06 15:59:58 PST 2015 --  There are so many people here
Fri Mar 06 15:26:18 PST 2015 --  The muscles in my back are so tight
Fri Mar 06 13:22:28 PST 2015 --  Purdue adventure to watch a bomb A BMOC
Fri Mar 06 12:46:02 PST 2015 --  I lose my keys and phone at least 3 times a day, so that's good.
Fri Mar 06 12:27:55 PST 2015 --  The video that I found of Kayla and I on Tuesday is absolutely priceless, somehow I capture the best moments
Fri Mar 06 11:28:46 PST 2015 --  Someone come motivate me to get ready, currently don't want to move from my bed.
Thu Mar 05 17:53:05 PST 2015 --  A full moon calls for shenanigans
Thu Mar 05 16:25:23 PST 2015 --  The moon is gorgeous right now
Thu Mar 05 14:53:55 PST 2015 --  Assuming this water aerobics instructor knows about Throwback Thursday considering we are listening to Ja Rule and JLo.
Thu Mar 05 14:19:58 PST 2015 --  Not enough hours in the day to accomplish everything that I need to
Thu Mar 05 12:21:33 PST 2015 --  Lol at the floor work I'm about to try and teach myself for Remix
Thu Mar 05 07:35:46 PST 2015 --  Scratch that last tweet. I was a week early, it's going to be one of those days
Thu Mar 05 07:10:44 PST 2015 --  If you're going to PCB and want to have a good day, do not look at the weather for the week of SB.
Thu Mar 05 03:57:50 PST 2015 --  Not how I wanted my day to start out.
Wed Mar 04 20:42:18 PST 2015 --  Ask me if I've started studying for my tests tomorrow... Scratch that, you probably already know the answer.
Wed Mar 04 16:45:58 PST 2015 --  Lol at us last night @lindsay_henry9
Wed Mar 04 06:53:46 PST 2015 --  9 days
Tue Mar 03 21:52:18 PST 2015 --  "Literally I can't" just came on @lindseyfarrell
Tue Mar 03 08:16:04 PST 2015 --  Everyone go support Sig Chi and our sisters @kclodd & morgan_schneider tomorrow night at Chic-Fil-A… https://instagram.com/p/zxZxBir6ZR/ 
Tue Mar 03 08:35:22 PST 2015 --  And then you realize how much has really changed in a year.
Tue Mar 03 07:19:15 PST 2015 --  This time last year I had a suitcase on my floor all packed and ready to go to Cancun
Mon Mar 02 20:12:41 PST 2015 --  Definitely did not realize how close spring break was until just now.
Mon Mar 02 15:17:03 PST 2015 --  Hey hey hey, three out out of the past four years ain't too shabby! @ZTAgammachi #OnlyTheBest
Mon Mar 02 15:12:38 PST 2015 --  So happy we could win the Presidents Cup my senior year!!
Mon Mar 02 15:09:24 PST 2015 --  Could not be more proud of my chapter. CONGRATS ZTA ON PRESIDENTS CUP!!!
Mon Mar 02 10:00:14 PST 2015 --  Come here boy I wanna dance
Sun Mar 01 19:02:01 PST 2015 --  Fun fact: after my graceful fall during welcome week last semester, my elbow now constantly pops.
Sun Mar 01 16:57:56 PST 2015 --  I don't care what anyone says, fresh apple slices are 10x better with peanut butter
Sun Mar 01 15:51:04 PST 2015 --  Forgot I had my Livestrong bracelet on while tanning so that should be a cute tan line.
Sun Mar 01 09:51:57 PST 2015 --  There is something wrong when the roads by my house are more clear than the busiest roads in TH.
Sat Feb 28 22:15:13 PST 2015 --  Someone be spontaneous with me and take a trip out to Colorado this summer
Sat Feb 28 19:27:09 PST 2015 --  I may have just drove in the middle of the road the entire way home, idk.
Sat Feb 28 12:47:13 PST 2015 --  These last three days man
Sat Feb 28 06:25:49 PST 2015 --  Good luck to the Zetas at Alpha Phis dodgeball tourney!!! I'll be rooting you on from work! @ZTAgammachi
Fri Feb 27 16:37:41 PST 2015 --  “ @BroHumor: Coming home from a party.. https://vine.co/v/OxDeqgEKjYj ” @Kay_MarieC
Fri Feb 27 13:30:30 PST 2015 --  Most heartbreaking news ever. Miss you already roo, rest in peace Riley pic.twitter.com/IiPslYGMln
Fri Feb 27 10:22:01 PST 2015 --  My heart hurts
Fri Feb 27 08:40:05 PST 2015 --  Salsa Friday!!!!
Thu Feb 26 23:11:42 PST 2015 --  "Imma do a trick" in the words of kay carroll
Thu Feb 26 22:57:32 PST 2015 --  Omg
Thu Feb 26 13:02:42 PST 2015 --  Anyone else ever feel like they're in a snow globe when it's snowing out??
Thu Feb 26 11:14:01 PST 2015 --  You know those days that just suck? Today is one of them.
Thu Feb 26 09:46:41 PST 2015 --  Looking at @theCHIVE store and realizing I NEED a new CHIVE shirt for SB2015
Thu Feb 26 08:49:07 PST 2015 --  “ @PeopleTattoos: pic.twitter.com/3xj67wku0Z”
Thu Feb 26 08:48:52 PST 2015 --  Because looking for a life proof case for spring break is much more important than listening to lecture....
Thu Feb 26 08:27:57 PST 2015 --  Also, not sure why I am using data from 2013 when there is updated data from 2014
Thu Feb 26 08:13:13 PST 2015 --  And that is not an over exaggeration
Thu Feb 26 08:11:38 PST 2015 --  Currently sending 15 worksheets to the printer for my online class.
Wed Feb 25 18:27:06 PST 2015 --  accurate af pic.twitter.com/2rQm1itZe0
Wed Feb 25 15:04:17 PST 2015 --  Good thing I'm at work until 9:30, clearly I need to get my life together.
Wed Feb 25 14:57:54 PST 2015 --  AND lock my keys in my car.... Good for me
Wed Feb 25 14:48:14 PST 2015 --  Count on me to lose my first and only student ID 2 months before I graduate
Wed Feb 25 08:37:52 PST 2015 --  Hey, but at least it's humpdayyyyy
Tue Feb 24 19:50:56 PST 2015 --  Time to get the creative juices flowing
Tue Feb 24 16:42:17 PST 2015 --  Bring on remix season
Tue Feb 24 13:08:43 PST 2015 --  The sad part is, I'm not going to have anything to show for all of these hours I'm putting in at work after spring break
Tue Feb 24 10:37:20 PST 2015 --  I am so sick of wearing layers on layers of clothing
Tue Feb 24 10:14:19 PST 2015 --  Happy birthday Hux!!! @JustNCas3
Tue Feb 24 09:29:40 PST 2015 --  Never thought movie days could get any better than they were in high school.... Until I came to college
Tue Feb 24 07:44:15 PST 2015 --  Started my morning off by running way late, so that's how my Tuesday is going
Mon Feb 23 16:58:24 PST 2015 --  “ @TheFunnyVine: me waking me up in the morning https://vine.co/v/OtPTrEYQa6V ”
Mon Feb 23 07:54:19 PST 2015 --  Scrolling through my timeline and see 6 tweets about spring break in a row... I think it's safe to say everyone is ready for it to be here.
Sun Feb 22 18:29:20 PST 2015 --  Eating Girl Scout cookies while looking for new swim suits online... Lol at my life.
Sun Feb 22 18:24:25 PST 2015 --  Formal season is quickly approaching... Let that sink in
Sun Feb 22 16:19:56 PST 2015 --  Not sure there is anything more annoying than when my web browser says "not responding".
Sun Feb 22 09:17:49 PST 2015 --  hoping the swim and run this morning helps get rid of this cold
Sat Feb 21 19:17:56 PST 2015 --  My hands and feet are like ice cubes
Sat Feb 21 15:03:16 PST 2015 --  My immune system hates me
Tue Feb 10 12:01:11 PST 2015 --  "draw me like one of your french girls" pic.twitter.com/z49htN6pXb
Fri Feb 20 18:12:51 PST 2015 --  What in the world ever possessed me to take an 8-11 shift on a Friday is beyond me. I just want my bed
Fri Feb 20 16:43:57 PST 2015 --  I didn't run today and I just bought $9 worth of Taco Bell, in case you were wondering how my spring break bod was going
Fri Feb 20 16:35:49 PST 2015 --  I need another Indy weekend soon.
Fri Feb 20 11:58:32 PST 2015 --  Getting my life together one hot mess moment after another...
Fri Feb 20 10:12:21 PST 2015 --  I just opened up my chips upside down.... Happy Friday
Fri Feb 20 10:11:12 PST 2015 --  Boss man just said he had salsa AND queso
Thu Feb 19 18:26:28 PST 2015 --  Shake it off, Michelle, shake it off.
Thu Feb 19 13:38:09 PST 2015 --  Sheeeeeeesh, such a long day and I'm not even close to being done
Wed Feb 18 19:49:57 PST 2015 --  Waking up early just to get my run in for tomorrow... I'm not sure who I've become
Wed Feb 18 19:14:50 PST 2015 --  I think I stress more about the unorganization of my online class blackboard cites than I do about the actual work....
Wed Feb 18 18:52:00 PST 2015 --  Ever just zone out while driving and then look up and you're at your destination??
Tue Feb 17 21:55:13 PST 2015 --  Would not be mad if someone would come play with my hair
Tue Feb 17 19:48:30 PST 2015 --  I wish I could snap my fingers and have my summer tan back
Tue Feb 17 18:15:56 PST 2015 --  “ @TheFunnyVine: this cat is so cute https://vine.co/v/OTu1HEMW7MZ ”
Tue Feb 17 09:35:26 PST 2015 --  Listening to this guy trying to spit game is making me uncomfortable... Wonder how the girl he is talking to feels
Tue Feb 17 08:52:20 PST 2015 --  “ @CuteEmergency: "Six callers ahead of us Jimmy" pic.twitter.com/L0H6PIjJED”.... See last tweet
Tue Feb 17 08:52:03 PST 2015 --  I'm in denial about going to the eye doctor... What if I don't look good in glasses
Tue Feb 17 08:17:45 PST 2015 --  In general, group projects are bad in college, but online class group projects are a nightmare.
Mon Feb 16 20:33:51 PST 2015 --  Ever wonder where you might be if one specific thing in your life didn't happen....
Mon Feb 16 11:19:20 PST 2015 --  You know it's getting close to spring break when I pick up shifts on the weekends....
Mon Feb 16 09:53:02 PST 2015 --  Lol at the roads by my house
Sun Feb 15 19:50:50 PST 2015 --  I need tan line and converse season here... Like, yesterday.
Sun Feb 15 18:21:23 PST 2015 --  Fa fa fa freeeeeezing
Sun Feb 15 17:28:58 PST 2015 --  I'm not a kid person, but I am so excited that Zeta is doing Pen Pals with kids.
Sat Feb 14 23:30:27 PST 2015 --  I just got asked if I was in the military..... What?!?
Sat Feb 14 22:22:51 PST 2015 --  "I still use his Netflix account" yes, just yes.
Sat Feb 14 21:39:16 PST 2015 --  Whoever played "love is an open door" at the Bally is a genius....
Sat Feb 14 20:33:31 PST 2015 --  These sticky notes are killing me
Sat Feb 14 19:34:09 PST 2015 --  But first... Let us eat this pizza
Sat Feb 14 07:23:57 PST 2015 --  Skip the flowers and buy me a bouquet of puppies please. pic.twitter.com/Hro36DT6QU
Sat Feb 14 18:05:27 PST 2015 --  Kayla just told me that I played with a snake a few weeks ago... Uhhhh
Sat Feb 14 15:06:03 PST 2015 --  My coworker told me not to go home with any strangers tonight... Excuse me, but what kind of girl do you think I am??
Sat Feb 14 07:30:24 PST 2015 --  Knowing that I'm loved by some of the most amazing people is all I need on this Valentines Day.
Fri Feb 13 20:45:45 PST 2015 --  Random phone calls with my little are my favorite
Fri Feb 13 17:54:23 PST 2015 --  “ @BabyAnimalsPic: if ur having a bad day... I got u . https://vine.co/v/MWpl0d9OzbQ ”
Fri Feb 13 17:33:23 PST 2015 --  Criminal minds and kitten cuddles for the win tonight.
Fri Feb 13 17:25:29 PST 2015 --  So what does it say about you as a person when your coworkers tell you they are dedicating their drinks to you tonight?
Fri Feb 13 17:16:27 PST 2015 --  Oh and shout out to me for dropping the lane line on my toe at work today. It's already bruised.
Fri Feb 13 14:55:22 PST 2015 --  Someone just texted Little and told her I was cool, I might actually have a chance in this world after all
Fri Feb 13 12:11:40 PST 2015 --  Questioning why I decided to workout after my shower.... Good call, Michelle.
Thu Feb 12 20:53:24 PST 2015 --  Just a cat and mouse game always startin' the same
Thu Feb 12 16:56:10 PST 2015 --  I wish I could tell my closet what mood I'm in and it could pick out an outfit for me. Like "I'm feeling sassy", boom the perfect outfit.
Thu Feb 12 15:19:09 PST 2015 --  I wanna rock with somebodyyyy
Thu Feb 12 08:42:31 PST 2015 --  “ @BabyAnimalsPic: Baby Otters http://twitter.com/BabyAnimalsPic/status/565898390941474816/photo/1pic.twitter.com/JMvmaSuO1F ” @ChrisMarietta
Thu Feb 12 07:32:31 PST 2015 --  Tried leaving my house a solid 3 times before I actually had everything that I needed for my day.... Happy Thursday.
Thu Feb 12 07:17:17 PST 2015 --  Happy birthday, Crash!! @MelissaCrash
Wed Feb 11 22:55:12 PST 2015 --  Anyways, I'm on a roll of hilarious comments tonight
Wed Feb 11 22:35:40 PST 2015 --  Where in the world do I come up with some of the stuff that I say
Tue Feb 10 09:11:22 PST 2015 --  It got resurfaced so here, in order, is the group text of 50 year old women I was randomly put in pic.twitter.com/K1UTD1VGmV
Wed Feb 11 18:19:17 PST 2015 --  Reading my journal from Orlando makes me so happy
Wed Feb 11 17:51:26 PST 2015 --  A little bit of wild and free
Wed Feb 11 15:08:12 PST 2015 --  My sarcasm is getting out of control
Wed Feb 11 07:16:54 PST 2015 --  The struggle to get out of bed this morning, SOS
Wed Feb 11 07:15:56 PST 2015 --  Happy birthday Tayyyy love you!! @ChildersTay
Tue Feb 10 18:35:53 PST 2015 --  Peanut butter and jealousssssss
Tue Feb 10 09:31:16 PST 2015 --  Happy birthday zista frannnn @Olive_210
Tue Feb 10 09:30:06 PST 2015 --  I'm predicting my motivation for classes when the weather warms up will be at an all time low.
Tue Feb 10 08:36:40 PST 2015 --  professor just pronounced Warren Buffett's last name as buffet... Yes like a food buffet
Tue Feb 10 05:47:33 PST 2015 --  Doors to Indiana Theater open at 7 pm tomorrow! Grab a seat & watch the game on the big screen! #GoSTATE #BeatWichita pic.twitter.com/6gprlB1RRC
Tue Feb 10 07:35:21 PST 2015 --  It's a John Mayer kind of morning
Mon Feb 09 20:22:59 PST 2015 --  Shout out to Zeta basketball for that win tonight!!!
Mon Feb 09 17:01:40 PST 2015 --  So Saturday I think I'm going to treat myself to the shelter and play with some puppies, they deserve some love on Valentine's Day too!
Mon Feb 09 10:06:15 PST 2015 --  Absolutely insane
Mon Feb 09 07:35:17 PST 2015 --  HAPPY BIRTHDAY @Hailee_Travioli !! Welcome to the big girls club, don't get too wild
Mon Feb 09 07:32:31 PST 2015 --  Happy birthday love, hope it's a great one!! @LaurenEdwards18
Sun Feb 08 20:42:15 PST 2015 --  Can't wait for chi-town visits
Sun Feb 08 15:41:26 PST 2015 --  Go tanning once and my nose is already burnt
Sun Feb 08 10:00:57 PST 2015 --  Lol @ me for having to teach swim lessons right now
Sun Feb 08 09:06:27 PST 2015 --  Forcing myself to the gym... This should be fun
Sun Feb 08 08:48:33 PST 2015 --  Today is a perfect day for a bike ride... Who wants to join??
Sun Feb 08 07:12:55 PST 2015 --  Yes, yes I am feeling 22
Sat Feb 07 21:28:25 PST 2015 --  NOGGIN'
Sat Feb 07 21:15:28 PST 2015 --  15 minutes later and I'm 22
Sat Feb 07 13:57:30 PST 2015 --  There are still Luke Bryan tickets for sale for Evansville next week
Sat Feb 07 12:59:27 PST 2015 --  So it's warm enough out to wear a dress tonight, right??
Sat Feb 07 12:53:26 PST 2015 --  I've been in such a good mood lately
Sat Feb 07 09:37:27 PST 2015 --  Couldn't ask for a more beautiful day to celebrate my birthday on
Sat Feb 07 08:51:12 PST 2015 --  Homie in here working out in cargo shorts.....
Sat Feb 07 07:15:06 PST 2015 --  Adorable! pic.twitter.com/zRsJkgzUDH
Sat Feb 07 05:14:55 PST 2015 --  Philanthropy is the desire to promote the welfare of others by generously giving to good causes. We want to promote your causes ISU.
Sat Feb 07 06:57:04 PST 2015 --  I have a feeling my run is going to be extra long today
Fri Jan 30 15:09:32 PST 2015 --  Patience. pic.twitter.com/1ItodjNxul
Fri Feb 06 08:46:38 PST 2015 --  Who's not surprised that I lost my keys this morning...
Thu Feb 05 21:02:48 PST 2015 --  It is beyond me how people wear pants to bed
Thu Feb 05 19:02:50 PST 2015 --  “ @FillWerrell: Let this sink in pic.twitter.com/zmeBMtcZvq”
Thu Feb 05 19:00:53 PST 2015 --  I hate when half of my cookie falls into my milk,I feel like it's drowning. Then I feel like a bad lifeguard.Then I start rethinking my life
Wed Feb 04 17:29:11 PST 2015 --  My life is a serious joke.....
Wed Feb 04 16:08:03 PST 2015 --  Saint Patty's day is the Tuesday of spring break, I might be a little excited!
Tue Feb 03 12:58:50 PST 2015 --  Since my birthday is on Sunday I get to celebrate it for an entire week, right??
Tue Feb 03 10:48:34 PST 2015 --  Awkward moment when@Hailee_Travioli says hi to me and I don't hear her
Tue Feb 03 10:21:26 PST 2015 --  Excuse me sir, but it is not sunny in this class room. Please take off your sun glasses.
Tue Feb 03 06:35:55 PST 2015 --  You know what they say about someone being in your dream
Mon Feb 02 20:33:58 PST 2015 --  So basically I just miss everything about this past summer
Mon Feb 02 20:26:21 PST 2015 --  It's been a day, that's for sure.
Mon Feb 02 12:38:40 PST 2015 --  Wasn't supposed to work at all today and now I'm working a double.....
Mon Feb 02 11:24:01 PST 2015 --  Laying in bed in your towel after a long shower has to be one of the top ten best things ever.
Mon Feb 02 10:11:08 PST 2015 --  Upset that I'll be missing our first sorority basketball game of the year for work. Hope @lindseyfarrell will be there to cheer for 2
Mon Feb 02 06:58:15 PST 2015 --  I don't want to drive home
Sun Feb 01 19:07:28 PST 2015 --  I'm sorry but I laughed at the fight.
Sun Feb 01 18:30:38 PST 2015 --  Live Pac Man = awesome fundraising event #justsaying
Sun Feb 01 18:30:01 PST 2015 --  Human Pac Man needs to happen ASAP.. #SuperBowl49
Sun Feb 01 16:04:54 PST 2015 --  The Budweiser commercial makes me want to go play with puppies!
Sun Feb 01 15:58:04 PST 2015 --  Buff chicken dip is lyfe
Sun Feb 01 15:48:55 PST 2015 --  Naturally, Lindsey and I are contributing a pizza to this super bowl party
Sun Feb 01 14:50:06 PST 2015 --  Have to admit, Seattle's colors and uniforms are my favorite out of all NFL teams
Sun Feb 01 09:10:41 PST 2015 --  THIS PUPPY IS SO IMPORTANT pic.twitter.com/HENxiZmMtE
Sun Feb 01 09:56:05 PST 2015 --  Honestly, it's probably because tbell sounded way too good.
Sun Feb 01 09:52:01 PST 2015 --  Still questioning how Lindsey and I are awake....
Fri Jan 30 12:57:37 PST 2015 --  pic.twitter.com/YNxRUoeD7D
Sun Feb 01 07:56:19 PST 2015 --  Birthday month ! What's good , @Michelle_Rae08 @katelynnen
Sun Feb 01 07:00:15 PST 2015 --  And typing a paper**
Sun Feb 01 06:59:26 PST 2015 --  Don't worry about us... Just watching The Heat at 10am
Sun Feb 01 06:18:55 PST 2015 --  2 issues right now. 1. I sound like a man, 2. why in the world am I awake??
Sun Feb 01 02:03:22 PST 2015 --  Lol yes, yes it is.
Sun Feb 01 01:56:34 PST 2015 --  Wait.... It isn't really 5am is it??
Sun Feb 01 01:52:53 PST 2015 --  LOL at Lindsey's and I's life.... Wrong car for uber
Sun Feb 01 01:08:34 PST 2015 --  A lady complimented me a leo on our relationship. #lezbehonest
Sun Feb 01 00:49:25 PST 2015 --  Pony tail braid boy
Sat Jan 31 23:58:20 PST 2015 --  LOL what is life
Sat Jan 31 22:58:13 PST 2015 --  No way I'll have a voice tomorrow
Sat Jan 31 22:26:52 PST 2015 --  I turn 22 in a week, so that's my life.
Sat Jan 31 20:50:32 PST 2015 --  The Chilis
Sat Jan 31 20:42:15 PST 2015 --  Lindsey is facebook friends with Tommy John, and her Gma dated him.... What?!?!?!
Sat Jan 31 20:39:27 PST 2015 --  Put my lipstick on and pulling myself together
Sat Jan 31 19:33:07 PST 2015 --  I can not wait for summer and visiting my frans
Sat Jan 31 14:08:30 PST 2015 --  I should probably just move in with Linds and Chel, I practically am this weekend.
Sat Jan 31 10:14:59 PST 2015 --  “ @CatPornx: It's like the dog head tilt but way cuter. > pic.twitter.com/9FsGeT6eNQ”
Sat Jan 31 10:09:47 PST 2015 --  Oh ya know just making a fool of myself one day at a time
Sat Jan 31 08:59:40 PST 2015 --  We dressed bummy for breakfast and ended up at a bar
Sat Jan 31 08:17:20 PST 2015 --  First place stopped serving breakfast at 10:30.... Second place didn't accept debit cards. forget it, we're getting lunch!
Sat Jan 31 07:25:50 PST 2015 --  Linds and I said we were going to get breakfast a solid 45 minutes ago.... We're still in bed
Sat Jan 31 07:16:20 PST 2015 --  Probably will regret not going home later today because of the snow, but I guess I don't really care.
Fri Jan 30 18:18:10 PST 2015 --  “ @ColIegeStudent: Everyone's out partying tonight and I'm just at home like pic.twitter.com/b8oK1fUR6P” @LindseyLeo_
Fri Jan 30 15:17:50 PST 2015 --  I MADE ITTTTTTT
Fri Jan 30 14:04:35 PST 2015 --  I'm driving the speed limit.... Who am I??
Fri Jan 30 13:34:07 PST 2015 --  So I'm going to hit rush hour traffic... Good for me.
Fri Jan 30 10:03:02 PST 2015 --  I wonder if the box for Shelly Brown is still sitting in the Orlando post office...
Fri Jan 30 07:34:48 PST 2015 --  I need it to be 4pm so I can begin this weekend adventure
Fri Jan 30 07:20:20 PST 2015 --  Grab your passport and my hand
Fri Jan 30 06:28:59 PST 2015 --  Wow. I sound so healthy this morning... (I hope everyone caught the sarcasm)
Thu Jan 29 23:58:17 PST 2015 --  I miss my best friend so much. Can not wait for tomorrow.
Thu Jan 29 23:01:28 PST 2015 --  Love my littleeeeee @KaylaDross
Thu Jan 29 17:45:35 PST 2015 --  Note to self: drive the speed limit tomorrow. Too many close calls lately
Thu Jan 29 16:32:36 PST 2015 --  I just want it to be warm so I can wear dresses everywhere and not have to pick out an entire outfit
Thu Jan 29 15:14:29 PST 2015 --  I can not wait for my weekend in Indy
Thu Jan 29 14:47:16 PST 2015 --  So I hear we're trying to get @PatMcAfeeShow to @ZTAgammachi 's BMOC?? #thinkpink #getpattoBMOC
Thu Jan 29 14:22:37 PST 2015 --  “ @CutestProposals: Ideas for valentines day pic.twitter.com/xbZIU9K589” in case you were wondering what to get me.... @KaylaDross
Thu Jan 29 11:40:28 PST 2015 --  Today has been a rather strange day
Thu Jan 29 09:53:20 PST 2015 --  All the feels. pic.twitter.com/H9D1QjnUer
Thu Jan 29 09:03:13 PST 2015 --  Random acts of kindness warm my heart
Thu Jan 29 08:25:34 PST 2015 --  SOS: if anyone wants to bring me food to the rec at 2 it would be greatly appreciated. I forgot to pack my lunch
Thu Jan 29 05:08:44 PST 2015 --  I think I am hilarious
Thu Jan 29 04:37:07 PST 2015 --  I am 300% not a morning person
