Thu Aug 27 20:05:23 PDT 2015 --  when the squad gets together to turn up pic.twitter.com/6dAppbEZbP
Thu Aug 13 11:59:23 PDT 2015 --  Brazilian artist Julio Cesar Turns Photos Of Random People Into Fun Illustrations pic.twitter.com/2V1Hofmi8u
Wed Aug 26 19:39:18 PDT 2015 --  Puppies napping #NationalDogDay pic.twitter.com/0z1cv3Eu3N
Wed Aug 26 18:50:13 PDT 2015 --  BUCKET LIST http://twitter.com/TweetLikeAGirI/status/636585014294130689/photo/1pic.twitter.com/jLkAvhzVVz 
Wed Aug 26 19:57:58 PDT 2015 --  spotted: lonely boy on the upper east side pic.twitter.com/Aam7k8lP2p
Wed Aug 26 12:11:07 PDT 2015 --  This is awesome. pic.twitter.com/V1XJxNO1Ye
Wed Aug 26 12:30:49 PDT 2015 --  I love food
Wed Aug 26 12:35:46 PDT 2015 --  i love her pic.twitter.com/KXrAjpGjqB
Wed Aug 26 12:38:14 PDT 2015 --  *opens snapchat* *takes selfies to save to phone gallery* *closes snapchat*
Wed Aug 26 13:07:01 PDT 2015 --  rt if u love
Wed Aug 26 13:17:01 PDT 2015 --  People fall in love in mysterious ways
Tue Aug 25 10:45:36 PDT 2015 --  This is what true love looks like pic.twitter.com/Au4ez04AiS
Tue Aug 25 11:59:31 PDT 2015 --  why has this never happened to me pic.twitter.com/GnpNCh1hm8
Sun Aug 23 12:01:03 PDT 2015 --  pic.twitter.com/LT9AXnireK
Sun Aug 23 12:05:02 PDT 2015 --  rt if ur a princess
Sun Aug 23 09:19:37 PDT 2015 --  Do u ever stalk urself on insta after someone follows u just to see what they see
Sat Aug 22 14:30:10 PDT 2015 --  People with blue eyes tend to be more intelligent, and perform better in their academic careers than people with brown eyes.
Thu Aug 20 15:51:48 PDT 2015 --  there is no friendship in mario kart
Thu Aug 20 13:02:49 PDT 2015 --  Edible Lego Chocolate pic.twitter.com/5U4lb3pKSO
Wed Aug 19 13:30:21 PDT 2015 --  pic.twitter.com/e4sjBpFWg8
Thu Aug 20 12:18:35 PDT 2015 --  when u at work and ur song comes on pic.twitter.com/XCaPmA6UMU
Wed Aug 19 19:11:25 PDT 2015 --  Cheerleaders do not get enough credit...
Wed Aug 19 11:28:30 PDT 2015 --  Life is what you make it.. Make it awesome. :)
Wed Aug 19 12:00:08 PDT 2015 --  my favorite kind of day is when i'm so tired i can't stop laughing
Wed Aug 19 12:48:38 PDT 2015 --  HE'S TRYING TO CATCH THE FISH https://vine.co/v/eDuLu2w7UBr 
Mon Aug 17 19:21:51 PDT 2015 --  MOSQUITOS ARE THE ONLY THINGS ATTRACTED TO ME.
Mon Aug 17 15:11:01 PDT 2015 --  If I had a dollar for every time someone spelled my name wrong, I could pay for college, semester abroad, a new car, and a mansion in cash.
Mon Aug 17 15:52:37 PDT 2015 --  Did anyone start school today?
Mon Aug 17 15:55:17 PDT 2015 --  don't cry because its over cry because ur ugly
Mon Aug 17 03:14:03 PDT 2015 --  i just love staying up late not being able to sleep thinking about everything i don't like about my life ahaha so fun!
Sun Aug 16 18:48:43 PDT 2015 --  my favorite tv show one a teen choice award! #pll @ABCFpll
Sat Aug 15 21:03:00 PDT 2015 --  Story of my life pic.twitter.com/LANFf3GcKO
Sat Aug 15 06:12:07 PDT 2015 --  The principal found her COLLARBONES too provocative for school. Something needs to change. pic.twitter.com/A3XgYGiKda
Sat Aug 15 07:16:06 PDT 2015 --  taking a good selfie and using it for every social media site and then realizing that it is actually the worst picture ever
Sat Aug 15 07:56:58 PDT 2015 --  I'M OFFICIALLY DONE pic.twitter.com/OgcxPhZGDh
Sat Aug 15 09:07:05 PDT 2015 --  hannah montana's closet is still goals
Sun Feb 15 12:10:02 PST 2015 --  For every retweet this gets, Pedigree will donate one bowl of dog food to dogs in need! #tweetforbowls pic.twitter.com/z4rmc2HsGT
Thu Aug 13 16:23:21 PDT 2015 --  RT FOR A DM!
Thu Aug 13 13:23:21 PDT 2015 --  When summer approaches I always have a bucket list and I end up doing none of the things I wanted to
Wed Aug 12 22:12:17 PDT 2015 --  the crush song pic.twitter.com/8BI91LnWWY
Thu Aug 13 10:24:39 PDT 2015 --  pic.twitter.com/ZbIQiI84kj
Thu Aug 13 05:38:07 PDT 2015 --  Someone take her Snapchat away pic.twitter.com/FUSpCIfxia
Thu Aug 13 05:46:23 PDT 2015 --  Surround yourself with people that make you better.
Thu Aug 13 06:27:50 PDT 2015 --  Exercising would be so much more rewarding if calories screamed while you burned them.
Tue Aug 11 19:39:11 PDT 2015 --  if you were having a bad day, you're welcome pic.twitter.com/q5MgZTNK8c
Mon Aug 10 21:07:04 PDT 2015 --  Who's ready to live in oversized sweatshirts, cardigans, leggings and boots?!
Tue Jun 16 08:12:39 PDT 2015 --  Literally in heaven bc we found wifi in a random jewelry store in St. Thomas ðŸ½
Sun Aug 09 14:08:03 PDT 2015 --  first day of school vs second day of school pic.twitter.com/VwgDUep5t8
Mon Aug 10 19:48:02 PDT 2015 --  It's basically that point where summer becomes unenjoyable because all you can think about is how soon ur gonna be in school
Fri Aug 07 20:58:07 PDT 2015 --  Who's ready to live in oversized sweatshirts, cardigans, leggings and boots?!
Mon Aug 10 18:07:08 PDT 2015 --  When your ex tries to come back into your life pic.twitter.com/cMPGgSq1tA
Mon Aug 10 15:56:41 PDT 2015 --  when you're sitting by yourself and see a cute couple walk by pic.twitter.com/OvPW1mesvw
Sun Aug 09 14:11:24 PDT 2015 --  Patrick:why are there so many stairs Squidward: you've only gone up 3 stairs Patrick: well if feels like 4 Patrick is my spirit animal
Sun Aug 09 14:00:19 PDT 2015 --  Woman Quits Her HR Job To Create Paper Art pic.twitter.com/yigxeZeTas
Sun Nov 16 06:04:00 PST 2014 --  My hair isn't naturally curly or straight.. It's like the awkward stage between curly and straight where I can't leave it natural
Mon Nov 17 17:29:46 PST 2014 --  Reasons to get out of bed: Food
Mon Feb 02 04:29:04 PST 2015 --  dentist: *slits your throat open with a boxcutter* you’re bleeding because you don’t floss
Sun Aug 09 13:58:07 PDT 2015 --  Shoes http://polyv.re/1f2eF95  #polyvoreStyle
Sun Aug 09 13:50:36 PDT 2015 --  Gorgeous dresses http://polyv.re/1IwfgKZ  #polyvoreStyle
Sat Aug 08 12:10:11 PDT 2015 --  Cute shirts http://polyv.re/1HxHu49  #polyvoreStyle
Sat Aug 08 10:20:48 PDT 2015 --  my #1 must have for school is a cute backpack! #savetheundies #underwarrior @ALISHAMARIE
Thu Aug 06 19:42:33 PDT 2015 --  Why did she just ruin my day pic.twitter.com/EtIbF2DEVz
Thu Aug 06 15:49:21 PDT 2015 --  THIS IS ACTUALLY HAPPENING IM CRYING pic.twitter.com/gFsrUTemwp
Wed Aug 05 11:07:00 PDT 2015 --  When your mom makes you try on clothes you hate pic.twitter.com/bg1cISfCX0
Wed Aug 05 11:07:03 PDT 2015 --  The most amazing thing I've seen for nails so far pic.twitter.com/Wgx2kNgg9T
Wed Aug 05 08:45:37 PDT 2015 --  The lord is good.
Wed Aug 05 11:15:05 PDT 2015 --  pic.twitter.com/vs0AJXfuS7
Mon Aug 03 20:14:12 PDT 2015 --  the fact that fred and daphne are married in real life makes me happy pic.twitter.com/vvunBwbXTF
Mon Aug 03 12:53:45 PDT 2015 --  this makes me never want to dance to wii music ever again pic.twitter.com/S1igmWdS5f
Mon Aug 03 09:31:45 PDT 2015 --  motavator monday @BethanyMota whoop whoopyasssss
Sun Jun 28 06:50:27 PDT 2015 --  RT if you want to travel with your best bud! pic.twitter.com/EwNHuq4eoU
Sun Aug 02 13:30:23 PDT 2015 --  Getting home from a party like pic.twitter.com/9X0OFrekzG
Sun Aug 02 15:53:28 PDT 2015 --  I love that you do these giveaways @grav3yardgirl
Sat Aug 01 22:36:12 PDT 2015 --  freaking Rhondayou are a true inspiration @rhondarousie
Tue Jul 21 21:52:19 PDT 2015 --  love this so much http://twitter.com/FVKME/status/621802655900401665/video/1 …
Wed Jul 29 17:04:13 PDT 2015 --  WHY DO A LOT OF GUYS HAVE SUCH LONG EYELASHES THAT THEY DONT EVEN NEED I WANT THOSE EYELASHES
Fri Jul 24 07:33:40 PDT 2015 --  "Efforts are beautiful" pic.twitter.com/FO8cQel5tk
Sun Jul 26 17:03:12 PDT 2015 --  #MrStealYoGirl watch out pic.twitter.com/46sxiPmwpM
Thu Jul 23 07:36:57 PDT 2015 --  all new bethany noel fragrance launches monday, 7/27. every bottle comes with an exclusive @bethanymota video! pic.twitter.com/WHVVcBnRun
Tue Jun 02 13:21:02 PDT 2015 --  have u ever met the human version of a headache
Wed Jul 15 13:17:47 PDT 2015 --  i hate when i offer someone food and they accept
Wed Jul 22 18:37:07 PDT 2015 --  i have two moods: 1) sleep is for the weak 2) sleeping for the week
Sun Jul 26 08:36:43 PDT 2015 --  When I wake up I'm either starving or can't stand the idea of breakfast.
Sun Jul 26 10:22:53 PDT 2015 --  You really can't judge another person for thinking something different than you when you can't see their perspective pic.twitter.com/OWGAaUKEjH
Sat Jul 25 16:12:57 PDT 2015 --  trying to slip your leg out of your blanket because you have to pee without waking up your pet may be the hardest thing ever
Sat Jul 25 15:10:02 PDT 2015 --  Drug dealer pic.twitter.com/I10wMX2TM6
Sat Jul 25 01:10:02 PDT 2015 --  This shit makes me so nervous.. pic.twitter.com/BzwDISKKSG
Fri Jul 24 18:03:01 PDT 2015 --  YOU GO GLEN COCO
Wed Jul 15 20:44:42 PDT 2015 --  pic.twitter.com/9eT9wPTmeh
Tue Apr 14 19:30:07 PDT 2015 --  Be different and you'll always stand out! pic.twitter.com/BMADWqGIhe
Wed Jul 22 15:37:09 PDT 2015 --  pic.twitter.com/pZjstgf8jy
Sun Mar 29 14:30:31 PDT 2015 --  Minds or speed? pic.twitter.com/EAIC2DQ6lz
Sun Jul 19 18:17:50 PDT 2015 --  Wake up and slide to the living room. pic.twitter.com/DYuWFfMnpa
Sun Jul 19 18:25:07 PDT 2015 --  My #TeenChoice for #ChoiceSummerTVStarFemale is #AshleyBenson ( @ashbenzo)! RT to vote! http://www.teenchoice.com 
Sat Jul 18 13:51:31 PDT 2015 --  here's a picture of me almost falling to my death on that glidey spinny wheel thingy pic.twitter.com/zN5X0eOGEe
Thu Jul 16 19:20:04 PDT 2015 --  Tie-dye sky http://twitter.com/SincerelyTumblr/status/621493707792076800/photo/1pic.twitter.com/b1iCxru10j 
Fri Jul 17 18:02:52 PDT 2015 --  Retweet for a follow/dm from me & @epPaulZimmer Or tweet #DylanAndPaulNoticeMe a bunch of times so we can see! Going to all day! GO! :)
Wed Jul 08 11:05:32 PDT 2015 --  What do you see. pic.twitter.com/UjyoesX70Q
Tue Jul 07 17:29:44 PDT 2015 --  The British twins from The Suite Life of Zack & Cody turned 21 yesterday http://twitter.com/SoDamnTrue/status/618575573611253760/photo/1pic.twitter.com/2a9CYXbt4X 
Tue Jul 14 16:43:22 PDT 2015 --  It's been a very long two weeks without my favorite show but Pretty Little Liars returns tonight! #SummerOfAnswers
Sun Mar 29 10:18:54 PDT 2015 --  THIS IS AMAZING pic.twitter.com/5x46EU65O4
Tue Jul 14 04:49:39 PDT 2015 --  Who's watching #DanceMoms tonight? @23kalani
Wed Apr 16 17:15:14 PDT 2014 --  His smile is priceless pic.twitter.com/AmCldIlVuK
Wed Apr 16 07:00:43 PDT 2014 --  A Leonberger: These magnificent dogs can weigh 170 pounds, but are incredibly disciplined, loyal, and gentle. pic.twitter.com/3PDYPFYQgJ
Sat Jul 11 08:40:22 PDT 2015 --  We all need this http://twitter.com/SoDamnTrue/status/619891931863121920/photo/1pic.twitter.com/Ia2beQnc6R 
Mon Jul 13 09:38:32 PDT 2015 --  Happy birthday dance moms! @maddieziegler @Kk_Vertes @realniasioux @Abby_Lee_Miller @23kalani @itsjojosiwa
Sat Jun 20 18:26:27 PDT 2015 --  This show is too real :) pic.twitter.com/deOEUZyfLb
Sat Jul 11 10:30:18 PDT 2015 --  Netflix is so insecure sometimes. Yes baby, I'm still here
Fri Jul 10 16:02:25 PDT 2015 --  if i stay ∞ pic.twitter.com/zG4Ho2BqZH
Wed Jul 08 13:34:59 PDT 2015 --  SO TRUE!!! pic.twitter.com/mXFVHF8ZHq
Sat Jul 11 15:26:51 PDT 2015 --  I am so overwhelmed at the support for @chloedancer3 for #ChoiceDancer. You guys are amazing! You love her ALMOST as much as I do!
Sat Jul 04 15:42:14 PDT 2015 --  That is some talent. pic.twitter.com/71X6fgrfee
Sat Jul 11 15:40:26 PDT 2015 --  OH MY GOD pic.twitter.com/3duanJiJXU
Sat Jul 11 09:30:05 PDT 2015 --  is it just me or does anyone else want to marry romeo beckham? @davidbeckham @victoriabeckham
Fri Jul 10 18:17:27 PDT 2015 --  vote for chloe for the teen choice awards! #ChoiceDancer @chloedancer3
Thu Jul 09 20:07:03 PDT 2015 --  　　 　　 　　　 　　 　　　　　 　　 　 　　　　 　　　　　　 　　　　　 　　　　
Thu Jul 09 22:29:04 PDT 2015 --  one direction makes me happy pic.twitter.com/QyFSKxjQV8
Thu Jul 09 19:53:45 PDT 2015 --  i wish there were mini whales like 6 inch whales that u could put in a tank & own as pets like hey look at my pet whale that'd be great
Sun Mar 15 06:45:01 PDT 2015 --  Which would you rather master? pic.twitter.com/ssI6c5mlbg
Mon May 25 19:05:13 PDT 2015 --  My heart hurts pic.twitter.com/poFncWyzSW
Sun Jun 28 09:59:16 PDT 2015 --  'Style is a way to say who you are without having to speak.' pic.twitter.com/UIps8rRDbo
Tue Jun 30 16:37:39 PDT 2015 --  Want to join Gavin and @Wendys in helping kids get adopted? Post your own pic with #Share4Adoption #ad https://vine.co/v/eJPKTZU6ndl 
Fri Jul 03 17:55:03 PDT 2015 --  Celsius vs Fahrenheit pic.twitter.com/rtI2KDMCAI
Tue Jul 07 12:41:16 PDT 2015 --  pic.twitter.com/kd7FkDvfrm
Sat Jul 04 16:34:04 PDT 2015 --  At Disney World, you can request a wake up call from any character
Mon Apr 27 15:30:05 PDT 2015 --  Alphabet Taught to Kids Nowadays pic.twitter.com/0NLXgdnaTe
Wed Jul 01 09:06:02 PDT 2015 --  I am literally Kourtney K pic.twitter.com/QRI6icISdc
Mon Jun 29 20:23:11 PDT 2015 --  i laugh at my own jokes wayyyy too much
Tue Jun 30 08:25:13 PDT 2015 --  I love Tuesdays #pll day @ABCFpll
Tue Jun 30 07:00:30 PDT 2015 --  Happy @ABCFpll day!! Super excited!! Maddie Ziegler is on tonight! #PLL #PLLTuesday
Sun Jun 28 14:17:57 PDT 2015 --  Just got the 4th of July nails http://twitter.com/SincerelyTumblr/status/615218924565753856/photo/1pic.twitter.com/JC9z0i7k7w 
Sun May 31 19:17:05 PDT 2015 --  RT if u agree... pic.twitter.com/xaSUsFF610
Thu Jun 25 17:45:23 PDT 2015 --  How to keep cool in the summer- go in air conditioning
Wed Jun 24 16:46:36 PDT 2015 --  whoever gave me my license made a huge mistake because i have swerved into so many people's lanes
Thu Jun 25 12:10:26 PDT 2015 --  Nepal dog festival where they honor Dogs for there companionship and there loyalty pic.twitter.com/iDHeU0r4tx
Thu Jun 18 14:08:01 PDT 2015 --  this is still one of the greatest things to ever happen http://twitter.com/girlposts/status/611340531122094080/photo/1pic.twitter.com/HIK39bwSFz 
Fri Jun 19 17:13:02 PDT 2015 --  Beyoncé will turn 35 on September 4, 2016 and thus is eligible to be our next President pic.twitter.com/f7BxMvD2Iy
Sat Jun 20 16:10:48 PDT 2015 --  This cat is trying to lose weight by swimming IM DYING pic.twitter.com/e3XxbBvQWo
Sun Jun 21 21:03:26 PDT 2015 --  please watch pic.twitter.com/ZaNYpUs93m
Tue Jun 23 13:09:09 PDT 2015 --  I'd watch this lmfao https://amp.twimg.com/v/834f38f0-b90c-40bd-a7f8-fe37a1917a2f …
Tue Jun 23 19:05:11 PDT 2015 --  OH MY GOD pic.twitter.com/aNjMqbHltg
Wed Jun 24 08:02:13 PDT 2015 --  bf requirements: -you have to sing the Troy part so I can be Gabriella - - -
Mon Jun 22 07:11:14 PDT 2015 --  will u date me? A. Yes B. A C. B
Mon Jun 22 17:24:18 PDT 2015 --  When you check to see if your girl is still mad at you... pic.twitter.com/T3ufGz1i07
Wed Jun 24 11:00:22 PDT 2015 --  Dogs make apartment searching hard. Pay $65 and you can register your dog as an "Emotional Support Animal." No landlord can refuse you.
Mon Jun 22 04:05:02 PDT 2015 --  This is so me pic.twitter.com/srs5jacpmF
Mon Jun 22 11:05:02 PDT 2015 --  This is so true pic.twitter.com/93w6d2kkqx
Tue Jun 23 17:11:57 PDT 2015 --  i want a restraining order against every spider
Thu May 14 13:09:10 PDT 2015 --  Minions mic drop. https://vine.co/v/eKgJPqFjp9x 
Tue Jun 16 20:11:17 PDT 2015 --  "my godson thinks he is Prince George" pic.twitter.com/yCj8aBBqg5
Sun Jun 21 16:40:18 PDT 2015 --  pic.twitter.com/CzDIOs176q
Tue Jun 16 13:48:42 PDT 2015 --  Gotta try street surfing pic.twitter.com/J2YcxYIYKA
Sat Jun 20 16:52:50 PDT 2015 --  Born to make mistakes not to fake perfection.
Sat Jun 20 14:22:18 PDT 2015 --  Lord, thank you for this day. Amen ðŸ¿
Tue Feb 24 20:30:32 PST 2015 --  Cause or date? pic.twitter.com/EuWz0AJ2cz
Thu Apr 02 19:30:20 PDT 2015 --  Wish or regret? pic.twitter.com/OghaPonOmw
Sun Mar 22 18:46:15 PDT 2015 --  What if... pic.twitter.com/OFgNNhT5Co
Thu Jun 11 10:31:54 PDT 2015 --  being too lazy to breathe will probably be the cause of my death tbh
Thu May 14 09:00:16 PDT 2015 --  The new trailer for #Minions has arrived! https://amp.twimg.com/v/6ed8efc3-c2f0-40de-b160-37524f130f51 …
Tue Jun 16 19:49:12 PDT 2015 --  Snapchatting my crush vs my friends pic.twitter.com/Mu0CGcPVAI
Tue Jun 16 19:24:46 PDT 2015 --  Transformation Tuesday pic.twitter.com/JlcEMWKBQA
Thu Apr 23 18:19:53 PDT 2015 --  I owe this guy my childhood pic.twitter.com/xbJkIjfvTf
Tue Jun 16 11:49:17 PDT 2015 --  The only.... pic.twitter.com/GkDlB8r51l
Sat Jun 13 02:35:02 PDT 2015 --  I still find this funny pic.twitter.com/xmviMRCLoV
Tue Jun 16 11:40:37 PDT 2015 --  pic.twitter.com/c1SJQr6W8A
Sun Jun 14 18:46:59 PDT 2015 --  Boyfriend goals! pic.twitter.com/Pa1qADOI7v
Mon Jun 15 16:52:21 PDT 2015 --  i'm so 3008 you so 2000 and late!
Sun Mar 15 07:45:05 PDT 2015 --  Katy or Taylor? pic.twitter.com/dhn3kIbx0P
Mon Mar 16 09:45:11 PDT 2015 --  Krispy Kreme or Nutella? pic.twitter.com/NHtfzB8mlb
Sun Jun 14 21:40:14 PDT 2015 --  Arthur savage af pic.twitter.com/QIybv4MAMn
Mon May 25 19:58:20 PDT 2015 --  Meet Rasta. He was hardly recognizable as a dog when he was first rescued. Look at him now! pic.twitter.com/GAGgydRM7J
Wed Jun 10 19:12:33 PDT 2015 --  Meet Ashley. As a puppy, a man stomped on her legs for being in his yard. Rescued, she's now a hospital therapy dog! pic.twitter.com/QWL5W0M3DX
Thu Mar 19 12:30:23 PDT 2015 --  Who would you rather spend a day with? pic.twitter.com/GvYte5ilNa
Sun Mar 22 07:30:06 PDT 2015 --  Morph or fly? pic.twitter.com/xKH8xXsQat
Tue Jun 09 02:53:21 PDT 2015 --  Light bulbs pic.twitter.com/NFz6OfRk1H
Mon Jun 15 17:18:11 PDT 2015 --  This is how a saw that senses when it hits flesh works pic.twitter.com/nwdV0ejWwZ
Tue Jun 09 11:39:27 PDT 2015 --  the reason dogs are the best pic.twitter.com/4XpwUSbZyV
Thu Jun 11 21:10:02 PDT 2015 --  It has to be exact! pic.twitter.com/rdgtlxivEG
Tue Jun 09 09:25:44 PDT 2015 --  Each ball weighs differently, causing each one to bounce to a specific height,when precisely placed in the dust pans pic.twitter.com/H8a9mLldqX
Thu May 28 16:53:37 PDT 2015 --  and here we see the leader of our nation greeting Barack Obama pic.twitter.com/O7F4avx526
Fri May 29 17:54:01 PDT 2015 --  why does everyone care about being mature for their age maybe i like drinking juice boxes and eating popcorn like a lizard fight me about it
Fri May 29 18:00:20 PDT 2015 --  RT if you want to eat at the Krusty Krab pic.twitter.com/vdRMKzKWa1
Fri May 29 18:06:07 PDT 2015 --  happy lama glama sad lama glama mentally disturbed lama glama super lama glama drama lama glama big fat mama lama glama
Sun Nov 09 02:31:51 PST 2014 --  Heat-reactive car paint. By pouring cold water — or driving through colder weather — the car’s color changes pic.twitter.com/td7qfGkpYT
Tue Dec 02 09:13:21 PST 2014 --  A Soccer Ball That Makes Ice Cream pic.twitter.com/AshVq18Tng
Thu Dec 18 05:58:34 PST 2014 --  Couple Alarm clock pic.twitter.com/8KbqscdhbV
Sat Apr 18 09:20:29 PDT 2015 --  Carpet Alarm Clock pic.twitter.com/t4RnUHcAWf
Wed Mar 25 04:30:07 PDT 2015 --  Cheeseburger Bed pic.twitter.com/tJCTb8vCxM
Sun May 17 04:30:18 PDT 2015 --  RT if this is you every weekend pic.twitter.com/JgBU5t3LQ1
Thu Jun 04 22:13:28 PDT 2015 --  Put that you were Time’s 2006 person of the year on your resume/CV. In 2006, Time made "Everyone" the person of the year.
Thu Jun 04 15:35:31 PDT 2015 --  shawn mendes is such a beautiful human being
Sun May 31 02:30:10 PDT 2015 --  Men are more likely to have sons if they have more brothers and are more likely to have daughters if they have more sisters.
Mon Jun 01 05:30:24 PDT 2015 --  The average 3-hour baseball game contains only 18 minutes of game action.
Mon Jun 01 06:30:24 PDT 2015 --  Money is the root of all evil" is a misquotation of "The love of money is a root of all kinds of evil." which has quite a different meaning
Thu Jun 04 16:04:42 PDT 2015 --  mentally synced @KarsonKays
Tue Jun 02 12:30:25 PDT 2015 --  Best friends may have the ability to telepathically communicate through their thoughts
Fri May 15 11:45:54 PDT 2015 --  pic.twitter.com/fHQ5KTB4We
Fri May 15 20:10:21 PDT 2015 --  pic.twitter.com/EgAC6MVWtn
Mon May 18 23:02:40 PDT 2015 --  pic.twitter.com/RPMib0jE0q
Sat May 30 11:23:11 PDT 2015 --  pic.twitter.com/GBA6bW25e9
Tue May 26 19:22:00 PDT 2015 --  There are 7 people in the world who look exactly like you. There's about a 4% chance that you'll meet one of them in your life.
Mon May 25 08:29:51 PDT 2015 --  The happier you are, the less sleep you require to function in everyday life. Sadness increases the urge to sleep more.
Sat May 30 16:34:47 PDT 2015 --  here's some pictures of me eating a loaf of bread you're welcome pic.twitter.com/As3oP5G3FP
Sun May 24 17:50:15 PDT 2015 --  This dress pic.twitter.com/o37FAjaIMQ
Thu May 14 17:40:52 PDT 2015 --  Cutest wedding band pic.twitter.com/IIRBpbCmP7
Tue May 12 16:17:55 PDT 2015 --  Love Black and White Nails! pic.twitter.com/DfsHoRrhcm
Tue May 12 14:51:53 PDT 2015 --  Little White Dress! pic.twitter.com/TEZ6OwB9J6
Sat May 30 16:00:07 PDT 2015 --  women belong in the kitchen. men belong in the kitchen. everyone belongs in the kitchen. kitchen has food
Fri May 29 18:18:00 PDT 2015 --  Save an old parking ticket in your car. Next time you park illegally, put the old ticket under your windshield wiper.
Fri May 29 04:30:02 PDT 2015 --  I never understood what love was really like, but I felt it for the first time looking in your eyes. - One Direction.
Fri May 29 05:07:03 PDT 2015 --  me every night pic.twitter.com/qwtJaAzrx6
Thu May 28 14:07:02 PDT 2015 --  Me after every family occasion pic.twitter.com/mEObQZLvrm
Sat Feb 14 20:00:29 PST 2015 --  Shopping or vacation? pic.twitter.com/ax0O6aAEnJ
Sun Feb 08 20:00:20 PST 2015 --  Would you rather... pic.twitter.com/ocgIeg4MOV
Sat Feb 07 20:00:28 PST 2015 --  Self or kids? pic.twitter.com/QVYQqxiK20
Thu May 28 08:20:57 PDT 2015 --  Sometimes the best revenge is just a simple smile, to let them know you're doing just fine.
Sat Mar 14 20:00:32 PDT 2015 --  Basketball or hockey? pic.twitter.com/XU6UHZtb6N
Sat Mar 14 07:00:13 PDT 2015 --  Batman or Superman? pic.twitter.com/d4SDfIvNSJ
Fri Mar 13 18:00:07 PDT 2015 --  House or car? pic.twitter.com/k08JDJnZRY
Fri Mar 13 14:00:43 PDT 2015 --  Singer or actor? pic.twitter.com/ERweNLlBbl
Tue Mar 10 20:08:00 PDT 2015 --  Followers or subscribers? pic.twitter.com/ciDtlpeRkZ
Mon May 04 07:16:39 PDT 2015 --  Thaitanic. pic.twitter.com/6KLwIwWSIo
Wed May 27 19:33:10 PDT 2015 --  "Everybody is a genius. But if you judge a fish by its ability to climb a tree it will live its whole life believing that it's stupid" -A.E.
Wed May 27 12:25:03 PDT 2015 --  we found love in a pizza box
Wed May 27 15:29:36 PDT 2015 --  RT IF U LOVE SHAWN JUST AS MUCH AS HE LOVES US #ShawnForMMVA pic.twitter.com/veqMYgxJpq
Wed May 20 11:07:07 PDT 2015 --  the bottom of you hair was once at the top of your head
Fri Apr 10 20:07:10 PDT 2015 --  it said cook at 175° pic.twitter.com/cKsdgZRTNt
Wed May 27 13:15:24 PDT 2015 --  RT for left FAV for right pic.twitter.com/cYu69URdbH
Wed May 27 13:15:08 PDT 2015 --  RT for left FAV for right pic.twitter.com/Y3aeANtdvW
Wed May 27 13:14:39 PDT 2015 --  RT for left Fav for right pic.twitter.com/GOD6o1JkV8
Wed May 27 13:30:06 PDT 2015 --  If I fall for you, I'll never recover. If I fall for you, I'll never be the same. - Maroon 5
Tue May 26 17:34:05 PDT 2015 --  I hate brushing my teeth at night because that signifies that you cant have anymore food and im just never ready for that kind of commitment
Tue May 26 17:22:22 PDT 2015 --  THIS WOULD CHANGE EVERYTHING pic.twitter.com/QrMFRbSQZ3
Tue May 26 17:28:07 PDT 2015 --  Is it sad that I look forward to going to sleep?
Fri May 22 19:08:56 PDT 2015 --  Come on Jeffery... pic.twitter.com/qZfpCbhhjG
Tue May 26 06:01:45 PDT 2015 --  Love my new shirt! @BethanyMota pic.twitter.com/l4A2VdSd1Q
Sun May 24 14:31:05 PDT 2015 --  Iloveyou. And yes, I wrote it with no spaces so there's no room for anyone else.
Mon May 25 15:30:28 PDT 2015 --  happy birthday! hope you had a great day! @chloedancer3
Sun May 17 13:00:17 PDT 2015 --  Dylan O'Brien overload, you're welcome http://twitter.com/TweetLikeAGirI/status/356972699924443137/photo/1pic.twitter.com/06obWVaCbO 
Fri May 22 12:42:47 PDT 2015 --  #transformationtuesday http://twitter.com/TweetLikeAGirI/status/390319391738322944/photo/1pic.twitter.com/4P6j1xHLxR 
Sat May 23 17:13:34 PDT 2015 --  I was really disappointed when I turned 16 and my grandmother didn’t tell me I was the crown princess of genovia
Sun May 24 07:45:03 PDT 2015 --  Milkshakes or smoothies? pic.twitter.com/gm8EFKjXku
Sat May 23 14:10:45 PDT 2015 --  Things girls want to hear: You're beautiful You have great style I love you You are the princess of Genovia
Sun May 17 19:13:49 PDT 2015 --  did the llama song win a music award yet
Sun May 17 08:08:45 PDT 2015 --  WANT WANT WANT pic.twitter.com/LlYXqQNqjE
Sun May 17 09:05:10 PDT 2015 --  literally me pic.twitter.com/OCrLuSEQdw
Mon Jan 19 07:28:13 PST 2015 --  Don't destroy the earth's lungs. pic.twitter.com/weFwi0lkzG
Tue Dec 23 09:12:12 PST 2014 --  There isn't a picture I want to go viral more than this one.. pic.twitter.com/Se3XHYea8s
Fri May 15 12:00:16 PDT 2015 --  i just want a hot boy to be obsessed w/ me is that too much to ask for
Mon Apr 20 05:30:06 PDT 2015 --  All that.... pic.twitter.com/SVL3T5LsAT
Thu May 14 18:11:56 PDT 2015 --  I put a french fry in my upper lip and now I look like a reality TV star. pic.twitter.com/JCYa0TC4n7
Mon May 11 04:00:07 PDT 2015 --  "Sometimes you make choices in life and sometimes choices make you." ï¼ Gayle Forman, If i stay.
Thu May 14 17:05:06 PDT 2015 --  Attractive guy: "Hey what's up?!" Me: "Who paid you."
Mon Apr 06 16:27:00 PDT 2015 --  I just realised I'm married to my phone. pic.twitter.com/VJ5Xd6q2Ld
Tue May 12 18:21:25 PDT 2015 --  "Why do you always show half your face in snapchats?" pic.twitter.com/6P5W3nty0n
Thu Mar 05 07:01:19 PST 2015 --  This is how giraffes fight pic.twitter.com/im2ARFa3lm
Mon May 11 18:44:01 PDT 2015 --  OH MY GOD YES pic.twitter.com/N7Mgfsbde4
Sun May 10 06:08:13 PDT 2015 --  it's okay if you don't like me, not everyone has good taste
Sun May 10 18:00:08 PDT 2015 --  I've always wanted to do a color run pic.twitter.com/7r5NCmrvxQ
Sun May 10 18:15:08 PDT 2015 --  me: *does nothing* me: wow i'm so tired
Tue Mar 17 17:00:25 PDT 2015 --  Now i will try it with one hand #stupid pic.twitter.com/rtgI5lwYvO
Tue Apr 28 21:16:15 PDT 2015 --  forever 21 gives me anxiety, i love the store but it's so unorganized and i can't figure out what to get i have to walk around 100 times
Thu May 07 15:35:04 PDT 2015 --  expectation vs reality. pic.twitter.com/eB0lmYSLHA
Tue May 05 19:35:03 PDT 2015 --  shit took me like an hour pic.twitter.com/4ciYkzKAYA
Sun May 03 17:18:22 PDT 2015 --  how l feel when my wifi isn't working pic.twitter.com/UpaEUfH7ib
Mon May 04 18:59:12 PDT 2015 --  iPhone emojis vs Android emojis pic.twitter.com/hMWBmAKkUe
Tue May 05 10:50:06 PDT 2015 --  happy franco de mayo pic.twitter.com/fAMPLNXR10
Tue May 05 18:29:31 PDT 2015 --  everyone, this is delilah. she's a beautiful llama and she also loves jack gilinsky pic.twitter.com/DCsUT620aZ
Sun Apr 26 08:30:15 PDT 2015 --  Love comes in all kinds of shapes and sizes pic.twitter.com/xTzTCDW3q4
Mon Apr 27 16:30:09 PDT 2015 --  FRANK FRANK, MAN, YOU’RE ALIVE I JUST… I SAW THIS HANDBAG MAN IT LOOKED JUST LIKE YOU. OH FRANK I’M SO RELIEVED. pic.twitter.com/sxV2rDRex1
Thu Apr 30 06:30:23 PDT 2015 --  Friendship goals pic.twitter.com/P9QQLMPx61
Sat Apr 18 17:30:57 PDT 2015 --  Relevant pic.twitter.com/zlPIn6kC9Y
Tue Apr 28 14:30:14 PDT 2015 --  Katniss and Tris! pic.twitter.com/mXr3d9X6U7
Tue Apr 28 15:04:36 PDT 2015 --  there are like 3 guys outside working on my house making so much noise like ugh none of you are even cute go away
Tue Apr 28 14:03:29 PDT 2015 --  this is the cutest thing ever pic.twitter.com/NRHRnhcvkJ
Tue Apr 28 15:30:47 PDT 2015 --  I need a dog that stays puppy version for its whole life
Tue Apr 28 12:56:25 PDT 2015 --  Your day is what you make it
Tue Apr 28 15:55:07 PDT 2015 --  GOALS pic.twitter.com/3FXSJ5u1c7
Tue Apr 28 15:55:12 PDT 2015 --  my presence is a present pic.twitter.com/FerN5vueH1
Sun Mar 01 14:01:35 PST 2015 --  in case u were having a bad day here's a fat cat in a sink to cheer u up http://twitter.com/FreddyAmazin/status/572102229353603072/photo/1pic.twitter.com/9XcKXmN4px 
Sat Feb 28 13:51:36 PST 2015 --  I appreciate food.. pic.twitter.com/9lf1CzTooQ
Sat Feb 28 15:21:50 PST 2015 --  So, who REALLY has my notifications on? ;)
Fri Feb 27 16:47:08 PST 2015 --  The best flavor pic.twitter.com/dmUKkjD3Ft
Fri Feb 27 16:55:03 PST 2015 --  THIS DRESS IS WHITE AND GOLD pic.twitter.com/rH0Nn1KuDQ
Fri Feb 27 16:57:05 PST 2015 --  Have faith in God.
Fri Feb 27 12:43:48 PST 2015 --  raise your hand if you've ever felt personally victimized by the dress pic.twitter.com/p1vEeTt3y4
Thu Feb 26 07:15:08 PST 2015 --  Only your best friend understands that when you say "I saw my boyfriend today" you are referring to the hot guy that has no clue you exist.
Fri Feb 27 14:49:10 PST 2015 --  Therapist: "Tell me...where did your troubles begin?" Me: "Well it all started with this white and gold and blue and black dress"
Thu Feb 26 05:05:01 PST 2015 --  when I have to leave my bed for school http://twitter.com/girlposts/status/570440457362251777/video/1 …
Thu Feb 26 14:10:53 PST 2015 --  Girl Scout cookies season >>>
Thu Feb 19 19:49:48 PST 2015 --  i don't ride bikes because that's too much excercise but it was really pretty so i took a picture with it pic.twitter.com/haSWL0j2VW
Sun Feb 22 17:14:25 PST 2015 --  we're going on a trip in our favorite rocketship zooming through the sky little einsteins
Wed Feb 25 16:55:04 PST 2015 --  when i see hot guys https://vine.co/v/OTwUBuOnaUK 
Tue Feb 24 18:44:25 PST 2015 --  People don't point out your victories. They stare at the imperfections! That's why you can't miss a single step!!! #DanceMoms
Tue Feb 24 19:36:00 PST 2015 --  #obdyl https://m.youtube.com/watch?v=VC4ekS7OMlo …
Tue Feb 24 13:42:57 PST 2015 --  dq right now
Mon Feb 23 15:44:23 PST 2015 --  RT for a DM from @tylergposey and myself! •must have my notifications on.
Mon Feb 23 18:52:44 PST 2015 --  I love this movie @obdyl pic.twitter.com/xuwGhol3ft
Mon Feb 23 18:21:07 PST 2015 --  #tb pic.twitter.com/IfW8FjA4Uc
Mon Feb 23 17:57:08 PST 2015 --  Following back right now! Fav/RT for a follow back! :)
Wed Feb 11 15:20:32 PST 2015 --  RT if you play any Soccer Baseball Tennis Football Basketball Volleyball Hockey MMA Dance Wrestling Golf Cheer Track
Sat Feb 21 09:51:05 PST 2015 --  I love you. *erases* I miss you. *erases* Can we talk? *erases* What's up? *sends*""
Sun Feb 22 18:57:36 PST 2015 --  this is an actual place. please take me here http://twitter.com/TweetLikeAGirI/status/569690343270182912/photo/1pic.twitter.com/V5h837g8E3 
