Sun Aug 23 08:56:05 PDT 2015 --  I think I'm gonna delete Twitter.
Sun Aug 23 08:50:51 PDT 2015 --  Me last night during @coltondixon 🏼 #REVIVUS pic.twitter.com/9sk9OQqoRe
Sun Aug 23 00:06:55 PDT 2015 --  Today was freaking perfect
Sun Aug 23 00:02:06 PDT 2015 --  Post Concert Depression
Sat Aug 22 23:58:58 PDT 2015 --  I have pcd || #REVIVUS #coltondixon #nochill @ Revivus https://instagram.com/p/6t3iEMQ4pO/ 
Sat Aug 22 18:55:42 PDT 2015 --  REVIVUS
Sat Aug 22 16:47:17 PDT 2015 --  That moment when Staples cashiers totally judge you bc you just came to buy lollipops @peachicanteven @xxxmaddiejxxx pic.twitter.com/WiBF2ItORd
Fri Aug 21 11:05:33 PDT 2015 --  Happy 5 Year Anniversary to @ConnorFranta and the rest of the Franta Family!! To many more years.. http://youtu.be/YCeAZb9UBLA 
Thu Aug 20 23:33:16 PDT 2015 --  I love you
Thu Aug 20 23:32:03 PDT 2015 --  Thanking God for good friends who help me through things
Thu Aug 20 14:46:17 PDT 2015 --  Dyed my hurrrr 🏻
Thu Aug 20 00:00:21 PDT 2015 --  Happy birthday bitch I love you Just kidding Bye Felicia 🏻 P.S. some pics from the past @peachicanteven pic.twitter.com/jPa5vuDifB
Wed Aug 19 21:40:51 PDT 2015 --  Some sunset pictures from Hawaii pic.twitter.com/d1UhvBSwA6
Wed Aug 19 21:38:44 PDT 2015 --  Digestives @peachicanteven
Wed Aug 19 10:00:12 PDT 2015 --  A spark that cannot be contained. #MockingjayPart2 pic.twitter.com/g2CZ83rZZf
Wed Aug 19 10:12:31 PDT 2015 --  pic.twitter.com/INscEsa9JS
Wed Aug 19 10:06:10 PDT 2015 --  This world needs Jesus
Tue Aug 18 17:35:20 PDT 2015 --  COMING SOON pic.twitter.com/Qoc8FJ6BmD
Wed Aug 19 09:38:09 PDT 2015 --  YAS YAS YAS @troyesivan IM SO EXCITED FOR WILD OMG WILD WILD WILD WILD WILD WILD WILD WILD WILD WILD WILD WILD WILD WILD WILD WILD WILD WILD
Tue Aug 18 08:32:48 PDT 2015 --  Niki and Gabi's mean girls video is everything
Tue Aug 18 09:15:03 PDT 2015 --  Last time we didn't go to the park, now I drive! pic.twitter.com/NoGzawXwgj
Tue Jul 14 13:04:57 PDT 2015 --  I'm the police dog of finding stuff to complain about.
Mon Aug 17 11:08:55 PDT 2015 --  Contemplating on the fact that I go back to school in ten days..
Mon Aug 17 11:05:45 PDT 2015 --  Yesterday at VCF pic.twitter.com/k7kbJ9xTzL
Sun Aug 16 16:30:08 PDT 2015 --  with the fam
Sun Aug 16 03:59:54 PDT 2015 --  I should probably go to bed now
Sun Aug 16 03:33:01 PDT 2015 --  Why am I awake
Sun Aug 09 16:10:06 PDT 2015 --  I am done with life pic.twitter.com/L4Rx09z6h1
Sun Aug 16 02:30:40 PDT 2015 --  People who actually care>>>>>>>>
Sun Aug 16 02:26:12 PDT 2015 --  So tired yet too lazy to go to bed-oh well
Sun Aug 16 00:12:14 PDT 2015 --  I'm down to go on an adventure right now
Sat Aug 15 23:36:40 PDT 2015 --  I want to talk to someone but the world is asleep..
Fri Aug 07 21:13:06 PDT 2015 --  this hit me hard http://twitter.com/SexualGif/status/593123048062132226/photo/1pic.twitter.com/4Yn5CjAvIH 
Wed Aug 12 09:25:09 PDT 2015 --  Wtf lmao http://twitter.com/youngrichme_/status/629708211306799104/video/1 …
Thu Aug 13 15:59:31 PDT 2015 --  Me when I'm 70 pic.twitter.com/fqR0NtkyFk
Fri Aug 14 09:12:47 PDT 2015 --  I need a baby husky asap pic.twitter.com/liV3uWGtJM
Sat Aug 15 06:57:39 PDT 2015 --  IVE BEEN WAITING FOR THIS FOR MORE THAN 10 YEARS pic.twitter.com/avuguVTPHJ
Sat Aug 15 15:25:36 PDT 2015 --  pic.twitter.com/PVHKPpW52L
Sat Aug 15 14:49:15 PDT 2015 --  All I've eaten today is Cheesecake and Chipotle
Sat Aug 15 12:01:38 PDT 2015 --  MINIONS DESERVE TO DIE AND ROT AND BURN IN HELL #stopminions2015
Sat Aug 15 01:46:30 PDT 2015 --  BETH I LOVE THIS SO MUCH. I CANT STOP LISTENING!!!🏼 @BethanyMota #BEWHOYOUWANTOBE pic.twitter.com/Tb94ouBFGO
Sat Aug 15 01:28:58 PDT 2015 --  Tried this out tonight and loved it. pic.twitter.com/ipbkp7N4V3
Fri Aug 14 11:23:26 PDT 2015 --  Loveddddd it bb keep 'em comin'!! @sierra_furtado pic.twitter.com/DSMjeXdOR6
Fri Aug 14 11:13:56 PDT 2015 --  #NewSierraVideo Retweet! I'll be following you guys:D WEEEE! https://www.youtube.com/watch?v=KvGG7fgpCac …
Thu Aug 13 07:08:36 PDT 2015 --  Good morning Phoenix
Wed Aug 12 13:13:54 PDT 2015 --  In the language I speak, 'I hate you' means 'I love you' -
Wed Aug 12 13:08:43 PDT 2015 --  Last day in paradise
Wed Aug 12 13:04:11 PDT 2015 --  Yknow that 'I feel terrible so I have to make myself look frickin hot' feeling? That's my feeling today 🏼
Tue Aug 11 00:04:32 PDT 2015 --  baeeee 🏼 pic.twitter.com/PzMjoyPtjG
Mon Aug 10 01:09:13 PDT 2015 --  I have thantophobia
Mon Aug 10 01:05:12 PDT 2015 --  Kill me now https://twitter.com/connortleeds/status/630516430207750144 …
Mon Aug 10 01:04:47 PDT 2015 --  Goals https://twitter.com/girlposts/status/630524994750148608 …
Sat Aug 01 04:34:36 PDT 2015 --  pic.twitter.com/c5D3tE1ZqK
Sun Aug 09 03:40:04 PDT 2015 --  I love this pic.twitter.com/0NBfzXUQon
Sun Aug 09 15:40:00 PDT 2015 --  retweet if pizza is your hero pic.twitter.com/hTM4YVno2A
Sun Aug 09 23:58:38 PDT 2015 --  THE MEMORIES 🏼 http://youtu.be/NZIUvMob8ks 
Sun Aug 09 00:39:26 PDT 2015 --  guys hoodies >>>>>>>>>>
Sun Aug 09 00:12:40 PDT 2015 --  High School Musical slays
Sat Aug 08 20:41:02 PDT 2015 --  Me https://twitter.com/granniewinkle/status/630221727541370880 …
Sat Aug 08 20:36:28 PDT 2015 --  Me: I should really eat healthier Me: so how bout that ice cream *regrets ice cream* *works out*
Sat Aug 08 17:14:04 PDT 2015 --  Endless @PrankstersVine (Vine by Pranksters) https://vine.co/v/ewDdO7QMQHU 
Sat Aug 08 16:57:45 PDT 2015 --  I hate the fact that my mom never pays attention to timing
Sat Aug 08 16:42:43 PDT 2015 --  OH MY GOD https://twitter.com/dory/status/630141890353057792 …
Sat Aug 08 16:27:49 PDT 2015 --  Texts like this >>>>>>>>> pic.twitter.com/Z4ACyugEds
Sat Aug 08 15:46:23 PDT 2015 --  Gone surfin'
Fri Aug 07 10:45:23 PDT 2015 --  So many people lack basic respect...
Sat Aug 08 00:54:45 PDT 2015 --  UGH
Sat Aug 08 00:54:40 PDT 2015 --  People just make me so frustrated
Sat Aug 08 00:54:27 PDT 2015 --  I feel like crying
Fri Aug 07 13:42:23 PDT 2015 --  I would be gorgeous and skinny but I like french fries too much. oh well
Fri Aug 07 11:36:08 PDT 2015 --  This song is forever stuck in my head pic.twitter.com/GmrTZBnpYw
Mon Jul 13 18:00:26 PDT 2015 --  I GOTTA WATCH THIS http://bit.ly/1HrbiR2 
Wed Jul 15 12:59:41 PDT 2015 --  how 2015 has been so far pic.twitter.com/kVvnATRW6b
Wed Jul 15 01:20:32 PDT 2015 --  I just want to make you smile like an idiot. K? K.
Tue Jul 14 22:07:37 PDT 2015 --  I understand why no one likes me pic.twitter.com/Jas1teqw3N
Tue Jul 14 20:02:29 PDT 2015 --  Chipoltbæ.
Tue Jul 14 14:58:44 PDT 2015 --  We were liars is so good. I love this book.
Tue Jul 14 09:36:25 PDT 2015 --  Guys just don't get it
Mon Jul 13 22:09:18 PDT 2015 --  This is beautiful https://instagram.com/p/48w9qpgmT8/ 
Mon Jul 13 09:01:01 PDT 2015 --  I love tall boys who smell good and give good hugs
Mon Jul 13 01:26:10 PDT 2015 --  Do you ever wonder if maybe someone is dreaming about you right at this very moment? >< thoughts after midnight..
Mon Jul 13 01:22:54 PDT 2015 --  I wish people always felt the same way about you that you felt about them. It would evade so much heartbreak and questioning...
Fri Jul 10 10:21:43 PDT 2015 --  The best possible way to watch Jaws pic.twitter.com/ZWoWEzVxAi
Mon Jul 13 00:00:11 PDT 2015 --  All my friends hate me 🏼️ pic.twitter.com/mcLBsHnVYM
Sun Jul 12 15:39:16 PDT 2015 --  Spent the day with @xxxmaddiejxxx and @ConnorTleeds 🏼️
Sat Jul 11 23:11:27 PDT 2015 --  four free slurpees, mongolian bbq, and a 99¢ ice cream - also a car show~ @katyperry sat there too. Ya today was fun. pic.twitter.com/HXtvMqCjyJ
Sat Jul 11 22:58:36 PDT 2015 --  Sometimes... I like to treat myself to food, and Tumblr, and books, and Netflix, and face masks just because I can 🏼 pic.twitter.com/jzrHdMo4p4
Sat Jul 11 16:38:23 PDT 2015 --  So pretty much just tried to fix my phone for the last half hour bc it wasn't working but damn I must be a miracle worker bc it's back on 🏼
Thu Jul 09 22:09:12 PDT 2015 --  sometimes I wonder how I'd survive without some of my best friends..
Thu Jul 09 22:07:50 PDT 2015 --  You guys remember this? @xxxmaddiejxxx @ConnorTleeds @chase_leeds https://twitter.com/theworldstories/status/605748261777907712 …
Wed Jul 08 23:30:12 PDT 2015 --  That moment when your lonely as f bc all your friends decided to fall off the face of the planet.
Wed Jul 08 11:54:19 PDT 2015 --  What the hell did I just watch https://twitter.com/ayylmao/status/608711380636696577 …
Mon Jul 06 22:36:35 PDT 2015 --  pic.twitter.com/afezYvnI6Y
Mon Jul 06 13:05:18 PDT 2015 --  Don't say anything just retweet http://twitter.com/girlposts/status/617892413177266176/video/1 …
Wed Jul 08 10:57:30 PDT 2015 --  Yeah...No hope for America.
Wed Jul 08 10:54:38 PDT 2015 --  Why am I laughing so hard. This isn't healthy https://twitter.com/chase_leeds/status/614664341158150144 …
Wed Jul 08 10:53:00 PDT 2015 --  If this is what normal middle schoolers are like then damn I have now lost all hope for this society https://twitter.com/fiirting/status/615746433531035650 …
Wed Jul 01 10:00:28 PDT 2015 --  important pic.twitter.com/lV5KM1paJt
Wed Jul 08 10:42:15 PDT 2015 --  Inspirational https://twitter.com/phonewailpapers/status/617407651195056128 …
Sat Jul 04 11:33:29 PDT 2015 --  this a game changer http://vine.co/v/MHvPbW3mh0r 
Sat Jun 06 22:53:08 PDT 2015 --  It's so crazy to think there's so much good music out there that you haven't even listened to yet...
Mon Jun 08 19:03:43 PDT 2015 --  Why are you so confusing?
Wed Jul 08 04:16:55 PDT 2015 --  such an amazing night
Wed Jul 08 01:56:00 PDT 2015 --  95% of my wardrobe is either black, white or grey
Wed Jul 08 00:38:22 PDT 2015 --  Tonight was really good. Thanks Connor
Tue Jul 07 23:40:53 PDT 2015 --  Sometimes I appreciate @ConnorTleeds more than bacon.. And that says a lot
Tue Jul 07 17:41:05 PDT 2015 --  50's AF pic.twitter.com/MtgaoSpB0k
Mon Jul 06 23:07:57 PDT 2015 --  One of my lesbian moms is not proud that I'm goth now #fwp // @peachicanteven @xxxmaddiejxxx pic.twitter.com/jt5YjnAP8o
Mon Jul 06 10:24:25 PDT 2015 --  shark week pic.twitter.com/WMcAJbblCZ
Mon Jul 06 10:15:18 PDT 2015 --  Proud supporter of messy mascara and good eyebrows 🏼️ pic.twitter.com/Tphad9e999
Sun Jun 21 20:29:05 PDT 2015 --  I like me. so if you don't like me or something about me, that's your problem not mine.
Sun Jul 05 23:56:23 PDT 2015 --  OH MY GOD THANK YOU LAUREN pic.twitter.com/nPDvkwzzRx
Sun Jul 05 23:45:37 PDT 2015 --  I love this tbh || @lifeaseva @AspynOvard @laurDIY pic.twitter.com/RuZ2nPOmFA
Sun Jul 05 23:20:22 PDT 2015 --  I'm freed from your trap, yet stuck in another. This time it's better though. I am no longer in you're captivity, now I'm content-I'm happy.
Sat Jul 04 23:47:25 PDT 2015 --  I can't stand it when my friends are upset.
Sat Jul 04 19:43:12 PDT 2015 --  Well my day has sucked so far
Fri Jul 03 22:50:02 PDT 2015 --  - boys are like paper straws.. so cute yet utterly useless -
Fri Jul 03 19:18:42 PDT 2015 --  #TweetSomethingIGetAlot "...wow you're tall!! I thought you were 16." @/EVERYONE
Fri Jul 03 00:21:00 PDT 2015 --  HAPPY FRICKIN BIRTHDAY TO MY MAIN BITCH @xxxmaddiejxxx ILYSFM I HOPE YOU KNOW THIS 🏻 pic.twitter.com/4r9g5nO8Wy
Thu Jul 02 23:14:15 PDT 2015 --  Omg https://twitter.com/awesomityfun/status/616543312598704128 …
Fri Jun 12 19:34:44 PDT 2015 --  pic.twitter.com/aS3NxnX9vq
Thu Jul 02 23:11:31 PDT 2015 --  AWH - KEKEBDKGKKSLAJSJFKDKDGFSKSL Honestly I was expecting a 7 pic.twitter.com/ThMUA10SgK
Thu Jul 02 22:14:05 PDT 2015 --  What the hell is happening today? It seems like everyone is asking me if its ok for them to hang out with my friend. I'm so frickin confused
Thu Jul 02 09:58:14 PDT 2015 --  These were always so fun 🏼 https://twitter.com/awkwardgoogle/status/606643455817879552 …
Wed Jul 01 17:26:47 PDT 2015 --  I literally watched 12 hours of movies....
Wed Jul 01 12:18:48 PDT 2015 --  Oh my god same. Movie number five of the morning.. #slothAF https://twitter.com/laurdiy/status/616303115030147072 …
Wed Jul 01 12:17:33 PDT 2015 --  I read this as "versus" and then I realized it was Victoria's Secret... Oops https://twitter.com/dory/status/616276086192742401 …
Wed Jul 01 12:12:01 PDT 2015 --  Lord help me please..🏻 pic.twitter.com/eZ03RQXVSH
Wed Jul 01 09:02:34 PDT 2015 --  my morning so far tbh pic.twitter.com/Gl4YYYXiI1
Wed Jul 01 09:01:09 PDT 2015 --  who am I kidding? what the hell am I doing with my life
Wed Jul 01 08:59:45 PDT 2015 --  I've been up since four am watching movies but it's worth it 🏻🏻🏻
Tue Jun 30 22:23:17 PDT 2015 --  Baths are relaxing
Tue Jun 30 22:23:10 PDT 2015 --  I CANT WAIT TO SEE HER @Dancer_Athena pic.twitter.com/tEaLZim7YV
Mon Jun 29 22:07:53 PDT 2015 --  IM FRICKIN DYING https://twitter.com/troyesivan/status/615746477898362881 …
Mon Jun 29 22:04:17 PDT 2015 --  I believe every girl should feel beautiful with and without makeup - pic.twitter.com/BEouSK2rCc
Mon Jun 29 19:32:15 PDT 2015 --  really though - people... ew
Mon Jun 29 19:01:29 PDT 2015 --  i hate everyone.
Mon Jun 29 13:06:42 PDT 2015 --  Frickin ew pic.twitter.com/yhQIN9cSr3
Mon Jun 29 10:51:59 PDT 2015 --  P-A-C-S-U-N
Sun Jun 28 22:30:15 PDT 2015 --  Girls be like pic.twitter.com/3a8QX1N8aP
Mon Jun 29 09:14:15 PDT 2015 --  I'm laughing too hard at this... pic.twitter.com/ZOWinwkSIF
Sun Jun 28 20:29:00 PDT 2015 --  God is an artist pic.twitter.com/Y7t4I1zGry
Sun Jun 28 10:04:10 PDT 2015 --  *talks about the longest ride* *talks about butts* pic.twitter.com/IXfkuiUoUD
Sun Jun 28 00:09:15 PDT 2015 --  Arctic monkeys
Sat Jun 27 21:24:50 PDT 2015 --  Cover is up!! Please go watch! Love you #flashlight #JessieJ #cover http://youtu.be/LgvN6aG59M4 
Sat Jun 27 19:33:23 PDT 2015 --  Holy crap I'm frickin happy
Sat Jun 27 17:09:38 PDT 2015 --  RIP to all of the abandoned Trivia Crack accounts out there...
Sat Jun 27 16:35:45 PDT 2015 --  fun and spontaneous adventures 🏼️🏼 @xxxmaddiejxxx
Fri Jun 26 21:57:53 PDT 2015 --  ... Kinda sorta want to call someone mine
Fri Jun 26 21:33:05 PDT 2015 --  That moment when P!ATD starts playing in Sharky's
Fri Jun 26 20:28:25 PDT 2015 --  Can we just take a second to appreciate tonight's sunset?
Mon Jun 22 10:48:39 PDT 2015 --  Idek what the hell I'm doing anymore
Fri Jun 26 09:35:31 PDT 2015 --  no filter pic.twitter.com/prrYgMox20
Thu Jun 25 07:26:58 PDT 2015 --  Beth I'm freaking in love with this. I can't stop listening to this. @BethanyMota #flashlight pic.twitter.com/qFIJKCiCJM
Wed Jun 24 22:21:34 PDT 2015 --  I really miss you right now
Sat Aug 16 07:51:24 PDT 2014 --  pic.twitter.com/WgLPH0WV0R
Wed Oct 08 15:32:21 PDT 2014 --  pic.twitter.com/cQ4HbXmFyq
Wed Jun 24 21:04:59 PDT 2015 --  Bethany you have the voice of a legitimate angel https://twitter.com/bethanymota/status/613909958384455680 …
Fri Jun 19 11:13:17 PDT 2015 --  How girls be taking pictures when they are at the beach pic.twitter.com/1uZlAR5w8Z
Mon Jun 22 07:58:43 PDT 2015 --  🏻🏻🏻🏻🏻
Mon Jun 22 00:54:19 PDT 2015 --  I lucky to have good friends.
Mon Jun 22 00:22:29 PDT 2015 --  Hahahahaha someone get me help
Sat May 09 10:43:30 PDT 2015 --  So ready for summer pic.twitter.com/CWC7kH8NTI
Fri Jun 19 11:06:01 PDT 2015 --  Who wants to hike mount boney with me in the middle of the night to watch the sunrise?
Mon Jun 22 00:08:56 PDT 2015 --  It's true though https://twitter.com/tweetlikeagiri/status/611959430209376256 …
Mon Jun 22 00:06:47 PDT 2015 --  okay...🏼️out girl scout
Mon Jun 22 00:06:09 PDT 2015 --  hahahahaha I just realized its bc I only ate frozen yogurt for dinner. Oops.
Mon Jun 22 00:05:33 PDT 2015 --  I'm kind of starving tonight
Mon Jun 22 00:03:39 PDT 2015 --  I JUST WANT TO GO DO SOMETHING RIGHT NOW BUT MY IM LAME AND I CANT OH MY GOD
Mon Jun 22 00:02:53 PDT 2015 --  Honestly my life is hella boring. Wait. What life?
Mon Jun 22 00:00:33 PDT 2015 --  For some reason I want to go hiking right now...
Mon Jun 22 00:00:08 PDT 2015 --  Can't wait till I start driving so I can just go on spontaneous adventures in the middle of the night.
Sun Jun 21 23:59:28 PDT 2015 --  If someone went on a midnight adventure with me it'd be greatly appreciated
Sun Jun 21 22:34:18 PDT 2015 --  MY PHONE JUST RESTARTED BUT NO ONE SENT ME THE DANG EFFECTIVE POWER THING AND IM SO MAD BECAUSE I WAS LISTENING TO THE 1975 AND IT STOPPED
Sun Jun 21 21:36:17 PDT 2015 --  IM SO FREAKIN EXCITED TO SEE @lizzyhortega TOMORROW
Sat Jun 20 13:30:19 PDT 2015 --  pic.twitter.com/qNpFOamC5K
Sat Jun 20 12:14:59 PDT 2015 --  HOT AF
Sat Jun 20 00:36:08 PDT 2015 --  ITS JUST BEEN ANOTHER FREAKING WONDERFUL NIGHT 🏻
Fri Jun 19 22:19:28 PDT 2015 --  Shoutout to my babe for always supporting me pic.twitter.com/2XVfWlpr0n
Fri Jun 19 22:15:19 PDT 2015 --  I want candy pic.twitter.com/4rxmOAgOCy
Tue Jun 02 13:42:21 PDT 2015 --  pic.twitter.com/FPloDZSNGh
Mon Jun 01 23:57:58 PDT 2015 --  He honestly made my day 🏻 #FernandofromWendys pic.twitter.com/WTsBEjbuQk
Sat May 30 02:30:14 PDT 2015 --  Life is.... pic.twitter.com/SCdll9ZO2Q
Sun May 31 20:08:39 PDT 2015 --  I apologized. Now it's your turn..
Sun May 31 10:30:36 PDT 2015 --  Broken love tears people apart
Sat May 30 21:45:18 PDT 2015 --  favorite pjs ft. messy room pic.twitter.com/kRrAKpFqmM
Sat May 30 17:49:05 PDT 2015 --  CURRENTLY EATING HEAVEN. #cookiebuttericecream pic.twitter.com/Ad0WO8c0GW
Sat May 30 15:43:12 PDT 2015 --  I'm helpless pic.twitter.com/jmXLv0ni44
Fri May 29 23:54:30 PDT 2015 --  Screw this... pic.twitter.com/EHNnBcWQxj
Fri May 29 20:45:21 PDT 2015 --  Weird is good
Fri May 29 18:18:14 PDT 2015 --  Feeling nice atm pic.twitter.com/az78hwigk0
Thu May 28 22:10:39 PDT 2015 --  I love her pic.twitter.com/DfoixFUjgu
Thu May 28 16:22:22 PDT 2015 --  When your freaking principal does it to you... #bruh #effectivepower pic.twitter.com/JwrqtHQLkG
Thu May 28 15:32:09 PDT 2015 --  YUP https://twitter.com/chase_leeds/status/603680972865859584 …
Wed May 27 17:08:36 PDT 2015 --  Just gotta move on
Thu May 28 13:11:47 PDT 2015 --  I'VE BEEN GETTING MESSAGES ALL DAY OH MY GOD pic.twitter.com/sBevses3rG
Wed May 27 16:15:27 PDT 2015 --  If one more person does this effective power thing to me... I swear
Wed May 27 20:09:22 PDT 2015 --  FaceTime with the Bae #MirandaSings pic.twitter.com/mz14n5g786
Mon May 25 15:36:23 PDT 2015 --  I want to go to Hawaii pic.twitter.com/ZYfaEYYvug
Tue May 26 20:20:59 PDT 2015 --  RT if you love the ocean pic.twitter.com/Z12Ptox53U
Tue May 26 19:54:29 PDT 2015 --  I'm gonna miss these people like heck pic.twitter.com/MFgNzQnrsf
Tue May 26 17:38:50 PDT 2015 --  Preach it Taylor 🏻 pic.twitter.com/IxGpEaw4oy
Tue May 26 17:32:26 PDT 2015 --  im dying
Tue May 26 10:15:05 PDT 2015 --  I've got a new favorite roller coaster!! pic.twitter.com/i72Rc2BGYN
Mon May 25 22:36:53 PDT 2015 --  Talking with babe about how that one kid is jank pic.twitter.com/br1R3MIVts
Mon May 25 19:27:19 PDT 2015 --  Memorial Day with the fam pic.twitter.com/PKLP1OFdyp
Mon May 25 15:59:16 PDT 2015 --  East Coast - West Coast pic.twitter.com/vuonXJxz83
Sun May 24 16:47:57 PDT 2015 --  I want to read this https://twitter.com/relatablequote/status/602610220045627394 …
Mon May 11 15:26:59 PDT 2015 --  God is an artist pic.twitter.com/JNSszPW95s
Sun May 24 08:44:57 PDT 2015 --  * warms cold dead hands over bath and body works candle *
Fri May 22 17:30:27 PDT 2015 --  Maybe if I ignore you for awhile, you'll start to care.
Thu May 21 16:09:42 PDT 2015 --  I want https://twitter.com/beachpixdaily/status/593479067787259906 …
Sat May 02 08:33:34 PDT 2015 --  This is what happiness looks like pic.twitter.com/FE5iqGaSiz
Mon May 04 15:19:43 PDT 2015 --  Summer goals pic.twitter.com/QnQfqaOm63
Thu May 21 16:05:34 PDT 2015 --  I cri https://twitter.com/beachpixdaily/status/596807922757210113 …
Sat May 09 10:47:21 PDT 2015 --  Rather be here pic.twitter.com/uNCMxWqeLw
Thu May 21 15:58:59 PDT 2015 --  Goals pic.twitter.com/2cJp4XNOtF
Thu May 21 08:26:26 PDT 2015 --  I wish you were easier to talk to... I wish I could trust you more... I wish you could feel the same way... I keep wishing... Nothing.
Tue May 19 18:36:50 PDT 2015 --  back in los angeles >>>> bittersweet
Tue May 19 11:49:36 PDT 2015 --  Peach state
Mon May 18 14:29:12 PDT 2015 --  Sassy af 🏼 pic.twitter.com/95HlESgk4q
Mon May 18 07:44:44 PDT 2015 --  Found my new fav book pic.twitter.com/olYb2yaCgP
Mon May 18 07:11:04 PDT 2015 --  Massachusetts is beautiful pic.twitter.com/RBgfIc9ZWK
Sun May 17 16:24:49 PDT 2015 --  peace in the trouble
Sun May 17 08:39:33 PDT 2015 --  When squad cancels on you pic.twitter.com/tocJ2oGuDk
Sun May 17 06:48:47 PDT 2015 --  Leaving New York today #Broadway #Aeronow #littleitaly #nyc #TimesSquare #newyork pic.twitter.com/I9t4EZ4q6S
Sat May 16 10:26:08 PDT 2015 --  FREAKING @Excusemepeach AND I ARE EATING THE GREATEST KETTLE CORN IVE EVER HAD🏻 #9thavenuefoodfestival
Sat May 16 07:24:19 PDT 2015 --  New York part 🏻️
Fri May 15 11:25:42 PDT 2015 --  Here in Jersey🏻️🏻🏻
Fri May 15 09:00:17 PDT 2015 --  Philli where you at?
Fri May 15 08:51:47 PDT 2015 --  OMG my last three tweets have had typos
Wed Nov 12 23:16:17 PST 2014 --  A lot of meaning in this #drawing pic.twitter.com/mBZ9ltFyUP
Mon May 11 13:05:13 PDT 2015 --  accurate pic.twitter.com/vybSTJvCRD
Thu Apr 30 23:19:11 PDT 2015 --  Clear.... pic.twitter.com/xJZkF6e2vK
Thu May 14 18:34:53 PDT 2015 --  Goidbye DC. You will be missed
Wed May 13 08:07:42 PDT 2015 --  According to a homeless man walking down the street, "I da future astronaut"
Wed May 13 08:05:47 PDT 2015 --  Correctly watching a mob of pacifists riot pic.twitter.com/Qj3EU13Ie3
Mon May 11 10:43:19 PDT 2015 --  After begging my mother, I have arrived pic.twitter.com/TuqOGW4rUr
Mon May 11 10:41:26 PDT 2015 --  In heaven #GeorgetownCupcake #DCCupcakes @GTownCupcake pic.twitter.com/UTFzNCeq2B
Mon May 11 04:51:22 PDT 2015 --  Have a safe flight everyone!! I'll see you soon! @Excusemepeach @ConnorTleeds @TarrPlays
Sun May 10 22:54:23 PDT 2015 --  #resisttheurge @BethanyMota pic.twitter.com/k2Fs1NkRIp
Sun May 10 22:49:59 PDT 2015 --  my adventurous nature brought me to some pretty neat places today pic.twitter.com/1ILiIpSdCd
Sun May 10 14:11:35 PDT 2015 --  Currently bored and waiting for my mother
Sat May 09 23:40:47 PDT 2015 --  room service at three am is good.
Sat May 09 15:23:50 PDT 2015 --  Made it to Denver!!
Sat May 09 11:16:48 PDT 2015 --  I really want to run into someone famous
Fri May 08 21:15:27 PDT 2015 --  I love my teacher so much!! pic.twitter.com/4aam0HhIgU
Fri May 08 21:14:28 PDT 2015 --  I got a hug tonight
Fri May 08 11:05:38 PDT 2015 --  Thanks for coming to grandparents day with me pic.twitter.com/mQrZFhRAl4
Fri May 08 01:13:07 PDT 2015 --  SOMEONE PLEASE TEACH ME HOW TO GET SOME SLEEP
Fri May 08 00:58:57 PDT 2015 --  FRIDAY FRIDAY FRIDAY FRIDAY FRIDAY FRIDAY FRIDAY FRIDAY FRIDAY FRIDAY FRIDAY FRIDAY FRIDAY FRIDAY FRIDAY FRIDAY FRIDAY FRIDAY FRIDAY FRIDAY
Thu May 07 22:19:46 PDT 2015 --  Finally packing for New York!!!
Tue May 05 23:58:02 PDT 2015 --  #dailystruggle pic.twitter.com/BLOAVdYaha
Tue May 05 15:11:06 PDT 2015 --  When you have 0 motivation left to finish the end of school
Tue May 05 15:59:25 PDT 2015 --  Same https://twitter.com/comedyortruth/status/595719661938946048 …
Tue May 05 15:55:06 PDT 2015 --  s/o to all the pear
Tue May 05 15:56:27 PDT 2015 --  I laugh at people who try and get me to believe things when all my logic points the other direction and they have no excuse. LIKE BAM PEACH!
Tue May 05 09:16:37 PDT 2015 --  #dailystruggle: night - I don't want to get in bed morning - I don't want to get out of bed
Mon Mar 23 13:21:15 PDT 2015 --  why can’t my fat leave me everything else does
Mon May 04 21:05:25 PDT 2015 --  I love kids pic.twitter.com/zstlDmhq9y
Mon May 04 16:26:02 PDT 2015 --  THIS DOES NOT GET OLD https://twitter.com/ayylmao/status/594940805229498368 …
Mon May 04 16:22:50 PDT 2015 --  This is awesome 🏻 https://twitter.com/girlposts/status/595362234575949824 …
Mon May 04 16:17:35 PDT 2015 --  IM LAUGHING WAY TOO HARD https://twitter.com/thefunnyvine/status/594995197303455744 …
Mon May 04 16:15:33 PDT 2015 --  I am the queen of procrastination
Sun May 03 23:08:42 PDT 2015 --  i wish you were never tired so that we could just talk forever..
Sun May 03 00:35:20 PDT 2015 --  I finally got @lizzyhortega a birthday present. What? I'm only five months late... #friendshipgoals
Sun May 03 00:33:54 PDT 2015 --  finally done 🏻 diy presents r hard. pic.twitter.com/ENuSOkQyog
Sun May 03 00:31:18 PDT 2015 --  THE SMORES FRAPPUCCINO IS SO FRICKIN GOOD OH MY GOD I CRI pic.twitter.com/CWNSw2Bryr
Sat May 02 08:10:39 PDT 2015 --  I really miss the old you...
Fri May 01 08:08:19 PDT 2015 --  🏻 http://d2tm034i3au22z.cloudfront.net/inviteTool-v1.04/img/namb.gif … pic.twitter.com/Qj5tKIjwdG
Fri May 01 07:50:22 PDT 2015 --  New York Pretty pic.twitter.com/vAoMAwlVrK
Fri May 01 07:58:58 PDT 2015 --  My life is complete 🏻 pic.twitter.com/6zkmTBFPFh
Thu Apr 30 21:34:31 PDT 2015 --  CHIPOTLE CHICKEN BOWLS ARE MY FAVORITE 🏻🏻 pic.twitter.com/gH34OyhU7t
Thu Apr 30 18:47:14 PDT 2015 --  AHA! I FOUND HER!
Thu Apr 30 18:45:40 PDT 2015 --  pic.twitter.com/WXClIQLIfJ
Thu Apr 30 18:44:30 PDT 2015 --  This is awesome pic.twitter.com/CM6gw96Dhe
Thu Apr 30 15:36:20 PDT 2015 --  When your mom brings you Chik-fil-a after school
Wed Apr 29 22:57:50 PDT 2015 --  pic.twitter.com/QYrUNsT7zf
Tue Apr 28 14:37:54 PDT 2015 --  91° at Magic Mountain isn't so bad when all the rides are walk-on 🏻️
Tue Apr 28 12:23:08 PDT 2015 --  That moment when full throttle is a walk on 🏻 #SixFlags2k15
Tue Apr 28 11:23:01 PDT 2015 --  on my way to magic mountain 🏻
Mon Apr 27 00:18:55 PDT 2015 --  Midnight facials pic.twitter.com/Mxfb3mdjPH
Fri Apr 24 21:27:27 PDT 2015 --  unprepared for life
Fri Apr 24 23:55:35 PDT 2015 --  Talking to you never gets old ♡
Sat Mar 21 16:42:45 PDT 2015 --  i'm ready for summer but my body certainly isn't
Thu Apr 23 20:31:43 PDT 2015 --  When we make eye contact or I hear you say my name, I melt.
Wed Apr 22 22:15:27 PDT 2015 --  The British have abducted my best friend 🏼 pic.twitter.com/Vo2vjrwDcN
Wed Apr 22 02:56:06 PDT 2015 --  My sleeping schedule is really screwed up.
Tue Apr 21 22:38:19 PDT 2015 --  LORD HELP ME🏻 pic.twitter.com/iNwbyOFa2q
Mon Apr 20 23:29:23 PDT 2015 --  When the stress is real pic.twitter.com/KiOK60cyqQ
Mon Apr 20 16:21:54 PDT 2015 --  Blaze it 🏻️ pic.twitter.com/5FRStGcCkT
Mon Apr 20 14:37:24 PDT 2015 --  #Happy420 pic.twitter.com/RMO8MPX6N7
Mon Apr 20 13:04:31 PDT 2015 --  When bae texts you
Mon Apr 20 01:50:45 PDT 2015 --  When you're room is dirty af pic.twitter.com/vwcw014Vy3
Mon Apr 20 00:47:49 PDT 2015 --  Can't stop thinking about you
Mon Apr 20 00:57:54 PDT 2015 --  lol @TTLYTEALA we're dating the same people 🏻 http://youtu.be/gyVmWI2baKY 
Mon Apr 20 00:33:09 PDT 2015 --  I'm sorry but She Bad is just Bad @camerondallas @peachicanteven
Mon Apr 20 00:13:44 PDT 2015 --  I'm really gonna miss @samanthapeszek but I am so thankful for the inspiration that she's given me. Can't wait to see her take on the world.
Mon Apr 20 00:08:11 PDT 2015 --  I should be doing schoolwork, or cleaning my room, or reading but I really just want to watch YouTube, and Netflix, and eat. #dailystruggle
Mon Apr 20 00:06:08 PDT 2015 --  pic.twitter.com/o1UW0N4sfO
Sat Apr 18 05:19:28 PDT 2015 --  Other middle schoolers really frickin annoy me
Sat Apr 18 01:38:42 PDT 2015 --  Successful night so far #insomniacsparadice pic.twitter.com/OsXO3l4q9E
Fri Apr 17 15:20:50 PDT 2015 --  When lyrics to a song start applying to your life pic.twitter.com/c8H6r16uyw
Fri Apr 17 02:32:28 PDT 2015 --  seventy two cupcakes, thirty two scones, and five billion dishes later... I'm ready to get some rest… https://instagram.com/p/1kiwJCQ4sR/ 
Thu Apr 16 18:13:44 PDT 2015 --  THIS IS SO DEPRESSING #RIPWindellMiddlebrooks pic.twitter.com/oh11ucYwxf
Tue Apr 14 18:31:45 PDT 2015 --  Of course my favorite post involves pizza #AspynOvardBlog @AspynOvard pic.twitter.com/A9VYhP71Lv
Tue Apr 14 15:17:46 PDT 2015 --  Let's go to the beach. Let's go get away pic.twitter.com/3HiMOkOgQr
Mon Apr 13 23:36:31 PDT 2015 --  I get a message from you, and my heart skips a beat...
Mon Apr 13 23:11:27 PDT 2015 --  I had a fun weekend with her pic.twitter.com/UtmbU2zfMm
Mon Apr 13 19:14:07 PDT 2015 --  i want skinny thighs and long soft hair and big eyes and clear skin and a cute relationship and money and pretty clothes and friends idk bye
Mon Apr 13 21:53:48 PDT 2015 --  just did three killer workouts 🏻 https://youtu.be/u2EGLIyDkXE  https://youtu.be/0dZTT28YAIE  https://youtu.be/Stdb6acajX4 
Mon Apr 13 19:52:57 PDT 2015 --  eight and a half hours later... I'm still not done with my homework ;)
Thu Apr 09 19:45:05 PDT 2015 --  The best relationship pic.twitter.com/UWhrGjdJAd
Sun Apr 12 20:27:02 PDT 2015 --  This is a great idea pic.twitter.com/gEFjhZ4Fyb
Sun Apr 12 20:12:49 PDT 2015 --  Class reaction: pic.twitter.com/QPlInpxcn1
Fri Apr 10 07:04:37 PDT 2015 --  pic.twitter.com/NkqrznxusA
Wed Apr 08 22:39:10 PDT 2015 --  Finally organized my bathroom lol pic.twitter.com/DU1s0bpczF
Wed Apr 08 22:08:57 PDT 2015 --  The collection 🏻️ pic.twitter.com/VWdiufGgUn
Tue Apr 07 11:43:50 PDT 2015 --  School got me like pic.twitter.com/yiKNP5ZCZ1
Mon Apr 06 05:06:14 PDT 2015 --  OMG I'm awake and functioning. The moon is still out....
Mon Apr 06 05:05:08 PDT 2015 --  When it's five am and you don't give a crap
Mon Apr 06 00:20:15 PDT 2015 --  I get to be on a train in five and a half hours Yayyy!! - I should probably sleep now...
Sun Apr 05 11:35:37 PDT 2015 --  Helping people makes me so happy
Sun Apr 05 10:55:53 PDT 2015 --  HAPPY BIRTHDAY @macbby11 Love you so so much!!! Hope you and your family have a blessed day!! #macbabies
Sun Apr 05 10:52:53 PDT 2015 --  Who else loves family drama?? *great start to Easter Sunday* #HappyEaster
Sat Apr 04 20:43:14 PDT 2015 --  Family arguments suck pic.twitter.com/xZaUHhhwQ5
Sat Apr 04 17:42:07 PDT 2015 --  pic.twitter.com/4U8GYpS1RT
Sat Apr 04 16:15:37 PDT 2015 --  OMG HOW IS THIS IT ALREADY FOUR O' CLOCK
Sat Apr 04 15:20:15 PDT 2015 --  why cant i just have clear skin wtf
Sat Apr 04 16:01:42 PDT 2015 --  Summer: Hair gets lighter, skin gets darker, water gets warmer, drinks get colder, music gets louder, nights get longer, life gets better.
Sat Apr 04 13:45:48 PDT 2015 --  Only DMing people who turn on my notifications on Instagram make sure you update your app!!! Rt if U did
Sat Apr 04 15:55:42 PDT 2015 --  Love u bb @TTLYTEALA pic.twitter.com/x1HFvAYkmn
Sat Apr 04 11:01:01 PDT 2015 --  "No one can choose who they fall for Or when they fall, or how they fall." - Us the Duo
Sat Apr 04 09:57:56 PDT 2015 --  good morning! hope your day is filled with carbs and laughs and some laptop time
Sat Apr 04 10:30:17 PDT 2015 --  Daria knows best pic.twitter.com/ZKt5JtK3jj
Sat Apr 04 10:35:50 PDT 2015 --  I love you bed
Sat Apr 04 01:49:07 PDT 2015 --  Oh look. It's almost two am
Fri Apr 03 19:09:18 PDT 2015 --  Sunsets are beautiful
Fri Apr 03 14:09:44 PDT 2015 --  I don't know if I could live without coffee
Thu Apr 02 18:46:04 PDT 2015 --  RT for a follow!!! this video is PG 13 please proceed with caution  #McKaylasYoutube https://www.youtube.com/watch?v=nY7QE-l0wCw …
Thu Apr 02 19:04:00 PDT 2015 --  i need chocolate and cuddles and a million dollars
Thu Apr 02 19:09:46 PDT 2015 --  Oh my God. Look at that face. You look like my next mistake. #TexasRoadhouse pic.twitter.com/jHUamF5F2y
Thu Apr 02 18:18:17 PDT 2015 --  Please, don't leave me.
Wed Apr 01 20:40:48 PDT 2015 --  It's good to know that I have someone who will always be there to listen to my rambling of the ones fading away... @Excusemepeach
Wed Apr 01 20:09:50 PDT 2015 --  “@Excusemepeach: Ugh it's so hard to resist the urge to text you...but I know I shouldn't so I don't. ” I do text you... But why? No reply.
Wed Apr 01 20:04:23 PDT 2015 --  JUST TEXT ME ALREADY IVE DONE EVERYTHING I CAN
Wed Apr 01 14:26:34 PDT 2015 --  “ @ComedyOrTruth: i dont understand how i can get so much joy from covering my pets with blankets and watching the lump move around” YAS!
Wed Apr 01 14:18:21 PDT 2015 --  I'm too lazy for all these pranks and crap. lol. #AprilFoolsDay
Tue Mar 31 18:20:00 PDT 2015 --  women belong in the kitchen. men belong in the kitchen. everyone belongs in the kitchen. kitchen has food
Tue Mar 31 12:49:03 PDT 2015 --  currently sitting bored out of my mind with a phone at 6%
Mon Mar 30 15:18:38 PDT 2015 --  The birthday cake frappuccino is literally a vanilla bean with pink whipped cream. lol.
Mon Mar 30 15:17:13 PDT 2015 --  I miss her already pic.twitter.com/b2no4eWyFs
Mon Mar 30 10:51:54 PDT 2015 --  “ @Aly_Raisman: WE DID IT @gabrielledoug pic.twitter.com/pcIOtT5czU” THIS MAKES ME SO HAPPY
Mon Mar 30 09:50:16 PDT 2015 --  Angelina Jolie is amazing pic.twitter.com/Ifs0Q80fHV
Mon Mar 30 10:31:59 PDT 2015 --  If school isn't a place to sleep then home isn't a place to study.
Sun Mar 29 21:20:24 PDT 2015 --  "You know what? I miss you. Gosh, I really freaking miss you. My atoms vibrate your name. But I deserve better, and you don't deserve me."
Sun Mar 29 12:00:19 PDT 2015 --  This makes me so happy pic.twitter.com/dsDcbM9qTe
Sun Mar 29 19:14:13 PDT 2015 --  we tried to be mermaids pic.twitter.com/zHEzwL4SNM
Sun Mar 29 16:08:17 PDT 2015 --  beach-bound
Sun Mar 29 15:02:49 PDT 2015 --  Apparently Barbie is now a criminal. PC: Mia Kennedy @peachicanteven pic.twitter.com/lNAF0SHTSt
Sun Mar 29 09:26:32 PDT 2015 --  The app The Hunt is every shoppers dream. I pray for my bank account. @thehunt
Sat Mar 28 19:43:57 PDT 2015 --  Insurgent reaction: pic.twitter.com/yHtokhbNcU
Sat Mar 28 11:11:05 PDT 2015 --  The worst part about train rides is listening to Taylor Swift and not being able to scream the lyrics
Fri Mar 27 19:16:56 PDT 2015 --  I've been "cleaning my room" and "packing" for about 2 hours... Oops
Fri Mar 27 15:34:19 PDT 2015 --  “ @peachicanteven: I'm obsessed with thinking out loud ””
Sun Mar 15 13:16:13 PDT 2015 --  I mean that's ok. You don't have to reply. It's not like I actually expected an answer or anything.
Thu Mar 26 23:30:59 PDT 2015 --  Crying Bc Mac pic.twitter.com/sdHIbHwkRq
Wed Mar 25 23:54:02 PDT 2015 --  “I found love in your smile.”
Thu Mar 26 22:47:51 PDT 2015 --  SHE GIVES ME LIFE @McKaylaMaroney love u pic.twitter.com/BdAiyioCmV
Sun Mar 15 11:39:42 PDT 2015 --  pic.twitter.com/9Q300XfTuu
Tue Mar 24 20:05:22 PDT 2015 --  RT if this bun is more flawless than your face pic.twitter.com/Bkqkv4fuWE
Thu Mar 26 18:03:12 PDT 2015 --  IM SO HAPPY I WANT TO CRY
Wed Mar 25 18:38:09 PDT 2015 --  That wtf moment when you find a nude selfie of your sister on her phone....
Tue Mar 24 20:28:02 PDT 2015 --  Killer workout tonight
Tue Mar 24 14:36:33 PDT 2015 --  9 years ago today, the first episode of Hannah Montana aired #9YearsOfHannahMontana pic.twitter.com/xE80zsi3yD
Mon Mar 23 23:38:11 PDT 2015 --  boreddddddd pic.twitter.com/BAi7mdMaPc
Mon Mar 23 22:58:56 PDT 2015 --  pic.twitter.com/dU21tivVXB
Mon Mar 23 12:01:52 PDT 2015 --  #TheStruggleIsSoReal @lizzyhortega pic.twitter.com/lpbnwZf55M
Sat Mar 21 12:57:06 PDT 2015 --  Missing her pic.twitter.com/3AWfo6XcTd
Sat Mar 21 12:53:48 PDT 2015 --  “ @peachicanteven: I need sleep but I also need to do a bunch of useless things on the Internet” my life
Wed Mar 18 18:27:17 PDT 2015 --  #3rdplace pic.twitter.com/zaOgVTxg9H
Wed Mar 18 00:08:27 PDT 2015 --  That joyful moment when you realize that it's 12:00...
Wed Mar 18 00:07:17 PDT 2015 --  IM SO HUNGRY RN WTH
Tue Mar 17 16:58:11 PDT 2015 --  Oh... How I love these losers pic.twitter.com/i3VaD3T0dY
Mon Mar 16 14:22:31 PDT 2015 --  Lookin through old photos and found this picture of starbucks and my grandma pic.twitter.com/5CZxNQvq3k
Sun Mar 15 17:43:12 PDT 2015 --  I miss her pic.twitter.com/7JsG2iGF6d
Sun Mar 15 11:08:10 PDT 2015 --  feelin' real tumblr today. pic.twitter.com/3nvAMztUag
Mon Mar 09 00:33:14 PDT 2015 --  I have a deep, secret love for classical music.
Sun Mar 08 11:31:26 PDT 2015 --  Lots of eye makeup calls for becoming a snow leopard... pic.twitter.com/opcuGnFxKP
Sun Mar 08 11:20:36 PDT 2015 --  - real eyes - realize - real lies #eyeliner pic.twitter.com/WwfVHyjA4q
Sun Mar 08 03:00:50 PDT 2015 --  “ @BestProAdvice: pic.twitter.com/Lr5zxKh0ez” it's 3 am
Sun Mar 08 01:57:35 PST 2015 --  Werkin' on that room decór pic.twitter.com/BxiyniTmU9
Fri Mar 06 22:40:35 PST 2015 --  I hate being the one who has to continue the conversation..
Thu Mar 05 22:39:04 PST 2015 --  Poem queen pic.twitter.com/itWQjpnLVn
Wed Mar 04 19:46:47 PST 2015 --  just won my first game of kujabi can can. feelin pumped #tournamentseriesten #wildlifejh #dolphinmafia #blue @WildlifeJH
Tue Mar 03 13:57:33 PST 2015 --  SOMEONE PLEASE TELL ME WHAT HAPPENED TO ALL MY DIRECT MESSAGES ON INSTAGRAM. THEYRE ALL GONE
Mon Mar 02 17:09:28 PST 2015 --  Haven't had this heaven since June 13, 2014 around 3:45 pm. pic.twitter.com/GhVHMWlurc
Sun Mar 01 12:17:31 PST 2015 --  the Russett sisters give me life pic.twitter.com/2fDkAobzMl
Thu Feb 26 19:09:58 PST 2015 --  Go away, dress.. you're freaking me out
Sat Feb 28 11:32:12 PST 2015 --  This is upsetting. pic.twitter.com/SGbm51ZEfE
Fri Feb 27 10:51:33 PST 2015 --  never in my life has an article of clothing caused me so much stress #TheDress
Thu Feb 26 21:18:10 PST 2015 --  THIS FREAKING WHITE AND GOLD- BLUE OR BLACK THING IS MAKING ME LOSE MY MIND WTH. IM SO CONFUSED. THIS IS WORSE THAN ALEX FROM TARGET....
Thu Feb 26 18:04:33 PST 2015 --  From this day on, the world will be divided into two people. Blue & black, or white & gold. http://ellen.tv/1vE3oDx  pic.twitter.com/i6BwVzPzSZ
Thu Feb 26 19:43:04 PST 2015 --  ITS NOR THE TIME TEMPERATURE OR SEASON TO BE TALKING ABOUT DRESSES LET ALONE THEIR COLOR SO KINDLY STFU AND TALK ABOUT MITTENS OR PARKAS PLZ
Thu Feb 26 18:14:34 PST 2015 --  I don't understand this odd dress debate and I feel like it's a trick somehow. I'm confused and scared. PS it's OBVIOUSLY BLUE AND BLACK
Thu Feb 26 20:51:33 PST 2015 --  Tumblr is freaking out over the dress that looks both blue and black and white and gold http://read.bi/1wtx4UO  pic.twitter.com/E0rcmTzQF5
Tue Feb 24 21:58:45 PST 2015 --  book relates. @johngreen #PaperTowns pic.twitter.com/dz9HsrIjuA
Tue Feb 24 21:53:59 PST 2015 --  Pretty sure I spent more time today on @thehunt and @Pinterest than I have in the last year... oops! #Obsessed
Tue Feb 24 18:12:35 PST 2015 --  “ @PlCTUREPORN: White pencil drawing pic.twitter.com/8yowaS4P34” I LOVE THIS.
Mon Feb 23 16:06:12 PST 2015 --  Live more, complain less. More smiles, less stress. Less hate, more blessed.
Mon Feb 23 16:38:27 PST 2015 --  yesterday was wonderful thanks to @TarrPlays and @Excusemepeach pic.twitter.com/ZENW9GbRI0
Sat Feb 21 00:09:23 PST 2015 --  To the kind soul who gave these to me... Bless you and all your children pic.twitter.com/I402Qj3euA
Thu Feb 12 09:41:00 PST 2015 --  "screw school", I say as I do all my homework and aim for A's "you know what I don't even care anymore", I say as I continue to work hard
Tue Feb 10 17:31:03 PST 2015 --  beyond accurate pic.twitter.com/0up0msrBDT
Fri Feb 20 22:40:05 PST 2015 --  for some strange reason this makes me extremely happy.. @edsheeran @ConnorFranta pic.twitter.com/eV5WpmBQoQ
Fri Feb 20 22:27:55 PST 2015 --  Ed Sheeran is just...
Wed Feb 18 19:02:16 PST 2015 --  dolphin mafia #ftw wildlifejh #wildlifejh #tournamentseriesten #blue #dolphinmafia @ The Church at… http://instagram.com/p/zRFKbfw4vC/ 
Wed Feb 18 15:54:39 PST 2015 --  Nice seein' bae today @Excusemepeach
Mon Feb 16 20:06:17 PST 2015 --  The way this backflip gif loops perfectly. pic.twitter.com/hkNAiA4E9T
Wed Feb 18 01:11:49 PST 2015 --  My sister just made me a "loser cake" and gave me a spoon because I don't deserve a fork either thanks sis. pic.twitter.com/PIi2VmJeSf
Tue Feb 17 13:04:45 PST 2015 --  Wishing the happiest birthday to an incredible person!! Have a wonderful day @edsheeran #HappyBirthdayEdSheeran pic.twitter.com/6Up6Cv5bor
Mon Feb 16 22:24:40 PST 2015 --  homework goes against my religion @MirandaSings
Mon Feb 16 21:29:30 PST 2015 --  I want chipotle
Mon Feb 16 22:10:19 PST 2015 --  Life was never worse, but never better...
Mon Feb 16 22:18:31 PST 2015 --  YES YES YES @taylorswift13 pic.twitter.com/Q6gMnTogdo
Mon Feb 16 19:30:30 PST 2015 --  Life goals pic.twitter.com/qwS84ON3Ou
Mon Feb 16 19:29:27 PST 2015 --  Pie is so good
Mon Feb 16 17:55:30 PST 2015 --  I'm standing in line for drop of doom and there's some pretty annoying teenage guys next to me. Yay
Mon Feb 16 14:30:55 PST 2015 --  @ magic mountain #turnup
Mon Feb 16 08:34:28 PST 2015 --  I'm a mean human being @lizzyhortega
Sun Feb 15 23:30:21 PST 2015 --  They tried to mess with a hotel concierge, but this is what the hotel did: http://bit.ly/1vKGH0Q  pic.twitter.com/nwGxGVmjP7
Sun Feb 15 23:58:57 PST 2015 --  Seein' bae like... @AdelaineMorin pic.twitter.com/wr8WQOCoz9
Sun Feb 15 21:12:26 PST 2015 --  Just made a thin mint milkshake. This is goalssss
Sun Feb 15 16:57:00 PST 2015 --  LaurDecor all the way! @laurDIY http://youtu.be/5l3lLLCNyN4 
Sun Feb 15 10:36:15 PST 2015 --  Cancer is a terrible thing...
Sat Feb 14 22:42:25 PST 2015 --  decided to work out tonight pic.twitter.com/7rVmXt3VTv
Sat Feb 14 18:56:06 PST 2015 --  'twas a wonderful valentine's day pic.twitter.com/s6Z9U6OPiZ
Sat Feb 14 15:25:20 PST 2015 --  WHY DO I NOT OWN THIS?!?! pic.twitter.com/P0caYjocqF
Fri Feb 13 15:07:47 PST 2015 --  Best Friday the 13th I've ever had
Fri Feb 13 06:20:39 PST 2015 --  YESSS ITS HERE #Feb13STYLE @taylorswift13 #Style http://www.youtube.com/watch?v=-CmadmM5cOk&sns=tw …
Thu Feb 12 22:46:32 PST 2015 --  24 cupcakes and 52 cookies later.... #VDayBaking
Thu Feb 12 17:44:52 PST 2015 --  #RedVelvetOreo @lizzyhortega https://amp.twimg.com/v/c7fd4ab8-00eb-445c-bf9a-d8294a6666cf …”
Thu Feb 12 17:42:28 PST 2015 --  This makes me happy. @SamuelTsui @CaseyBreves http://youtu.be/gGgakt3niys 
Thu Feb 12 16:10:15 PST 2015 --  HOURS LEFT. BASICALLY ME RIGHT NOW. #Feb13STYLE pic.twitter.com/sAI0yN8jAv"
Thu Feb 12 17:33:41 PST 2015 --  CHICK-FIL-A
Thu Feb 12 17:31:39 PST 2015 --  OMG TOMORROW @peachicanteven @taylorswift13 #Feb13STYLE
Thu Feb 12 16:45:09 PST 2015 --  Retweet if you're ready for premiere of @taylorswift13's “Style” video TOMORROW on @GMA! #Feb13STYLE @taylornation13 pic.twitter.com/bvJgJjxvho
Thu Feb 12 08:24:35 PST 2015 --  It's Thursday pic.twitter.com/AuemihVGcA
Thu Feb 12 08:29:17 PST 2015 --  This @katyperry http://facultyblog.eternitybiblecollege.com/2014/01/katy-perry-roar-the-power-of-music/ …
Wed Feb 11 21:06:38 PST 2015 --  Thank you Jesus for all your blessings. I will follow you for all of my days.
Wed Feb 11 21:29:30 PST 2015 --  Dolphin Mafia FTW @WildlifeJH #wildlifejh pic.twitter.com/nSRNQ0o0CP
Wed Feb 11 18:38:47 PST 2015 --  This is wonderful. @WildlifeJH
Wed Feb 11 17:28:32 PST 2015 --  
Wed Feb 11 00:20:20 PST 2015 --  Over, I'm so over you.
Tue Feb 10 14:16:58 PST 2015 --  never a dull moment.... pic.twitter.com/1VjgH7CIYP
Tue Feb 10 12:40:20 PST 2015 --  FOOD PORN #Panera pic.twitter.com/CmXz8q0c9f
Tue Feb 10 11:13:59 PST 2015 --  THE 99¢ STORE AMAZES ME!!
Tue Feb 10 10:32:14 PST 2015 --  Pain is temporary. pic.twitter.com/RYGsHmCs7f
Mon Feb 09 14:09:18 PST 2015 --  Why is there always so much food but still nothing to eat?¿ pic.twitter.com/QnoQRLO8t8
Mon Feb 09 14:07:01 PST 2015 --  “ @BestProAdvice: pic.twitter.com/sRoQjnXVec” also food.
Mon Feb 09 13:31:50 PST 2015 --  my natural habitat pic.twitter.com/nowSGi7uPL
Mon Feb 09 10:36:26 PST 2015 --  These people are wonderful #basicpeaches pic.twitter.com/hLVQtQPdkO
Mon Feb 09 09:32:02 PST 2015 --  “ @perfectsayings: Would be so perfect pic.twitter.com/k0GUJoeQ53” THIS IS AMAZING
Mon Feb 09 09:29:15 PST 2015 --  “ @perfectsayings: eyebrow game strong? more like eyeBAG game strong. i'm exhausted.” #GUCCI
Fri Jan 30 08:51:44 PST 2015 --  I want a pomsky pic.twitter.com/W5fRABPUA7
Sun Feb 08 13:45:27 PST 2015 --  yesterday was wonderful. pic.twitter.com/fNlvJXJbio
Sun Feb 08 13:44:25 PST 2015 --  love these girls pic.twitter.com/zPgCntZXNI
Fri Feb 06 21:01:23 PST 2015 --  I desperately miss her. @peachicanteven pic.twitter.com/PC7zqQjURa
Fri Feb 06 20:47:21 PST 2015 --  feelin' pampered. #facemask #lush http://instagram.com/p/yyX31VQ4jC/ 
Fri Feb 06 19:29:20 PST 2015 --  THANK YOU @McKaylaMaroney pic.twitter.com/MuOy8nrktO
Fri Feb 06 19:15:21 PST 2015 --  When you finally get to hang with bae @Excusemepeach
Fri Feb 06 18:59:42 PST 2015 --  legit goals pic.twitter.com/SgAxaW0L8I
Fri Feb 06 08:10:02 PST 2015 --  I look forward to school bc I can see you <3
Wed Feb 04 22:33:57 PST 2015 --  I'm just a little... confused depressed upset and irritated - I'm struggling to see the truth in anything... - so much can change in a day.
Wed Feb 04 20:20:11 PST 2015 --  I hope you understand that I care enough to cry over you in $12 mascara.
