Sat Aug 29 08:02:36 PDT 2015 --  Somehow my alarm was on for school still
Sat Aug 29 08:02:12 PDT 2015 --  Slept for 5 hours
Sat Aug 29 08:00:23 PDT 2015 --  Good morning
Sat Aug 29 04:35:33 PDT 2015 --  Looking at Ed's tweets pic.twitter.com/ZpewOCTG9G
Fri Aug 28 21:42:05 PDT 2015 --  Progress, not perfection
Fri Aug 28 20:48:48 PDT 2015 --  calm mind.. don't over think. don't worry. have faith in people you love..
Fri Aug 28 20:48:03 PDT 2015 --  Stop doubting yourself kevin..
Fri Aug 28 20:47:03 PDT 2015 --  I gotta stop over thinking
Fri Aug 28 20:46:15 PDT 2015 --  I hope you meant it.
Fri Aug 28 19:36:21 PDT 2015 --  Idk why I laughed pic.twitter.com/lrvHr8w5jS
Fri Aug 28 19:32:50 PDT 2015 --  because my brother is trying to cheer me up.. pic.twitter.com/UaGbjvZqPl
Fri Aug 28 19:16:26 PDT 2015 --  same.. https://twitter.com/Lord_Nelson_/status/637448306692501504 …
Fri Aug 28 19:15:11 PDT 2015 --  Me rn.. pic.twitter.com/Hi2mVlXGP3
Fri Aug 28 19:12:52 PDT 2015 --  I just.. cant.
Fri Aug 28 19:12:45 PDT 2015 --  I can't do it.
Fri Aug 28 19:02:53 PDT 2015 --  Tbh, I need to learn to put other people first.
Fri Aug 28 18:33:37 PDT 2015 --  I gotta stop bottling my emotions up. that's not good.
Fri Aug 28 17:37:30 PDT 2015 --  Lost everything I cared about..
Fri Aug 28 15:53:01 PDT 2015 --  Used to be us https://twitter.com/iLowkeyB/status/513163447656148992 …
Fri Aug 28 15:51:23 PDT 2015 --  What's with the hate towards the Hispanic/Latin community from politicians?
Fri Aug 28 15:49:39 PDT 2015 --  Eat shit, you deserve a spot in hell. You have no idea what my parents had to do. https://twitter.com/lexi4prez/status/637064688354766848 …
Fri Aug 28 15:48:04 PDT 2015 --  Going to spend my next weekend with mom. She's life and my only comfort.
Fri Aug 28 15:16:00 PDT 2015 --  I'm facing every demons I created
Fri Aug 28 15:14:12 PDT 2015 --  Why is this accurate @Coolio_Athena https://twitter.com/PassionateIy/status/637386875230027776 …
Fri Aug 28 15:12:51 PDT 2015 --  I miss you too much and it's not okay
Fri Aug 28 14:50:07 PDT 2015 --  "sorry" vs "I'm sorry" "night" vs "goodnight" "bye" vs "goodbye" "love you" vs "I love you" All have two different meanings.
Fri Aug 28 15:11:53 PDT 2015 --  Well said https://twitter.com/thugedelic/status/627226511213494272 …
Fri Aug 28 14:55:24 PDT 2015 --  All these couples makes me jealous seeing them happy. Memories.
Fri Aug 28 14:51:56 PDT 2015 --  Thank God, Melvin is in my 6th period
Fri Aug 28 13:25:14 PDT 2015 --  NOW I'M GONNA FIX THIS
Fri Aug 28 13:24:47 PDT 2015 --  I fucked up, I really did. I lost her.. pic.twitter.com/p5G3luE4Qe
Fri Aug 28 13:23:50 PDT 2015 --  I LOVE ATHENA
Fri Aug 28 13:15:32 PDT 2015 --  HELP ME
Fri Aug 28 13:15:31 PDT 2015 --  God, I'm everything I had nightmares about
Fri Aug 28 12:38:56 PDT 2015 --  The hardest part is saying goodbye
Sat Aug 22 21:14:25 PDT 2015 --  ugh pic.twitter.com/eE3q7eIFii
Fri Aug 28 10:38:32 PDT 2015 --  The school is really getting threatened again by getting shot up lmao
Fri Aug 28 10:50:39 PDT 2015 --  Don't take relationship advice from people with failed relationships
Fri Aug 28 09:55:50 PDT 2015 --  I regret everything
Wed Aug 26 17:55:57 PDT 2015 --  you ever just stop & think "wow I've come a long way"
Tue Aug 25 15:08:19 PDT 2015 --  Tomorrow was the big day
Tue Aug 25 14:59:15 PDT 2015 --  It's all my fault..
Tue Aug 25 06:59:05 PDT 2015 --  It's sprinkling
Mon Aug 24 21:08:17 PDT 2015 --  The truth pic.twitter.com/aDaQNYYlCX
Tue Aug 25 05:13:34 PDT 2015 --  I speak too much, I'll shut up..
Tue Aug 25 05:13:14 PDT 2015 --  Was actually excited about the fair, but shit happens
Tue Aug 25 05:12:24 PDT 2015 --  ... I have a bad feeling
Tue Aug 25 05:11:44 PDT 2015 --  My damn insecurities has my head fucked
Tue Aug 25 04:59:02 PDT 2015 --  Late night thoughts on what she told me.. damn, I'm a prick
Mon Aug 24 23:34:13 PDT 2015 --  Ain't no rest for the wicked
Mon Aug 24 23:26:04 PDT 2015 --  If a guy can easily take your girl, let her go. She wasn't loyal
Mon Aug 24 23:09:00 PDT 2015 --  Kinda pic.twitter.com/XfKCAWtFIT
Mon Aug 24 22:50:08 PDT 2015 --  10:49 pm
Mon Aug 24 21:03:59 PDT 2015 --  Save lives pic.twitter.com/KrzoGTVwR6
Mon Aug 24 20:11:12 PDT 2015 --  ITS STING!!!! #RAW pic.twitter.com/XfHXedmvcn
Mon Aug 24 20:11:36 PDT 2015 --  . @Sting has returned! #RAW https://vine.co/v/ejMBQr0qeDg 
Mon Aug 24 20:13:16 PDT 2015 --  HOLY... #RAW pic.twitter.com/fI3hkl9GK5
Mon Aug 24 20:15:25 PDT 2015 --  OH MY GOD!!!! STING!!!!! THAT WAS AWESOME!!!! #RAW pic.twitter.com/NQbDyZLk0d
Mon Aug 24 20:16:13 PDT 2015 --  Sting holding the WWE Title for the FIRST time ever. #RAW pic.twitter.com/nWHBla6ine http://pwmscoops.com 
Thu Aug 20 09:06:22 PDT 2015 --  deep shit. pic.twitter.com/14DgSX95sO
Mon Aug 24 13:23:41 PDT 2015 --  #stopcargoshorts2k15
Mon Aug 24 06:25:30 PDT 2015 --  Great my earphones are busted
Sun Aug 23 22:09:07 PDT 2015 --  5 am alarm is now set to 6 am
Sun Aug 23 20:25:21 PDT 2015 --  pic.twitter.com/bNEZUDfVcE
Sun Aug 23 03:43:59 PDT 2015 --  If only https://twitter.com/DailySexSupply/status/635270373806866432 …
Sun Aug 23 03:42:29 PDT 2015 --  I'm bored, someone text / kik / snap idc. It's 3 in the morning and I got no one to talk to
Sat Aug 22 18:37:21 PDT 2015 --  When she's busy, I'm doing nothing. When I'm busy, she's doing nothing.
Fri Aug 21 19:21:40 PDT 2015 --  WIFEY MATERIAL AT HOME EATING ICE CREAM TONIGHT. . SHE'S NOT DRUNK AT THE CLUB ON SNAPCHAT YELLING ' IT'S LIT'
Fri Aug 21 20:25:05 PDT 2015 --  Wanna sleep but stuck baby sitting til 11.
Fri Aug 21 17:12:03 PDT 2015 --  If babe don't stalk your tweets babe is not babe
Fri Aug 21 19:27:01 PDT 2015 --  Omg pic.twitter.com/fxWBQYHpS8
Tue Aug 18 13:04:38 PDT 2015 --  YOOOOOOOOOOOO IM SCREAMING pic.twitter.com/SsowgWCDHK
Fri Aug 07 12:49:21 PDT 2015 --  When you see your fridge is full pic.twitter.com/iiNU61dux5
Fri Aug 07 11:58:48 PDT 2015 --  Princesses pic.twitter.com/XcUGZhOXMU
Fri Aug 07 11:58:15 PDT 2015 --  My queen pic.twitter.com/RZKUuMdJxf
Thu Aug 06 21:24:20 PDT 2015 --  Okay..
Thu Aug 06 21:23:02 PDT 2015 --  Oh
Thu Aug 06 19:09:01 PDT 2015 --  Can't even make friends.
Sat Aug 01 13:20:23 PDT 2015 --  I wish love was like volleyball, you could just call "mine" and everyone would just back off
Sat Aug 01 17:35:08 PDT 2015 --  me: "set me set me set me" me: *gets set* me: *hits ball into net* me: *cries internally* setter: *never sets me again*
Thu Aug 06 18:45:05 PDT 2015 --  You always are
Thu Aug 06 18:42:37 PDT 2015 --  I'm going to your house Saturday so sshh
Sat Aug 01 01:31:08 PDT 2015 --  SC took his wife to Chik-fil-A for their anniversary, yet you expect your broke college bf to buy you a new watch? pic.twitter.com/KVLA4mzys7
Thu Aug 06 16:01:47 PDT 2015 --  This gives me an idea https://twitter.com/GuyCodes/status/627448799498268672 …
Sat Aug 01 10:39:03 PDT 2015 --  John in Tennessee is real http://vine.co/v/OPwvxzWPJlH 
Sat Aug 01 12:00:24 PDT 2015 --  Does she have a booty? pic.twitter.com/eKVV5bPQxN
Sat Aug 01 14:13:00 PDT 2015 --  Still one of my favorite vines https://vine.co/v/hHDYAmtPBYV 
Sat Aug 01 16:09:02 PDT 2015 --  Inspirational http://twitter.com/thisisbrookeb/status/626168752011411456/video/1 …
Sun Aug 02 01:31:00 PDT 2015 --  Didn't see that coming http://twitter.com/VidsNMusic/status/625342590309765120/video/1 …
Sun Aug 02 08:51:06 PDT 2015 --  Kevin Harts roasting Meek's crew pic.twitter.com/WBYsraPOVd
Thu Aug 06 15:59:02 PDT 2015 --  Which I hate about myself https://twitter.com/GuyCodes/status/627957053693128704 …
Sun Aug 02 22:54:12 PDT 2015 --  Valid logic pic.twitter.com/z6KPuRmAaW
Sun Aug 02 21:35:53 PDT 2015 --  *inserts volleyball emoji for babe* pic.twitter.com/gRyBJfbDNY
Sun Aug 02 21:44:57 PDT 2015 --  @punkwithmanner4 https://twitter.com/ilikevinesdaily/status/603540316034064384 …
Sat Aug 01 10:03:39 PDT 2015 --  Spider webs be everywhere pic.twitter.com/Ep4rrOnABd
Sun Aug 02 10:47:41 PDT 2015 --  Logic is too real pic.twitter.com/wiVX2uiDm3
Sun Aug 02 13:53:59 PDT 2015 --  The prank is so mean http://twitter.com/30SecPrankVids/status/627310989793492992/video/1 …
Sun Aug 02 14:33:00 PDT 2015 --  August is the Sunday of summer
Sun Aug 02 16:14:01 PDT 2015 --  Tell me this isn't true pic.twitter.com/jsDz2ulmyZ
Fri Jul 24 14:13:03 PDT 2015 --  you can't trust these hoes @OBJ_3 pic.twitter.com/TH5RvC4c6x
Fri Jul 24 19:59:41 PDT 2015 --  if "xo" is anywhere in her bio she a hoe.
Fri Jul 24 20:13:45 PDT 2015 --  hoe logic pic.twitter.com/tlRb54RISg
Sun Jul 26 06:30:59 PDT 2015 --  if she got a star tattoo anywhere on her body she been a hoe since high school.
Sun Aug 02 13:18:42 PDT 2015 --  All the time @punkwithmanner4 https://twitter.com/dailysexsupply/status/627710919951388672 …
Sat Aug 01 17:30:36 PDT 2015 --  @punkwithmanner4 NO ONE SKATE WITH HIM UNLESS YOU ARE A GUY!!
Sat Aug 01 17:29:25 PDT 2015 --  I mean someone skate with me ): I'm a noob.
Sat Aug 01 17:28:37 PDT 2015 --  Haven't been on the board for so long, I can barely Ollie while staying still.
Sat Aug 01 17:17:05 PDT 2015 --  @punkwithmanner4 DUVK MY DICK
Sat Aug 01 17:16:59 PDT 2015 --  @punkwithmanner4 KEVIN YOUR UGLY BUT I LOVE YOU BABE
Sat Aug 01 17:16:46 PDT 2015 --  Beach bag for tomorrow pic.twitter.com/kc3b2pdYW8
Sat Aug 01 16:47:13 PDT 2015 --  Tbh pic.twitter.com/1bcbgrZxFR
Sat Aug 01 15:44:03 PDT 2015 --  "Read." Note to self, that's a bullshit lie
Sat Aug 01 15:41:53 PDT 2015 --  I guess not
Fri Jul 31 23:37:40 PDT 2015 --  1 year and I still get butterflies
Fri Jul 31 15:14:42 PDT 2015 --  @jimmy_grip @punkwithmanner4 SAME
Fri Jul 31 13:40:14 PDT 2015 --  @Coolio_Athena @punkwithmanner4 this is probably one of the highlights of my v bad summer
Fri Jul 31 13:28:44 PDT 2015 --  @jimmy_grip @punkwithmanner4 oh .... That's awkward now ..... ANYWAYS YES!! HOW LONG ARE YOU STAYING
Fri Jul 31 13:26:48 PDT 2015 --  @jimmy_grip @punkwithmanner4 CONGRATS!!!
Fri Jul 31 13:26:40 PDT 2015 --  @jimmy_grip @punkwithmanner4 YOU FINALLY REALIZED I HATE KEVIN AND YOU GUYS ARE GETTING MARRIED!!!???
Fri Jul 31 13:26:08 PDT 2015 --  @punkwithmanner4 @Coolio_Athena GUYS GUYS GUESS WHAT
Fri Jul 31 11:26:24 PDT 2015 --  comfortable pic.twitter.com/Sg8RnbSZvk
Fri Jul 31 08:18:57 PDT 2015 --  THE BOYS BROKE THE RECORD OF FASTEST CLIMB TO NUMBER ONE WITHOUT PROMOS OR PREORDERS The fandom rn: #DragMeDown pic.twitter.com/hCQMyyI7nO
Thu Jul 30 20:14:21 PDT 2015 --  @punkwithmanner4 aw that almost touched my heart
Thu Jul 30 20:16:58 PDT 2015 --  @punkwithmanner4
Thu Jul 30 09:15:37 PDT 2015 --  @punkwithmanner4 yeah it reminds me of yesterday
Thu Jul 30 09:15:04 PDT 2015 --  @punkwithmanner4 um.... It's a store online I think but it's whatever
Thu Jul 30 09:13:55 PDT 2015 --  This makes my ocd very very happy https://twitter.com/njhsidebitch/status/626669791990968320 …
Wed Jul 29 19:19:45 PDT 2015 --  @punkwithmanner4 @VIPVidz reasons why his papi
Wed Jul 29 11:00:09 PDT 2015 --  I fell in love with the way you look tonight pic.twitter.com/98LidUcebc
Tue Jul 28 20:59:01 PDT 2015 --  Unless you meant with another dude
Tue Jul 28 20:58:12 PDT 2015 --  Yeah
Tue Jul 28 20:19:23 PDT 2015 --  #SelfieForMatt @TheMattEspinosa MATT GIRLS RISE pic.twitter.com/62oTHRmpBT
Tue Jul 28 18:23:51 PDT 2015 --  "Omg your in volleyball" "No but my boyfriend is" "Then why are you-" "Stfu and enjoy it bitch" pic.twitter.com/7tTO4UxbqA
Tue Jul 28 17:50:55 PDT 2015 --  Me https://twitter.com/vidsnmusic/status/623186127936208897 …
Tue Jul 28 17:05:56 PDT 2015 --  Feeling like the oldies pic.twitter.com/jCLm6C902k
Tue Jul 07 18:15:44 PDT 2015 --  When your parents don't wait after knocking pic.twitter.com/ytSHMRaQZL
Tue Jul 28 12:31:02 PDT 2015 --  I hope him and his fiancé hit it off well good luck too you uncle
Tue Jul 28 12:30:17 PDT 2015 --  Not moving anymore... Now I'm stuck in hell do to people who just run over me. My uncle is leaving next week instead of next summer
Tue Jul 28 12:28:42 PDT 2015 --  I did too
Tue Jul 28 11:53:30 PDT 2015 --  . @MeekMill how are we supposed to believe you know what's real or fake when you probably think yo girl's ass is real.
Tue Jul 28 10:19:12 PDT 2015 --  
Tue Jul 28 08:18:58 PDT 2015 --  @punkwithmanner4 I should start getting ready the move starts at 10:35
Sun Jul 26 20:36:05 PDT 2015 --  pic.twitter.com/6U3ta9E8YY
Sun Jul 26 20:38:47 PDT 2015 --  PART 1 LMAOOOOO " my seat was at a 45 degree angle " pic.twitter.com/Coz8MGbGSj
Tue Jul 28 08:01:12 PDT 2015 --  Day is going perfect
Tue Jul 28 07:58:42 PDT 2015 --  @punkwithmanner4 @CauseWereGuys no I take it back get rock stopped like last time
Tue Jul 28 07:57:25 PDT 2015 --  @punkwithmanner4 @CauseWereGuys what? I can't be a supportive gf? Fine I hope you die!
Tue Jul 28 07:55:24 PDT 2015 --  @punkwithmanner4 omg but you'll look so fetch
Tue Jul 28 07:55:47 PDT 2015 --  @punkwithmanner4 @CauseWereGuys oh sorry let me put on my supportive girlfriend acted!
Tue Jul 28 07:54:12 PDT 2015 --  @punkwithmanner4 @CauseWereGuys my shits!!!
Tue Jul 28 07:53:14 PDT 2015 --  @punkwithmanner4 @CauseWereGuys I met him like so long ago with my dad. My dad use too skate... Oops forgot too tell you
Mon Jul 27 23:47:46 PDT 2015 --  Shut up and answer my call
Mon Jul 27 19:40:05 PDT 2015 --  Roses are red Violets are blue pic.twitter.com/L17B9mwPce
Mon Jul 27 23:39:30 PDT 2015 --  Sorry, I don't get mad as easily
Mon Jul 27 20:22:22 PDT 2015 --  Team lightskins pic.twitter.com/IpXBgEhp72
Mon Jul 27 09:31:13 PDT 2015 --  Long showers loud music deep thoughts
Mon Jul 27 11:45:39 PDT 2015 --  Idk which one so here's four pic.twitter.com/GLMTZtiuiJ
Sat Jun 20 07:38:59 PDT 2015 --  " @TeddyNotRux: Sad but true. pic.twitter.com/9xBfUQaUyL"
Tue Jul 14 08:18:10 PDT 2015 --  whats the difference between me and a calendar a calendar has dates pic.twitter.com/ZNa1NnLyHU
Sat Jul 25 14:49:15 PDT 2015 --  at some point you have to stop being so angry, you have to stop being so sad, stop killing yourself and start being gentle with yourself
Sun Jul 26 22:33:18 PDT 2015 --  Just buy me a pair of old skool vans and I'll be happy
Sun Jul 26 22:32:58 PDT 2015 --  Need need need!!!!! pic.twitter.com/C5T0ForHPX
Sat Jul 25 13:41:59 PDT 2015 --  Tomorrow makes a year and a month
Sat Jul 25 11:58:20 PDT 2015 --  @punkwithmanner4 I have like 2 teddy bears the size of you I'm good
Sat Jul 25 11:56:42 PDT 2015 --  I'm turning bbw (:
Sat Jul 25 11:40:47 PDT 2015 --  I miss bunny bun. I have no shame in calling her that
Sat Jul 25 09:31:01 PDT 2015 --  I guess no more "I love you"
Wed Jul 22 20:45:12 PDT 2015 --  Only the people that played the old Tony Hawk games will understand this https://vine.co/v/OYlbz7tIAFv 
Fri Jul 24 20:41:00 PDT 2015 --  RKO https://twitter.com/CauseWereGuys/status/624250978712170496 …
Thu Jul 23 11:03:23 PDT 2015 --  Equal rights pic.twitter.com/GRZ0MRv8bu
Thu Jul 23 11:50:01 PDT 2015 --  Life should be more like hockey. When someone pisses you off, you just beat the shit out of them then sit in a penalty box for 5 minutes..
Wed Jul 22 23:04:24 PDT 2015 --  *changes contact to plain name*
Wed Jul 22 22:28:04 PDT 2015 --  Stop just stop
Wed Jul 22 22:15:56 PDT 2015 --  We never have "good nights" anymore
Sat Jul 18 17:40:08 PDT 2015 --  When people say that "Y'all look cute together" pic.twitter.com/YEiMaqzE8h
Sun Jul 19 11:40:02 PDT 2015 --  this is important pic.twitter.com/mUc7RHGSmN
Sun Jul 19 16:40:11 PDT 2015 --  Thought I was the only one pic.twitter.com/KFejgkzcCk
Sun Jul 19 17:40:02 PDT 2015 --  OH MY GOD GOALS pic.twitter.com/AcSk4uJ3SD
Sun Jul 19 20:40:04 PDT 2015 --  when u first start talking to someone and u act all proper bc u ain't sure when u can start being weird pic.twitter.com/upA7a7Q7Xm
Mon Jul 20 12:42:48 PDT 2015 --  do you think im cute? pic.twitter.com/iVP4XnqVEh
Wed Jul 22 15:14:44 PDT 2015 --  Drowning in thoughts
Wed Jul 22 15:14:35 PDT 2015 --  ...
Wed Jul 22 15:11:12 PDT 2015 --  Something doesn't feel right
Wed Jul 22 15:00:09 PDT 2015 --  I have talked to you all day learned 2 new songs on guitar and finished my halo game
Wed Jul 22 14:59:23 PDT 2015 --  Nah I'm just independent
Wed Jul 22 14:58:16 PDT 2015 --  You're doing just fine without me (:
Wed Jul 22 14:54:29 PDT 2015 --  Well I don't. I don't ask for much and when I do it doesn't happen. So I wait until I get money and do shit for my God damn self
Wed Jul 22 14:51:31 PDT 2015 --  Nah, I hate my past
Wed Jul 22 14:49:13 PDT 2015 --  I DO TAT SHIT ALL THE DAMM TIME
Wed Jul 22 13:02:24 PDT 2015 --  Aren't you always?
Wed Jul 22 09:44:18 PDT 2015 --  #xboxlivedown
Tue Jul 21 21:44:31 PDT 2015 --  Don't feel good
Tue Jul 21 21:24:42 PDT 2015 --  A year and half a fucken month
Tue Jul 21 21:20:22 PDT 2015 --  L.e.s.
Tue Jul 21 21:13:52 PDT 2015 --  Because the Internet
Tue Jul 21 21:13:40 PDT 2015 --  Childish Gambino has a point
Tue Jul 21 20:30:43 PDT 2015 --  Then fuck
Tue Jul 21 20:29:31 PDT 2015 --  Now the sea is calm after a storm
Tue Jul 21 20:29:01 PDT 2015 --  @punkwithmanner4 @little_yazi honestly need you both
Tue Jul 21 20:24:20 PDT 2015 --  
Tue Jul 21 20:23:42 PDT 2015 --  
Tue Jul 21 20:18:17 PDT 2015 --  Well then I fucken lost you
Tue Jul 21 20:17:00 PDT 2015 --  "Don't fucking talk to me."
Tue Jul 21 19:13:10 PDT 2015 --  1) that dog gets more action than I do 2) he is savage
Thu Jul 16 16:12:57 PDT 2015 --  this game is dope af https://vine.co/v/MQFqiKxl2ra 
Thu Jul 16 21:55:18 PDT 2015 --  oh, some guy screwed you over? would you like to explain how the whole male population is responsible for this?
Fri Jul 17 11:25:32 PDT 2015 --  Never forget pic.twitter.com/pHwXWQ085i
Fri Jul 17 12:51:43 PDT 2015 --  Lmao bruh pic.twitter.com/Lz4SfShhW7
Fri Jul 17 13:26:14 PDT 2015 --  so fucked up pic.twitter.com/ht9gDblXtv
Sat Jul 18 11:02:02 PDT 2015 --  foh with that "buy me michael kors so i know it's real ". the only mk you're getting is this mortal kombat screen switching uppercut.
Sat Jul 18 14:32:43 PDT 2015 --  How girls who wear high waisted shorts be looking pic.twitter.com/oNWDMdv9EP
Sat Jul 18 14:01:56 PDT 2015 --  I need more snap friends pic.twitter.com/BMzyNmbfJT
Sun Jul 12 11:31:02 PDT 2015 --  My god 🏽🏽🏽 pic.twitter.com/nvMUcveXsX
Sun Jul 12 12:07:01 PDT 2015 --  Drake making pancakes now? pic.twitter.com/ajq51XHkra
Sun Jul 12 15:01:07 PDT 2015 --  Damn Drake Throwing Slugs In His New Video pic.twitter.com/k323WrN94W
Sun Jul 12 22:01:07 PDT 2015 --  When your parents don't wait after knocking pic.twitter.com/6a411n37Nd
Sun Jul 12 23:25:06 PDT 2015 --  Grandmas really don't be caring pic.twitter.com/2mi6Mjs3yO
Tue Jul 14 12:07:08 PDT 2015 --  When bae favoriting other niggas tweets http://vine.co/v/evOWKKDIvaU 
Tue Jul 14 16:07:02 PDT 2015 --  guaranteed to make you smile/laugh pic.twitter.com/dRjl5YfikB
Thu Jul 16 17:07:04 PDT 2015 --  "Pitbulls are aggressive 24/7" pic.twitter.com/sxRlVQ9sM5
Thu Jul 16 23:25:02 PDT 2015 --  Mom: I brought you into this world, I can take you out of it. Me: pic.twitter.com/RVGGPzVLUv
Fri Jul 17 00:00:29 PDT 2015 --  I hope my neighbors know they live next to a fucking legend
Thu Jul 16 19:09:21 PDT 2015 --  #GrowingUpWithStrictParents Me: " " party starts at 5 Parents: Be home by 6:30
Thu Jul 16 17:28:27 PDT 2015 --  #GrowingUpWithStrictParents the curfew your parents give you to be back home is the time the party/function starts.
Thu Jul 16 17:28:55 PDT 2015 --  #GrowingUpWithStrictParents "mom im going out with a friend" "who? what's their gpa? what classes do they take? where were they born?"
Thu Jul 16 17:32:02 PDT 2015 --  #GrowingUpWithStrictParents seeing all your friends go to functions when your stuck viewing their turnt snapchat stories
Thu Jul 16 17:40:59 PDT 2015 --  #GrowingUpWithStrictParents learning to tell the most extravagant lies
Thu Jul 16 18:15:21 PDT 2015 --  #GrowingUpWithStrictParents "who are you going with" "who's gonna be there" "what time will you get home" "call me when you get there"
Thu Jul 16 18:18:25 PDT 2015 --  #GrowingUpWithStrictParents rehearsing how you're going to ask to go out somewhere
Thu Jul 16 18:26:33 PDT 2015 --  #GrowingUpWithStrictParents not being able to go out two days in a row because that's going out too much
Thu Jul 16 14:26:09 PDT 2015 --  @punkwithmanner4 which one pic.twitter.com/6tyhMc6Fba
Tue Apr 07 16:00:15 PDT 2015 --  My girlfriend isn't allowed to do math, wtf is she trying to do? Divide her heart, subtract me & add a new boy? Nah
Sun May 24 16:08:34 PDT 2015 --  My girlfriend not allowed to make deez nuts jokes. Only nuts going in and out of her mouth are mine.
Mon Jun 15 14:52:27 PDT 2015 --  My girl not allowed to eat skittles and share them with anyone but me, ain't no one bouta taste her rainbow,
Thu Jun 25 15:43:45 PDT 2015 --  My Girlfriend is not allowed to hide her iPhone from me. As long as we together it's not an iPhone, it's a wePhone.
Sun Jul 05 20:11:19 PDT 2015 --  Flatbread Patty Cake pic.twitter.com/8VL283mGbo
Tue Jul 07 07:54:02 PDT 2015 --  Eat her for breakfast @inHERribs pic.twitter.com/JTTYGoo53z
Tue Jul 14 17:19:54 PDT 2015 --  After math pic.twitter.com/VbssB3ZeCf
Tue Jul 14 17:05:03 PDT 2015 --  pic.twitter.com/1nBUsm20pV
Tue Jul 14 10:45:08 PDT 2015 --  read my rant about zayn and how i see this situation pic.twitter.com/gVZqf1jLpZ
Tue Jul 14 12:01:33 PDT 2015 --  I had too pic.twitter.com/TeQ6mViEQk
Tue Jul 14 09:25:43 PDT 2015 --  They are definitely gonna have maximum security now at that concert #HarryBeCareful
Tue Jul 14 09:24:01 PDT 2015 --  Snaps like this make me happy pic.twitter.com/U5lcDvMMTj
Mon Jul 13 21:34:33 PDT 2015 --  I am willing
Tue Jun 16 16:31:08 PDT 2015 --  When you play too rough with your younger sibling pic.twitter.com/fVlFGA8rre
Mon Jul 13 17:57:48 PDT 2015 --  Phone off
Mon Jul 13 17:06:35 PDT 2015 --  When babe ignores all day (:
Mon Jul 13 17:04:51 PDT 2015 --  I mean they have money, so you need those guys
Mon Jul 13 15:27:37 PDT 2015 --  Me
Mon Jul 13 11:31:27 PDT 2015 --  @NaughtyBoyMusic HA BITCH ZAYN HATES YOU YOU FAT FUCKER
Mon Jul 13 05:24:37 PDT 2015 --  @NaughtyBoyMusic you fat joke stop pretending we're friends no one knows you .
Sat Jul 11 22:26:53 PDT 2015 --  Fave pic.twitter.com/wHFiARS3ed
Sat Jul 11 21:45:30 PDT 2015 --  Favorite Day with Fav Person pic.twitter.com/0a4I3DZcDt
Sat Jul 11 21:37:41 PDT 2015 --  Fav pics of the day with him pic.twitter.com/Lxa6y5igZA
Fri Jul 10 19:17:33 PDT 2015 --  All day with him tomorrow
Fri Jul 10 16:31:09 PDT 2015 --  Goals @punkwithmanner4 https://twitter.com/boysandgals/status/618179297841389568 …
Fri Jul 10 10:49:55 PDT 2015 --  Where is the love
Fri Jul 10 10:09:15 PDT 2015 --  I love you too
Fri Jun 12 16:03:41 PDT 2015 --  me me me me me pic.twitter.com/WedYjxl7Oy
Thu Jul 09 13:50:46 PDT 2015 --  When you hear mom yell from the stands "I LOVE YOU SWEETIE!" #MVPtoASG pic.twitter.com/s8bXr2xMlt
Fri Jul 10 09:51:27 PDT 2015 --  Was looking forward for tomorrow, but shit happened.
Mon Jun 29 18:46:33 PDT 2015 --  LIKE A NINJA FROM THE HIDDEN LEAF VILLAGE🏼 pic.twitter.com/Tv1doWVBPv
Wed Jul 01 14:59:40 PDT 2015 --  IMMA BEAST! HANDLE ME pic.twitter.com/CHLGIwmXzH
Wed Jul 01 17:58:41 PDT 2015 --  Tokyo drift pic.twitter.com/PkGq0xnAaF
Thu Jul 02 20:38:53 PDT 2015 --  LMAO HE WAS KILLIN SHIT pic.twitter.com/ppjHyoE7wm
Sat Jul 04 17:17:23 PDT 2015 --  When yo dad say be home at 10:30 & it's already 10:29 pic.twitter.com/zBKeqnqSf4
Sun Jul 05 11:02:25 PDT 2015 --  "Combos like a Popeyes menu nigga" pic.twitter.com/bnucv8gHeg
Sun Jul 05 13:02:48 PDT 2015 --  "Call me Tweety Bird!" pic.twitter.com/dY0TeS2CSe
Mon Jul 06 15:52:02 PDT 2015 --  GameStop be like "we'll give you $9.72 pic.twitter.com/LnDhPvk1ei
Mon Jul 06 15:16:39 PDT 2015 --  Only picture that describes our relationship pic.twitter.com/HedjdjwbP4
Sun Jul 05 12:59:08 PDT 2015 --  pic.twitter.com/09ItBceKJQ
Sun Jul 05 08:15:32 PDT 2015 --  Missing his touch already pic.twitter.com/DX1RZmPK9p
Sat Jul 04 22:26:42 PDT 2015 --  Greatest night ever with most greatest people ever pic.twitter.com/eHs5XF153F
Sat Jul 04 22:14:36 PDT 2015 --  Best night with the most people I love pic.twitter.com/036kMcz5WO
Sat Jul 04 22:15:38 PDT 2015 --  Most loved person in my life pic.twitter.com/QYR4nIpiDP
Sat Jul 04 22:13:30 PDT 2015 --  
Sat Jul 04 22:02:36 PDT 2015 --  
Sat Jul 04 12:02:57 PDT 2015 --  Happy 4th of july.
Sat Jul 04 12:02:48 PDT 2015 --  Just wanted some fun but you say otherwise
Sat Jul 04 10:38:37 PDT 2015 --  #dontjudgechallenge pic.twitter.com/QQGFpp2qx5
Sat Jul 04 09:46:47 PDT 2015 --  Idol https://twitter.com/MeanCeIebTweets/status/567843626597773312 …
Sat Jul 04 09:34:36 PDT 2015 --  @punkwithmanner4
Sat Jul 04 09:30:19 PDT 2015 --  This bitch already fucked up 4th of July pic.twitter.com/4SFGHDzCu5
Fri Jul 03 19:38:37 PDT 2015 --  @punkwithmanner4 mood pic.twitter.com/AhgkJ6P3E3
Fri Jul 03 15:37:15 PDT 2015 --  JUST stop.
Fri Jul 03 15:36:27 PDT 2015 --  Stop ignoring me.
Fri Jul 03 14:42:46 PDT 2015 --  I'm the one waiting for a text
Fri Jul 03 09:51:28 PDT 2015 --  Trying to help, but the more you don't cooperate, the more I get angry.
Fri Jul 03 09:49:25 PDT 2015 --  "Biggest mistake of me life." Killed me.
Fri Jul 03 09:31:02 PDT 2015 --  Soon.
Fri Jul 03 09:25:37 PDT 2015 --  I wish someone would just accept all of me tbh. All of my past all of my present. And hold me and let me cry all day like that.
Fri Jul 03 08:37:55 PDT 2015 --  Gonna do swim honestly can't wait
Thu Jul 02 19:02:04 PDT 2015 --  J Cole has some real fans pic.twitter.com/K1KczauaNU
Fri Jul 03 00:03:03 PDT 2015 --  When You Tired Of Her Shit But You Know She A Good Woman pic.twitter.com/N9oc3cPIV9
Fri Jul 03 06:33:16 PDT 2015 --  Ran 2 miles... and damn I'm outta shape.
Fri May 29 09:05:36 PDT 2015 --  This is what pollution does ... pic.twitter.com/3n1Suu9ipR
Thu Jul 02 20:48:56 PDT 2015 --  Twitters update is fire
Sun Jun 21 10:02:37 PDT 2015 --  The lunatic of music #SydBarett #pinkfloyd #fetedelamusique #worldmusicday pic.twitter.com/TjaXFHXocZ
Sun Jun 21 11:35:28 PDT 2015 --  The one shy now a #rockgod Alex Turner #fetedelamusique #WorldMusicDay pic.twitter.com/NILba9nfoX
Wed Jul 01 13:26:38 PDT 2015 --  #OTD in '97 Radiohead release their third album, OK Computer. Which is your favorite track from the album pic.twitter.com/uaE31QMPfC
Thu Jul 02 19:30:15 PDT 2015 --  Gotcha
Thu Jul 02 19:28:44 PDT 2015 --  Me!!!
Thu Jul 02 15:18:11 PDT 2015 --  depressed mood.
Wed Jul 01 08:40:02 PDT 2015 --  when u said bye to bae but u already miss them. pic.twitter.com/IyXPmbzfUA
Wed Jul 01 10:00:28 PDT 2015 --  important pic.twitter.com/lV5KM1paJt
Wed Jul 01 17:18:06 PDT 2015 --  how grandma look when she find out your girlfriend can't cook pic.twitter.com/u04L84H3ME
Wed Jul 01 20:05:03 PDT 2015 --  pic.twitter.com/jSLA6XHHIi
Wed Jul 01 20:40:13 PDT 2015 --  For real though why do girls with boyfriends flirt way more than single girls?
Tue Jun 30 13:26:18 PDT 2015 --  Not what you wanna see on your flight pic.twitter.com/kK9mwgo8Ju
Tue Jun 30 08:03:46 PDT 2015 --  damn I need to go to a Drake concert pic.twitter.com/XWGuq0PwDJ
Tue Jun 30 10:53:00 PDT 2015 --  (; https://twitter.com/jimmy_grip/status/615937577703505920 …
Tue Jun 30 10:30:28 PDT 2015 --  @punkwithmanner4 I love you too
Tue Jun 30 10:23:33 PDT 2015 --  @punkwithmanner4 fuck***
Tue Jun 30 10:23:25 PDT 2015 --  @punkwithmanner4 like duck
Tue Jun 30 10:23:17 PDT 2015 --  @punkwithmanner4 because your so hot
Tue Jun 30 10:23:01 PDT 2015 --  I normally don't post pics but new avi. (: pic.twitter.com/WJSgrhpZ1u
Mon Jun 29 22:50:37 PDT 2015 --  I can't handle people like that. Sorry.
Mon Jun 29 19:07:08 PDT 2015 --  #TheModestManagmentAccout
Sun Jun 28 10:36:31 PDT 2015 --  @punkwithmanner4 Check here for the latest updates: http://soc.att.com/1KnL2Nf  Follow/DM your account #, contact #, & time to call. ^CherieB
Sat Jun 06 13:42:49 PDT 2015 --  PLANKTON SINGLEHANDEDLY ROASTED AN ENTIRE FAMILY ON SPONGEBOB. REALEST ON THERE pic.twitter.com/LUM4w1UWEz
Fri Jun 12 08:21:44 PDT 2015 --  When the teacher is reading Dr Seuss and you realize Seuss was spitting Straight Flames pic.twitter.com/VNCP1BPJHB
Sun Jun 14 07:39:30 PDT 2015 --  SALUTE to Fetty Wap bruh pic.twitter.com/KlwNMeVFTh
Sun Jun 14 10:42:54 PDT 2015 --  This will never get old http://vine.co/v/OLVH0vtpmvW 
Mon Jun 15 11:07:36 PDT 2015 --  THIS WILL NEVER GET OLD pic.twitter.com/CZj47tXVOu
Tue Jun 16 12:10:25 PDT 2015 --  This video always makes me feel happy http://vine.co/v/MDx677jzJa2 
Wed Jun 17 11:38:42 PDT 2015 --  When you accidentally hit your girl pic.twitter.com/dEUuq6Q29a
Fri Jun 19 08:52:25 PDT 2015 --  Not even the Police are safe http://vine.co/v/ei5qdEijTAm 
Sun Jun 21 10:08:34 PDT 2015 --  shit took me like an hour pic.twitter.com/d2EjlNXXax
Sun Jun 21 09:25:39 PDT 2015 --  She hates but loves me pic.twitter.com/2ibSLcZSgv
Thu Jun 18 01:45:41 PDT 2015 --  THIS NEVER GETS OLD http://vine.co/v/OUEFJZQmzQz 
Sat Jun 20 20:25:26 PDT 2015 --  @punkwithmanner4 thank you good sir
Sat Jun 20 20:08:23 PDT 2015 --  They back tho pic.twitter.com/aZpPAH2r0L
Sat Jun 20 19:07:06 PDT 2015 --  @punkwithmanner4 @Coolio_Athena now is a time I wish I was hanging w yall
Fri Jun 19 01:28:27 PDT 2015 --  I can admit, I'm a different person now than I was a year ago
Wed Jan 28 12:13:16 PST 2015 --  When you hold one girl down and chase success at the same time. pic.twitter.com/ZCwfWZ70BP
Fri Jun 19 18:41:33 PDT 2015 --  Gonna start saving for 1D's next tour
Fri Jun 19 18:12:57 PDT 2015 --  I'm gonna go die pic.twitter.com/d3AnoEF7Gr
Fri Jun 19 18:09:58 PDT 2015 --  One Direction shot steal my girl in Palmdale C.A and I missed it
Fri Jun 19 11:16:05 PDT 2015 --  @punkwithmanner4 I love you too
Sat Jun 13 15:53:55 PDT 2015 --  I missed this pic.twitter.com/e49v8Ba2dn
Sat Jun 13 20:22:45 PDT 2015 --  I found it pic.twitter.com/NZWBmAytI2
Sun Jun 14 11:26:35 PDT 2015 --  I miss you @punkwithmanner4 pic.twitter.com/b444z4mpky
Sun Jun 14 19:35:25 PDT 2015 --  Sister knows what's up #tb pic.twitter.com/DPkPRii7WG
Wed Jun 17 23:09:09 PDT 2015 --  Yes I would. No mater the size of the ring as long as we have a great relationship tbh I don't need a ring pic.twitter.com/v3OO7wKTA7
Thu Jun 18 08:22:40 PDT 2015 --  I'm sitting on theses hoes like pic.twitter.com/nl8GI4nSOs
Thu Jun 18 20:34:35 PDT 2015 --  His shirt pic.twitter.com/UnfWzC5e1T
Thu Jun 18 14:45:16 PDT 2015 --  This is inspirational pic.twitter.com/F4Zl74WGmt
Wed Jun 17 15:21:34 PDT 2015 --  Slap that booty from 10 feet away pic.twitter.com/szCv1rzDYz
Wed Jun 03 16:27:29 PDT 2015 --  i fell in love with you because of the million things you never knew you were doing
Wed Jun 17 12:07:05 PDT 2015 --  "YOU GONNA BE A BIG SISTER AFTER TONIGHT" pic.twitter.com/zQPfCRLzrU
Wed Jun 17 10:39:37 PDT 2015 --  Tap to pick LBJ next team. It's fun. http://vine.co/v/eeplv23e5YM 
Sun Mar 29 17:06:48 PDT 2015 --  My girlfriend is not allowed to leave the house after an argument. If she needs a break, she gonna have a kit kat.
Wed May 06 17:34:47 PDT 2015 --  My girl sat down in this chair so I beat the shit out of it Ain't no one else getting close to dat ass accept for me pic.twitter.com/RlxLktZ1Pc
Sat May 09 17:30:28 PDT 2015 --  My girlfriend isn't allowed to drink any energy drinks. Wtf u need energy for? To get the strength to leave me? NOT TODAY
Wed May 13 12:21:58 PDT 2015 --  My girlfriend isn't allowed to use salt or pepper. The hell she tryin to spice her life up for? She already has me!
Sun May 17 17:13:43 PDT 2015 --  My girl is not allowed to laugh at other guys jokes. You better call me and we'll decide if it's really funny
Tue Jun 09 16:14:31 PDT 2015 --  My Girlfriend Not Allowed To eat Gushers. The only thing Gussin in her Mouth is me!
Fri Jun 12 16:33:54 PDT 2015 --  My Girlfriend Is Not Allowed To go outside. I already brighten your day. TF you need sunlight for?
Tue Feb 24 19:23:29 PST 2015 --  My girl not allowed to twerk... only thing she should be clapping is her hands... in church, thanking Jesus that she met me
Sun May 24 17:25:42 PDT 2015 --  RULE #52: IF THE TEACHER FORGETS THE HW, JUST SHUT UP
Sun May 24 22:11:47 PDT 2015 --  RULE #56: DONT KISS AFTER SHE SWALLOWS
Tue May 26 09:35:39 PDT 2015 --  RULE #58: STOP BRAGGING ABOUT WHO YOU FUCK
Wed May 27 16:05:18 PDT 2015 --  RULE #65: DONT WEAR EMOJI CLOTHING
Thu May 28 12:44:49 PDT 2015 --  RULE #69: DONT BE THAT DIPSHIT WHO LAUGHS WHENEVER YOU HEAR '69'
Sat May 30 11:16:11 PDT 2015 --  RULE #76: IF J. COLE IS PLAYING, DO NOT SKIP
Tue Jun 02 12:46:38 PDT 2015 --  RULE #93: CLOSE YOUR MOUTH WHEN YOU CHEW
Tue Jun 02 19:48:18 PDT 2015 --  RULE #97: STOP WITH THE MUTHAFUCKIN WHIP & NAE NAE
Tue Jun 02 20:03:19 PDT 2015 --  RULE #98: DONT DRAKE AND DRIVE
