Fri Aug 28 13:42:09 PDT 2015 --  *puts a date from several days ago 2 imply to teachers that i am a diligent student who knows how 2 manage my time wisely*
Fri Aug 28 13:42:05 PDT 2015 --  *starts paper the night b4 its due*
Thu Aug 27 12:33:14 PDT 2015 --  I want wings
Thu Aug 27 12:22:02 PDT 2015 --  Financially Aid should be denied or revoked if you have a hipster manbun.
Thu Aug 27 10:25:09 PDT 2015 --  I hate going on Facebook now bc it's all about the latest dumb shit Donald Trump has said.
Tue Aug 25 22:03:45 PDT 2015 --  I wanna go to shwings (shrimp and wings)
Tue Aug 25 12:36:43 PDT 2015 --  @sal_padilla I read it and was like what? Then I read it outloud and I was like "Bwauhahaha!!!"
Tue Aug 25 09:38:34 PDT 2015 --  Me 70% of the time at Triton. pic.twitter.com/GvFxux0WyU
Tue Aug 25 09:30:45 PDT 2015 --  THANK GOD I TRANSFER NEXT SEMESTER.
Tue Aug 25 09:28:24 PDT 2015 --  I NEED A 20 PIECE CHICKEN NUGGET MEAL RN. STAT!!!
Tue Aug 25 09:19:46 PDT 2015 --  Hi I'm sal and I'm bring sandwiches to the picnic and something run I did over the summer... Go to California. ( this is some hs shit)
Tue Aug 25 09:07:14 PDT 2015 --  I wish these were made up
Tue Aug 25 09:07:00 PDT 2015 --  "Hi my name is ??? And Im here to become successful." Teacher: ok whats ur major Kid: idk I just want to successful. Me: Bruhhh #triton
Tue Aug 25 09:05:08 PDT 2015 --  "Hi my name is ??? but you can call me "Filo" and I'm here to prove everyone wrong." Me: #triton
Tue Aug 25 09:03:51 PDT 2015 --  "Hello, my name is &:&:&@ and I'm currently working on getting my association in science.....or whatever you call it!" Me: Bruhhh
Mon Aug 24 19:33:29 PDT 2015 --  Dame esta noche
Mon Aug 24 15:53:54 PDT 2015 --  Mhmm WIU???
Mon Aug 24 14:09:39 PDT 2015 --  Lifesource is thirster for blood than Edward from Twilight
Sun Aug 23 13:37:58 PDT 2015 --  Watching Twitter drama like
Sun Aug 23 13:09:28 PDT 2015 --  If she can flip the tortillas without complaining because they're hot. She's a keeper.
Sat Aug 22 12:31:20 PDT 2015 --  Picking my fall schedule is like picking how many times I want to sit in a class and contemplate killing myself.
Sat Aug 22 00:30:32 PDT 2015 --  This week
Wed Aug 19 11:52:21 PDT 2015 --  Three hr wait to see a counselor. Nahh fuck that.
Tue Aug 18 18:15:28 PDT 2015 --  Charge ya phones!!!
Tue Aug 18 12:04:53 PDT 2015 --  When I die don't throw/put flowers on my coffin. Throw chicken nuggets and spicy chicken sandwiches from Wendy's.
Mon Aug 17 09:15:13 PDT 2015 --  Bitch better have my tamales.
Mon Aug 17 08:19:28 PDT 2015 --  "It was nice talking with ya." Me: " yeah me too." **face palm
Mon Aug 17 08:18:24 PDT 2015 --  When your talking and suddenly say something stupid that doesn't make sense and ur like "what did I just!??"
Mon Aug 17 08:17:17 PDT 2015 --  I want to open my own restaurant in white neighborhoods and sell huevo con weenies, huevo con tortillas, and huevo con chorizo. Lol
Mon Aug 17 07:48:09 PDT 2015 --  Im like slice my throat and die-happy that school starts in a week.
Mon Aug 17 07:45:55 PDT 2015 --  Is Jay Sean a poor mans Jason Derulos??
Mon Aug 17 07:13:14 PDT 2015 --  The motivated part tells me to wake up and go to the gym but the sleepy lazy part says "You fucking crazy waking up at 5am to go to the gym"
Mon Aug 17 06:13:16 PDT 2015 --  Ugh Monday.....
Sun Aug 16 21:07:47 PDT 2015 --  Well I think that's what I want
Sun Aug 16 21:04:18 PDT 2015 --  Help?
Sun Aug 16 21:04:11 PDT 2015 --  Is a sleeve still a sleeve of you get the tattoos on ur leg???
Sun Aug 16 13:22:08 PDT 2015 --  Place me in a coma til the radio stop playing "Cheerleader".
Sun Aug 16 11:25:04 PDT 2015 --  There needs to be a bed emoji. @apple
Sat Aug 15 22:56:16 PDT 2015 --  And found possible BAE.
Sat Aug 15 22:55:25 PDT 2015 --  Im at that point where Im happy with my life shits been going great, done dealing neg. ppl, excited to deal with others, and doing fun shit
Sat Aug 15 18:10:49 PDT 2015 --  "My phone is dry someone text me.! " Apparently so is your vag.
Sat Aug 15 11:40:50 PDT 2015 --  Wanna be at the beach not at work.
Sat Aug 15 11:04:36 PDT 2015 --  Shrimp and hot wings seem like the perfect meal or the perfect way to get food poisoning
Thu Aug 13 18:03:58 PDT 2015 --  I thought drag me down was gonna have some electronic style in it.
Thu Aug 13 16:16:53 PDT 2015 --  Ehhhhhhh
Thu Aug 13 16:15:08 PDT 2015 --  I need to win the lottery tomorrow so I can finally get an apartment for myself in the city.
Thu Aug 13 14:27:59 PDT 2015 --  I'm ready for autumn weather but not autumn responsibilities.
Thu Aug 13 09:36:13 PDT 2015 --  Like nigga I'm paisa don't try to bullshit me, guey.
Thu Aug 13 09:31:55 PDT 2015 --  I hate when fellow Hispanics use the bullshit think of "I don't speak English" just to get their way.
Wed Aug 12 21:27:20 PDT 2015 --  Today at the beach: " those are cute dogs. What's their names?" "Kylie and Kendall"
Wed Aug 12 21:26:15 PDT 2015 --  Contemplating if I should a hobo living in the lake bc it's great being there all day.
Wed Aug 12 08:50:44 PDT 2015 --  Like that shit ain't cute.
Wed Aug 12 08:50:11 PDT 2015 --  It's funny how society now glorifies jealously and shit in relationships.
Mon Aug 10 22:42:15 PDT 2015 --  
Mon Aug 10 22:34:46 PDT 2015 --  Kylie got a Ferrari from Tyga and y'all bitches man can't even take you to Olive Garden for unlimited breadsticks.
Mon Aug 10 21:22:04 PDT 2015 --  Are celebs that under paid that they need to do those cheapass tea detox posts on Instagram?
Mon Aug 10 15:56:18 PDT 2015 --  So I missed work bc of jury duty but they gave me $25 check.
Mon Aug 10 06:03:48 PDT 2015 --  Becky G tho
Mon Aug 10 06:01:51 PDT 2015 --  But the amount of taco places ðŸ¾ðŸ¾ðŸ¾
Mon Aug 10 06:00:27 PDT 2015 --  Trying to find a Starbucks in little village is hard.
Sun Aug 09 12:32:50 PDT 2015 --  Checks bank account statement and see.. *starbucks *mcds *dairy queen *jimmy johns *subway *panera And repeat this 3x
Sat Aug 08 10:07:12 PDT 2015 --  I'm gonna Lasik by 26
Sat Aug 08 09:17:28 PDT 2015 --  Or both
Sat Aug 08 09:17:10 PDT 2015 --  Or maybe I'm just ugly.
Sat Aug 08 09:16:56 PDT 2015 --  I feel like eye centers have mirror that make you look like shit.
Fri Aug 07 13:54:42 PDT 2015 --  DAIRY QUEEN!!!!!!!!!!!!!!!!!!!!!
Thu Aug 06 16:57:00 PDT 2015 --  Life goals Have my own industrial looking studio apartment in the city.
Wed Aug 05 23:15:59 PDT 2015 --  IDFWU
Wed Aug 05 23:12:28 PDT 2015 --  can't find them
Wed Aug 05 23:12:16 PDT 2015 --  When ur about to knock out and you feel a 2 centipedes one on each leg. Brotha sleeping on the couch. Fuck that
Tue Aug 04 16:07:52 PDT 2015 --  Me miras diferente Me abrazas y no siento tu calor Te digo lo que siento Me interrumpes y terminas la oración Siempre tienes la razón
Tue Aug 04 16:05:55 PDT 2015 --  #tbt Corre by Jesse y Joy
Mon Aug 03 15:31:56 PDT 2015 --  Ugh Dumb Comcast.
Sat Aug 01 16:49:16 PDT 2015 --  #Lifegoals having a 24/7 Dairy Queen in my kitchen.
Sat Aug 01 15:24:07 PDT 2015 --  A bit jelly of ppl at Lolla.
Fri Jul 31 09:58:36 PDT 2015 --  https://twitter.com/thefunnyteens/status/627149472368316416 …
Fri Jul 31 09:57:39 PDT 2015 --  Am I the only one who thinks that?
Fri Jul 31 09:57:19 PDT 2015 --  Sometimes """ " is creepy so I just put ":)"
Thu Jul 30 23:25:06 PDT 2015 --  Wait that was his comeback? The fuq?
Thu Jul 30 22:40:13 PDT 2015 --  FYI I finally fucking done with my 3hr math class.
Thu Jul 30 22:38:00 PDT 2015 --  Sorry professor I couldnt study for this final. I am just so affected from this new war New war?? Yeah! *plays "wanna know" by meek
Thu Jul 30 22:31:37 PDT 2015 --  And Rob Kardashian is every guys Tuesday Transformation goal. ... But in reverse? Present to past.
Thu Jul 30 22:30:15 PDT 2015 --  Is it safe to assume that Khloe Kardashian is every girls Tuesday transformation goal?
Thu Jul 30 22:18:46 PDT 2015 --  Like chill ur on fuckin tinder lets be real it's a fuckin joke of an app.
Thu Jul 30 22:18:31 PDT 2015 --  I like when ppl on tinder put on their bio. Bs like "I dont play games, dont try to fool me..Blah blah"
Mon Jul 27 16:11:50 PDT 2015 --  How fired would I be for slapping a hoe??
Sat Jul 25 13:32:33 PDT 2015 --  Discovery looks like it's for the thoty.
Sat Jul 25 09:42:04 PDT 2015 --  Mi cuerpo pide rumba Hasta que salga el sol Hasta que salga el sol
Fri Jul 24 18:15:31 PDT 2015 --  "Treat me like a waiter. Ur gonna get served."
Fri Jul 24 14:37:30 PDT 2015 --  "Once you go black, no decent white man will take you back!"
Wed Jul 22 13:29:30 PDT 2015 --  Drake warned me about you.
Wed Jul 22 12:35:32 PDT 2015 --  !!!!
Wed Jul 22 12:35:26 PDT 2015 --  I want bdubs!!!!!!!!!!!
Tue Jul 21 09:44:01 PDT 2015 --  My life is a constant battle between taking naps and having responsibilities.
Mon Jul 20 21:18:40 PDT 2015 --  Anahi tho>>
Mon Jul 20 09:10:37 PDT 2015 --  "I'm here to help ur ass not kiss it."
Mon Jul 20 07:32:51 PDT 2015 --  It's lord of the flies all over again.!
Mon Jul 20 07:32:31 PDT 2015 --  Maze runner the movie is bullshit how you kill the lovable fat kid in the last 2 minutes of the movie.
Mon Jul 20 07:30:29 PDT 2015 --  I not gonna be one of those "modern parents" my kid does something wrong his ass is getting whooped
Sun Jul 19 09:18:39 PDT 2015 --  "Cause when I cape I forget about the haterz it's just me and my dope ass clouds."
Sun Jul 19 09:07:23 PDT 2015 --  Menards is like a Leyden reunion store that also sells home improvement shit
Sun Jul 19 09:04:33 PDT 2015 --  Dad: Go tell him what I want. Me:ok...., but what FUCK do u want???
Sun Jul 19 08:51:52 PDT 2015 --  Its funny how my parents suddenly forget English at times and need me to "translate"
Sat Jul 18 15:25:06 PDT 2015 --  Raise ur hand if ur tired of minion memes with dumb life quotes.
Sun Jul 05 09:25:39 PDT 2015 --  this is devastating. #whatarethose pic.twitter.com/yZKy86NpFk
Fri Jul 17 10:04:18 PDT 2015 --  Portillos at this time is always horribly packed
Mon Jul 13 10:39:33 PDT 2015 --  This why I need to move to LA.
Mon Jul 13 10:39:16 PDT 2015 --  Shit this dude met Jennifer Lawrence.
Sat Jul 11 16:52:57 PDT 2015 --  I'm not doing this again
Sat Jul 11 11:36:07 PDT 2015 --  Ugh.
Fri Jul 10 16:48:46 PDT 2015 --  #irrelevant
Fri Jul 10 16:47:06 PDT 2015 --  Like "las ghettos" dicen "imma do me, you do you!!"
Fri Jul 10 16:46:15 PDT 2015 --  Yo drama is whatever to me.
Fri Jul 10 15:35:51 PDT 2015 --  The 2000 series one.
Fri Jul 10 15:23:08 PDT 2015 --  15 years later and I barely got hooked on the xmen movies.
Thu Jul 09 09:11:00 PDT 2015 --  "How you gon' lie when I got wifi?!"
Thu Jul 09 07:23:41 PDT 2015 --  9am and I'm already craving like all fast food rn
Wed Jul 08 20:35:04 PDT 2015 --  Trying to finish an essay on water crisis and some how ends up watching a documentary about college just being a conspiracy for $.
Wed Jul 08 19:21:09 PDT 2015 --  You need to be worried about why you keep wearing that tired half phony tail instead of America's health. @ArianaGrande
Wed Jul 08 10:36:22 PDT 2015 --  Needs new jeans and tees
Wed Jul 08 10:23:52 PDT 2015 --  Lmao to that Ariana Grande vid where she acts like a total b.
Tue Jul 07 06:14:55 PDT 2015 --  If college was full of projects, models, posters shit. My ass would be an A++++ student.
Mon Jul 06 21:42:31 PDT 2015 --  Please don't do the don't judge challenge people.
Sun Jul 05 18:45:00 PDT 2015 --  Chiquilin for President.
Sat Jul 04 16:36:40 PDT 2015 --  Can you play the national anthem?? Plays Party in the USA.
Sat Jul 04 13:54:02 PDT 2015 --  This michelada>>
Sat Jul 04 13:07:30 PDT 2015 --  "So what's today's plan?" "Get drunk!.....mean spend it with family!"
Fri Jul 03 16:35:31 PDT 2015 --  I wish I was walking distance from the lake. So I could go for runs.
Fri Jul 03 11:01:02 PDT 2015 --  I don't wanna look paisa af tho.
Fri Jul 03 11:00:30 PDT 2015 --  Wanna go Zayn bald? But idk if that's a good idea.
Fri Jul 03 10:59:38 PDT 2015 --  ...*drops everything and travels the world
Fri Jul 03 10:58:42 PDT 2015 --  I have plans if I ever win the lottery.
Thu Jul 02 15:34:39 PDT 2015 --  #TweetSomethingYouGetAlot "Leave or I'm calling the cops!!."
Thu Jul 02 15:29:21 PDT 2015 --  "You remind me of Benny from Sandlot ..Thanks!?!
Thu Jul 02 08:48:57 PDT 2015 --  -ish
Thu Jul 02 08:48:52 PDT 2015 --  50/50 chance that by the end of the day I will be bald.
Mon Jun 29 11:41:35 PDT 2015 --  NBC just dumped Donald Trump for good. http://trib.al/igKWhH8  pic.twitter.com/uXzqMpdzc1
Mon Jun 29 10:44:15 PDT 2015 --  **Correction anybody with a Mariano's gift card. (Over $25)
Mon Jun 29 10:38:09 PDT 2015 --  Will marry anyone with a Costco membership.
Sun Jun 28 14:20:00 PDT 2015 --  I wanna be perry the platypus for halloween.
Sat Jun 27 17:42:06 PDT 2015 --  I like how white ppl take northlake days serious.
Sat Jun 27 12:32:28 PDT 2015 --  My speedometer on my car stopped working but with that rpm filter on snapchat I should be fine.
Sat Jun 27 11:32:40 PDT 2015 --  Damn 2015 is half over?? Whaaaa???
Sat Jun 27 00:43:08 PDT 2015 --  I need like 30 shots rn.
Fri Jun 26 20:21:43 PDT 2015 --  Legalize free college now
Thu Jun 25 20:24:30 PDT 2015 --  Got a feeling that I'm going under But I know that I'll make it out alive If I quit calling you my lover Move on
Thu Jun 25 05:56:20 PDT 2015 --  3 hrs later. up again.
Thu Jun 25 00:20:14 PDT 2015 --  Sometimes I when read sad tweets I'm like "pendeja you asked for it." Ya feel!??
Thu Jun 25 00:16:35 PDT 2015 --  But psych tho> Is a good ass show
Thu Jun 25 00:14:48 PDT 2015 --  I shouldn't of watched 3 hrs of psych and actually done this essay which is due in 6 hrs.
Thu Jun 25 00:11:39 PDT 2015 --  Ahh okkkk........... *Tippytoes out of this situation
Wed Jun 24 23:18:39 PDT 2015 --  GURL he's gonna cheat on you again and then ur social media friends have to read ur sad shit depressing shit allll over again.
Tue Jun 23 16:43:15 PDT 2015 --  I still don't see the purpose of buying a 1500 civic and then wasting 1000s to "fix it up".
Mon Jun 22 21:17:22 PDT 2015 --  When is my ruby rose moment happen?
Sun Jun 21 12:06:14 PDT 2015 --  I need another part time job so I can afford to pay for music
Sun Jun 21 12:04:13 PDT 2015 --  Touch you once, my fingers go numb Hold my breath one second too long
Sat Jun 20 12:00:43 PDT 2015 --  "Don’t want to grow up I want to get out Hey! Take me away."
Thu Jun 18 18:05:10 PDT 2015 --  Emphasis on course"S" Math and Rht Pinche Pendejo soy
Thu Jun 18 17:59:01 PDT 2015 --  Chapter one. Dumbass took summer courses.
Thu Jun 18 17:58:34 PDT 2015 --  Cause I'm an idiot: Autobiography of Sal Padilla.
Wed Jun 17 16:41:40 PDT 2015 --  I regret taking English and math summer class rn. Just second week in.
Tue Jun 16 15:59:37 PDT 2015 --  Twenty one pilots after show ground floor tickets 130. Kinda would pay that tbh.
Tue Jun 16 11:18:12 PDT 2015 --  I wanna go see Jurassic park
Tue Jun 16 09:55:13 PDT 2015 --  Jp
Tue Jun 16 09:55:03 PDT 2015 --  Damn Hurricane Carlos hit Illinois hard.
Mon Jun 15 18:52:00 PDT 2015 --  Duncan!!!!!
Mon Jun 15 15:19:46 PDT 2015 --  Can someone order a sub from Jimmy johns to D building. I'll love you long time.
Mon Jun 15 15:18:28 PDT 2015 --  Stuck inside of triton without an umbrella or wallet to buy me some food.
Mon Jun 15 15:14:58 PDT 2015 --  It's 2015 and I still have to lick envelopes shut.
Wed Jun 10 12:11:27 PDT 2015 --  Attitude like Kanye, feelings like Drake.
Wed Jun 10 11:13:02 PDT 2015 --  Pretty much their whole new album.
Wed Jun 10 11:09:37 PDT 2015 --  Stressed out: Twenty one pilots
Tue Jun 09 22:25:03 PDT 2015 --  I need new friends who are down for that shit.
Tue Jun 09 22:18:41 PDT 2015 --  Spring awakening this week
Tue Jun 09 17:26:14 PDT 2015 --  Nightmare
Mon Jun 08 15:59:31 PDT 2015 --  Can classes be cancelled already due to the weather
Mon Jun 08 13:31:57 PDT 2015 --  You can't let beans touch the rice, yet you'll suck a D.
Mon Jun 08 11:43:19 PDT 2015 --  Ahh I forgot I start summer classes today
Mon Jun 08 11:42:10 PDT 2015 --  I want anything red velvet rn.
Mon Jun 08 08:33:46 PDT 2015 --  Is it a-ddress or ad-dress??
Mon Jun 08 08:04:58 PDT 2015 --  "The more you know!"
Mon Jun 08 08:04:24 PDT 2015 --  I like coffee in the morning but it doesn't like me... Aka it makes me get the shits.
Sat Jun 06 18:28:58 PDT 2015 --  So don't want to be home hoy.
Fri Jun 05 13:29:03 PDT 2015 --  All these new FBI airport security plans kind of make me wonder porque??
Thu Jun 04 19:01:34 PDT 2015 --  When it hits you that you start summer classes next week.... *puts hands on my chest
Thu Jun 04 17:27:22 PDT 2015 --  Phone fixed! Shout out to Jesse Gay for saving mah nudes!
Thu Jun 04 15:39:22 PDT 2015 --  "Are my nudes saved on the cloud?"
Thu Jun 04 15:38:53 PDT 2015 --  Rip iPhone
Wed Jun 03 14:04:44 PDT 2015 --  Today is a salsa station day.
Tue Jun 02 08:24:19 PDT 2015 --  ... And fruta, pepinos, maybe a elote.
Tue Jun 02 08:22:39 PDT 2015 --  And a torta and horchata.
Tue Jun 02 08:21:36 PDT 2015 --  I need some tacos in my life today, asap.
Mon Jun 01 10:34:17 PDT 2015 --  Broccoli cheddar soup will always be bae.
Sun May 31 19:27:08 PDT 2015 --  When family comes over & they lecture me about not getting married or some1 prego Like tell me 1 more time & imma do it for u 2 shut up
Thu May 28 18:41:24 PDT 2015 --  "Was that awkward contact or were we checking eachother out." Book by Sal Padilla
Thu May 28 17:28:17 PDT 2015 --  Deuces comcast.
Tue May 26 08:31:59 PDT 2015 --  I die a little every time Tray Queen is played.
Sun May 24 18:55:55 PDT 2015 --  Why is there no food in this establishment?
Sat May 23 17:55:05 PDT 2015 --  Lowkey I want one.
Sat May 23 17:54:47 PDT 2015 --  The number of white guys with the hipster man buns... Is too damn high.
Tue May 19 19:20:15 PDT 2015 --  My ass in seconds would so move over tho
Tue May 19 19:19:20 PDT 2015 --  LA is a mixture of Chicago, little village, Melrose park and maywood.
Tue May 19 19:15:52 PDT 2015 --  Note to self: next time you come to LA Bring more clothes... And ur northface.
Sun May 17 15:06:21 PDT 2015 --  Crossing my fingers Jimmy Kimmel & Twenty One pilots on Tuesday!!
Sat May 16 20:49:29 PDT 2015 --  **starts researching universities in LA.
Thu May 14 15:03:55 PDT 2015 --  "Why, you want a hug for? You said goodbye already!" Lmao this girl
Thu May 14 15:02:53 PDT 2015 --  Lmao I love seeing when girls reject a creepy guys hug.
Thu May 14 13:50:57 PDT 2015 --  I could ditch waiting for my counselor and head to the mall to buy more clothes.
Thu May 14 13:50:08 PDT 2015 --  Holy cow testicles only 1 day.
Thu May 14 13:49:19 PDT 2015 --  2 days and I'm out this bitch!!
Thu May 14 13:43:38 PDT 2015 --  "It's gonna be an hour and half to see the counselors." **drops out of college
Thu May 14 12:41:00 PDT 2015 --  These loans ain't loyal.
Wed May 13 18:42:49 PDT 2015 --  **15 years later.. "No mom, my grades still haven't been posted."
Wed May 13 07:41:48 PDT 2015 --  Wake me up when it's 1030 so I go buy chicken nuggets. Thx
Mon May 11 15:06:28 PDT 2015 --  I wanna start reading more but idk what's good besides: Arthur, magic school bus, series of unfortunate events, among the hidden, and HP.
Mon May 11 14:58:28 PDT 2015 --  Kanye totally paid for that degree.
Mon May 11 11:13:01 PDT 2015 --  Sleepy bc I'm starving.. Sleepy bc I'm pigged out..
Mon May 11 10:51:57 PDT 2015 --  Mhmm I could buy a keurig or use that $100 to get me like 25 coffees.
Mon May 11 08:11:20 PDT 2015 --  Need to go to the field museum.
Sat May 09 10:39:54 PDT 2015 --  When ur just relaxing at home shirtless and looking like crap and out of nowhere like 50 relatives show up.
Sat May 09 09:11:17 PDT 2015 --  Anyone heard of jungle juice? Looks great.
Fri May 08 14:43:29 PDT 2015 --  Habits hasn't got old for me.
Fri May 08 08:21:48 PDT 2015 --  "don't be a basic bitch. Don't be a basic bitch..." *"hi, welcome to Starbucks!"
Thu May 07 12:30:03 PDT 2015 --  Every school should ban- Nike high top socks, with cargo shorts and dressy shirts bc NO ONE LIKES A FUCKBOY.
Thu May 07 12:26:58 PDT 2015 --  They were like: "ahh, look at them try. That's cute.."
Thu May 07 12:23:48 PDT 2015 --  Why didn't Leyden ban booty shorts?? Bc no one really had a nice ass to werk the booty shorts, so they were cool with it.
Wed May 06 19:51:35 PDT 2015 --  remember in our preteens/teens all mainstream music had rock influence.
Wed May 06 12:23:47 PDT 2015 --  But yeah that movie was a let down
Wed May 06 12:23:29 PDT 2015 --  Your just like Shrek 4: forever after... ... A big mistake.
Wed May 06 12:05:53 PDT 2015 --  Ugh the struggle of either going to the gym or napping rn.
Wed May 06 12:00:15 PDT 2015 --  Ppl hate Zayn now??
Wed May 06 11:57:24 PDT 2015 --  "Do something strange to get the change." Last Wise words by a coworker who I intern with.
Tue May 05 15:53:59 PDT 2015 --  Summary of work 2day Dr late bc he got a flat Xray tech late bc she got lost PA late bc she got stuck rounding
Tue May 05 11:43:22 PDT 2015 --  "Hey why are you leaving rn, ur scheduled til 4." "Its cinco de mayo, cabron." *puts my sombrero on and rides away on my inflatable donkey
Mon May 04 15:32:55 PDT 2015 --  Egoísta
Mon May 04 15:18:36 PDT 2015 --  No Bae #27 don't leave.
Mon May 04 11:29:46 PDT 2015 --  So I guess today you guys are broken up. No pos ta cabron
Mon May 04 11:23:27 PDT 2015 --  Been eating Arrachera for 3 days. #idkwhattofeelaboutit
Sun May 03 16:00:03 PDT 2015 --  I want portillos. :/
Sat May 02 21:28:51 PDT 2015 --  All about Pacquiao
Sat May 02 18:54:25 PDT 2015 --  What's going on today besides the premier of the new Rush Hour?
Sat May 02 10:44:51 PDT 2015 --  I'm 100% sure that if I was rich I would be the happiest person in the world.
Fri May 01 14:49:34 PDT 2015 --  Mexicans unite- la India Maria has died #rightinthechildhood
Fri May 01 05:04:58 PDT 2015 --  White Girl: hey Sal so I'm going to Mexico this summer?? Me: ahh really where??? White: Dominican Republic Me: ................. *flatlines
Wed Apr 29 18:11:35 PDT 2015 --  I been trying to do a resume since 4.
Wed Apr 29 18:00:14 PDT 2015 --  So novela memes are a thing. Well buckle your seatbelts ladies and gents.
Wed Apr 29 17:52:13 PDT 2015 --  @jayaIlday @Brenda_Herrera2 @Nactzielic @sal_padilla lmfao. Bye felicias.
Wed Apr 29 15:02:57 PDT 2015 --  I wish I lived in a abandoned building were I can crank the volume of my music, so loud that for that moment I 4get of everything & everyone
Wed Apr 29 00:13:47 PDT 2015 --  Im giving it my all, but I'm not the guy youre taking home, ooo
Wed Apr 29 00:13:44 PDT 2015 --  Im in the corner, watching you kiss him, ohh Im right over here, why cant you see me, ohh
Wed Apr 29 00:11:02 PDT 2015 --  Somebody said u got a new friend Does he love u better than I can Theres a big black sky over my town I know where youre at I bet hes around
Wed Apr 29 00:08:47 PDT 2015 --  Dancing on my own.
Tue Apr 28 15:11:09 PDT 2015 --  U basic if you have Ohana or hakuna matata tattoo. #Sorrynotsorry
Tue Apr 28 11:33:13 PDT 2015 --  If I was in those riots, my mom would of been there in her night gown smacking me with one of her chanclas. Venteando la madre.
Tue Apr 28 09:10:32 PDT 2015 --  To win me over you just need to know how to make huevo con wienes or huevo con chorizo.
Tue Apr 28 08:39:18 PDT 2015 --  I want a calavera tattoo.
Tue Apr 28 08:15:51 PDT 2015 --  iOS has like 500 new emojis but no taco.
Tue Apr 28 08:04:02 PDT 2015 --  ..Then I preceded to grab her soft beautiful hands and whispered the 3 words she was yearning for.. "It's Taco Tuesday.."
Tue Apr 28 07:23:21 PDT 2015 --  Sings "Earned it by The Weeknd", while point that my dick.
Mon Apr 27 15:36:57 PDT 2015 --  I'm so over being back at Triton this summer.
Mon Apr 27 15:35:57 PDT 2015 --  "So let me get this straight wait I’m the rookie But my features and my shows ten times your pay. 50k for a verse no album out!"
Mon Apr 27 15:23:44 PDT 2015 --  Cecily Strong killed it at the Correspondents Dinner
Sun Apr 26 21:59:26 PDT 2015 --  *drops mic https://twitter.com/chlldhoodruiner/status/592541925103804417 …
Sun Apr 26 12:23:25 PDT 2015 --  You cute, I should let you guys fuckup my cell acct more often to come and see you.
Sat Apr 25 16:43:29 PDT 2015 --  Officer: are you aware how fast you were going? Me: Well my snapchat selfie says 65 mph… Officer: omg add me
Sat Apr 25 14:44:14 PDT 2015 --  Holy donkey balls, Kate Upton was born in 1992.
Sat Apr 25 11:57:26 PDT 2015 --  Lowkey Netflix needs to add nóvelas to their library.
Sat Apr 25 10:26:13 PDT 2015 --  They're making money.
Sat Apr 25 10:24:37 PDT 2015 --  Can I drop and just join a south Korean boy band?
Thu Apr 23 20:18:48 PDT 2015 --  Occupation: Fuckboi
Wed Apr 22 10:03:50 PDT 2015 --  Lol they can tell I'm Mexican bc my ass is drinking pepino Gatorade haha
Wed Apr 22 10:02:55 PDT 2015 --  Twenty one pilots playing at the hospital.
Tue Apr 21 11:12:46 PDT 2015 --  Lol you know your ass lives in a 1st world country when your nightmare is that you broke ur iPhones screen.
Mon Apr 20 11:52:53 PDT 2015 --  ..4/20: International day of smoking weed... How you let know when it's international day of eating Hot Cheetos then I'll care.
Mon Apr 20 07:14:57 PDT 2015 --  "Oh yeah 4/20 bro!!!" "STFU, no one gives a fuck" -Public Service Announcement
Sun Apr 19 22:09:45 PDT 2015 --  Gotta hit the gym hard so I can be ready for Cali next month.
Sun Apr 19 19:07:33 PDT 2015 --  I need to write a book with all my insults and sarcastic comments
Sun Apr 19 16:54:47 PDT 2015 --  What was the book we read about that fat kid who gets killed?? Me: Lord of the mockingbirds. Me: lmao wait no, nvm
Sun Apr 19 13:38:59 PDT 2015 --  Lady: So how many sons do u have Mom:Just the youngest Mom:Saved the best for last Sis:HEY, I heard u!! Love the sexist Mexican culture
Sun Apr 19 13:36:45 PDT 2015 --  Sometimes at work or in general I wish I can transform into sassy black woman bc there ruthless and their comebacks are hilarious.
Sat Apr 18 22:57:23 PDT 2015 --  You sexy piece of shit.
Sat Apr 18 11:30:21 PDT 2015 --  *Insert basic ass quote tweet about how I'm sensitive and different than all the other guys to get chicks.
Sat Apr 18 11:20:16 PDT 2015 --  I might have chest hair but I still take sausage.
Fri Apr 17 15:35:57 PDT 2015 --  Me flirting: "Can stop thinking about you" Me: "Try harder"
Fri Apr 17 08:19:35 PDT 2015 --  Sounds dumb but sometime I'm driving and totally forget watching my speed.
Thu Apr 16 22:55:18 PDT 2015 --  "Why does Kylie Jenner even need to darken her skin isn't she dark enough already standing in her sisters shadow."
Thu Apr 16 22:45:50 PDT 2015 --  Hearing the same song like 100 times today bc is stuck deep inside my head.
Thu Apr 16 15:20:46 PDT 2015 --  Now you're running your mouth but there's nothing that can slow me down.
Wed Apr 15 15:31:05 PDT 2015 --  Insert Sugar lyrics
Wed Apr 15 14:20:28 PDT 2015 --  I like how triton counselors force you to make an appt just to answer an easy question
Wed Apr 15 09:55:43 PDT 2015 --  Okayyyyyyyyyyyyyyyyyyyy
Wed Apr 15 09:55:28 PDT 2015 --  "Oh your hair looks so shiny and healthy.. Its all the avocado that you must eat." "I dont like avocado." "But your Mexican, right??"
Wed Apr 15 09:48:43 PDT 2015 --  "Oh, don't worry it's your 1st day but this station isn't hard." *Something fucks up and I have to do 3 times the work.
Wed Apr 15 09:45:25 PDT 2015 --  Being in a hospital OR is a weirdly awesome.
Tue Apr 14 11:26:18 PDT 2015 --  "A quien le avisasteis cabrón."
Tue Apr 14 11:21:58 PDT 2015 --  We've come a long way from where we began Oh, I'll tell you all about it when I see you again When I see you again
Tue Apr 14 11:21:53 PDT 2015 --  It's been a long day without you, my friend And I'll tell you all about it when I see you again
Tue Apr 14 10:54:57 PDT 2015 --  So I need to go to Dubai at least one time in my lifetime
Mon Apr 13 16:23:23 PDT 2015 --  6th glass protector broken in 4 months.
Mon Apr 13 14:33:05 PDT 2015 --  Mexican Probz: Pozole spilling all over your backpack.
Mon Apr 13 14:11:39 PDT 2015 --  Growing out my hair in respect of Zayn passing.
Mon Apr 13 12:41:55 PDT 2015 --  Ok it was sounded better in my head. Lol
Mon Apr 13 12:37:21 PDT 2015 --  I'm out *drop mic
Mon Apr 13 12:36:08 PDT 2015 --  Qual familia tiene muchas tierras???.. Los "Con-terras".
Mon Apr 13 10:34:20 PDT 2015 --  Wanna make me sad.. Out of know where play See you again by Wiz.
Sun Apr 12 23:38:54 PDT 2015 --  If you participate in those sausage freestyles.. "your nasty" (in Clevelands voice).
Sun Apr 12 13:29:15 PDT 2015 --  Actually all I want is to watch the entire fast and furious collection.
Sun Apr 12 13:27:05 PDT 2015 --  All I wanna do today is- nothing.
Sun Apr 12 00:33:04 PDT 2015 --  My testosterone level after watching furious 7
Sun Apr 12 00:03:44 PDT 2015 --  Furious 7
Sat Apr 11 14:56:31 PDT 2015 --  Goes to Target for yogurt.....*buys 6 shirts.
Sat Apr 11 13:01:01 PDT 2015 --  Is a girl our age a Thot if she gets prego my her "bf", accidentally??
Sat Apr 11 12:54:02 PDT 2015 --  Girls/Girls/Boys
Sat Apr 11 12:40:54 PDT 2015 --  Now I need my hair to grow out.
Sat Apr 11 12:40:35 PDT 2015 --  Finally found a new hair style...
Sat Apr 11 10:59:23 PDT 2015 --  Craving an elote,fruta in a cup, pepinos..
Fri Apr 10 12:40:26 PDT 2015 --  Goodbyes suck.
Fri Apr 10 08:50:30 PDT 2015 --  How do guys fit in Miatas?
Fri Apr 10 08:43:30 PDT 2015 --  Wearing all black and listening to Panic at the Disco. Throwback to being a 7th grader.
Fri Apr 10 08:32:57 PDT 2015 --  I need to stop buying black clothes, but they always look better in black.
Thu Apr 09 23:42:44 PDT 2015 --  Almost two am listening to PATD.
Thu Apr 09 20:20:38 PDT 2015 --  Those Instagram ppl who always had good selfies even back years ago and then there's me a potato...
Thu Apr 09 20:03:25 PDT 2015 --  I just wanted a middle finger emoji.
Thu Apr 09 20:03:02 PDT 2015 --  Was it really necessary for Apple to make diverse emoji? Just proof that ppl make shit of anything.
Thu Apr 09 20:00:58 PDT 2015 --  Can you buy note cards by the box?? #Needacostcocard #collegeproblems
Thu Apr 09 19:02:02 PDT 2015 --  If I had lots of money I would pay radio stations and Bruno Mars millions to never play Uptown funk again.
Thu Apr 09 19:00:32 PDT 2015 --  When I like a new song I replay it 1000s of times til get tried of it and never listen to it for months
Thu Apr 09 07:20:24 PDT 2015 --  Retweet tweet- of be saying the weather is a metaphor of how foggy my future is..
Wed Apr 08 20:07:43 PDT 2015 --  
Wed Apr 08 20:07:23 PDT 2015 --  *swipes thru 100s of emoji just to find 1.
Mon Apr 06 12:57:42 PDT 2015 --  The academic smart side of me says to sign up for summer classes, but the lazy dumb side says nah.
Mon Apr 06 09:05:02 PDT 2015 --  Is it safe to say that Zayn left 1D bc even he thought their music was bad??
Mon Apr 06 08:40:42 PDT 2015 --  I need to find me a suga momma or cougar to financially support me, so I can be a trophy husband and drop everything.
Mon Apr 06 08:38:19 PDT 2015 --  I am in mood to deal with idiots and rude ass people today.
Mon Apr 06 08:33:36 PDT 2015 --  Ugh, spring break was such a tease. Back with dealing with school and work. -.-
Sun Apr 05 12:54:38 PDT 2015 --  Last day waking up @ 2.
Sat Apr 04 11:35:57 PDT 2015 --  Someone teach me to dance the Selena- techno Cumbia song. Lbs
Fri Apr 03 15:02:51 PDT 2015 --  "WHO THE FUCK ARE YOU??" "HER FAIRY GODMOTHER, BITCH!"
Fri Apr 03 13:24:26 PDT 2015 --  LMAO there's two dog humping in front of a elementary school. Hahaha
Fri Apr 03 12:06:56 PDT 2015 --  You're wearing a "Dope" hat. "But lie detector determined that in fact is a lie." *Maury voice
Thu Apr 02 20:12:16 PDT 2015 --  Someone just asked me if I was middle eastern... I'll take this as a note to lay off the tanning for a while.
Wed Apr 01 20:50:39 PDT 2015 --  STOP SHOVING FURIOUS 7 DOWN MY THROAT!!!
Wed Apr 01 14:48:02 PDT 2015 --  I wanna go to field museum and or Shedd Aquarium.
Wed Apr 01 14:30:29 PDT 2015 --  We survived winter 2015.
Wed Apr 01 11:34:15 PDT 2015 --  It's my spring break and I'm here waking up at 130.
Wed Apr 01 11:33:39 PDT 2015 --  Myles is cool name. Like why couldn't my parents name me that.
Tue Mar 31 22:31:27 PDT 2015 --  Louis XIII and it's all on me, nigga you just bought a shot
Tue Mar 31 22:25:00 PDT 2015 --  Ohhh right, the poison. The poison for Kuzco. The poison chosen specially to kill Kuzco. Kuzco's poison.
Tue Mar 31 19:42:59 PDT 2015 --  Ugh stupid apple
Tue Mar 31 15:15:45 PDT 2015 --  Kamikaze if you think that you gon' knock me off the top..
Tue Mar 31 15:13:05 PDT 2015 --  Hey mama?!?
Tue Mar 31 13:09:21 PDT 2015 --  The Bieber roast
Mon Mar 30 22:12:50 PDT 2015 --  Parents "Would you want to go to Cali?" Me: Fucking yes *looks for tickets
Mon Mar 30 21:39:37 PDT 2015 --  I need ppl who are down for fall out boy/spring awakening this summer.
Mon Mar 30 18:31:32 PDT 2015 --  Bitch better get my money is a horrible song but still catchy.
Mon Mar 30 18:04:32 PDT 2015 --  "Tell me why you deserve the scholarship." *takes off clothes, sexually
Mon Mar 30 13:54:19 PDT 2015 --  So there's a new procedure using a laser that can make your eyes turn blue for $5000 bucks.. Sounds shallow af but like I would be down
Mon Mar 30 12:12:35 PDT 2015 --  Yes my spring break has good weather
Mon Mar 30 06:12:51 PDT 2015 --  I snoozed my alarm thinking that today was Sunday. -.-
Sun Mar 29 19:09:16 PDT 2015 --  The Jeep renegade is trying to hard to be hipster.
Sun Mar 29 18:56:25 PDT 2015 --  You're always haunted with the idea that your wasting your life.
Sun Mar 29 18:49:11 PDT 2015 --  Holy fuck, pls don't recognize me.
Sun Mar 29 17:05:59 PDT 2015 --  Iggy ain't that bad.
Sun Mar 29 15:44:11 PDT 2015 --  This would be the perfect time for my parents to tell me that they are really the leaders of the Cartel de Jalisco. #CollegeSearching
Fri Mar 27 22:20:08 PDT 2015 --  pic.twitter.com/U9SMjRov0J
Fri Mar 27 05:50:56 PDT 2015 --  Scratch that summer.
Fri Mar 27 05:50:39 PDT 2015 --  So ready for spring break.
Thu Mar 26 19:55:27 PDT 2015 --  Yolo / Iosdo
Thu Mar 26 19:53:02 PDT 2015 --  How gay is it if i order the birthday cake frappe from Starbucks??
Thu Mar 26 19:51:25 PDT 2015 --  But ahh the extra $ and social networking of the hospital.
Thu Mar 26 19:50:31 PDT 2015 --  But ugh ain't trying to be having two jobs in the summer.
Thu Mar 26 19:50:05 PDT 2015 --  I think just got a second job...
Thu Mar 26 18:11:57 PDT 2015 --  It only gets better if you want it to.
Thu Mar 26 13:40:53 PDT 2015 --  "Do you have some spare change?" "Do you have some spare scholarships??"
Wed Mar 25 17:52:22 PDT 2015 --  What does two black tattooed line around your lower bicep mean?.. Besides that you watch Teen Wolf.
Wed Mar 25 14:26:03 PDT 2015 --  Lmao what a welcome back to Triton a couple having a loud ass fight in front of everyone
Wed Mar 25 13:44:50 PDT 2015 --  A third of the talent but I'm cheap.
Wed Mar 25 13:44:27 PDT 2015 --  Sooo Simon Cowell, Zayn and I have pretty much the same hair cut. I could take his place and be the Mexican one.
Wed Mar 25 04:14:04 PDT 2015 --  Lollapalooza this year, niggas!!
Tue Mar 24 22:03:50 PDT 2015 --  No shame that I'm studying to Nsync station.
Tue Mar 24 21:26:38 PDT 2015 --  You might have been hurt, Bae. That ain't no lie.
Tue Mar 24 19:52:00 PDT 2015 --  pic.twitter.com/cakm0px55Z
Tue Mar 24 14:37:30 PDT 2015 --  "Oh?!, your Hispanic. I thought you were a Jew." <--- lady at work today.
Tue Mar 24 14:36:38 PDT 2015 --  If its true that Kanye will be performing at Lollapalooza this year its gonna be a let down for me. I'm not paying 300 to listen 2 a douche
Tue Mar 24 10:54:53 PDT 2015 --  Lollapalooza this year.. Yes?!?
Tue Mar 24 08:31:29 PDT 2015 --  It's hard to be better than you... You set the bar really low.
Mon Mar 23 21:45:02 PDT 2015 --  Everybody must call you Smuckers because your ass is jelly.
Mon Mar 23 15:33:08 PDT 2015 --  I will so marry anyone who can make broccoli cheddar soup.
Mon Mar 23 11:12:22 PDT 2015 --  UGH,break over.
Mon Mar 23 10:56:31 PDT 2015 --  Next week better be good weather bc I on vacay from school and work.
Mon Mar 23 10:55:33 PDT 2015 --  
Sun Mar 22 19:04:34 PDT 2015 --  OMG break up already! - everyone
Sun Mar 22 17:35:32 PDT 2015 --  UIC or EIU
Sat Mar 21 16:05:02 PDT 2015 --  Limit ur slutty pics to two. Don't make yourself look easy.
Sat Mar 21 16:03:08 PDT 2015 --  Don't post pic from last week and of you 3 years ago. ITS OBVIOUS
Sat Mar 21 16:02:06 PDT 2015 --  Putting ur insta or Twitter username is stretchy.
Sat Mar 21 16:01:16 PDT 2015 --  Tinder already states ur age so don't write it.
Sat Mar 21 16:00:39 PDT 2015 --  Bible quotes on a tinder profile is ironic
Sat Mar 21 15:59:42 PDT 2015 --  You have group pics make sure it's one that makes you seem the most attractive
Sat Mar 21 15:59:06 PDT 2015 --  Limit Artsy pics to 2.
Sat Mar 21 15:58:35 PDT 2015 --  Your profile can't be all group pics.
Sat Mar 21 15:58:13 PDT 2015 --  The next series of tweets are my Tinder tips and advice.
Fri Mar 20 22:50:25 PDT 2015 --  Holy fuck 740 applied but only 38 seats available!! Ahh
Thu Mar 19 21:15:44 PDT 2015 --  All my sentences include 1 or more of the following: *Fuck *Fuck you/'em *Fucking bullshit/shit *Fucking Douche/bitch *Fuck Off *Fucker
Thu Mar 19 18:47:34 PDT 2015 --  I need to get tints on my car asap.
Thu Mar 19 17:52:45 PDT 2015 --  I'm really not trying to hear Jesus' word unless he can help me with studying for my midterm. #starbucksproblems
Thu Mar 19 14:20:40 PDT 2015 --  Why would my mom buy roasted chicken from kfc?? We're Mexican if we want roasted I'll go to Tony's, farmers,Fernandez etc.
Thu Mar 19 13:41:58 PDT 2015 --  " @sal_padilla: I NEED A VACATION!!!" Nos vamos a Mexico con @Brenda_Herrera2 in the summer. #squad lol
Thu Mar 19 13:53:51 PDT 2015 --  Do all homeless people get their begging same from the same place/person??
Thu Mar 19 10:15:06 PDT 2015 --  I NEED A VACATION!!!
Wed Mar 18 20:06:23 PDT 2015 --  Lost in the rock roll.
Wed Mar 18 14:33:50 PDT 2015 --  Driving the escalade in the city. Worst mistake of my life.
Tue Mar 17 19:35:03 PDT 2015 --  I always feel like I run like a retard on the treadmill.
Tue Mar 17 18:57:17 PDT 2015 --  Seagrams are good stop lyin'.
Tue Mar 17 18:40:24 PDT 2015 --  Why is COD last to go on Spring break? I need it!!
Tue Mar 17 14:34:49 PDT 2015 --  I want some churros.
Mon Mar 16 18:11:31 PDT 2015 --  So I have to remember 81 instruments by Friday. Like fuck me right?!!
Mon Mar 16 14:12:13 PDT 2015 --  Today would be perfect to run by the lake.
Mon Mar 16 08:42:54 PDT 2015 --  Wants Arrachera!.
Mon Mar 16 05:13:55 PDT 2015 --  Shout out to all the people who will be a work or school all day, so they won't be enjoying the "75*" degree weather.
Mon Mar 16 04:56:03 PDT 2015 --  I always see ppl waiting to donate blood/plasma . Like how do they get paid for it?? Maybe I can afford a university of I donate weekly.
Mon Mar 16 03:46:57 PDT 2015 --  Drop the bass, man, the bass get lower Radio say, "Speed it up", I just go slower
Sun Mar 15 16:32:20 PDT 2015 --  People make fun of other people who take selfies in public but I reality they have balls to do it like idgaf.
Sun Mar 15 16:14:22 PDT 2015 --  When ur selfie is on point but the app freezes and doesn't save :/ #Souglyimademyphonecrash
Sun Mar 15 15:39:01 PDT 2015 --  Theiry're
Sun Mar 15 12:36:05 PDT 2015 --  I wanna like joggers but they look total douche bag.
Sun Mar 15 12:10:48 PDT 2015 --  "You still haven't done your confirmation!." "It's cool, it's not like I gonna get married any time soon."
Sun Mar 15 11:59:29 PDT 2015 --  I haven't paid 100 bucks for shoes since 8th grade.
Sat Mar 14 22:05:36 PDT 2015 --  En la oscuridad.
Sat Mar 14 17:23:27 PDT 2015 --  How is it 7, already?? I need a nap.
Sat Mar 14 11:50:35 PDT 2015 --  Someone's name is actually Autumn Flowers. Like legit.
Fri Mar 13 23:32:56 PDT 2015 --  I sneezed on the beat and the beat got sicker.
Fri Mar 13 23:32:48 PDT 2015 --  Drop the bass, man, the bass get lower Radio say, "Speed it up", I just go slower High like treble, puffin' on them mids
Fri Mar 13 16:20:34 PDT 2015 --  Chicago where we wear just shorts and tees while there is still some snow in the ground.
Fri Mar 13 14:24:03 PDT 2015 --  Yeah no......
Thu Mar 12 13:41:55 PDT 2015 --  Goes to the mall to buy spring clothes Wastes 100 bucks on winter shit bc it's on sale
Wed Mar 11 14:27:32 PDT 2015 --  The trouble with trouble is, it starts out as fun.
Wed Mar 11 10:23:11 PDT 2015 --  Ironic that you love being in the sun; when you act all shady.
Tue Mar 10 14:37:16 PDT 2015 --  You're cute and you know it.
Tue Mar 10 08:20:32 PDT 2015 --  Its hard 2 4got how good u made me feel. I havent had you for months but I cant stop thinking about u & what we had. 2 my dear Arrachera
Tue Mar 10 07:39:39 PDT 2015 --  The weather is as clear as my future.
Mon Mar 09 15:53:01 PDT 2015 --  Yo if the shoe fits.
Mon Mar 09 15:05:13 PDT 2015 --  And treating ppl like cheap shit.
Mon Mar 09 15:03:13 PDT 2015 --  I'm an asshole with the heart of gold. And by heart of gold I mean- I like expensive shit.
Mon Mar 09 11:35:06 PDT 2015 --  Can I just go home and watch reruns of that 70 show on my bed. :/
Mon Mar 09 11:32:17 PDT 2015 --  It's hard to trust a nurse when she describes a medical condition as "thingy".
Mon Mar 09 11:23:00 PDT 2015 --  Seeking a career where I'm allowed to say, "Listen here bitch!"
Sun Mar 08 21:03:58 PDT 2015 --  I have no idea what I'm doing?? Today.? No, in life, in general.!
Sun Mar 08 20:56:48 PDT 2015 --  Mientra el te compra flores yo compro condones... HUU!
Sun Mar 08 15:50:37 PDT 2015 --  American beauty / American Psycho
Sun Mar 08 15:49:34 PDT 2015 --  Shakira is the perfect female specimen.
Sun Mar 08 13:55:31 PDT 2015 --  "You always park all crooked." "Learned from you, you taught me." *Gets hit by a chancla.
Sat Mar 07 15:40:44 PST 2015 --  We were born to run Cali here from. Escape from nowhere USA.
Fri Mar 06 21:56:07 PST 2015 --  Cumbias Sonideras
Fri Mar 06 19:37:11 PST 2015 --  "What time are you getting home?" "Idk, don't wait up." *starts walking away *Gets hit with the Chancla.
Fri Mar 06 09:17:13 PST 2015 --  Why do you always change "kfc" to "not" iPhone?
Fri Mar 06 05:42:22 PST 2015 --  How does Starbucks run out of chocolate chips??
Thu Mar 05 15:03:24 PST 2015 --  .... Say something I'm giving up on school
Thu Mar 05 15:01:11 PST 2015 --  Girl whose birthday is today: "OMG, like I dont even want to check my Fb bc its gonna crazy just messages." *... Rolls eyes
Thu Mar 05 13:32:49 PST 2015 --  "It's my birthday don't yell at me!" "Idgaf, bitch!"
Wed Mar 04 20:44:43 PST 2015 --  *interacts with people Takes four hour nap
Wed Mar 04 15:42:09 PST 2015 --  Ladies dump a guy who would rather buy those plastic G shock over any leather watch. He acting like he still on that HS fufu lame shit. Js
Wed Mar 04 15:33:16 PST 2015 --  Let me hit it in the whip like I was Chris Brown.
Tue Mar 03 07:59:27 PST 2015 --  Need to find ppl who are down to go to music festivals this summer. I don't want no fufu lame shit.
Tue Mar 03 07:55:54 PST 2015 --  Bc work always has B96 playing I literally can sing you any of the played songs word by word.
Tue Mar 03 07:50:02 PST 2015 --  Can everyone just cancel, so I can go home and sleep??
Mon Mar 02 15:11:42 PST 2015 --  Anti-tattoo people say: "Your body is like a temple, dont ruin it w/ tattoos." Like people wouldnt worship a temple w/ a mural of 2 dragons
Mon Mar 02 11:12:09 PST 2015 --  That kid has his life more planned out than me a 20 year old college student.
Mon Mar 02 11:11:09 PST 2015 --  This 10 year old boy came to shadow the doctor because his dream is to became a heart surgeon.
Mon Mar 02 11:09:40 PST 2015 --  Am I the only one that doesn't know how to check their overall Gpa on Tritons Website?
Mon Mar 02 11:05:12 PST 2015 --  I need someone to draw a tattoo idea for me.
Sun Mar 01 22:24:36 PST 2015 --  You're lucky your cute.
Sun Mar 01 17:29:15 PST 2015 --  She wants to dance like Uma Thurman Bury me till I confess She wants to dance like Uma Thurman And I can’t get you out of my head
Sat Feb 28 13:28:21 PST 2015 --  "Let's drink every time someone is a Bitch!"
Sat Feb 28 13:26:43 PST 2015 --  No Lifesource I do not want to donate my blood again. Stop calling me everyday.
Fri Feb 27 18:46:42 PST 2015 --  Happy Birthday, @sal_padilla! Minions: http://youtu.be/bJ7B9x027uc 
Thu Feb 26 17:47:51 PST 2015 --  "Yeah this place pays less but theyre lenient with calling off" Me:"fuck that I rather get paid more and not be able to call off repeatedly
Thu Feb 26 14:51:59 PST 2015 --  You make it hard on people when ur tinder is all group pics.
Wed Feb 25 19:55:54 PST 2015 --  Thug life more like Ugh life.
Tue Feb 24 20:44:37 PST 2015 --  Why doesn't planet fitness have Wifi?? What is this 1988??
Tue Feb 24 19:23:24 PST 2015 --  "Oh, Are those the Yeezus sneakers??" "Yeah! " *unfriends you for life
Tue Feb 24 19:18:05 PST 2015 --  To Do List: Yo gurl.
Mon Feb 23 21:23:52 PST 2015 --  IDK. Asking someone "so what are you into?". Is just a weird question.
Mon Feb 23 14:37:23 PST 2015 --  I still don't know how tinder works.
Mon Feb 23 13:04:04 PST 2015 --  Just wanna go home and watch Psych.
Sun Feb 22 17:10:52 PST 2015 --  "I will now read his illest tweets."
Sun Feb 22 17:07:26 PST 2015 --  FYI, In my funeral want people to read my most favorited and retweeted tweets and Instagram post.
Sun Feb 22 15:24:42 PST 2015 --  Currently looking for an investor that will fund my idea of opening "La Michoacana platería" in downtown Elmhurst bc white ppl would love it
Sun Feb 22 13:00:59 PST 2015 --  Who were we b4 Uptown Funk.
Sun Feb 22 12:43:36 PST 2015 --  I got that boom boom boom That future boom boom boom Let me get it now
Sun Feb 22 12:43:31 PST 2015 --  Them chickens jackin my style They try to copy my swagger Im on that next shit now Im so 3008 U so 2000 & late
Sun Feb 22 12:34:30 PST 2015 --  Lol
Sun Feb 22 12:34:24 PST 2015 --  Yoga pants are privilege not a right.
Sat Feb 21 16:42:07 PST 2015 --  The Nike Kaishi look nice.. til you put them on.
Sat Feb 21 16:02:43 PST 2015 --  I want my teeth to be as white as the government.
Sat Feb 21 14:56:34 PST 2015 --  When is Netflix going to get Dog the bounty hunter.?
Sat Feb 21 14:52:18 PST 2015 --  You ft. Ain't shit
Sat Feb 21 01:40:39 PST 2015 --  I think it's time.
Fri Feb 20 22:02:52 PST 2015 --  Use your heelies to escape your feelies.
Fri Feb 20 17:31:27 PST 2015 --  Holy fuck I'm 20 in a few days.
Fri Feb 20 13:48:24 PST 2015 --  Theres lots of fuckboys but whose the fuckdad?
Fri Feb 20 12:59:48 PST 2015 --  How did I waste an entire hour watching 6 second vines??
Fri Feb 20 06:02:26 PST 2015 --  Why doesn't this school have Gatorade??
Fri Feb 20 06:01:42 PST 2015 --  Jesus told the my wheel bc I woke up late af and made it to by 15 mins opposed to the 35 it normally takes me.
Wed Feb 18 20:36:39 PST 2015 --  Okay COD stop playing.
Wed Feb 18 20:09:36 PST 2015 --  Please! Please! Cancel class, Jesus! You are punishing me for eating meat aren't you?!? Haha
