Fri Aug 28 14:29:17 PDT 2015 --  Can't wait to see this one! Michael Ealy . Yum! https://twitter.com/mikemurk4/status/634168721972592640 …
Thu Aug 27 18:07:37 PDT 2015 --  pic.twitter.com/THDuP2DLfY
Tue Aug 25 20:11:24 PDT 2015 --  @stirps1 my boy <3
Tue Aug 25 19:29:17 PDT 2015 --  Just hangin with this guy! pic.twitter.com/HQrnEupOk8
Thu Aug 20 15:55:24 PDT 2015 --  When they don't listen to their mother but listen to their girlfriend. Bye bye beard!
Tue Aug 18 13:18:17 PDT 2015 --  We thank his Momma ðŸ» pic.twitter.com/G7k6Zga6Cr
Fri Aug 14 19:43:13 PDT 2015 --  My momma said post it.. She said "I made you that way n you work hard to stay that way.. Be proud of… https://instagram.com/p/6Yz559Lg-i/ 
Sat Aug 08 07:09:58 PDT 2015 --  Now you're covered when you travel across Alberta with Extended Coverage. Where will you go? pic.twitter.com/yRVFAjemfJ
Thu Aug 13 19:58:13 PDT 2015 --  When the border officer is SO HOT that your friend gets stumped when asked, "what country u from?" Lmao
Sun Aug 09 04:57:42 PDT 2015 --  Optimism is the faith that leads to achievement. Nothing can be done without hope and confidence. -Helen Keller #quotes
Tue Aug 11 20:14:58 PDT 2015 --  Your talent is God's gift to you. What you do with it is your gift back to God. -Leo Buscaglia
Wed Aug 12 01:50:21 PDT 2015 --  Alive Blessed Grateful
Wed Aug 12 08:59:16 PDT 2015 --  Cutest Meditation Video Ever http://www.livehappy.com/practice/cutest-meditation-video-ever …
Sun Aug 09 15:42:07 PDT 2015 --  I'm going with him! pic.twitter.com/oF5tyHyx0b
Sat Aug 08 22:37:49 PDT 2015 --  @stirps1 Obvs babe
Sat Aug 08 22:23:51 PDT 2015 --  An awesome crew.. Great wine...and my kid singing like a boss! Life's good!!!!
Thu Aug 06 14:59:15 PDT 2015 --  its been one full day... just one... and im already missing the Stirpes
Mon Jul 27 19:14:49 PDT 2015 --  Hanging with the inspirational and awesome Gerry Visca! pic.twitter.com/eXtHPpcKBF
Mon Jul 27 14:03:58 PDT 2015 --  Not a chance! @CBS http://www.cbs.com/shows/criminal_minds/news/sme/150/10-things-to-never-say-to-a-criminal-minds-fan/1287/-hey-want-to-go-out-wednesday-night-/ …
Sun Jul 26 15:07:33 PDT 2015 --  One of my favs. So true https://twitter.com/freakytheory/status/622102253378277376 …
Sat Jul 18 10:12:31 PDT 2015 --  pic.twitter.com/u4AF1BFTto
Tue Jul 14 01:21:18 PDT 2015 --  pic.twitter.com/BOZlNXP61t
Sat Jul 25 14:36:34 PDT 2015 --  Life motto: https://twitter.com/rambodonkeykong/status/625054250628972544 …
Sat Jul 25 13:15:55 PDT 2015 --  date day with bae's mum @stirps1 getting our nails beautified
Thu Jul 23 21:21:38 PDT 2015 --  Luv this! https://twitter.com/intthings/status/587549847533649921 …
Wed Jul 22 20:54:20 PDT 2015 --  Hangin with my little sidekick pic.twitter.com/BNxVLpMswI
Wed Jul 22 09:19:38 PDT 2015 --  "How you make others feel about themselves says a lot about you."
Fri Jul 17 20:15:30 PDT 2015 --  the timing of this pic was epic @JacobStirpe pic.twitter.com/g18TRcVWR4
Thu Jul 16 18:12:24 PDT 2015 --  I luv @stacylondon .. So empowering to women! Removing the masks and inspiring woman to recognize their beautiful gifts
Fri Jul 10 08:08:24 PDT 2015 --  Don't forget guys, I still want #freshfacefriday pix! #tgifff!
Thu Jul 16 16:55:59 PDT 2015 --  What's not to luv here? https://twitter.com/giriswant/status/620702460730998784 …
Wed Jul 15 19:53:57 PDT 2015 --  #JazzHands pic.twitter.com/J9iFUNdpI1
Wed Jul 15 19:45:21 PDT 2015 --  #JazzHands pic.twitter.com/Tbb3jN62Cy
Tue Jul 14 20:02:29 PDT 2015 --  Good things come to those who believe, better things come to those who are patient, and the best things come to those who don't give up.
Mon Jul 13 12:06:09 PDT 2015 --  guaranteed to make you smile/laugh pic.twitter.com/lJ8DwQyBLc
Sun Jul 12 19:29:29 PDT 2015 --  Been there https://twitter.com/lovephrase/status/620408568894889984 …
Fri Jul 10 17:08:26 PDT 2015 --  When they do what they pic.twitter.com/o3xRExuVKc
Fri Jul 10 16:51:57 PDT 2015 --  Listening to my kid do his thing and the crowd lovin it! . Life is good!
Thu Jul 09 21:00:41 PDT 2015 --  â€œThey should teach self-love in school.â€
Thu Jul 09 07:30:15 PDT 2015 --  Being positive in a negative situation is not naive. It's leadership.
Thu Jul 09 07:46:09 PDT 2015 --  @stirps1 have a great day ** omg that's so embarrassing!! But anytime xoxo
Wed Jul 08 21:37:43 PDT 2015 --  Happy birthday to my second mom @stirps1 I love u with all my heart have a great
Wed Jul 08 21:09:31 PDT 2015 --  @stirps1 Happy birthday Ang
Wed Jul 08 21:06:23 PDT 2015 --  The boys: "mom!" (Yelling from downstairs) Me: " What?" ( yelling from upstairs) The boys: "HAPPY BIRTHDAY!" Me: "awe"
Wed Jul 08 15:22:23 PDT 2015 --  Beautiful things happen when you distance yourself from negativity.
Tue Jul 07 22:39:09 PDT 2015 --  1:30am = 4 teens + pool volleyball
Mon Jun 22 13:04:33 PDT 2015 --  Before you react, think. Before you quit, try.
Mon Jul 06 18:45:16 PDT 2015 --  Truth https://twitter.com/davidroads/status/618196140257886208 …
Sun Jul 05 22:01:54 PDT 2015 --  When you're happy, you enjoy the music but when you're sad, you understand the lyrics.
Sun Jul 05 20:43:07 PDT 2015 --  Impossible is not a fact, it's an opinion.
Sun Jul 05 20:50:50 PDT 2015 --  Omg so friggin cute!!! https://twitter.com/weloverobdyrdek/status/617890709421436928 …
Sun Jul 05 16:39:33 PDT 2015 --  5yrs old!! Priceless https://twitter.com/nbcagt/status/617804235594465280 …
Sun Jul 05 12:49:46 PDT 2015 --  pic.twitter.com/lNnPujOb4l
Sat Jul 04 12:51:48 PDT 2015 --  Don't change .. pic.twitter.com/qo2EmBxJfX
Sat Jul 04 19:40:33 PDT 2015 --  One number out. #textingfail.
Sat Jul 04 18:31:29 PDT 2015 --  Two badasses on "the puppy rollercoaster!" pic.twitter.com/MA7pHzsWSO
Sat Jul 04 16:50:16 PDT 2015 --  RT if you love your dog pic.twitter.com/xk0t9SfOTZ
Fri Jul 03 21:36:25 PDT 2015 --  How can u go to sleep when this guy's on. Hilarious @jimmyfallon
Wed Jul 01 16:43:14 PDT 2015 --  pic.twitter.com/4hMQyaQbcp
Mon Jun 29 16:18:41 PDT 2015 --  Would just like to remind everyone it's @JacobStirpe 's birthday pic.twitter.com/Xh8lj8OzsZ
Mon Jun 29 07:47:58 PDT 2015 --  a massive happy birthday goes out to my boyfriend @JacobStirpe I love you man, have a narly day
Sat Jun 27 21:52:36 PDT 2015 --  So so cool! https://twitter.com/edsheeran/status/615011584277147648 …
Sat Jun 27 17:48:29 PDT 2015 --  child: *brings up valid point on how parent is wrong* parent: .... parent: i don't like your tone right now
Sat Jun 27 19:50:05 PDT 2015 --  I don't wanna blow your phone up..I just wanna blow your mind
Fri Jun 26 20:37:12 PDT 2015 --  runnin through the 6 with my rights pic.twitter.com/MJ3OHMCavq
Fri Jun 26 13:45:09 PDT 2015 --  #LoveWins
Fri Jun 26 11:21:29 PDT 2015 --  And all I feel..In my stomach is butterflies..The beautiful kind
Thu Jun 25 18:14:04 PDT 2015 --  pic.twitter.com/jni5BoRjCQ
Wed Jun 24 20:15:02 PDT 2015 --  Missing my Lola tonite :-((
Mon Jun 22 14:39:40 PDT 2015 --  Celebrating grad tonite with this beauty. Congrats Alyssa xo pic.twitter.com/QwQ3x4Uqhh
Fri Jun 19 15:10:21 PDT 2015 --  "Children must be taught how to think, not what to think." Margaret Mead #quotes #FathersDay pic.twitter.com/IYsDM1mECO
Fri Mar 27 17:53:59 PDT 2015 --  STEVEN TYLER (singer from Aerosmith) RODE ROCK N ROLLERCOASTER RIGHT BEFORE US pic.twitter.com/B00ryj3DAT
Fri Jun 19 13:39:18 PDT 2015 --  Luv this! https://www.facebook.com/mary.romano.777/posts/10153480553956654 …
Fri Jun 19 10:49:41 PDT 2015 --  when bae isnt feeling well. @JacobStirpe pic.twitter.com/pDFQzeUf67
Fri Jun 19 13:29:23 PDT 2015 --  Omg. Still laughing!! https://www.facebook.com/FunniestEverVideos/videos/751913731549511/ …
Thu Jun 18 20:06:25 PDT 2015 --  Do not listen with the intent to reply, but with the intent to understand. #wisdom
Wed Jun 17 20:29:06 PDT 2015 --  Truth https://twitter.com/lifelimits/status/611374334687506432 …
Tue Jun 16 07:23:44 PDT 2015 --  Barriers https://twitter.com/loveyourmlnd/status/610471869414662144 …
Sun Jun 14 17:36:54 PDT 2015 --  To hear your 17yr old cry in pain....heartwrenching #ballhockeyinjuries
Sun Jun 14 12:41:21 PDT 2015 --  Sorting socks...and more socks... I've never seen so many socks!!
Sun Jun 14 07:24:13 PDT 2015 --  "I'd rather be someone's shot of whiskey than everyone's cup of tea."
Sat Jun 13 19:13:01 PDT 2015 --  Saturday nite with my boys ðŸ¼
Mon Jun 08 03:05:14 PDT 2015 --  â€œBeing real is so very beautiful.â€
Thu Jun 11 19:01:32 PDT 2015 --  pic.twitter.com/MCPPcpxnwI
Wed Jun 10 11:56:07 PDT 2015 --  Spending the day with this beautiful angel pic.twitter.com/Zels12ahva
Tue Jun 09 13:20:02 PDT 2015 --  Never give up on something you really want. It's difficult to wait, but way more difficult to regret.
Tue Jun 09 13:03:03 PDT 2015 --  "You don't have a normal life baby, you have this one." - #GemmaTeller #TellerTuesday #SOA pic.twitter.com/romLdzf2d2
Sun Jun 07 15:51:32 PDT 2015 --  Stuck in Barrie with my boys and my little peanut . Hopefully the 400 clears up soon
Sun Jun 07 08:52:02 PDT 2015 --  #Sunday #reminder. Being a friends doesn't mean you have to solve everything. pic.twitter.com/sSm6uUAQ3b
Sat Jun 06 19:16:06 PDT 2015 --  Runnin' thru the 6ix with my woes! Big ups to @edsheeran for throwin' a little Drizzy in the set @AirCanadaCentre tonight #MLSELive
Sat Jun 06 18:48:24 PDT 2015 --  SO much love for @edsheeran @AirCanadaCentre right now! Ed has the entire crowd singing right back to him! #MLSELive pic.twitter.com/tBduFWfF4y
Sat Jun 06 19:33:37 PDT 2015 --  Words cannot describe how much tonight ruled. @edsheeran, you da man. #EdOnTour2015 #MLSELive pic.twitter.com/aDvQmUR2bS
Sat Jun 06 21:58:23 PDT 2015 --  Seriously sexy #edsheeran pic.twitter.com/hlhPJRIEGB
Sat Jun 06 13:29:07 PDT 2015 --  Load in is almost done for #EdSheeran's show here @AirCanadaCentre tonight! So stoked! #MLSELive #Gear #TourLife pic.twitter.com/ylJPDvoPlr
Sat Jun 06 16:17:22 PDT 2015 --  Ed Sheeran baby!!!! pic.twitter.com/4p0eU5Q9Sd
Sat Jun 06 13:17:32 PDT 2015 --  Ed sheeran in a couple hours with one of my bestfriends @JacobStirpe and his amazing mum @stirps1
Sat Jun 06 05:09:12 PDT 2015 --  Why people don't know the full story of the depression army. pic.twitter.com/Ij53tdAnmI
Mon May 25 10:57:42 PDT 2015 --  Repost from earlier because it's important. "what bullying feels like" a drawing by a 13 year old girl #StopBullying pic.twitter.com/N6Sch4k0U9
Tue Jun 02 23:02:23 PDT 2015 --  pic.twitter.com/nEyudUxNZR
Tue Jun 02 19:25:47 PDT 2015 --  Toronto this weekend baby!!! Can't wait! https://twitter.com/edsheeran/status/605922242006908928 …
Tue Jun 02 13:35:56 PDT 2015 --  If you're tired of starting over, stop giving up
Mon Jun 01 15:39:45 PDT 2015 --  @stirps1 thought so too zia lol
Mon Jun 01 15:46:52 PDT 2015 --  Forehead kisses
Mon Jun 01 07:24:27 PDT 2015 --  â€œWe are addicted to our thoughts. We cannot change anything if we cannot change our thinking.â€
Sun May 31 20:02:09 PDT 2015 --  Truth https://twitter.com/inspowerbooks/status/605192225237135361 …
Sun May 31 19:14:23 PDT 2015 --  You are what you do, not what you say you'll do.
Fri May 29 19:06:32 PDT 2015 --  Got a picture with a celebrity today @JacobStirpe #myernation pic.twitter.com/TlFkMm1JmP
Wed May 27 21:23:28 PDT 2015 --  Shameful https://twitter.com/ericabajermedia/status/603712816563003392 …
Mon May 25 14:52:50 PDT 2015 --  @stirps1 that just made my entire night, love you thank you so much! xo
Sat May 23 15:26:37 PDT 2015 --  Mental illness affects 1 in 5 Canadians. Why aren’t we treating it like any other health-care crisis? http://trib.al/9LUuhU2  #OpenMinds
Sat May 23 20:40:50 PDT 2015 --  so cute. He dropped what he was doing to make to make her feel better http://twitter.com/kyrieluvsyouuu/status/596095424911511554/video/1 …
Fri May 22 15:44:16 PDT 2015 --  @stirps1 you got it girl !!!!! Unconditional !!
Fri May 22 11:42:46 PDT 2015 --  When someone is nasty or treats you badly, don't take it personally. It says more about them than it does about you. pic.twitter.com/VAyYmgnvfG
Tue May 19 21:09:59 PDT 2015 --  Omg Jamie Foxx!!!!
