Thu Aug 27 17:19:16 PDT 2015 --  Why be rude when you can be nude?
Sat Aug 22 09:06:35 PDT 2015 --  So I woke up to this, and you thought you were having a rough morning. #syruplyfe pic.twitter.com/ysVMSnMUn8
Tue Aug 18 17:50:03 PDT 2015 --  RT for Meth FAV for Drake
Fri Aug 14 16:57:02 PDT 2015 --  Fav if you hate wearing condoms.
Wed Aug 12 10:07:35 PDT 2015 --  Get famous with your anus. -9IA
Mon Aug 10 18:00:05 PDT 2015 --  Drakes new album. pic.twitter.com/Uq7qt3xlYa
Sun Aug 09 14:38:40 PDT 2015 --  RT if you love @tacobell
Sun Aug 09 00:03:22 PDT 2015 --  Bad pic but hanging with @WakaFlocka pic.twitter.com/Ma30sDgzIX
Sat Aug 08 23:14:19 PDT 2015 --  It's 2015...if I text you and it's green YOU DONE FUCKED UP
Wed Aug 05 19:24:43 PDT 2015 --  Great photo shoot tonight. Previews soon. Fresh pics are on the way! ðŸ»
Wed Jul 29 14:10:12 PDT 2015 --  If she got her tongue pierced but don't suck dick, what's the point?
Wed Jul 29 13:32:05 PDT 2015 --  Stay weird Iowa.
Fri Jul 24 13:38:22 PDT 2015 --  Fetty Wap be like "wassup girl .-)"
Tue Jul 21 16:50:23 PDT 2015 --  Soup of the day: Tequila.
Mon Jul 20 16:30:28 PDT 2015 --  You can't take it with you... I'm talking of course about my phone in the shower.
Sat Jul 18 19:58:22 PDT 2015 --  RT if you're black. ðŸ¿
Tue Jul 14 16:39:42 PDT 2015 --  pic.twitter.com/Fdxe5f9WWy
Thu Jul 16 14:43:22 PDT 2015 --  Face ðŸ» Ass ðŸ»
Tue Jul 14 16:51:37 PDT 2015 --  RT if you didn't pee your pants today.
Tue Jul 14 15:35:28 PDT 2015 --  Chicken Pot Pie. Probably 3 of my favorite things.
Sun Jun 14 21:17:44 PDT 2015 --  Pull over, lemme see your license and your vagina
Mon Jul 06 17:15:06 PDT 2015 --  RT for left Fav for right pic.twitter.com/euDzJUOOH4
Sat Jul 11 18:44:22 PDT 2015 --  DJ's BJs ðŸ¼
Sat Jul 11 12:09:27 PDT 2015 --  Great minds drink alike.
Thu Jul 09 13:25:13 PDT 2015 --  WHO!??? MIKE JONES!!!
Fri Jul 10 07:08:08 PDT 2015 --  pic.twitter.com/uU7yeb5J8s
Sun Jun 14 18:25:57 PDT 2015 --  Remember catch STD's not feelings.
Mon Jun 08 12:54:28 PDT 2015 --  Remember back in the day when your phone battery use to last for several days?
Sat May 30 15:40:47 PDT 2015 --  Album artwork is in! pic.twitter.com/NZrKPJJhBc
Sat May 30 10:53:55 PDT 2015 --  "Two chicks at the same time." pic.twitter.com/LTfX4NHG4Q
Sun May 17 01:13:50 PDT 2015 --  RT if you crystal meth
Fri May 15 17:55:43 PDT 2015 --  pic.twitter.com/pY7w3CRYnO
Mon May 11 13:42:33 PDT 2015 --  50 shades of Gary. pic.twitter.com/hWTlw1L0cs
Sat May 09 15:49:19 PDT 2015 --  Never put faith in fuck boys.
Sun May 03 07:05:04 PDT 2015 --  @StrictlySyrup sticks together
Sat May 02 08:28:55 PDT 2015 --  Fav if you hate Nickleback.
Wed Apr 29 13:12:44 PDT 2015 --  Too soon? pic.twitter.com/oov8GbW7xJ
Sat Apr 25 00:34:23 PDT 2015 --  Love when you get that perfect level of drunk. Really good to function, but totally fucked in the head aka me rn.
Wed Apr 22 16:50:38 PDT 2015 --  Need a +1 for a wedding in June in Iowa. Any takers?
Sat Apr 18 16:30:36 PDT 2015 --  Girls that send nudes >>> girls who don't.
Mon Apr 13 12:56:21 PDT 2015 --  Why do black ppl hate @macklemore so much?
Fri Apr 10 13:10:10 PDT 2015 --  RT if you're single af.
Fri Apr 03 14:23:17 PDT 2015 --  When it doubt send a dick pic.
Sat Mar 28 17:30:22 PDT 2015 --  Well it's no @ChipotleTweets but dammit @pancheros you sure do try. pic.twitter.com/kKaRr3iMsI
Thu Mar 26 17:00:21 PDT 2015 --  RT if ur black.
Mon Mar 23 19:32:44 PDT 2015 --  Fun Tip: Fuck off
Thu Mar 19 19:10:07 PDT 2015 --  #TBT @StrictlySyrup @DJHuNTz pic.twitter.com/Q4VC7FBpUX
Tue Mar 17 17:25:01 PDT 2015 --  I just want to fuck with you.
Mon Mar 16 19:56:08 PDT 2015 --  Send help pls. pic.twitter.com/TI27RGvTNb
Thu Mar 12 13:38:59 PDT 2015 --  Hoes will be hoes.
Wed Mar 11 17:23:45 PDT 2015 --  How I feel everyday. pic.twitter.com/MKaCA0Vm2c
Wed Mar 04 19:39:17 PST 2015 --  Can it be the weekend already??
Sat Feb 28 11:46:24 PST 2015 --  pic.twitter.com/ZVM0XR8RzX
Mon Feb 23 19:00:00 PST 2015 --  Who's in? pic.twitter.com/QR3URjLoYV
Tue Feb 17 14:55:53 PST 2015 --  Broke another zipper. #BigDickProblems
Fri Feb 13 16:33:21 PST 2015 --  The club can't even handle me right meow.
Thu Feb 12 19:53:13 PST 2015 --  Fifty shades of... pic.twitter.com/1xoFzgQoFB
Wed Feb 11 14:47:49 PST 2015 --  i reallyyyy want hash browns right now
Fri Feb 06 18:06:12 PST 2015 --  Nutt in her eyes so she can't see other niggas.
Sun Feb 01 10:06:21 PST 2015 --  I really don't like wearing pants.
Sun Feb 01 12:45:31 PST 2015 --  When you lose your mom in Walmart pic.twitter.com/O9cZNWENsh
Sun Feb 01 10:01:44 PST 2015 --  Retweet this if you're single
Sat Jan 31 15:39:23 PST 2015 --  I only smoke Super Bowls.
Fri Jan 30 17:30:10 PST 2015 --  50 shades of ur a fuckboy.
Mon Jan 26 17:57:54 PST 2015 --  Blood is thicker than water but Syrup is thicker than blood. #TheFamily
Sun Jan 25 10:30:41 PST 2015 --  Fav if you like anal
Wed Jan 14 05:47:16 PST 2015 --  pic.twitter.com/YAQV49t11t
Fri Jan 16 21:51:11 PST 2015 --  Anyone up? Hmu.
Thu Jan 01 11:00:14 PST 2015 --  RT if you're single as fuck
Thu Jan 01 09:21:06 PST 2015 --  new year, same idgaf attitude
Wed Dec 31 15:00:14 PST 2014 --  #NYE2015 pic.twitter.com/6a9C5u0kuc
Wed Dec 31 14:04:14 PST 2014 --  New year. Same me.
Wed Dec 31 11:50:23 PST 2014 --  Where did 2014 go?
Sat Dec 27 12:28:22 PST 2014 --  Happy Holidays The Wests pic.twitter.com/bByZtrweGt
Thu Dec 25 16:55:16 PST 2014 --  The last tinder I did before I leave the country.....(I'm really good at tinder) pic.twitter.com/EyGmqELJJa
Tue Nov 04 19:25:42 PST 2014 --  If I wasn't me I'd date myself.
Mon Dec 22 08:56:34 PST 2014 --  Great to be with family for the holidays
Sun Dec 21 18:54:16 PST 2014 --  Taco Bell is love, Taco Bell is life.
Sun Nov 16 08:47:30 PST 2014 --  Fillin the tub with lean pic.twitter.com/B27tuUBUAs
Tue Dec 16 13:53:50 PST 2014 --  Eating spaghetti while driving is the hardest thing
Mon Dec 15 14:01:02 PST 2014 --  #IDFWU
Sat Dec 13 20:00:08 PST 2014 --  The best part about getting drunk is the part where I stopping giving a fuck
Thu Nov 27 13:16:13 PST 2014 --  zzzzzzzzzz;g; sg]dlmf;
Sat Dec 13 00:38:04 PST 2014 --  Chilling with @CheselHawk because why not. #DJDeeznutz
Fri Dec 12 15:08:43 PST 2014 --  i'm not turning it down. nope.
Wed Dec 10 14:41:56 PST 2014 --  drop ya glasses, shake ya asses
Mon Dec 08 13:54:08 PST 2014 --  Make everyday the best day of your life
Sun Dec 07 11:59:11 PST 2014 --  Full of tacos. Thank you @tacobell
Thu Nov 27 11:33:27 PST 2014 --  Happy Thanksgiving. #trippinontryptophan
Sun Nov 23 10:11:26 PST 2014 --  Have a great Sunday
Sat Nov 22 09:14:07 PST 2014 --  pic.twitter.com/tch86MRpdp
Sat Nov 15 19:10:03 PST 2014 --  RT to spread the word pic.twitter.com/ZSLJJ4U9Dn
Sat Nov 15 18:36:09 PST 2014 --  duck u so hard
Fri Nov 14 15:16:34 PST 2014 --  Happy birth @travisbarker
Sat Nov 01 19:03:49 PDT 2014 --  #HALLOWEEN2014 pre party @dominos pic.twitter.com/2pkUcHs4J0
Sat Nov 01 18:40:16 PDT 2014 --  The turnup is going to be on a whole new level tonight @ElevenLoungeMC #HALLOWEEN2014
Mon Jul 28 16:54:20 PDT 2014 --  This is all I need pic.twitter.com/jIGQ4N4cDF
Sun Oct 12 10:12:19 PDT 2014 --  if u don't like me that sucks for you cause I'm over here not giving a fuck lol
Sat Oct 11 15:47:30 PDT 2014 --  not smiling makes me smile
Mon Oct 06 19:42:26 PDT 2014 --  RT if ur inspired pic.twitter.com/ZqK3DGRL8b
Mon Oct 06 08:24:09 PDT 2014 --  Blessed to travel the world
Wed Sep 24 18:00:13 PDT 2014 --  Can't stop won't stop (eating Taco Bell).
Tue Sep 23 20:56:22 PDT 2014 --  pic.twitter.com/s9JePkTVNM
Sat Sep 20 22:47:33 PDT 2014 --  Free drank. pic.twitter.com/INp5ybbVGH
Thu Sep 18 13:34:52 PDT 2014 --  Working hard
Sat Sep 20 00:58:36 PDT 2014 --  Hi.
Thu Sep 11 16:12:28 PDT 2014 --  Posted a new pic on my fan club. U see it?
Thu Sep 11 16:12:49 PDT 2014 --  Starting rehearsal for something big ;)
Thu Sep 11 16:30:45 PDT 2014 --  K thinks he's hard cuz he's got a grill http://shots.com/p/03n2a8na 
Thu Sep 11 16:35:28 PDT 2014 --  Just posted a #selfie on @shots http://shots.com/p/9zaiuz91 
Fri Sep 12 21:37:19 PDT 2014 --  Watch @FloydMayweather fight on Showtime PPV tomorrow night for #Mayhem. Get it here http://www.sho.com/sho/sports/pay-per-view …
Sun Aug 24 08:32:51 PDT 2014 --  Relationship goals pic.twitter.com/HZvhWXewEh
Thu Sep 11 14:02:46 PDT 2014 --  I miss @Huntermoore #TheFamily
Mon Sep 08 01:36:43 PDT 2014 --  I love u forreal
Tue Sep 09 09:53:45 PDT 2014 --  Gonna be a fun day
Sun Sep 07 07:53:58 PDT 2014 --  rt if ur grandma is a drug dealer
Wed Sep 03 18:12:05 PDT 2014 --  #family
Mon Sep 08 19:57:29 PDT 2014 --  I know the Giants were getting killed but.... pic.twitter.com/nHEkKL8IT6
Mon Sep 08 19:52:51 PDT 2014 --  We drop the beat harder than #RayRice #tosoon
Sat Aug 30 01:25:56 PDT 2014 --  Happy
Sun Sep 07 12:04:04 PDT 2014 --  #NFL
Sat Sep 06 19:22:28 PDT 2014 --  What kind of wine goes best with pop tarts? Asking for a friend.
Wed Sep 03 09:04:31 PDT 2014 --  I want @ChipotleTweets so hard rn.
Mon Sep 01 15:55:51 PDT 2014 --  seemz legit pic.twitter.com/uuv30HXkGF
Mon Sep 01 13:38:43 PDT 2014 --  Turning @Tinder into a drinking game.
Sun Aug 31 01:36:34 PDT 2014 --  I'm not thirsty, I just want a sip.
Fri Aug 29 20:06:02 PDT 2014 --  Retweet if these pancakes are sexier than you pic.twitter.com/RvwOCApimo
Wed Aug 27 19:36:38 PDT 2014 --  Lmao pic.twitter.com/feB8dJ5XM1
Thu Aug 28 07:10:34 PDT 2014 --  Staying low-key is key.
Wed Aug 27 07:09:12 PDT 2014 --  UFO caught on tape pic.twitter.com/aUP3rWVm4J
Sat Aug 23 14:01:21 PDT 2014 --  RAGE. NAP. RAGE.
Fri Aug 22 19:08:51 PDT 2014 --  Tonight @ElevenLoungeMC will be #turnt upsidedown.
Wed Aug 20 09:00:09 PDT 2014 --  Hustle until you no longer have to introduce yourself
Tue Aug 19 13:50:47 PDT 2014 --  We drop the bass, you drop your panties.
Fri Aug 15 14:16:13 PDT 2014 --  IT'S FRIDAY!
Sun Aug 10 22:40:54 PDT 2014 --  Hope everyone had a great weekend
Mon Jul 21 19:59:59 PDT 2014 --  pic.twitter.com/B9aKYNLMwq
Tue Jul 08 22:42:45 PDT 2014 --  Don't mess with beliebers :)
Thu Jul 10 14:06:14 PDT 2014 --  Hope everyone is having a great day
Mon Jun 30 14:20:54 PDT 2014 --  . @MichaelPhelps got new gold for his 29th bday. If this gets 2900 RTs one of you wins the only other pair like these: pic.twitter.com/SlbL3H9D65
Fri May 23 17:31:29 PDT 2014 --  Back by popular demand @HunterOlsen will be up in the DJ booth mixing in your favorite hits! pic.twitter.com/Ks3vrdyGtQ
Sat Jun 07 13:26:02 PDT 2014 --  i just missed a ton of calls because i forgot to put my phone on vibrate
Fri Jun 06 12:48:27 PDT 2014 --  Hate when that happens pic.twitter.com/h8V1aRbA9Z
Thu Jun 05 07:06:01 PDT 2014 --  Inspiring words. pic.twitter.com/dvgzARY1pI
Wed May 28 14:52:00 PDT 2014 --  pic.twitter.com/Nl5mhGyzVE
Sun Jun 01 18:09:36 PDT 2014 --  Could really use some @PapaJohns rn
Sat May 31 14:12:03 PDT 2014 --  @syren__ @DJayDoubleYou hi pic.twitter.com/9P3L9bajbo
Thu May 29 09:00:40 PDT 2014 --  Seriously mom get off my back it was just a little meth
Tue May 27 15:38:13 PDT 2014 --  pic.twitter.com/A3Ma5rH1ET
Mon May 26 16:46:44 PDT 2014 --  Living alone=I can always be in my underwear
Tue May 13 18:52:51 PDT 2014 --  Wish I could find a way to fall asleep in my @SOLREPUBLIC #MasterTracks
Sun May 04 01:48:17 PDT 2014 --  #MayThe4thBeWithYou I am your father.
Sat May 03 20:30:10 PDT 2014 --  #masoncity get out to @ElevenLoungeMC were about to go hard #cantstopwontstop
Fri May 02 23:18:59 PDT 2014 --  Floor is packed @ElevenLoungeMC #turndownforwhat pic.twitter.com/5qZo8Vl7FB
Fri Apr 25 20:18:12 PDT 2014 --  About to turn up @ElevenLoungeMC #neversober pic.twitter.com/0d1IZJXlFO
Tue Apr 22 20:06:31 PDT 2014 --  rt if ur black
Sun Apr 20 12:13:05 PDT 2014 --  Happy Easter/420!
Sat Apr 19 00:59:42 PDT 2014 --  Thanks everyone who raged with us tonight, see you tomorrow? #money
Wed Apr 16 20:40:11 PDT 2014 --  Just have to make it one more day then 3 day weekend! #turnup
Tue Apr 15 20:06:20 PDT 2014 --  I love haters .
Sun Apr 13 09:14:13 PDT 2014 --  RT if you were looking for an excuse to retweet something.
Sat Apr 12 21:22:14 PDT 2014 --  #strictlysyrup on @ElevenLoungeMC in 5... 4... 3... 2... 1...
Sat Apr 12 19:33:42 PDT 2014 --  No one looks back on their life and remembers the nights they got plenty of sleep. Ain't no party like a @ElevenLoungeMC party!
Thu Apr 10 16:16:20 PDT 2014 --  RT if you think we're sexy!!
Fri Apr 04 19:27:00 PDT 2014 --  Finishing up @panchero E L E V E N tonight maybe?
