Tue Aug 18 18:52:07 PDT 2015 --  
Tue Aug 18 18:51:56 PDT 2015 --  Arod.
Mon Aug 17 19:10:38 PDT 2015 --  Beltran the man
Mon Aug 17 11:49:51 PDT 2015 --  Wake Forest WR has a handshake with more than 50 teammates pic.twitter.com/IwE3bKaDfO
Sun Aug 16 11:03:05 PDT 2015 --  Very frustrating
Sun Aug 16 09:57:37 PDT 2015 --  Eagles season bouta start #FlyEaglesFly
Sat Aug 15 19:59:53 PDT 2015 --  Off top I miss @JackLamb32
Sat Aug 15 11:44:09 PDT 2015 --  Tex message
Sat Aug 15 10:11:47 PDT 2015 --  Beltran
Fri Aug 14 20:34:17 PDT 2015 --  pic.twitter.com/KSVti9vgDX
Fri Aug 14 19:22:29 PDT 2015 --  Never been so hype
Fri Aug 14 19:22:22 PDT 2015 --  GAME
Fri Aug 14 19:13:18 PDT 2015 --  Come on come on one more
Fri Aug 14 18:59:59 PDT 2015 --  Off the bench & over the wall! The #Yankees take the lead thanks to @carlosbeltran15: http://atmlb.com/1IS1v7i  #CLUTCH pic.twitter.com/u1vYvIkrzp
Fri Aug 14 19:00:08 PDT 2015 --  #MillerTime
Fri Aug 14 18:52:38 PDT 2015 --  Easy 123
Fri Aug 14 18:44:03 PDT 2015 --  CARLOS BELTRAN LETS GO
Fri Aug 14 18:39:31 PDT 2015 --  Ain't over till it's over
Fri Aug 14 18:01:29 PDT 2015 --  Gonna miss basketball camp a lot
Thu Aug 13 18:51:09 PDT 2015 --  https://twitter.com/sportscenter/status/632002288450715648 …
Thu Aug 13 14:15:54 PDT 2015 --  Watch my come up from HS to pros in @NBA2K â€œBelieveâ€ Grab #NBA2K16 so you can #BeTheStory https://cards.twitter.com/cards/99sc6/ll2oÂ â€¦ https://amp.twimg.com/v/f6864831-219a-41d8-b670-ef09679d10b9Â â€¦
Thu Aug 13 09:19:36 PDT 2015 --  http://youtu.be/5r6i1lc-VtQ 
Wed Aug 12 15:19:07 PDT 2015 --  Hbd @JoeyBats03 pic.twitter.com/Uzk9n4xIM8
Mon Aug 10 08:44:42 PDT 2015 --  #tbt to when my hubby loved me long timee @tbiel5 pic.twitter.com/qTC87JSs7s
Thu Aug 06 19:05:06 PDT 2015 --  New York New Yooorrkkkk
Thu Aug 06 18:32:09 PDT 2015 --  Me and griff relocated and Jacoby hit it right at us
Thu Aug 06 16:46:08 PDT 2015 --  #CatchGreatness @Yankees pic.twitter.com/EiQ9s9qHK3
Wed Aug 05 10:04:46 PDT 2015 --  We gon be alright
Tue Aug 04 19:09:58 PDT 2015 --  Wow #Yankees
Tue Aug 04 15:00:43 PDT 2015 --  Asap Rocky, Tyler the creator, and Vince staples MSG........ 3 favorite rappers in one place......
Thu Jul 30 13:25:14 PDT 2015 --  Dej loaf
Thu Jul 30 10:02:53 PDT 2015 --  Not phased at all by the Blue Jays
Thu Jul 30 07:45:53 PDT 2015 --  Nas and jayz, tupac and biggie, NWA breakup... All better diss songs
Thu Jul 30 07:40:38 PDT 2015 --  Gotta be more ruthless
Thu Jul 30 07:40:25 PDT 2015 --  Diss songs suck nowadays
Thu Jul 30 07:40:12 PDT 2015 --  Eazy E's diss song at death row was way better than this crap. And @icecube spit fire w no vaseline.
Thu Jul 30 07:37:45 PDT 2015 --  Meek better come back w some fire
Thu Jul 30 07:37:37 PDT 2015 --  Drakes diss songs were soft
Tue Jul 28 09:02:05 PDT 2015 --  Oscar is so og
Sat Jul 25 20:16:17 PDT 2015 --  Wonder how much @Sprite pays @vincestaples ..
Sat Jul 25 19:03:19 PDT 2015 --  Want that 28th this year #Yankees
Sat Jul 25 18:53:00 PDT 2015 --  3HR-rod
Thu Jul 23 21:07:30 PDT 2015 --  Future album actually semi fire
Wed Jul 22 16:20:14 PDT 2015 --  My brother at the yankee game @Marlins_Man pic.twitter.com/hUJDHfl4a4
Tue Jul 21 08:37:34 PDT 2015 --  Rip florida trip pic.twitter.com/CtCcuSaAOh
Tue Jul 21 07:53:59 PDT 2015 --  Maury show got me
Thu Jul 16 07:52:58 PDT 2015 --  RT for D Wade FAV for Steph Curry pic.twitter.com/6SA4WrgslJ
Thu Jul 16 20:13:29 PDT 2015 --  I never sleep, cuz sleep is the cousin of death
Thu Jul 16 18:03:00 PDT 2015 --  Lord knows
Wed Jul 15 19:09:00 PDT 2015 --  Jeter
Wed Jul 15 18:52:55 PDT 2015 --  Great speech
Tue Jul 14 21:48:54 PDT 2015 --  pic.twitter.com/PaFEY4F2ch
Mon Jul 13 14:12:33 PDT 2015 --  Blake was here!!!!!!!! pic.twitter.com/axUrofidoI
Mon Jul 13 07:15:07 PDT 2015 --  McCoy or Murray? Who would you take? One NFL exec: "I'll take [http://bit.ly/1K3Qy58 ] every time." pic.twitter.com/RJEycZuAUz
Sat Jul 11 08:05:50 PDT 2015 --  Rip belt
Sun Jul 12 08:45:47 PDT 2015 --  Tennis is actually a really nice sport
Fri Jul 10 15:16:52 PDT 2015 --  Miami lookin good...
Wed Jul 08 08:52:24 PDT 2015 --  Wow no Rory
Wed Jul 08 08:30:19 PDT 2015 --  South Park is the dumbest show but I keep finding myself watching it
Tue Jul 07 21:02:50 PDT 2015 --  pic.twitter.com/6mAKzJMWB5
Tue Jul 07 20:42:35 PDT 2015 --  Suddenly
Tue Jul 07 20:21:01 PDT 2015 --  Asap Rocky best rapper of all time it's settled
Tue Jul 07 10:41:46 PDT 2015 --  #VoteGardy
Sun Jul 05 17:28:21 PDT 2015 --  Star Wars
Sun Jul 05 16:16:37 PDT 2015 --  Nice win for heat summer league #2-0
Sun Jul 05 16:08:14 PDT 2015 --  More tweets bout Lou Williams than Fifa
Sat Jul 04 09:29:28 PDT 2015 --  Joey chestnut time
Fri Jul 03 20:37:42 PDT 2015 --  What a win #Yankees
Fri Jul 03 20:37:33 PDT 2015 --  COMEBACK KIDDSSSS
Fri Jul 03 00:44:28 PDT 2015 --  A million ways to die in the west fantastic movie
Thu Jul 02 21:12:46 PDT 2015 --  Cuz we in the field with them birds like we play for the Eagles
Thu Jul 02 21:08:16 PDT 2015 --  We might just get hit with the Rico
Thu Jul 02 20:08:55 PDT 2015 --  . @DwyaneWade on staying in Miami. pic.twitter.com/EUWk7YyWrr
Thu Jul 02 19:44:10 PDT 2015 --  Put that on my yankee hat
Thu Jul 02 19:33:53 PDT 2015 --  Loyalty
Thu Jul 02 19:31:50 PDT 2015 --  Night= fresh prince and family guy
Thu Jul 02 14:08:04 PDT 2015 --  Miss my brothers already
Wed Jul 01 21:57:48 PDT 2015 --  Goddam 47
Wed Jul 01 21:52:55 PDT 2015 --  Trev what's up Brother
Wed Jul 01 18:34:25 PDT 2015 --  If you're not listening to Vince Staples then what are you doing
Sat Jun 27 21:53:48 PDT 2015 --  No more ?'s
Sat Jun 27 11:59:39 PDT 2015 --  RIP to my man Swank Boy Boogie. It was a good 9 years, but you're in a better place now ðŸ½ #RIPSwankBoyBoogie
Sat Jun 27 11:46:47 PDT 2015 --  #RIPSwankBoyBoogie it was a great 9 years pal pic.twitter.com/aTKrywMBRM
Fri Jun 26 09:48:26 PDT 2015 --  Happy birthday to the goat Derek Jeter #DJ3K
Thu Jun 25 21:13:59 PDT 2015 --  @tbiel5 the twit pic
Thu Jun 25 18:33:27 PDT 2015 --  #HOUpick pleaseeeeee @Tyusjones06 pleasee
Thu Jun 25 18:25:41 PDT 2015 --  Terryyyyyyy
Thu Jun 25 17:42:46 PDT 2015 --  Welcome to the family @IAmJustise
Thu Jun 25 17:42:51 PDT 2015 --  JUSTISEEEE #heatnation #2015NBADraft
Wed Jun 24 14:37:21 PDT 2015 --  New duck dynasty season tonight, fux w it
Wed Jun 24 13:26:37 PDT 2015 --  Ivan Nova
Tue Jun 23 21:09:30 PDT 2015 --  No negative vibes around these parts
Tue Jun 23 14:45:56 PDT 2015 --  Thank god I muted 90% of the women I follow so I didn't have to read about the weather
Sun Jun 21 19:17:56 PDT 2015 --  Uh oh
Sun Jun 21 19:17:15 PDT 2015 --  For el win
Sun Jun 21 18:39:46 PDT 2015 --  Damn spieth
Sat Jun 20 19:41:56 PDT 2015 --  Can't wait for this final round tomorrow
Sat Jun 20 08:33:08 PDT 2015 --  9pm park & rec, Sheehan v LH pic.twitter.com/ghiuCU1Mdc
Thu Jun 18 08:03:14 PDT 2015 --  We're getting the band back together
Tue Jun 16 20:58:09 PDT 2015 --  #MiamiHeat #HeatNation
Tue Jun 16 20:34:05 PDT 2015 --  #LeDone
Mon Apr 27 01:08:14 PDT 2015 --  just finished chillin wit my homies
Wed Jul 15 08:05:54 PDT 2009 --  chillin wit my homies
Tue Jun 16 18:02:06 PDT 2015 --  Let's be real tho... NBA finals>>>>>> Stanley cup
Tue Jun 16 17:45:28 PDT 2015 --  Can't wait to see this chambers bay course
Mon Jun 15 18:32:47 PDT 2015 --  Nate Ruess...
Mon Jun 15 16:27:30 PDT 2015 --  pic.twitter.com/L5e5BIlecr
Mon Jun 15 14:37:11 PDT 2015 --  Flacko joyde
Mon Jun 15 13:50:07 PDT 2015 --  Ball for last 3 hours>> studying
Sun Jun 14 19:37:47 PDT 2015 --  Whoever @DwyaneWade roots for i root for
Fri Jun 12 20:33:33 PDT 2015 --  Annoying
