Sun Aug 23 18:45:20 PDT 2015 --  pic.twitter.com/GD1NpxjB8S
Sun Aug 23 14:21:42 PDT 2015 --  Is there a special detergent that washes clothes that escaped the land of the mothballs?
Sun Aug 23 10:10:33 PDT 2015 --  Hahaha: I find your text truly hilarious. Haha: I acknowledge your text is amusing. Ha: I'm trying to politely end this conversation.
Sun Aug 23 13:45:02 PDT 2015 --  Finally got her crown! pic.twitter.com/uxMcFpy8fc
Thu Aug 20 20:45:05 PDT 2015 --  A real lady. pic.twitter.com/kdIS6pyOPs
Mon Aug 10 16:25:03 PDT 2015 --  "I told you both of us could fit" ."I hate you right now" http://twitter.com/BabyAnimalPics/status/598603375375163392/photo/1pic.twitter.com/t7nazo6uid 
Fri Aug 07 12:04:06 PDT 2015 --  We honor our Sailors who received the Purple Heart. #PurpleHeartDay pic.twitter.com/m3gAtFgx35
Wed Jul 22 04:45:12 PDT 2015 --  pic.twitter.com/Sa88nW21ug
Mon Jul 20 19:25:04 PDT 2015 --  pic.twitter.com/bGVCMuiDbu
Thu May 28 19:11:27 PDT 2015 --  LIVE on #Periscope https://www.periscope.tv/w/V0j-TzE5NzY1NzR8MTUyNzM5MTFesZ-VVTusQ6GEX1QKbX4zZmGlOnXRCJMisop0cWuTjQ== …
Thu May 14 13:31:44 PDT 2015 --  Waitomo Caves in New Zealand pic.twitter.com/IbwdQjdVVp
Fri May 15 15:15:01 PDT 2015 --  It may not be a "chill pill", but it works! @NavyMedicine @NMCPHC launches site to help us relax. Ahhhh: http://1.usa.gov/1JklKxM 
Sun May 10 12:05:13 PDT 2015 --  Happy Mother's Day! pic.twitter.com/0HQIrW8Q8M
Thu May 07 02:26:45 PDT 2015 --  I will now tweet the entire plot of Saving Private Ryan in emoji: 🏻🏻🏻🏻
Wed Apr 29 21:03:08 PDT 2015 --  Yeah, I hate when that happens #shoottheeditor pic.twitter.com/da1CxKo06b
Tue Apr 28 16:49:42 PDT 2015 --  Cutting a new version of #SOMEDAY here in #Nashville gonna be #wonderful
Tue Apr 28 10:41:59 PDT 2015 --  The Baltimore riots are the latest example of how some people fail in what should be a civilized society #Baltimore #riots #BaltimoreRiots
Tue Apr 28 08:40:23 PDT 2015 --  In an attempt to raise morale the CEO instructed HR to create a Fun Committee, so I think it’s safe to say he’s never read Orwell.
Thu Apr 23 18:38:20 PDT 2015 --  Glass Tiger's Photos https://m.facebook.com/glasstigerband/photos/pb.120245261335744.-2207520000.1429839401./1045413748818886/?type=1&source=54 …
Sun Apr 19 20:26:28 PDT 2015 --  if you buy Lilly for Target on eBay for 3x the original price just becuz you really want it, you're in a whole new level of stupid @Target
Wed Apr 08 18:53:41 PDT 2015 --  Ah life. So full of mystery. Like how the FUCK to take only one Kleenex from a new box. I ONLY NEED ONE, DAMMIT!!
Tue Mar 31 14:46:54 PDT 2015 --  Serious question if Indiana's "religious liberty" law includes all religions does that mean that Muslims can practice sharia law? Scary...
Sat Mar 07 11:22:53 PST 2015 --  Companies want "rockstar" employees, as rockstars are known for punctuality, even-tempers, and a desire to work in a corporate environment.
Fri Feb 27 18:09:13 PST 2015 --  He has lived long and prospered......and now he is headed for the final frontier.....RIP @TheRealNimoy
Thu Feb 26 11:28:49 PST 2015 --  My angel pic.twitter.com/9WMRYfScGd
Wed Feb 25 05:22:42 PST 2015 --  GOING INTO LABOR!!!! Will keep you posted!!
Sat Feb 14 19:57:16 PST 2015 --  Happy Valentines Day @AlanFrew @SkyShedPOD @alconnelly @TigerStuff
Mon Feb 09 06:35:22 PST 2015 --  "Jennifer, you did a great job on that last PowerPoint, so I want you to do all PowerPoints for us now." No good deed goes unpunished.
Wed Feb 04 16:25:12 PST 2015 --  18 years old and still loving life! pic.twitter.com/dXEgPcfAP6
Mon Feb 02 20:25:03 PST 2015 --  Mother cat walks through flames 5 times to save kittens from building fire in Brooklyn, NY. pic.twitter.com/vi1gyYTikq
Tue Feb 03 02:00:16 PST 2015 --  This cat just gave birth. She cuddles them and looks so content! pic.twitter.com/jUK31Db8bw
Sun Feb 01 19:19:14 PST 2015 --  Bravo Pats!!!!!!!! You earned it #PatriotsWIN #CHAMPIONEES #PATRIOTSRULE #patswin #patsnation #NewEnglandPatriots
Sun Feb 01 16:20:22 PST 2015 --  Go Pats go!!!!! #PatriotNation #NewEnglandPatriots #PatriotsNation #BRINGIT #GOPATS
Mon Jan 19 13:48:59 PST 2015 --  Cheering on your favorite game show is like cheering for your favorite football team...yeah, it's that important! @WheelofFortune
Sun Jan 18 08:55:09 PST 2015 --  pic.twitter.com/KHlMtfRyYu
Fri Jan 16 20:25:49 PST 2015 --  One day it's a brand new #hit #song the next it's a #classic #dontforgetmewhenimgone #80s #glasstiger @TigerStuff pic.twitter.com/MJFM1HkYaG
Thu Jan 15 08:40:40 PST 2015 --  you know what? You might as well nominate @TheLEGOMovie for a razzie because your snub explains all how you really feel about the film!!
Sat Jan 10 17:55:13 PST 2015 --  It’s been five minutes since Adobe asked me to install an update. I hope they didn’t go out of business or something.
Wed Jan 07 17:30:48 PST 2015 --  Ahhh the good old days #70s #acid #trip #laugh #love #freakout pic.twitter.com/2qjUuQa8RO
Wed Jan 07 06:35:17 PST 2015 --  If your employees worked until 3AM, you have failed as a manager.
Wed Dec 31 16:16:02 PST 2014 --  Happy New Year!!!!!!!!!!! @AlanFrew @USNavy @montypython @EmrgencyKittens @MMMCHATTON @TigerStuff @farmville2 @SethMacFarlane
Thu Dec 25 09:59:26 PST 2014 --  Meowy Christmas! pic.twitter.com/hQdxI1yfwi
Wed Dec 24 07:15:02 PST 2014 --  The world is yours - now get out there and take it! pic.twitter.com/lFC6rLPZ1o
Sat Dec 20 16:12:59 PST 2014 --  RETWEET & help save lives! Join @FarmVille2 in raising $ for @SaveTheChildren! #Farm4Good http://bit.ly/1u7FI2W  pic.twitter.com/plaFcFGZf2
Wed Dec 17 17:50:33 PST 2014 --  RETWEET & help save lives! Join @FarmVille2 in raising $ for @SaveTheChildren! #Farm4Good http://bit.ly/1u7FI2W  pic.twitter.com/0SKjFBkRAr
Wed Dec 17 13:32:26 PST 2014 --  If North Koreans are this upset over "The Interview", imagine when Cubans finally learn about "Scarface".
Mon Dec 15 21:30:35 PST 2014 --  RETWEET & help save lives! Join @FarmVille2 in raising $ for @SaveTheChildren! #Farm4Good http://bit.ly/1taSopx  pic.twitter.com/vRPoveLoQ5
Sat Dec 13 09:14:31 PST 2014 --  pic.twitter.com/hioQqBlb52
Thu Nov 27 08:40:44 PST 2014 --  On behalf of @MinPeterMacKay and @TigerStuff happy thanksgiving to ALL U.S. Servicemen and Women around the globe. pic.twitter.com/hN7OCxoet0
Thu Nov 27 04:49:01 PST 2014 --  #Infographic about how the #USNavy celebrates Thanksgiving. RT if you have a Sailor on watch pic.twitter.com/QDK5pacqon
Tue Nov 25 19:16:01 PST 2014 --  RETWEET THIS to join the fight against AIDS with @FarmVille2 @RED @AppStore! #AppsforRED http://bit.ly/1Hhhf5q  pic.twitter.com/NLDlhReJLg
Tue Nov 11 05:33:35 PST 2014 --  RT to help @WholesomeWave charity #Farm4Good w/ @NakedJuice & @FarmVille2. Play: http://zynga.tm/jwJq  pic.twitter.com/7rbZeSJP3g
Wed Nov 05 13:44:23 PST 2014 --  RT to help @WholesomeWave charity #Farm4Good w/ @NakedJuice & @FarmVille2. Play: http://zynga.tm/jwJq  pic.twitter.com/t46VVsEzSk
Wed Nov 05 07:14:17 PST 2014 --  Play @FarmVille2 to help @WholesomeWave charity #Farm4Good w/ @NakedJuice! DL: http://zynga.tm/jwJr  pic.twitter.com/KAxYaXbD3W
Tue Nov 04 14:00:25 PST 2014 --  Each RETWEET sends $1 to @WholesomeWave charity! #Farm4Good by playing @Farmville2 http://zynga.tm/iwXf  pic.twitter.com/pykk4ibFBd
Mon Nov 03 18:05:50 PST 2014 --  #Farm4Good, RETWEET & play @FarmVille2 to help raise $ for @WholesomeWave charity http://zynga.tm/hwId  pic.twitter.com/hCcYAdXlCV
Mon Nov 03 18:04:55 PST 2014 --  #Farm4Good, RETWEET & play @FarmVille2 to help raise $ for charity w/ @NakedJuice http://zynga.tm/sySM  pic.twitter.com/LJMUhOqnkw
Fri Oct 31 06:24:15 PDT 2014 --  My baby is beating me up and he/she's not even born yet!!
Fri Oct 31 04:15:20 PDT 2014 --  Looking good in a bow Mister Cat! pic.twitter.com/nfrKuBajEx
Wed Oct 29 20:28:32 PDT 2014 --  Tonight we officially turn the title of #WorldSeries Champs over to San Francisco. Huge congrats to the @SFGiants organization & their fans!
Wed Oct 29 20:26:05 PDT 2014 --  GIANTS WIN WORLD SERIES..........YEEEESSSSSSS!!!!!!!!
Wed Oct 29 19:21:44 PDT 2014 --  Let's hope the royals aren't this year's Angels.....go @SFGiants
Tue Oct 28 09:45:01 PDT 2014 --  Weekdays got me like. pic.twitter.com/23dKFA7w75
Mon Oct 27 06:36:03 PDT 2014 --  My coworker's new answer to everything he doesn't want to do is "Lincoln freed the slaves."
Wed Oct 22 10:58:01 PDT 2014 --  shooting someone is already bad enough, shooting a soldier guarding a war memorial is just disgusting #PrayForOttawa
Sun Oct 19 10:41:15 PDT 2014 --  Glow in the dark animals are so cool and we've got the best ones here -> http://trendpics.today/1qQmwVV  . pic.twitter.com/xrhxsuOKYR
Sun Oct 12 21:05:57 PDT 2014 --  SF you BETTER sweep at home!! Grrrr #SFGiants
Sun Oct 12 20:58:25 PDT 2014 --  St Louis 5 SF 4......WTF???? >:( #SFGiants
Wed Oct 08 09:38:45 PDT 2014 --  Told that the LtCmr would throw a fit if I am caught helping customers....might as well write the word "BITCH" across my forehead!!!!!!!
Sun Oct 05 12:38:22 PDT 2014 --  The Chernobyl Disaster Is Still Creating Radioactive Animals.. http://allday.com/g/bbf  pic.twitter.com/FaUDQYCtRh
Fri Sep 26 06:12:26 PDT 2014 --  Boy, 6, asks people to leave their porch lights on to honor his slain vet dad. More: http://on.today.com/1rk7oWX  pic.twitter.com/9yLGEwfdV6
Fri Sep 26 04:59:53 PDT 2014 --  Uh, Redskins? You're in last place AGAIN.....even with a new coach? Time for new management??? #Redskins
Wed Sep 24 09:04:31 PDT 2014 --  According to AP-the Turks say ISIS supports "family values"; well if their version includes beheadings and genocide I say fuck you #ISIS
Tue Sep 23 06:32:04 PDT 2014 --  US military and partner nations conduct airstrikes against #ISIL in Syria http://1.usa.gov/1uCTXPi  pic.twitter.com/NI9aWVuiqY
Fri Sep 19 06:41:02 PDT 2014 --  You are not forgotten. #POWMIA pic.twitter.com/jnRqJOlJMy
Fri Sep 19 04:55:51 PDT 2014 --  Thanks Scotland for coming to your senses.....long live the UK!!!
Thu Sep 18 10:15:49 PDT 2014 --  This "divorce" would be the messiest in world history.... It's not worth it #Scotland #ScotlandDecides
Wed Sep 17 18:49:30 PDT 2014 --  I had a dream that I was eating a giant marshmallow....now my question is: where is my pillow?
Wed Sep 10 10:42:01 PDT 2014 --  Twitter: "I'm outraged!" "Then why don't you do something about it?" "I am doing something! I'm being outraged!"
Wed Sep 10 12:03:41 PDT 2014 --  #Working #business pic.twitter.com/I8DjMsXAQe
Wed Sep 03 15:14:35 PDT 2014 --  !!! pic.twitter.com/8MbCshXK4B
Tue Sep 02 16:57:54 PDT 2014 --  just wait ISIS..We have aircraft carriers-known as 90,000 ton of diplomacy- no it is 90,000 tons of JUSTICE!!! #JamesFoley #StevenSotloff
Tue Sep 02 16:36:12 PDT 2014 --  F*ck the ISIS--you guys make me sick!!!!! #StevenSotloff #JamesFoley
Tue Aug 26 15:07:05 PDT 2014 --  http://therealpsl.tumblr.com/spotthespice 
Mon Aug 25 12:14:06 PDT 2014 --  My little plum #baby #twelveweeks pic.twitter.com/0kvGhdmPFC
Fri Aug 22 23:19:01 PDT 2014 --  #USNavy USS Cole deploys to 6th Fleet http://1.usa.gov/1tC9Xkp  pic.twitter.com/MwqZRgmYN1
Wed Aug 13 10:15:17 PDT 2014 --  Workplace swear words: -PowerPoint -spreadsheet -professional -consultant -corrective action -presentation -conference call -webinar
Tue Aug 12 09:44:55 PDT 2014 --  In Memory of #RobinWilliams, Don't Just Feel Bad, Do Good! http://www.good.is/link/in-memory-of-robin-williams-don-t-just-feel-bad-do-good …
Tue Aug 12 03:46:37 PDT 2014 --  Robin Williams, our fireball friend has left this planet. A wondrous gift from the gods with a giant heart. We cannot believe he is gone.
Tue Aug 12 02:33:48 PDT 2014 --  Robin Williams, the most astonishingly funny, brilliant, profound and silly miracle of mind and spirit, has left... http://fb.me/1cTZSZuwc 
Mon Aug 11 16:31:45 PDT 2014 --  I can't believe my lovely friend is gone. My heart goes out to his wife and his beloved children. He brought us so much joy and laughter.
Tue Aug 12 09:40:14 PDT 2014 --  As if you needed another reason to hate @FoxNews ... Host Shepard Smith called #RobinWilliams a coward for committing suicide.
Sun Jul 13 15:13:38 PDT 2014 --  Damn Team USA you should have beat Germany when you had the chance!! #teamusa #joke
Sat Jul 12 08:56:51 PDT 2014 --  I need to start living by these words! Happy 77th birthday @BillCosby ! #classact pic.twitter.com/ST1wwNKvZ1
Sat Jul 12 09:42:01 PDT 2014 --  #History: 1990, Cmdr. Mariner is 1st female #USNavy operational #aviation squadron Commanding Officer. pic.twitter.com/IJz0pz57lH
Tue Jul 08 15:39:13 PDT 2014 --  Wow.....USA should have best Germany so the Brazilians wouldn't be this embarrassed.... Now both are!!! Yikes!!
Tue Jul 08 09:34:01 PDT 2014 --  Meet @ABC News' Person of the Week: Adm. Michelle Howard, first female four-star in the #USNavy http://abcn.ws/1rMVcxh 
Mon Jul 07 04:20:23 PDT 2014 --  Oh dear......could I be???
Fri Jul 04 18:01:18 PDT 2014 --  Happy Fourth of July from Aruba!! pic.twitter.com/kUJVd4t743
Tue Jul 01 05:03:53 PDT 2014 --  Happy Canada Day to all my Canadian family and friends....including @TigerStuff :)
Thu Jun 26 02:24:15 PDT 2014 --  Looks like I’ll be performing the Ministry of Silly Walks after all… check out the app here http://www.thesillywalk.com . I'm feeling sprightly!
Wed Jun 25 03:47:43 PDT 2014 --  “ @LGUSAMobile: Sad Socket Syndrome: sadsocket pic.twitter.com/M3HQsItI1Y” I didn't know sockets have feelings
Wed Jun 25 00:01:02 PDT 2014 --  What part of CLOSED FOR INVENTORY do you not understand??? #face #redbeet
Tue Jun 24 19:05:13 PDT 2014 --  We all worry that Facebook knows everything about us, and yet it keeps suggesting I become friends with the boss.
Mon Jun 23 15:43:30 PDT 2014 --  @MeetingBoy I think "center of excellence" could be a strong contender for 2014's best piece of meaningless business jargon.
Mon Jun 23 01:52:42 PDT 2014 --  Fancy joining what may be the worst run fan club in the world? The http://Pythonspamclub.com  needs you. #montypythonlive #pythonspamclub
Sun Jun 22 20:29:08 PDT 2014 --  About to watch a new episode of Robot Chicken in a few....fascinating @cyborgturkey
Sun Jun 22 16:56:22 PDT 2014 --  I'm not watching the cup right now, but.......goal? #goUSAsoccer
Tue Jun 17 19:05:12 PDT 2014 --  Oh, THANK GOD you added drop shadows to the boxes in your PowerPoint slides! It was so unconvincing in only 2 dimensions.
Mon Jun 16 07:16:53 PDT 2014 --  God please save me from PowerPoint!!!! :/ #training
Mon Jun 16 04:31:34 PDT 2014 --  " @USNavy: MT @CNN: Heart of #USNavy's new warship designed for Sailors who grew up playing video games.".....how original!!!
Mon Mar 17 09:40:32 PDT 2014 --  When Hollywood makes a movie about this 3-hour conference call, it will be called THERE WILL BE SNORING.
Tue Jan 28 10:47:14 PST 2014 --  Success is not final, failure is not fatal: it is the courage to continue that counts. Winston Churchill
Sun Jan 05 08:14:32 PST 2014 --  @GarySinise Gary with my band GLASS TIGER & solo I have done 11tours including Afghan x4, Bosnia x2 : hear of your band and support often :)
Thu Dec 05 16:57:51 PST 2013 --  Truly courageous and unbending people do not pass our way too often ; Mandela was one such person. The world was better having known him.
Thu Dec 05 19:24:48 PST 2013 --  Nelson Mandela - what an incredible example of inspiration for generations to come. It's not that we didn't know... http://fb.me/35lbWeoD3 
Tue Apr 02 12:29:14 PDT 2013 --  two promotables in a row?? This is ridiculous!!!! I thought I was worthy but I now realized I wasn't. #disgraced
Wed Mar 07 07:30:52 PST 2012 --  Just posted a photo http://instagr.am/p/H4FFFpKngK/ 
Thu Dec 08 08:37:07 PST 2011 --  I'm a second class! It feels great! #sofar
Mon May 23 15:47:30 PDT 2011 --  I feel I have failed you. I'm sorry.
Fri May 13 10:09:17 PDT 2011 --  Have u ever work 4 some1 who feels like a chicken with it's head cut off? Well, I'm the chicken with it's head cut off. #beheaded
Fri May 13 04:37:43 PDT 2011 --  I feel sick #queasy
Wed May 11 20:04:57 PDT 2011 --  Night folks...getting sleepee....
Wed May 11 03:28:13 PDT 2011 --  Hoping for a better day today
Tue May 10 10:28:47 PDT 2011 --  The name of a beverage called an "alcoholic energy drink" is an oxymoron. #falseadvertising
Tue May 10 09:12:12 PDT 2011 --  Why is it that every time I use the restroom it looks like a tornado swept through it? #messy
Tue May 10 07:11:20 PDT 2011 --  I love pistachios, but it would be better if they already have the pistachios deshelled. #fingershurt
Tue May 10 04:50:43 PDT 2011 --  You're telling me I can't pass through? You haven't even started yet! #inspection
Mon May 09 19:18:50 PDT 2011 --  When I put today's duty food in the refrigerator I realized I still have last duty's food in the refrigerator. Eeeeewwwww!!!!! :/ #dutyfail
Mon May 09 11:34:37 PDT 2011 --  Not a reg tweeter, so pls be patient lol :)
Thu Feb 10 17:40:20 PST 2011 --  I'm not good at twitter...
