Fri Aug 28 20:32:15 PDT 2015 --  BARELY NOTICING IVAN https://twitter.com/xoxojam_/status/637467377379078146 …
Fri Aug 28 07:42:51 PDT 2015 --  Doing nothing in my technical threater class.. Finished everything early
Thu Aug 27 17:43:51 PDT 2015 --  Spent 2 hours on my history journal, I have bags under my eyes now but I'm proud
Thu Aug 27 17:41:55 PDT 2015 --  24 hour fitness weak https://twitter.com/gymbibie/status/637054948472172544 …
Thu Aug 27 13:43:07 PDT 2015 --  I haven't sweared in months https://twitter.com/sodamntrue/status/636987826324807681 …
Thu Aug 27 05:16:20 PDT 2015 --  This is what I get showing up just 30 minutes early, sitting here
Wed Aug 26 14:55:23 PDT 2015 --  I'm so happy with all of my teachers, their just amazing
Wed Aug 26 05:06:45 PDT 2015 --  Cardio is for nerds https://twitter.com/_liftingprobz_/status/636425483979243520 …
Tue Aug 25 16:19:50 PDT 2015 --  Above all, love each other deeply, because love covers over a multitude of sins. -1Peter 4:8
Tue Aug 25 17:35:31 PDT 2015 --  Hit legs and abs hard today, listening to Bruno Mars. Nothing's better than feeling dead sore
Tue Aug 25 15:33:29 PDT 2015 --  Feeling so stressed, I need a good work out to get this out of my system
Mon Aug 24 18:47:15 PDT 2015 --  This 4-year-old Syrian girl thought the camera was a gun when her photo was being taken... pic.twitter.com/S3CaCdP89r
Mon Aug 24 19:15:53 PDT 2015 --  pic.twitter.com/jUEsQRJ6ZA
Mon Aug 24 14:47:22 PDT 2015 --  Actually liked my first day, hope B day is the same
Mon Aug 24 04:05:17 PDT 2015 --  Well it's 6, I'm suffering
Sun Aug 23 19:32:43 PDT 2015 --  Night guys, gl on your first days at school
Sun Aug 23 19:05:56 PDT 2015 --  I like dressing nice for school even if there's nobody to impress
Sun Aug 23 18:19:58 PDT 2015 --  idk why some are saying that theyre gonna be mad tmr & dont wanna talk to anyone and all like why? Im actually excited to see my friends LOL
Sun Aug 23 12:03:58 PDT 2015 --  God will help you overcome wrong motives and intentions if you'll simply ask and receive help rather than trying to do it on your own.
Sun Aug 23 12:03:15 PDT 2015 --  Doesn't feel like the last day of summer
Sun Aug 23 09:42:18 PDT 2015 --  Can you believe tomorrow's school? I still can't believe it
Sat Aug 22 19:57:06 PDT 2015 --  So sweet https://twitter.com/nuteila/status/635270767249354753 …
Sat Aug 22 19:53:15 PDT 2015 --  Me and my mom cheffin right now, making some shrimp and green beans (Gainz)
Wed Aug 19 14:23:53 PDT 2015 --  Retweet in 5 seconds or this will crawl into your ear tonight pic.twitter.com/PYFjPMqBQd
Sat Aug 22 11:00:36 PDT 2015 --  Love this pic.twitter.com/pErwunulas
Sat Aug 22 06:40:15 PDT 2015 --  Anyone who does not do what is right is not a child of God; nor is anyone who does not love his brother. -1John 3:10
Sat Aug 22 08:33:11 PDT 2015 --  Jesus https://twitter.com/danxelle__/status/634976717015093249 …
Sat Aug 22 08:00:09 PDT 2015 --  DONT GO THRU OLD CONVERSATIONS WITH SOMEONE WHO U USED TO BE CLOSE WITH
Fri Aug 21 18:01:04 PDT 2015 --  pic.twitter.com/PXBF7A6Tvm
Fri Aug 21 21:13:00 PDT 2015 --  Beyond real bro https://twitter.com/welghtllfting/status/634928144462405632 …
Fri Aug 21 21:10:58 PDT 2015 --  Can't go to sleep til my clothes done washing HURRY UP DRYER
Fri Aug 21 20:30:55 PDT 2015 --  Excuse me excuse me... Same bs https://twitter.com/girlposts/status/634519349626314752 …
Wed Aug 19 06:58:14 PDT 2015 --  Retweet if you believe it's wrong to force dogs to smoke cigarettes! #vote @beaglefreedom #UpgradeYourWorld pic.twitter.com/4AShhQCeXp
Fri Aug 21 18:28:14 PDT 2015 --  It's cheat day tomorrow... https://twitter.com/itsfoodporn/status/634847424360529920 …
Fri Aug 21 17:52:06 PDT 2015 --  YES YES YES https://twitter.com/dananhnguyen/status/634890383336452096 …
Fri Aug 21 13:29:47 PDT 2015 --  Tired of these stupid humans ....
Thu Aug 20 19:04:16 PDT 2015 --  Almost everything changed about me in 3 months so... https://twitter.com/madypls/status/634540137314144256 …
Thu Aug 20 14:51:48 PDT 2015 --  On my way to my brothers open house !
Thu Aug 20 14:33:03 PDT 2015 --  Just toured sam houston, got a good idea for my classes
Thu Aug 20 08:29:10 PDT 2015 --  The weather is nice today
Thu Aug 20 09:01:08 PDT 2015 --  if during your workout.. pic.twitter.com/Bym8q8NuWa
Thu Aug 20 10:05:20 PDT 2015 --  Just went bike riding... Felt rain drops #GetAJacket
Wed Aug 19 20:37:34 PDT 2015 --  People gonna be like "I missed you all summer" Naw keep walking, you didn't try to message my ass all summer
Wed Aug 19 20:34:51 PDT 2015 --  I could handle school, but the people in the school... Just to loud and annoying.
Wed Aug 19 19:51:49 PDT 2015 --  School ain't a problem I just hate waking up so damn early
Wed Aug 19 20:12:03 PDT 2015 --  First day in summer that it's windy and cloudy...
Wed Aug 19 12:27:26 PDT 2015 --  That's cute https://twitter.com/sodamntrue/status/633800818781757440 …
Wed Aug 19 12:26:36 PDT 2015 --  Amazing https://twitter.com/thecoliegelife/status/633775407171534848 …
Wed Aug 19 12:24:52 PDT 2015 --  This is exactly me https://twitter.com/welghtllfting/status/633813546149609473 …
Wed Aug 19 12:22:46 PDT 2015 --  I already mastered that skill https://twitter.com/freddyamazin/status/633817974042816512 …
Wed Aug 19 12:17:42 PDT 2015 --  Man crush https://twitter.com/thebuzzeronfox/status/634071817867542528 …
Wed Aug 19 12:15:42 PDT 2015 --  About 30 grams of protein in for breakfast... Think Ima eat at home instead of schools breakfast
Tue Aug 18 17:16:21 PDT 2015 --  Well today was leg day... I need a ambulance #WhenYourLegsDontWorkTheSame
Tue Aug 18 15:18:04 PDT 2015 --  I already mastered it https://twitter.com/funnyvines/status/633693414257594369 …
Mon Aug 17 23:37:53 PDT 2015 --  Real!! https://twitter.com/_sssam_/status/633443739860664321 …
Mon Aug 17 15:56:52 PDT 2015 --  Not gonna put up with fakes this year https://twitter.com/codyryle/status/631647974167310336 …
Mon Aug 17 10:52:10 PDT 2015 --  Mood. pic.twitter.com/qZi6fnEfDI
Sun Aug 16 21:03:34 PDT 2015 --  Greatest thing I've ever read on social media http://twitter.com/JohnDavidCas/status/633088349843124225/photo/1pic.twitter.com/BDHNOkeS5H 
Mon Aug 17 11:30:34 PDT 2015 --  My kid will be like.. pic.twitter.com/WpmPoe6tSL
Mon Aug 17 09:12:16 PDT 2015 --  No excuses. http://twitter.com/HeaIth365/status/633034503078834176/photo/1pic.twitter.com/1aDLndEtS5 
Mon Aug 17 10:02:32 PDT 2015 --  I'm waking up at 12.... Im screwed for the school year
Sun Aug 16 21:40:04 PDT 2015 --  Truly. pic.twitter.com/519b0jlgI0
Sun Aug 16 11:00:22 PDT 2015 --  True pic.twitter.com/rVDEtoynLj
Sun Aug 16 11:50:05 PDT 2015 --  If we confess our sins, he is faithful & just & will forgive us ur sins & purify us from all unrighteousness. -1John 1:9
Sun Aug 16 12:00:03 PDT 2015 --  How to steal pizza and influence people. https://goo.gl/b1qqBI  pic.twitter.com/xA8w2Z3BAA
Sun Aug 16 21:36:53 PDT 2015 --  Love these episodes https://twitter.com/discovery/status/632990867339497472 …
Sun Aug 16 16:30:39 PDT 2015 --  I'd like to thank not only god but jesus
Sun Aug 16 16:49:17 PDT 2015 --  Best play from Preseason Week 1? " @Bugs223: Lockett's 103 yard kickoff return!" Sweet moves, @TDLockett12! http://snpy.tv/1KmYGeI 
Sun Aug 16 19:20:35 PDT 2015 --  im hungry now but not sure if i should eat
Sun Aug 16 19:29:16 PDT 2015 --  gr8 one more week till school starts
Sun Aug 16 19:34:14 PDT 2015 --  i hope it snows this year
Sun Aug 16 19:43:29 PDT 2015 --  its 5 am =( i jst cant sleep
Sun Aug 16 19:44:55 PDT 2015 --  it feels great to be happy
Sun Aug 16 19:43:41 PDT 2015 --  it's whatevers, I don't care
Sun Aug 16 19:55:50 PDT 2015 --  Doing Cardio Like... pic.twitter.com/KYB5xENJhd
Sun Aug 16 20:01:02 PDT 2015 --  When I remember we're already in the middle of august pic.twitter.com/E9B1LkLsDA
Sun Aug 16 20:51:29 PDT 2015 --  I can be a little over protective sometimes
Sun Aug 16 20:50:57 PDT 2015 --  Lol I'm looking at like expensive ass journals, tryna get a bad ass note experience
Sun Aug 16 20:42:41 PDT 2015 --  I want to start collecting pens #ImANerd
Sun Aug 16 19:17:04 PDT 2015 --  Went to eat some pho, and half of my brothers dish @Pho95
Sun Aug 16 17:48:17 PDT 2015 --  People sneaking into Hutch and playing around in there
Sun Aug 16 19:11:25 PDT 2015 --  Jesus answered, "I am the way and the truth and the life. No one comes to the Father except through me." -John 14:6
Sun Aug 16 08:41:04 PDT 2015 --  Rather have weights than a relationship https://twitter.com/welghtroom/status/632921937270845440 …
Sat Aug 15 22:17:29 PDT 2015 --  blasting music, cold weather, rain, friends, my dog, good movies, a nice outfit https://twitter.com/madypls/status/632779415336845312 …
Sat Aug 15 21:23:36 PDT 2015 --  I wonder who I'll get closer to or drift apart from this school year
Sat Aug 15 17:21:40 PDT 2015 --  1 mile in and my stomach hurts
Sat Aug 15 16:32:12 PDT 2015 --  Been doing less cardio this week, time to hit 2 miles
Sat Aug 15 11:05:20 PDT 2015 --  Can being religious actual make you healthier? http://bit.ly/12CcmUt  pic.twitter.com/TXa27EP9Fd
Sat Aug 15 11:01:32 PDT 2015 --  Bro I'm crying over 5 jalapeños, imagine the hottest peppers in the world
Sat Aug 15 10:49:40 PDT 2015 --  <3 pic.twitter.com/Lhq1gDwK2J
Sat Aug 15 10:46:33 PDT 2015 --  Infinity amount of love to these people <3 pic.twitter.com/vCp8mxXMUE
Sat Aug 15 10:43:49 PDT 2015 --  Family is forever pic.twitter.com/4mW9xvK9hs
Fri Aug 14 21:32:15 PDT 2015 --  when I shaved my legs for the meet the air felt good
Fri Aug 14 20:50:54 PDT 2015 --  @Truongsterr 100s around commons A and 400,600,900 around commons B
Fri Aug 14 20:48:57 PDT 2015 --  @Truongsterr ask the teachers. I'll help you find your classes
Fri Aug 14 20:44:48 PDT 2015 --  I got lost at sam already, I walked the same 4 halls 3 times and finally found my way back to the weight room by following some people
Fri Aug 14 20:43:41 PDT 2015 --  Gonna show up to school like an hour early so I can explore the school #AllReady
Fri Aug 14 20:37:50 PDT 2015 --  Be strong & take heart, all you who hope in the LORD. Psalm. 31:24
Fri Aug 14 20:05:10 PDT 2015 --  I need to break in the new account, sorry if I'm spamming ðŸ»
Fri Aug 14 20:04:17 PDT 2015 --  If your getting stuff done, then don't sweat about it pic.twitter.com/EuF94qnfUl
Fri Aug 14 20:03:56 PDT 2015 --  If you share this, your account will be blessed pic.twitter.com/QgfsL4LNFe
Fri Aug 14 20:03:41 PDT 2015 --  I'm fr pic.twitter.com/5SLyXAiouQ
Fri Aug 14 20:03:17 PDT 2015 --  It'll be protected for this conversation pic.twitter.com/SdjlsX2Q3d
Fri Aug 14 20:02:56 PDT 2015 --  Thank you bro pic.twitter.com/ez1CI6TytZ
Fri Aug 14 20:02:25 PDT 2015 --  To Blessed to be Stressed pic.twitter.com/EBDTlsNtGV
Fri Aug 14 20:01:49 PDT 2015 --  Goals pic.twitter.com/65L9MCKfCM
Fri Aug 14 20:01:31 PDT 2015 --  SpongeBob is my all time favorite cartoon pic.twitter.com/q36C0YwRT4
Fri Aug 14 20:01:01 PDT 2015 --  God is good, all the time, and all the time God is good pic.twitter.com/tJlbKgveR2
Fri Aug 14 20:00:11 PDT 2015 --  Suit and ties over joggers any day pic.twitter.com/bVEXuQmbSG
Thu Aug 13 10:03:40 PDT 2015 --  pic.twitter.com/cjwtuaE47z
Fri Aug 14 19:17:31 PDT 2015 --  Gotta have the balls to make something from nothing pic.twitter.com/hUiNJxScjM
Fri Aug 14 19:11:24 PDT 2015 --  Addicted to the life style #FirstPicTweet pic.twitter.com/rXlpEsrFiz
Fri Aug 14 18:57:55 PDT 2015 --  First tweet huh
Fri Aug 28 20:32:15 PDT 2015 --  BARELY NOTICING IVAN https://twitter.com/xoxojam_/status/637467377379078146 …
Fri Aug 28 07:42:51 PDT 2015 --  Doing nothing in my technical threater class.. Finished everything early
Thu Aug 27 17:43:51 PDT 2015 --  Spent 2 hours on my history journal, I have bags under my eyes now but I'm proud
Thu Aug 27 17:41:55 PDT 2015 --  24 hour fitness weak https://twitter.com/gymbibie/status/637054948472172544 …
Thu Aug 27 13:43:07 PDT 2015 --  I haven't sweared in months https://twitter.com/sodamntrue/status/636987826324807681 …
Thu Aug 27 05:16:20 PDT 2015 --  This is what I get showing up just 30 minutes early, sitting here
Wed Aug 26 14:55:23 PDT 2015 --  I'm so happy with all of my teachers, their just amazing
Wed Aug 26 05:06:45 PDT 2015 --  Cardio is for nerds https://twitter.com/_liftingprobz_/status/636425483979243520 …
Tue Aug 25 16:19:50 PDT 2015 --  Above all, love each other deeply, because love covers over a multitude of sins. -1Peter 4:8
Tue Aug 25 17:35:31 PDT 2015 --  Hit legs and abs hard today, listening to Bruno Mars. Nothing's better than feeling dead sore
Tue Aug 25 15:33:29 PDT 2015 --  Feeling so stressed, I need a good work out to get this out of my system
Mon Aug 24 18:47:15 PDT 2015 --  This 4-year-old Syrian girl thought the camera was a gun when her photo was being taken... pic.twitter.com/S3CaCdP89r
Mon Aug 24 19:15:53 PDT 2015 --  pic.twitter.com/jUEsQRJ6ZA
Mon Aug 24 14:47:22 PDT 2015 --  Actually liked my first day, hope B day is the same
Mon Aug 24 04:05:17 PDT 2015 --  Well it's 6, I'm suffering
Sun Aug 23 19:32:43 PDT 2015 --  Night guys, gl on your first days at school
Sun Aug 23 19:05:56 PDT 2015 --  I like dressing nice for school even if there's nobody to impress
Sun Aug 23 18:19:58 PDT 2015 --  idk why some are saying that theyre gonna be mad tmr & dont wanna talk to anyone and all like why? Im actually excited to see my friends LOL
Sun Aug 23 12:03:58 PDT 2015 --  God will help you overcome wrong motives and intentions if you'll simply ask and receive help rather than trying to do it on your own.
Sun Aug 23 12:03:15 PDT 2015 --  Doesn't feel like the last day of summer
Sun Aug 23 09:42:18 PDT 2015 --  Can you believe tomorrow's school? I still can't believe it
Sat Aug 22 19:57:06 PDT 2015 --  So sweet https://twitter.com/nuteila/status/635270767249354753 …
Sat Aug 22 19:53:15 PDT 2015 --  Me and my mom cheffin right now, making some shrimp and green beans (Gainz)
Wed Aug 19 14:23:53 PDT 2015 --  Retweet in 5 seconds or this will crawl into your ear tonight pic.twitter.com/PYFjPMqBQd
Sat Aug 22 11:00:36 PDT 2015 --  Love this pic.twitter.com/pErwunulas
Sat Aug 22 06:40:15 PDT 2015 --  Anyone who does not do what is right is not a child of God; nor is anyone who does not love his brother. -1John 3:10
Sat Aug 22 08:33:11 PDT 2015 --  Jesus https://twitter.com/danxelle__/status/634976717015093249 …
Sat Aug 22 08:00:09 PDT 2015 --  DONT GO THRU OLD CONVERSATIONS WITH SOMEONE WHO U USED TO BE CLOSE WITH
Fri Aug 21 18:01:04 PDT 2015 --  pic.twitter.com/PXBF7A6Tvm
Fri Aug 21 21:13:00 PDT 2015 --  Beyond real bro https://twitter.com/welghtllfting/status/634928144462405632 …
Fri Aug 21 21:10:58 PDT 2015 --  Can't go to sleep til my clothes done washing HURRY UP DRYER
Fri Aug 21 20:30:55 PDT 2015 --  Excuse me excuse me... Same bs https://twitter.com/girlposts/status/634519349626314752 …
Wed Aug 19 06:58:14 PDT 2015 --  Retweet if you believe it's wrong to force dogs to smoke cigarettes! #vote @beaglefreedom #UpgradeYourWorld pic.twitter.com/4AShhQCeXp
Fri Aug 21 18:28:14 PDT 2015 --  It's cheat day tomorrow... https://twitter.com/itsfoodporn/status/634847424360529920 …
Fri Aug 21 17:52:06 PDT 2015 --  YES YES YES https://twitter.com/dananhnguyen/status/634890383336452096 …
Fri Aug 21 13:29:47 PDT 2015 --  Tired of these stupid humans ....
Thu Aug 20 19:04:16 PDT 2015 --  Almost everything changed about me in 3 months so... https://twitter.com/madypls/status/634540137314144256 …
Thu Aug 20 14:51:48 PDT 2015 --  On my way to my brothers open house !
Thu Aug 20 14:33:03 PDT 2015 --  Just toured sam houston, got a good idea for my classes
Thu Aug 20 08:29:10 PDT 2015 --  The weather is nice today
Thu Aug 20 09:01:08 PDT 2015 --  if during your workout.. pic.twitter.com/Bym8q8NuWa
Thu Aug 20 10:05:20 PDT 2015 --  Just went bike riding... Felt rain drops #GetAJacket
Wed Aug 19 20:37:34 PDT 2015 --  People gonna be like "I missed you all summer" Naw keep walking, you didn't try to message my ass all summer
Wed Aug 19 20:34:51 PDT 2015 --  I could handle school, but the people in the school... Just to loud and annoying.
Wed Aug 19 19:51:49 PDT 2015 --  School ain't a problem I just hate waking up so damn early
Wed Aug 19 20:12:03 PDT 2015 --  First day in summer that it's windy and cloudy...
Wed Aug 19 12:27:26 PDT 2015 --  That's cute https://twitter.com/sodamntrue/status/633800818781757440 …
Wed Aug 19 12:26:36 PDT 2015 --  Amazing https://twitter.com/thecoliegelife/status/633775407171534848 …
Wed Aug 19 12:24:52 PDT 2015 --  This is exactly me https://twitter.com/welghtllfting/status/633813546149609473 …
Wed Aug 19 12:22:46 PDT 2015 --  I already mastered that skill https://twitter.com/freddyamazin/status/633817974042816512 …
Wed Aug 19 12:17:42 PDT 2015 --  Man crush https://twitter.com/thebuzzeronfox/status/634071817867542528 …
Wed Aug 19 12:15:42 PDT 2015 --  About 30 grams of protein in for breakfast... Think Ima eat at home instead of schools breakfast
Tue Aug 18 17:16:21 PDT 2015 --  Well today was leg day... I need a ambulance #WhenYourLegsDontWorkTheSame
Tue Aug 18 15:18:04 PDT 2015 --  I already mastered it https://twitter.com/funnyvines/status/633693414257594369 …
Mon Aug 17 23:37:53 PDT 2015 --  Real!! https://twitter.com/_sssam_/status/633443739860664321 …
Mon Aug 17 15:56:52 PDT 2015 --  Not gonna put up with fakes this year https://twitter.com/codyryle/status/631647974167310336 …
Mon Aug 17 10:52:10 PDT 2015 --  Mood. pic.twitter.com/qZi6fnEfDI
Sun Aug 16 21:03:34 PDT 2015 --  Greatest thing I've ever read on social media http://twitter.com/JohnDavidCas/status/633088349843124225/photo/1pic.twitter.com/BDHNOkeS5H 
Mon Aug 17 11:30:34 PDT 2015 --  My kid will be like.. pic.twitter.com/WpmPoe6tSL
Mon Aug 17 09:12:16 PDT 2015 --  No excuses. http://twitter.com/HeaIth365/status/633034503078834176/photo/1pic.twitter.com/1aDLndEtS5 
Mon Aug 17 10:02:32 PDT 2015 --  I'm waking up at 12.... Im screwed for the school year
Sun Aug 16 21:40:04 PDT 2015 --  Truly. pic.twitter.com/519b0jlgI0
Sun Aug 16 11:00:22 PDT 2015 --  True pic.twitter.com/rVDEtoynLj
Sun Aug 16 11:50:05 PDT 2015 --  If we confess our sins, he is faithful & just & will forgive us ur sins & purify us from all unrighteousness. -1John 1:9
Sun Aug 16 12:00:03 PDT 2015 --  How to steal pizza and influence people. https://goo.gl/b1qqBI  pic.twitter.com/xA8w2Z3BAA
Sun Aug 16 21:36:53 PDT 2015 --  Love these episodes https://twitter.com/discovery/status/632990867339497472 …
Sun Aug 16 16:30:39 PDT 2015 --  I'd like to thank not only god but jesus
Sun Aug 16 16:49:17 PDT 2015 --  Best play from Preseason Week 1? " @Bugs223: Lockett's 103 yard kickoff return!" Sweet moves, @TDLockett12! http://snpy.tv/1KmYGeI 
Sun Aug 16 19:20:35 PDT 2015 --  im hungry now but not sure if i should eat
Sun Aug 16 19:29:16 PDT 2015 --  gr8 one more week till school starts
Sun Aug 16 19:34:14 PDT 2015 --  i hope it snows this year
Sun Aug 16 19:43:29 PDT 2015 --  its 5 am =( i jst cant sleep
Sun Aug 16 19:44:55 PDT 2015 --  it feels great to be happy
Sun Aug 16 19:43:41 PDT 2015 --  it's whatevers, I don't care
Sun Aug 16 19:55:50 PDT 2015 --  Doing Cardio Like... pic.twitter.com/KYB5xENJhd
Sun Aug 16 20:01:02 PDT 2015 --  When I remember we're already in the middle of august pic.twitter.com/E9B1LkLsDA
Sun Aug 16 20:51:29 PDT 2015 --  I can be a little over protective sometimes
Sun Aug 16 20:50:57 PDT 2015 --  Lol I'm looking at like expensive ass journals, tryna get a bad ass note experience
Sun Aug 16 20:42:41 PDT 2015 --  I want to start collecting pens #ImANerd
Sun Aug 16 19:17:04 PDT 2015 --  Went to eat some pho, and half of my brothers dish @Pho95
Sun Aug 16 17:48:17 PDT 2015 --  People sneaking into Hutch and playing around in there
Sun Aug 16 19:11:25 PDT 2015 --  Jesus answered, "I am the way and the truth and the life. No one comes to the Father except through me." -John 14:6
Sun Aug 16 08:41:04 PDT 2015 --  Rather have weights than a relationship https://twitter.com/welghtroom/status/632921937270845440 …
Sat Aug 15 22:17:29 PDT 2015 --  blasting music, cold weather, rain, friends, my dog, good movies, a nice outfit https://twitter.com/madypls/status/632779415336845312 …
Sat Aug 15 21:23:36 PDT 2015 --  I wonder who I'll get closer to or drift apart from this school year
Sat Aug 15 17:21:40 PDT 2015 --  1 mile in and my stomach hurts
Sat Aug 15 16:32:12 PDT 2015 --  Been doing less cardio this week, time to hit 2 miles
Sat Aug 15 11:05:20 PDT 2015 --  Can being religious actual make you healthier? http://bit.ly/12CcmUt  pic.twitter.com/TXa27EP9Fd
Sat Aug 15 11:01:32 PDT 2015 --  Bro I'm crying over 5 jalapeños, imagine the hottest peppers in the world
Sat Aug 15 10:49:40 PDT 2015 --  <3 pic.twitter.com/Lhq1gDwK2J
Sat Aug 15 10:46:33 PDT 2015 --  Infinity amount of love to these people <3 pic.twitter.com/vCp8mxXMUE
Sat Aug 15 10:43:49 PDT 2015 --  Family is forever pic.twitter.com/4mW9xvK9hs
Fri Aug 14 21:32:15 PDT 2015 --  when I shaved my legs for the meet the air felt good
Fri Aug 14 20:50:54 PDT 2015 --  @Truongsterr 100s around commons A and 400,600,900 around commons B
Fri Aug 14 20:48:57 PDT 2015 --  @Truongsterr ask the teachers. I'll help you find your classes
Fri Aug 14 20:44:48 PDT 2015 --  I got lost at sam already, I walked the same 4 halls 3 times and finally found my way back to the weight room by following some people
Fri Aug 14 20:43:41 PDT 2015 --  Gonna show up to school like an hour early so I can explore the school #AllReady
Fri Aug 14 20:37:50 PDT 2015 --  Be strong & take heart, all you who hope in the LORD. Psalm. 31:24
Fri Aug 14 20:05:10 PDT 2015 --  I need to break in the new account, sorry if I'm spamming ðŸ»
Fri Aug 14 20:04:17 PDT 2015 --  If your getting stuff done, then don't sweat about it pic.twitter.com/EuF94qnfUl
Fri Aug 14 20:03:56 PDT 2015 --  If you share this, your account will be blessed pic.twitter.com/QgfsL4LNFe
Fri Aug 14 20:03:41 PDT 2015 --  I'm fr pic.twitter.com/5SLyXAiouQ
Fri Aug 14 20:03:17 PDT 2015 --  It'll be protected for this conversation pic.twitter.com/SdjlsX2Q3d
Fri Aug 14 20:02:56 PDT 2015 --  Thank you bro pic.twitter.com/ez1CI6TytZ
Fri Aug 14 20:02:25 PDT 2015 --  To Blessed to be Stressed pic.twitter.com/EBDTlsNtGV
Fri Aug 14 20:01:49 PDT 2015 --  Goals pic.twitter.com/65L9MCKfCM
Fri Aug 14 20:01:31 PDT 2015 --  SpongeBob is my all time favorite cartoon pic.twitter.com/q36C0YwRT4
Fri Aug 14 20:01:01 PDT 2015 --  God is good, all the time, and all the time God is good pic.twitter.com/tJlbKgveR2
Fri Aug 14 20:00:11 PDT 2015 --  Suit and ties over joggers any day pic.twitter.com/bVEXuQmbSG
Thu Aug 13 10:03:40 PDT 2015 --  pic.twitter.com/cjwtuaE47z
Fri Aug 14 19:17:31 PDT 2015 --  Gotta have the balls to make something from nothing pic.twitter.com/hUiNJxScjM
Fri Aug 14 19:11:24 PDT 2015 --  Addicted to the life style #FirstPicTweet pic.twitter.com/rXlpEsrFiz
Fri Aug 14 18:57:55 PDT 2015 --  First tweet huh
Fri Aug 28 20:32:15 PDT 2015 --  BARELY NOTICING IVAN https://twitter.com/xoxojam_/status/637467377379078146 …
Fri Aug 28 07:42:51 PDT 2015 --  Doing nothing in my technical threater class.. Finished everything early
Thu Aug 27 17:43:51 PDT 2015 --  Spent 2 hours on my history journal, I have bags under my eyes now but I'm proud
Thu Aug 27 17:41:55 PDT 2015 --  24 hour fitness weak https://twitter.com/gymbibie/status/637054948472172544 …
Thu Aug 27 13:43:07 PDT 2015 --  I haven't sweared in months https://twitter.com/sodamntrue/status/636987826324807681 …
Thu Aug 27 05:16:20 PDT 2015 --  This is what I get showing up just 30 minutes early, sitting here
Wed Aug 26 14:55:23 PDT 2015 --  I'm so happy with all of my teachers, their just amazing
Wed Aug 26 05:06:45 PDT 2015 --  Cardio is for nerds https://twitter.com/_liftingprobz_/status/636425483979243520 …
Tue Aug 25 16:19:50 PDT 2015 --  Above all, love each other deeply, because love covers over a multitude of sins. -1Peter 4:8
Tue Aug 25 17:35:31 PDT 2015 --  Hit legs and abs hard today, listening to Bruno Mars. Nothing's better than feeling dead sore
Tue Aug 25 15:33:29 PDT 2015 --  Feeling so stressed, I need a good work out to get this out of my system
Mon Aug 24 18:47:15 PDT 2015 --  This 4-year-old Syrian girl thought the camera was a gun when her photo was being taken... pic.twitter.com/S3CaCdP89r
Mon Aug 24 19:15:53 PDT 2015 --  pic.twitter.com/jUEsQRJ6ZA
Mon Aug 24 14:47:22 PDT 2015 --  Actually liked my first day, hope B day is the same
Mon Aug 24 04:05:17 PDT 2015 --  Well it's 6, I'm suffering
Sun Aug 23 19:32:43 PDT 2015 --  Night guys, gl on your first days at school
Sun Aug 23 19:05:56 PDT 2015 --  I like dressing nice for school even if there's nobody to impress
Sun Aug 23 18:19:58 PDT 2015 --  idk why some are saying that theyre gonna be mad tmr & dont wanna talk to anyone and all like why? Im actually excited to see my friends LOL
Sun Aug 23 12:03:58 PDT 2015 --  God will help you overcome wrong motives and intentions if you'll simply ask and receive help rather than trying to do it on your own.
Sun Aug 23 12:03:15 PDT 2015 --  Doesn't feel like the last day of summer
Sun Aug 23 09:42:18 PDT 2015 --  Can you believe tomorrow's school? I still can't believe it
Sat Aug 22 19:57:06 PDT 2015 --  So sweet https://twitter.com/nuteila/status/635270767249354753 …
Sat Aug 22 19:53:15 PDT 2015 --  Me and my mom cheffin right now, making some shrimp and green beans (Gainz)
Wed Aug 19 14:23:53 PDT 2015 --  Retweet in 5 seconds or this will crawl into your ear tonight pic.twitter.com/PYFjPMqBQd
Sat Aug 22 11:00:36 PDT 2015 --  Love this pic.twitter.com/pErwunulas
Sat Aug 22 06:40:15 PDT 2015 --  Anyone who does not do what is right is not a child of God; nor is anyone who does not love his brother. -1John 3:10
Sat Aug 22 08:33:11 PDT 2015 --  Jesus https://twitter.com/danxelle__/status/634976717015093249 …
Fri Aug 21 18:01:04 PDT 2015 --  pic.twitter.com/PXBF7A6Tvm
Fri Aug 21 21:13:00 PDT 2015 --  Beyond real bro https://twitter.com/welghtllfting/status/634928144462405632 …
Fri Aug 21 21:10:58 PDT 2015 --  Can't go to sleep til my clothes done washing HURRY UP DRYER
Fri Aug 21 20:30:55 PDT 2015 --  Excuse me excuse me... Same bs https://twitter.com/girlposts/status/634519349626314752 …
Wed Aug 19 06:58:14 PDT 2015 --  Retweet if you believe it's wrong to force dogs to smoke cigarettes! #vote @beaglefreedom #UpgradeYourWorld pic.twitter.com/4AShhQCeXp
Fri Aug 21 18:28:14 PDT 2015 --  It's cheat day tomorrow... https://twitter.com/itsfoodporn/status/634847424360529920 …
Fri Aug 21 17:52:06 PDT 2015 --  YES YES YES https://twitter.com/dananhnguyen/status/634890383336452096 …
Fri Aug 21 13:29:47 PDT 2015 --  Tired of these stupid humans ....
Thu Aug 20 19:04:16 PDT 2015 --  Almost everything changed about me in 3 months so... https://twitter.com/madypls/status/634540137314144256 …
Thu Aug 20 14:51:48 PDT 2015 --  On my way to my brothers open house !
Thu Aug 20 14:33:03 PDT 2015 --  Just toured sam houston, got a good idea for my classes
Thu Aug 20 08:29:10 PDT 2015 --  The weather is nice today
Wed Aug 19 20:37:34 PDT 2015 --  People gonna be like "I missed you all summer" Naw keep walking, you didn't try to message my ass all summer
Wed Aug 19 20:34:51 PDT 2015 --  I could handle school, but the people in the school... Just to loud and annoying.
Wed Aug 19 19:51:49 PDT 2015 --  School ain't a problem I just hate waking up so damn early
Wed Aug 19 20:12:03 PDT 2015 --  First day in summer that it's windy and cloudy...
Wed Aug 19 12:27:26 PDT 2015 --  That's cute https://twitter.com/sodamntrue/status/633800818781757440 …
Wed Aug 19 12:26:36 PDT 2015 --  Amazing https://twitter.com/thecoliegelife/status/633775407171534848 …
Wed Aug 19 12:24:52 PDT 2015 --  This is exactly me https://twitter.com/welghtllfting/status/633813546149609473 …
Wed Aug 19 12:22:46 PDT 2015 --  I already mastered that skill https://twitter.com/freddyamazin/status/633817974042816512 …
Wed Aug 19 12:17:42 PDT 2015 --  Man crush https://twitter.com/thebuzzeronfox/status/634071817867542528 …
Wed Aug 19 12:15:42 PDT 2015 --  About 30 grams of protein in for breakfast... Think Ima eat at home instead of schools breakfast
Tue Aug 18 17:16:21 PDT 2015 --  Well today was leg day... I need a ambulance #WhenYourLegsDontWorkTheSame
Tue Aug 18 15:18:04 PDT 2015 --  I already mastered it https://twitter.com/funnyvines/status/633693414257594369 …
Mon Aug 17 23:37:53 PDT 2015 --  Real!! https://twitter.com/_sssam_/status/633443739860664321 …
Mon Aug 17 15:56:52 PDT 2015 --  Not gonna put up with fakes this year https://twitter.com/codyryle/status/631647974167310336 …
Mon Aug 17 10:52:10 PDT 2015 --  Mood. pic.twitter.com/qZi6fnEfDI
Sun Aug 16 21:03:34 PDT 2015 --  Greatest thing I've ever read on social media http://twitter.com/JohnDavidCas/status/633088349843124225/photo/1pic.twitter.com/BDHNOkeS5H 
Mon Aug 17 11:30:34 PDT 2015 --  My kid will be like.. pic.twitter.com/WpmPoe6tSL
Mon Aug 17 09:12:16 PDT 2015 --  No excuses. http://twitter.com/HeaIth365/status/633034503078834176/photo/1pic.twitter.com/1aDLndEtS5 
Mon Aug 17 10:02:32 PDT 2015 --  I'm waking up at 12.... Im screwed for the school year
Sun Aug 16 21:40:04 PDT 2015 --  Truly. pic.twitter.com/519b0jlgI0
Sun Aug 16 11:00:22 PDT 2015 --  True pic.twitter.com/rVDEtoynLj
Sun Aug 16 11:50:05 PDT 2015 --  If we confess our sins, he is faithful & just & will forgive us ur sins & purify us from all unrighteousness. -1John 1:9
Sun Aug 16 12:00:03 PDT 2015 --  How to steal pizza and influence people. https://goo.gl/b1qqBI  pic.twitter.com/xA8w2Z3BAA
Sun Aug 16 21:36:53 PDT 2015 --  Love these episodes https://twitter.com/discovery/status/632990867339497472 …
Sun Aug 16 16:30:39 PDT 2015 --  I'd like to thank not only god but jesus
Sun Aug 16 16:49:17 PDT 2015 --  Best play from Preseason Week 1? " @Bugs223: Lockett's 103 yard kickoff return!" Sweet moves, @TDLockett12! http://snpy.tv/1KmYGeI 
Sun Aug 16 19:20:35 PDT 2015 --  im hungry now but not sure if i should eat
Sun Aug 16 19:29:16 PDT 2015 --  gr8 one more week till school starts
Sun Aug 16 19:34:14 PDT 2015 --  i hope it snows this year
Sun Aug 16 19:43:29 PDT 2015 --  its 5 am =( i jst cant sleep
Sun Aug 16 19:44:55 PDT 2015 --  it feels great to be happy
Sun Aug 16 19:43:41 PDT 2015 --  it's whatevers, I don't care
Sun Aug 16 19:55:50 PDT 2015 --  Doing Cardio Like... pic.twitter.com/KYB5xENJhd
Sun Aug 16 20:51:29 PDT 2015 --  I can be a little over protective sometimes
Sun Aug 16 20:50:57 PDT 2015 --  Lol I'm looking at like expensive ass journals, tryna get a bad ass note experience
Sun Aug 16 20:42:41 PDT 2015 --  I want to start collecting pens #ImANerd
Sun Aug 16 19:17:04 PDT 2015 --  Went to eat some pho, and half of my brothers dish @Pho95
Sun Aug 16 17:48:17 PDT 2015 --  People sneaking into Hutch and playing around in there
Sun Aug 16 19:11:25 PDT 2015 --  Jesus answered, "I am the way and the truth and the life. No one comes to the Father except through me." -John 14:6
Sun Aug 16 08:41:04 PDT 2015 --  Rather have weights than a relationship https://twitter.com/welghtroom/status/632921937270845440 …
Sat Aug 15 22:17:29 PDT 2015 --  blasting music, cold weather, rain, friends, my dog, good movies, a nice outfit https://twitter.com/madypls/status/632779415336845312 …
Sat Aug 15 21:23:36 PDT 2015 --  I wonder who I'll get closer to or drift apart from this school year
Sat Aug 15 17:21:40 PDT 2015 --  1 mile in and my stomach hurts
Sat Aug 15 16:32:12 PDT 2015 --  Been doing less cardio this week, time to hit 2 miles
Sat Aug 15 11:05:20 PDT 2015 --  Can being religious actual make you healthier? http://bit.ly/12CcmUt  pic.twitter.com/TXa27EP9Fd
Sat Aug 15 11:01:32 PDT 2015 --  Bro I'm crying over 5 jalapeños, imagine the hottest peppers in the world
Sat Aug 15 10:49:40 PDT 2015 --  <3 pic.twitter.com/Lhq1gDwK2J
Sat Aug 15 10:46:33 PDT 2015 --  Infinity amount of love to these people <3 pic.twitter.com/vCp8mxXMUE
Sat Aug 15 10:43:49 PDT 2015 --  Family is forever pic.twitter.com/4mW9xvK9hs
Fri Aug 14 21:32:15 PDT 2015 --  when I shaved my legs for the meet the air felt good
Fri Aug 14 20:50:54 PDT 2015 --  @Truongsterr 100s around commons A and 400,600,900 around commons B
Fri Aug 14 20:48:57 PDT 2015 --  @Truongsterr ask the teachers. I'll help you find your classes
Fri Aug 14 20:44:48 PDT 2015 --  I got lost at sam already, I walked the same 4 halls 3 times and finally found my way back to the weight room by following some people
Fri Aug 14 20:43:41 PDT 2015 --  Gonna show up to school like an hour early so I can explore the school #AllReady
Fri Aug 14 20:37:50 PDT 2015 --  Be strong & take heart, all you who hope in the LORD. Psalm. 31:24
Fri Aug 14 20:05:10 PDT 2015 --  I need to break in the new account, sorry if I'm spamming ðŸ»
Fri Aug 14 20:04:17 PDT 2015 --  If your getting stuff done, then don't sweat about it pic.twitter.com/EuF94qnfUl
Fri Aug 14 20:03:56 PDT 2015 --  If you share this, your account will be blessed pic.twitter.com/QgfsL4LNFe
Fri Aug 14 20:03:41 PDT 2015 --  I'm fr pic.twitter.com/5SLyXAiouQ
Fri Aug 14 20:03:17 PDT 2015 --  It'll be protected for this conversation pic.twitter.com/SdjlsX2Q3d
Fri Aug 14 20:02:56 PDT 2015 --  Thank you bro pic.twitter.com/ez1CI6TytZ
Fri Aug 14 20:02:25 PDT 2015 --  To Blessed to be Stressed pic.twitter.com/EBDTlsNtGV
Fri Aug 14 20:01:49 PDT 2015 --  Goals pic.twitter.com/65L9MCKfCM
Fri Aug 14 20:01:31 PDT 2015 --  SpongeBob is my all time favorite cartoon pic.twitter.com/q36C0YwRT4
Fri Aug 14 20:01:01 PDT 2015 --  God is good, all the time, and all the time God is good pic.twitter.com/tJlbKgveR2
Fri Aug 14 20:00:11 PDT 2015 --  Suit and ties over joggers any day pic.twitter.com/bVEXuQmbSG
Thu Aug 13 10:03:40 PDT 2015 --  pic.twitter.com/cjwtuaE47z
Fri Aug 14 19:17:31 PDT 2015 --  Gotta have the balls to make something from nothing pic.twitter.com/hUiNJxScjM
Fri Aug 14 19:11:24 PDT 2015 --  Addicted to the life style #FirstPicTweet pic.twitter.com/rXlpEsrFiz
Fri Aug 14 18:57:55 PDT 2015 --  First tweet huh
