Sat Aug 29 08:32:37 PDT 2015 --  Detail of Pete's coat pic.twitter.com/mrRnEChQOL
Sat Aug 29 08:05:03 PDT 2015 --  Doors are such a simple mechanism but some people struggle with the open-then-close-bc-I-have-cats concept
Sat Aug 29 08:03:52 PDT 2015 --  Once in a while shit really makes sense and you get why certain things just don't work out
Fri Aug 28 08:20:26 PDT 2015 --  Sometimes it saddens me that I'll never have facial hair..sometimes
Thu Aug 27 23:51:30 PDT 2015 --  I got hit by a car today and I can't bend my knees this is a good place to complain right??
Tue Aug 25 01:40:15 PDT 2015 --  "Gallery trap"
Sat Aug 22 00:44:40 PDT 2015 --  Everyone is more complex than they seem ( me especially & not bragging )
Fri Aug 21 12:59:14 PDT 2015 --  Don't ever stop obsessing over the 80's. We'll never be that cool again
Thu Aug 20 22:58:24 PDT 2015 --  Wanted to party but ate too many toasted marshmallows and fell asleep by 10
Wed Aug 19 12:21:22 PDT 2015 --  Greatest joy: peeing under the stars
Mon Aug 17 00:07:53 PDT 2015 --  What's it like to be a 'normal' boy? I wouldn't know because of my stars
Sun Aug 16 23:38:27 PDT 2015 --  Moon in Pisces will be the death of me
Fri Aug 14 23:36:51 PDT 2015 --  Is anyone listening to @LILBTHEBASEDGOD???...cuz I am and he's right about the animals wake up world!!!!
Thu Aug 13 11:11:38 PDT 2015 --  Douglas Miles’s Apache Taco Truck http://www.lataco.com/taco/apache-taco-truck … pic.twitter.com/pwHiiCTkZJ
Wed Aug 12 21:17:54 PDT 2015 --  Ultimate hydration pic.twitter.com/tgFpVvS5pk
Wed Aug 12 17:24:12 PDT 2015 --  I'm just meditating or somethin (my words before 4 hour nap)
Mon Aug 10 10:58:21 PDT 2015 --  No faith in friendship
Sat Aug 08 23:56:53 PDT 2015 --  https://vine.co/v/hTEKPnBvFw7 
Sun Aug 09 00:10:07 PDT 2015 --  pic.twitter.com/DoaBMMjmbY
Sun Aug 09 00:06:30 PDT 2015 --  Savin and simplifyin
Thu Aug 06 14:16:09 PDT 2015 --  I fucking love my granny
Thu Aug 06 14:15:35 PDT 2015 --  It's a sad day when u find out you're starting to not like cheese
Mon Aug 03 22:43:48 PDT 2015 --  Learning so much this summer it really is the summer of answers
Sun Aug 02 06:52:04 PDT 2015 --  Never drinking before work evernot even a mimosa I don't know how yall do it
Sat Aug 01 22:50:27 PDT 2015 --  looking for a black kate moss with an emerald energy
Thu Jul 30 12:40:01 PDT 2015 --  The pillow of your discontent
Tue Jul 28 10:41:51 PDT 2015 --  "fangirling" is so weird. don't treat celebs like royalty and don't treat ur grocery store clerk like shit COZ WE ARE ALL JUST HUMANS
Mon Jul 27 22:07:45 PDT 2015 --  Guavamilk
Sun Jul 26 17:56:52 PDT 2015 --  Dogs get super offended when u call out their prescription drug addiction not any of my friends but tumblr world peeps are addicts straight
Sun Jul 26 06:09:35 PDT 2015 --  I need to sleep more
Sun Jul 19 10:32:24 PDT 2015 --  So much respect for Lorde
Fri Jul 17 23:52:22 PDT 2015 --  White people should not drink tequila
Fri Jul 17 11:29:16 PDT 2015 --  New prized possession pic.twitter.com/dTtkJL4bWf
Thu Jun 18 21:40:07 PDT 2015 --  The emptier a person’s heart is, the more he or she needs to buy, own and consume. #LaudatoSi
Fri Jul 17 10:01:13 PDT 2015 --  Hope it's possible to begin a new truer Age of Enlightenment on the back of a totally stupid false one
Tue Jul 14 09:18:50 PDT 2015 --  It sucks when u like an artist a lot but their internet presence and ego ruin it for you
Fri Jul 10 23:11:05 PDT 2015 --  The living room is now alive
Fri Jul 10 09:26:12 PDT 2015 --  Mosquito bit my forehead :(
Tue Jul 07 12:58:48 PDT 2015 --  Protect yoSelf. These streets don't love you
Wed Jul 08 14:44:43 PDT 2015 --  New friendz pic.twitter.com/OqCouLDK6D
Wed Jul 08 14:42:54 PDT 2015 --  Nobody likes you when you're 23....nailed it
Sun Jul 05 15:39:37 PDT 2015 --  Fuck shark week I hope sharks Eat all of you
Sun Jul 05 05:19:08 PDT 2015 --  i wanted to go outside to get some fresh air but i was already outside and wanted to transcend to the next level of outside do u feel
Sun Jul 05 09:20:58 PDT 2015 --  Dirty trap beats in the Midwest lol
Sat Jul 04 20:47:13 PDT 2015 --  Doing drugs w family for first time!!
Sat Jul 04 18:28:07 PDT 2015 --  Does anyone in the Minneapolis/st. Paul metro region smoke weed
Sat Jul 04 15:39:43 PDT 2015 --  "Five minutes of pleasure" firework set
Sat Jul 04 10:33:25 PDT 2015 --  McDonald's is the scariest restaurant concept pic.twitter.com/JLHqa1oawJ
Fri Jul 03 13:50:25 PDT 2015 --  Minnesota cupcakes pic.twitter.com/fQ2oia05u5
Sun Jun 28 21:07:49 PDT 2015 --  How the fuck did I get the full deposit back from 113
Sun Jun 28 20:49:13 PDT 2015 --  Hope hope hope
Sun Jun 28 19:15:20 PDT 2015 --  some people are so blind when it comes to those who actually give a shit about them
Fri Jun 26 15:12:31 PDT 2015 --  Gay marriage affordable health care new cool job
Fri Jun 26 00:13:41 PDT 2015 --  *fades into the background*
Mon Jun 22 13:37:16 PDT 2015 --  our prejudices are degined to spawn industry. It's not a personal prejudice it's a social science in aid of capitalism
Sat Jun 20 19:15:14 PDT 2015 --  #floodthesystem
Sat Jun 20 18:09:50 PDT 2015 --  Some of the best people in human history are alive rn
Sat Jun 20 10:52:03 PDT 2015 --  pic.twitter.com/eCYZbjCfbR
Sat Jun 20 09:27:42 PDT 2015 --  More like the 'no-friendzone'
Sat Jun 20 09:23:20 PDT 2015 --  Why did the nineteenth century happen
Sat Jun 20 08:35:20 PDT 2015 --  If thinking about the violence in charleston doesn't make your eyes water you might want to get your soul checked
Tue Jun 16 19:51:06 PDT 2015 --  Police R still just buff nerds
Fri Jun 19 13:03:57 PDT 2015 --  eyes without a face
Fri Jun 19 09:49:37 PDT 2015 --  I feel like girls would ask if they wanted u to jizz on their face..
Fri Jun 19 09:16:38 PDT 2015 --  #squad pic.twitter.com/c2MqUuGaeZ
Fri Jun 19 09:16:19 PDT 2015 --  Holly waxwing
Fri Jun 19 09:00:47 PDT 2015 --  Mental illness is tossed around so lightly...many obvious cases, many of y'all r just fucked
Thu Jun 18 21:59:08 PDT 2015 --  Yea hopefully thriving during hardship becomes a pattern
Thu Jun 18 21:46:29 PDT 2015 --  The dust settled my goal at end of day is always be a good boy in all ways
Thu Jun 18 17:36:42 PDT 2015 --  Also Beyoncé is vegan
Thu Jun 18 17:36:30 PDT 2015 --  So much room in my heart for Nicki nowadays
Thu Jun 18 15:35:41 PDT 2015 --  many acknowledge that all human beings are socially programmed but exclude themselves from that examination. know yourself & reboot.
Wed Jun 17 09:12:28 PDT 2015 --  TRUST!/LOVE/LOYALTY/HUMILITY = is the perfect combination a (sexy look) insecurity cockiness will make ppl not want 2deal wit u
Tue Jun 16 20:37:59 PDT 2015 --  Your privilege makes u no better than me or anyone
Tue Jun 16 19:45:39 PDT 2015 --  Literal trash
Mon Jun 15 22:11:19 PDT 2015 --  The planet is dying mindfulness is of the same importance as happiness
Mon Jun 15 19:42:30 PDT 2015 --  The world may or may not be out to get u
Mon Jun 15 18:05:30 PDT 2015 --  My room is so tight and my bed so comfy and my cat is so baller
Mon Jun 15 17:43:31 PDT 2015 --  Spoiled fucking rotten
Sun Jun 14 21:23:23 PDT 2015 --  I feel good
Sun Jun 14 11:51:40 PDT 2015 --  farting in nice pool allot of fun
Sun Jun 14 09:32:05 PDT 2015 --  I wish people cared as much about inside as outside..never gonna happen tho!
Sun Jun 14 09:28:18 PDT 2015 --  I have zero time // patience for uncalled for bitchiness...to me or around me
Sat Jun 13 21:00:35 PDT 2015 --  I'm always ruining people's lives one way or another
Sat Jun 13 20:54:44 PDT 2015 --  Negativity pains me it's a block to all goodness
Sat Jun 13 20:24:26 PDT 2015 --  I wish degrees made u smart (they don't)
Thu Jun 04 07:02:21 PDT 2015 --  u fall in love when ur body needs 2 b in love. if ur not in love it means u don't need 2 b in love. don't sweat it. https://twitter.com/certaintragedy/status/606458435966803968 …
Fri Jun 12 23:44:48 PDT 2015 --  Realness
Fri Jun 12 22:34:03 PDT 2015 --  Npr mAkes me cry so much
Fri Jun 12 20:30:23 PDT 2015 --  Different accents for different customers
Fri Jun 12 10:21:57 PDT 2015 --  Carelessness is definitely not human nature....another victory for commercialism
Fri Nov 07 15:52:16 PST 2014 --  Fat Joe delivering his TED talk "Lean Back, Not In" pic.twitter.com/1g4OGXFKZT
Thu Jun 11 21:12:55 PDT 2015 --  Homemade vegan Massaman ice cream dream
Thu Jun 11 21:11:49 PDT 2015 --  Pet peeve #69: parents who buy their kids dogfood-grade meatsticks
Thu Jun 11 16:40:12 PDT 2015 --  Some days
Wed Jun 10 22:48:42 PDT 2015 --  "pleasantly awkward"
Tue Jun 09 23:54:06 PDT 2015 --  need a big ass version of this patch to put in the back of my jacket pic.twitter.com/Jus6spSkoJ
Tue Jun 09 00:48:19 PDT 2015 --  pic.twitter.com/eWwfetlcfe
Mon Jun 08 08:56:27 PDT 2015 --  Everyone needs to be a little spoon from time to time
Mon Jun 08 08:17:44 PDT 2015 --  the ocean is like family: it's where we came from, we must take care of it so it can take care of us #worldoceansday https://youtu.be/R1N2-ZgD7H0 
Mon Jun 08 07:38:14 PDT 2015 --  Please send respect and love to all the pigs and cows who are being beaten and held captive against there will to be used as food - Lil B
Mon Jun 08 09:12:53 PDT 2015 --  pic.twitter.com/D6GtO5Rh6y
Mon Jun 08 02:25:25 PDT 2015 --  New super high ceilings
Sun Jun 07 00:20:56 PDT 2015 --  Not feeling sorry for white alcoholic males is my specialty
Sat Jun 06 16:56:25 PDT 2015 --  painting of the day canvas 8x10 #dm1 pic.twitter.com/ewa66KJrlB
Fri Jun 05 21:36:12 PDT 2015 --  Lunarspeak
Fri Jun 05 19:39:48 PDT 2015 --  How have I not watched the season premiere of PLL? Am I sick?
Fri Jun 05 18:37:16 PDT 2015 --  I feel really bad for people because capitalism confuses everything...Just 'need 2 be more like a plant or animal or spirit or rock
Fri Jun 05 18:16:16 PDT 2015 --  Sacred mountain pic.twitter.com/VTvLCm6gIx
Fri Jun 05 15:07:35 PDT 2015 --  Y do u h8 me
Thu Jun 04 17:33:38 PDT 2015 --  Cops aren't real people I swear
Thu Jun 04 14:16:29 PDT 2015 --  Lupin may be the best thing that ever happened to me god I'm a lucky bitch x 1000
Thu Jun 04 14:00:29 PDT 2015 --  Friends of the twitter world don't let me smoke cigs anymore fuck those grimy little shitums
Thu Jun 04 13:58:48 PDT 2015 --  I'm way too busy this week
Wed Jun 03 15:36:48 PDT 2015 --  Salute @Akon for launching a solar academy that will supply electricity to 600 million ppl in Africa! AMAZING! Pls RT🏾🏾
Wed Jun 03 18:06:37 PDT 2015 --  Hippies who eat meat...y
Wed Jun 03 14:59:43 PDT 2015 --  Meat is so scary and gross i like the Amazon way more
Tue Jun 02 06:57:56 PDT 2015 --  I'm moving in 6 days....a house
Mon Jun 01 11:54:10 PDT 2015 --  negativity sucks!!!!
Mon Jun 01 14:10:51 PDT 2015 --  Heart smart
Sun May 31 02:01:21 PDT 2015 --  wah wah wah
Wed May 13 10:35:55 PDT 2015 --  New Record almost done soon to be out. Sounding like the old days, retro-romatic. First kisses..stuff like that..bending over in the clover.
Sun May 31 09:11:06 PDT 2015 --  Babes babes babes
Sun May 31 01:32:44 PDT 2015 --  psychological sex is fascinating to me--like, going as deep into someone's mind as you possibly can. i got a hand for the other shit. tbh
Fri May 29 05:38:43 PDT 2015 --  Eating curry and rice for alone at the night club
Thu May 28 20:39:03 PDT 2015 --  Aggressive males stay away I have enough aggression of my own
Thu May 28 16:53:18 PDT 2015 --  People sayin I need to change~ ill just keep being me thx
Thu May 28 08:44:43 PDT 2015 --  45 min stretch session date with myself tonight . And maybe kombuchas for 2
Wed May 27 14:57:43 PDT 2015 --  So proud of @hundredwaters and their accomplishments with FORM: Arcosanti this past weekend. http://tmagazine.blogs.nytimes.com/2015/05/26/form-arcosanti-high-desert-magic/ … pic.twitter.com/HevKDKkl4m
Tue May 26 20:02:34 PDT 2015 --  I love my Friends pic.twitter.com/egkz67PW0i
Sun Apr 12 12:44:52 PDT 2015 --  Put a pussy on it.
Tue May 26 14:29:58 PDT 2015 --  Bday prez 2 Myself pic.twitter.com/QZYOEGu0zF
Tue May 26 11:43:37 PDT 2015 --  miss u guys https://twitter.com/krej420/status/603270092390965248 …
Thu May 21 01:20:52 PDT 2015 --  Buffy forever
Wed May 20 16:31:51 PDT 2015 --  Is it mean that I kinda h8 'how to dress well'?
Tue May 19 00:50:47 PDT 2015 --  pic.twitter.com/7aIVlrnS9N
Fri May 15 19:56:47 PDT 2015 --  my pic won't get notes on tumblr + i'm never hit on at parties but once u know me 1 day u'll go "huh she has great eyes." that's how i get u
Fri May 15 19:30:23 PDT 2015 --  One week @experienceform
Thu May 14 16:36:43 PDT 2015 --  Rain! I see u guys dancing up there
Thu May 14 16:28:43 PDT 2015 --  I have a fan club of artsy eight grade girls & boys at my gas station job...apparently I'm known as mister mango man
Thu May 14 10:12:00 PDT 2015 --  pic.twitter.com/EY5DunX3LO
Thu May 14 06:43:17 PDT 2015 --  Bae pic.twitter.com/SMDbKLeWAA
Tue May 12 22:08:55 PDT 2015 --  Scorpz!
Tue May 12 22:08:10 PDT 2015 --  Apparently Siamese cats are prone to fucking with humans it really explains a lot about Louis
Tue May 12 22:07:07 PDT 2015 --  I hate the paleo carnivorous diet myth
Mon May 11 14:35:00 PDT 2015 --  It's a much more magical world outside of your cultural lens
Sat May 09 16:39:07 PDT 2015 --  guiltiest pleasure: yung lean
Sat May 09 16:24:22 PDT 2015 --  We need weed now more than ever
Sat May 09 16:22:32 PDT 2015 --  It boggles my mind everyday that the entire world economy is based on US consumption it seems like almost everyone is overwhelmed with data
Fri May 08 09:40:21 PDT 2015 --  will grimes be the very special guest at form arcosanti? a boy can dream
Thu May 07 23:34:14 PDT 2015 --  Lupin Xxx pic.twitter.com/yjD9p04TN5
